sample	CTRL104 	CTRL105	CTRL107	CTRL108 	CTRL109 	CTRL11 	CTRL12 	CTRL120 	CTRL13 	CTRL15 	CTRL16 	CTRL18 	CTRL2 	CTRL3 	CTRL5 	CTRL55 	CTRL56 	CTRL57 	CTRL58 	CTRL6 	CTRL67 	CTRL68 	CTRL69 	CTRL7 	CTRL70 	CTRL9 	CTRL94 	CTRL100	CTRL101	CTRL102	CTRL103	CTRL110	CTRL111	CTRL112	CTRL19 	CTRL20 	CTRL21 	CTRL22 	CTRL23 	CTRL24 	CTRL26 	CTRL27 	CTRL28 	CTRL29 	CTRL30 	CTRL31 	CTRL32 	CTRL33 	CTRL34 	CTRL35 	CTRL36 	CTRL37 	CTRL38 	CTRL39 	CTRL40 	CTRL41 	CTRL42 	CTRL43	CTRL44	CTRL45	CTRL46	CTRL47 	CTRL48	CTRL49	CTRL50	CTRL51	CTRL52	CTRL53	CTRL54	CTRL59	CTRL60	CTRL61	CTRL62	CTRL63	CTRL65	CTRL66	CTRL71	CTRL72	CTRL73	CTRL74	CTRL75	CTRL76	CTRL77	CTRL78	CTRL79	CTRL80	CTRL81	CTRL82	CTRL83	CTRL84	CTRL85	CTRL86	CTRL87	CTRL88	CTRL89	CTRL90	CTRL91	CTRL92	CTRL93	CTRL95	CTRL96	CTRL98	CTRL99
Batch	0	0.5	0.5	0.5	0	3	3	0	3	4	4	4	1	0	1	0	0	0	0.5	1	0.5	0.5	0.5	2	0.5	2	0	21	22	22	22	22	22	22	5	5	5	5	6	6	6	7	7	7	7	8	8	8	8	9	9	9	9	10	10	10	10	11	11	11	11	12	12	12	12	13	13	13	14	14	14	14	15	15	15	15	16	16	16	16	17	17	17	17	18	18	18	18	19	19	19	19	19	19	20	20	20	20	20	21	21	21	21
sex	F	F	F	M	F	F	M	M	M	M	F	F	F	F	M	F	M	F	M	F	F	F	F	M	F	F	F	F	M	F	F	M	F	M	F	F	F	M	M	F	F	F	M	M	M	M	F	F	F	F	F	M	F	F	F	F	F	F	F	F	F	F	F	F	F	F	F	M	M	F	F	M	F	F	M	F	F	M	F	F	M	F	F	F	F	M	F	M	M	F	F	F	F	F	F	F	F	F	F	F	F	F	M
sample	CTRL104 	CTRL105	CTRL107	CTRL108 	CTRL109 	CTRL11 	CTRL12 	CTRL120 	CTRL13 	CTRL15 	CTRL16 	CTRL18 	CTRL2 	CTRL3 	CTRL5 	CTRL55 	CTRL56 	CTRL57 	CTRL58 	CTRL6 	CTRL67 	CTRL68 	CTRL69 	CTRL7 	CTRL70 	CTRL9 	CTRL94 	CTRL100	CTRL101	CTRL102	CTRL103	CTRL110	CTRL111	CTRL112	CTRL19 	CTRL20 	CTRL21 	CTRL22 	CTRL23 	CTRL24 	CTRL26 	CTRL27 	CTRL28 	CTRL29 	CTRL30 	CTRL31 	CTRL32 	CTRL33 	CTRL34 	CTRL35 	CTRL36 	CTRL37 	CTRL38 	CTRL39 	CTRL40 	CTRL41 	CTRL42 	CTRL43	CTRL44	CTRL45	CTRL46	CTRL47 	CTRL48	CTRL49	CTRL50	CTRL51	CTRL52	CTRL53	CTRL54	CTRL59	CTRL60	CTRL61	CTRL62	CTRL63	CTRL65	CTRL66	CTRL71	CTRL72	CTRL73	CTRL74	CTRL75	CTRL76	CTRL77	CTRL78	CTRL79	CTRL80	CTRL81	CTRL82	CTRL83	CTRL84	CTRL85	CTRL86	CTRL87	CTRL88	CTRL89	CTRL90	CTRL91	CTRL92	CTRL93	CTRL95	CTRL96	CTRL98	CTRL99
hsa-let-7a-2-3p	25	18	9	5	13	4	14	60	21	7	15	7	6	14	9	15	3	51	12	3	22	6	3	16	7	25	11	8	12	13	11	12	9	12	11	14	4	5	10	5	10	34	17	7	10	6	12	10	12	6	9	14	9	120	9	19	12	16	7	12	15	9	11	5	6	24	16	65	12	18	39	5	9	7	13	10	2	0	0	1	2	15	3	3	1	20	42	13	6	7	5	13	7	14	15	12	21	15	13	7	15	17	4
hsa-let-7a-3p	10	31	17	32	64	14	18	38	171	61	112	121	7	32	60	93	58	71	85	6	84	168	56	33	37	29	43	33	36	19	51	27	14	40	43	8	83	47	30	93	28	103	6	131	33	58	165	15	34	13	81	9	58	49	28	13	9	48	6	28	14	69	46	17	100	31	91	10	171	132	61	6	6	38	61	8	26	4	3	4	33	109	21	43	27	27	8	11	58	0	5	21	108	35	13	116	6	189	13	35	43	9	26
hsa-let-7a-5p	22929	51239	22235	13886	77793	39034	27086	63067	173231	63555	76723	38149	14075	22684	77884	228289	99547	79036	120751	10057	82908	80489	49292	53173	45043	41678	69303	32044	111130	43835	85028	73642	35125	87103	95774	25545	62821	84446	52764	73542	24069	160858	13588	217952	149244	124711	410131	26806	33002	14786	130436	5881	63037	99760	50226	39317	22616	54471	3440	14713	29703	117207	35541	39595	160964	195333	250808	3938	372540	375340	107342	10371	8162	66044	188998	5217	29272	6375	4075	4865	55396	138057	56277	74618	10170	53483	12326	29842	129395	3184	13914	18111	152907	43329	16462	194559	9697	47743	6139	48495	121870	10207	23719
hsa-let-7b-3p	56	136	63	33	83	66	52	56	227	227	141	260	81	44	197	139	70	135	131	42	161	184	107	257	79	118	56	104	163	114	212	193	122	245	292	76	308	334	188	204	83	222	43	296	241	207	542	80	59	51	187	29	81	165	80	47	40	75	9	87	44	119	95	75	102	287	296	34	434	764	184	110	37	77	100	15	68	32	32	11	46	624	58	89	35	107	24	78	232	16	59	115	298	141	127	370	103	300	53	136	218	41	100
hsa-let-7b-5p	26071	37198	24578	5847	42660	25387	19294	45528	70596	42545	35143	21016	13719	24423	27402	88454	58232	49747	55451	7634	41429	31616	24346	29790	27894	17484	48293	44905	77178	36704	70483	40996	23182	50024	43355	19527	27280	66638	38221	37074	15310	65224	12774	46742	41204	50555	95723	18374	21110	28762	71910	19139	29409	69004	40707	35206	17100	25411	3406	14889	26050	51804	26891	37321	78250	86643	69520	6042	91486	184216	66546	32164	13218	35567	75571	4952	20101	8728	6222	3318	13915	66111	19806	25879	3689	54748	21448	46356	65842	4574	23971	20147	77914	47359	27155	69442	22012	59898	14120	52644	107643	14888	23887
hsa-let-7c-3p	54	59	19	16	17	8	11	60	22	12	26	16	20	16	14	18	13	50	26	8	27	11	17	11	13	25	24	10	28	0	0	5	13	9	13	6	13	17	11	18	7	21	12	16	8	10	19	9	21	9	14	12	7	34	17	17	12	10	4	10	14	12	5	10	5	27	10	27	15	44	13	7	6	3	0	0	1	6	0	0	2	13	0	6	4	20	21	15	0	0	12	0	4	17	12	0	17	23	9	7	12	4	9
hsa-let-7c-5p	421	898	4203	254	1231	1854	1188	887	5155	4694	16980	2710	722	492	1130	2870	1004	1395	1538	494	1727	1403	752	998	7789	3419	850	658	1526	684	1473	1346	696	1414	1695	665	1203	1265	1031	8511	2957	2686	272	2421	1464	1549	3948	629	1978	339	1542	261	745	1501	914	680	344	708	86	422	430	1252	671	693	1826	1776	1787	99	2807	5745	1295	502	222	922	1564	127	504	137	99	99	358	2078	471	640	127	771	230	596	1464	65	366	428	1480	908	404	1572	322	560	166	983	1960	277	455
hsa-let-7d-3p	239	272	129	80	601	494	242	594	1518	222	442	176	135	173	450	1624	1173	397	1370	139	497	270	169	306	354	374	1145	448	1282	810	636	433	295	652	398	167	175	317	257	365	218	1113	229	808	588	435	1265	183	365	444	1260	196	669	1263	593	408	285	222	57	144	182	368	163	161	883	652	1139	147	1839	1517	415	167	72	292	894	93	162	89	46	23	389	805	277	396	189	528	290	430	1001	62	511	165	1297	2141	1079	3164	688	2841	424	421	822	173	355
hsa-let-7d-5p	1875	2061	922	263	6262	4439	3317	3886	14372	3790	5869	2612	1136	1898	3833	21033	10015	7544	12896	641	5524	3454	1494	4167	2795	2945	7730	2369	10740	3052	5490	4352	2682	5462	4967	1195	2705	5498	2501	5359	1519	15636	854	13645	14222	5803	28965	1119	2410	1202	12064	656	5588	7730	3400	3554	1694	2567	175	1237	2087	12003	2837	3109	12914	19145	26310	549	33601	28035	6047	927	538	4266	13545	337	1989	412	285	298	4701	8980	4594	5021	1224	4994	1100	2780	11906	286	1214	1609	12463	5007	1114	11920	519	3071	402	3612	8635	650	1731
hsa-let-7e-3p	6	12	0	10	13	4	7	10	13	1	19	9	0	0	0	12	5	5	12	0	9	1	0	0	5	0	3	4	0	11	0	6	0	0	0	2	1	5	2	9	11	15	7	5	7	3	12	5	7	0	12	7	13	20	9	9	7	7	1	4	8	8	7	10	16	13	0	21	4	27	9	5	0	4	0	0	0	0	0	0	0	0	0	0	0	7	0	0	0	0	0	0	0	9	15	0	0	0	1	0	11	1	0
hsa-let-7e-5p	218	431	419	648	4512	1559	856	2886	7239	1658	4748	2691	442	780	4011	10893	4627	2827	7591	275	1818	3248	1674	1422	2087	1350	2209	1071	3951	1927	1520	2809	869	2906	4939	708	2446	1779	1421	3434	915	7687	293	10881	7340	4534	16192	1233	1188	207	5203	152	4285	2646	2800	1282	716	1443	95	799	1586	7886	2970	1000	7609	10689	9619	186	14774	22204	5011	294	233	3575	3820	171	1515	177	135	205	1724	7137	1754	1916	497	1282	377	834	6397	68	87	720	5865	4146	383	10006	323	748	243	1309	2807	311	908
hsa-let-7f-1-3p	9	12	3	14	14	8	10	15	60	6	21	31	10	10	21	30	12	11	22	4	24	33	7	7	8	9	12	14	17	13	7	15	5	0	15	8	18	13	6	15	10	29	12	32	5	13	48	6	20	7	22	5	12	22	7	14	10	15	2	14	12	25	15	7	18	13	23	7	33	42	12	2	0	6	17	2	0	2	2	0	3	19	0	13	6	20	4	13	22	4	5	5	21	20	0	35	5	45	0	10	11	9	7
hsa-let-7f-2-3p	21	19	13	3	13	7	12	32	43	4	32	24	2	6	3	9	17	16	33	2	9	7	5	3	7	14	11	0	0	0	0	2	0	0	5	4	0	4	4	6	6	16	4	10	18	2	11	4	10	10	18	6	11	13	8	6	6	5	5	7	7	10	1	3	14	4	10	9	5	11	0	9	0	3	0	0	0	0	0	0	6	12	0	0	3	0	9	0	3	2	0	2	0	12	0	15	0	64	0	0	15	3	0
hsa-let-7f-5p	5347	23166	12272	14122	118305	15398	8055	40424	157424	37770	79702	41471	3754	25109	65984	293993	70826	98319	109127	4848	61224	105182	31287	11833	44481	22147	90219	14955	47902	12933	25626	21745	7755	26151	51867	8007	26200	34778	20788	48021	11952	122028	4204	173968	21064	48770	305814	11248	19618	3464	118894	1784	103105	50693	32720	15184	10063	35608	1612	9021	17600	298008	82268	31819	338414	77182	218486	1993	575245	274750	65131	2135	6701	42333	220023	4995	26747	4357	3422	5197	47836	56497	35139	61047	8247	27322	3888	8049	117590	901	2152	7907	140072	29243	3522	137167	2108	21262	1518	20897	46603	4628	12108
hsa-let-7g-5p	1077	1933	1705	507	15699	3660	4912	3139	22254	3864	8144	4555	727	3327	6475	37577	7436	11724	23013	679	9860	6418	1998	3962	3941	3331	14639	3263	9107	3123	4618	3301	1647	4179	5286	1134	2162	4272	2932	5549	1567	15967	818	17194	29494	5219	38367	1406	3213	1446	37530	716	13144	7581	4529	2983	1788	2790	236	841	1818	12200	2918	2328	24835	11538	27276	344	43315	17682	3903	441	545	4256	18735	432	2858	405	290	376	5505	7165	3285	4376	2163	2840	521	1162	9272	156	996	1048	13334	7232	3182	31199	1015	12483	641	2703	5904	936	2574
hsa-let-7i-3p	8	6	6	2	16	22	20	13	160	22	76	38	5	35	15	30	67	19	67	3	9	10	5	8	15	27	19	21	0	0	9	6	0	6	16	9	5	10	11	14	12	38	6	19	66	5	33	6	24	13	45	8	12	26	9	13	12	12	7	10	11	6	3	4	85	12	15	10	22	12	6	2	3	2	24	5	2	0	0	0	11	15	0	12	12	12	3	11	18	3	10	4	34	19	12	80	15	183	4	21	9	1	15
hsa-let-7i-5p	8512	18564	12485	6952	271973	20822	25930	46377	104059	39539	76850	37920	8301	34383	43190	312838	107517	167080	180686	3928	133726	126585	39145	35483	43311	31605	123934	22247	85888	19252	41847	30264	14645	33396	48588	10371	22540	35929	30705	73720	15411	103162	5231	150915	147780	47910	276820	11003	21615	8982	227746	5644	133274	71625	54149	34535	19564	24262	1957	7798	17801	213168	51315	38745	226837	130640	205744	3034	433391	291147	82725	6051	6579	66546	221577	4700	79665	5233	3618	6028	43188	70927	48993	71662	6019	29730	7078	13609	117811	2161	6866	11429	135080	99954	6565	163392	4820	37935	5214	30690	58503	7320	17640
hsa-miR-1-3p	45	367	7016	126	405	14186	9334	92	44692	38621	154428	17640	1671	209	2081	864	367	1038	385	1290	467	911	141	1827	13758	34633	511	146	182	123	116	87	81	86	4435	3999	913	620	2484	75019	26010	14884	513	1409	766	1681	3093	1542	18077	63	473	202	1790	218	877	723	258	703	522	531	1005	3264	827	334	4515	690	2315	102	974	1845	380	123	107	469	477	62	490	154	143	136	91	221	680	460	36	166	37	72	2251	101	89	68	954	426	22	947	4	44	17	179	137	64	135
hsa-miR-1-5p	3	28	60	8	10	83	57	28	217	462	825	287	24	7	17	11	5	21	5	15	17	28	4	18	68	337	8	0	0	0	0	0	0	0	43	32	19	8	33	557	164	77	7	15	10	24	29	21	115	6	5	4	15	12	15	6	6	1	10	12	12	13	10	5	19	0	12	0	0	22	0	0	0	0	0	0	0	1	2	0	0	0	3	0	0	0	0	0	14	1	0	2	0	0	0	5	0	0	0	0	0	0	0
hsa-miR-100-5p	17	69	98	5	111	96	70	72	366	265	1115	179	26	32	68	152	129	92	68	15	78	65	42	28	142	141	23	12	40	31	13	9	11	15	86	46	34	37	14	632	160	168	39	24	12	33	52	34	110	84	110	31	242	84	68	42	14	33	14	26	20	82	26	19	222	24	41	244	100	44	22	35	5	7	65	9	10	10	4	5	11	31	4	34	9	38	48	84	50	13	34	11	31	265	19	13	15	46	8	15	42	20	11
hsa-miR-101-3p	2388	3108	3394	1062	4365	1710	991	815	10442	3216	9099	5165	349	4555	2884	3890	4379	2837	5075	371	965	952	475	708	2677	3033	4195	995	1324	741	1369	280	295	728	2371	962	692	3745	2520	2774	1567	6161	861	3467	1104	1281	1931	639	2452	639	2623	525	3871	2453	1733	1351	926	737	126	265	582	10321	948	727	11135	606	1597	268	1932	621	954	895	270	534	1891	222	468	152	100	57	2862	1585	1272	2216	2997	4166	722	1704	3829	741	3128	749	8359	2359	2108	5012	1198	8772	1077	1955	2412	671	822
hsa-miR-101-5p	21	56	47	25	28	28	13	13	90	64	76	171	11	49	31	14	15	21	23	5	16	27	7	22	32	42	21	27	28	15	28	11	11	17	49	20	27	97	39	46	26	52	20	50	19	27	21	15	29	4	24	8	29	21	12	24	23	6	3	29	7	68	12	8	47	5	12	27	16	12	9	44	4	5	9	3	9	4	1	2	9	49	9	22	47	160	7	16	35	14	36	19	84	28	56	53	31	84	27	37	43	13	22
hsa-miR-103a-3p	2576	4568	3555	2663	85729	10901	10035	16510	68297	8623	25998	15676	1766	16581	16465	205304	56307	104031	93038	1176	31252	22711	6497	7986	17848	10969	57615	8112	26499	5816	11275	8869	2870	13818	22872	2859	7208	12767	7587	16847	4312	67334	1848	54450	44759	16652	120200	4304	9007	3137	50816	1959	47184	35528	23243	15494	9259	7744	611	3067	6853	107257	13694	11595	109249	59001	162717	1336	411078	124966	25336	874	3236	18376	92319	2308	10272	2069	1670	2523	26925	28438	15186	26337	4010	10892	1713	3692	42318	521	1973	4100	102492	36743	2337	69145	1175	14977	891	8990	20565	2444	6958
hsa-miR-103b	167	608	544	555	6680	859	824	851	4590	1580	2484	4692	408	1852	1971	8156	2739	9565	4818	227	4711	4790	1128	1829	1714	1473	2317	1259	2138	664	1630	1589	668	2426	2930	311	2094	2464	1419	2299	617	4634	216	6481	5255	2372	12377	798	1238	289	3796	284	3101	2199	1916	1286	866	772	59	688	514	5258	1370	1038	4041	4461	9498	125	21014	12598	2557	208	551	1374	3362	252	1219	245	304	363	1001	6568	775	1672	579	684	125	277	3326	47	197	1035	8521	3954	442	6669	159	1266	159	1335	2122	461	1271
hsa-miR-105-3p	41	38	9	5	9	5	12	43	16	13	24	11	10	11	8	15	2	13	13	11	11	12	7	13	15	24	5	15	46	31	16	11	10	20	14	5	3	9	12	16	14	19	21	10	5	6	9	12	13	10	10	3	6	19	14	29	8	18	17	26	12	10	14	15	1	43	6	102	5	25	56	13	8	12	6	15	1	2	2	0	5	32	11	7	4	22	39	14	10	6	17	14	4	15	27	15	28	23	21	8	30	19	22
hsa-miR-105-5p	13	14	8	1	9	5	10	27	7	3	12	13	9	5	3	16	11	17	5	13	12	2	10	10	9	19	3	10	12	13	0	8	16	17	17	9	3	3	4	5	6	26	12	3	5	6	4	6	17	13	15	10	6	17	13	25	16	9	16	18	13	11	8	15	6	16	5	41	1	11	18	8	5	7	0	0	3	20	1	2	3	26	0	7	3	25	15	13	0	0	9	9	10	9	10	0	1	8	19	8	14	6	14
hsa-miR-106a-3p	56	11	7	3	9	8	7	51	16	8	21	16	4	9	7	12	2	9	6	5	5	4	2	4	9	18	6	7	0	11	0	8	7	0	6	8	1	5	4	7	6	19	4	2	0	7	3	6	9	2	8	3	6	11	4	20	0	4	7	9	5	8	8	5	1	15	6	14	8	28	30	5	3	4	6	11	0	0	0	1	0	0	0	2	0	37	23	19	0	0	17	0	8	16	0	0	6	10	0	9	11	5	6
hsa-miR-106a-5p	42	44	29	9	95	41	27	30	115	35	74	122	5	59	28	181	69	131	157	7	89	89	28	22	32	31	86	30	41	27	33	22	18	39	67	16	34	53	36	45	11	121	12	139	60	34	166	24	30	11	107	15	70	29	23	26	7	25	1	19	13	123	47	15	111	33	95	6	242	84	44	14	3	15	62	10	14	4	5	7	34	88	15	23	17	37	8	20	72	2	18	28	103	47	50	139	14	72	5	48	43	17	19
hsa-miR-106b-3p	462	542	361	135	4992	469	504	1111	1828	877	1335	547	186	1103	446	8492	2884	4498	3860	94	1906	1231	362	543	926	388	3856	298	1647	373	661	327	151	380	684	205	312	909	278	498	193	2023	216	1215	1293	550	2870	203	402	557	3018	325	1950	1612	947	683	348	368	41	194	325	7143	1032	893	5403	2403	5666	126	9906	4206	1001	148	114	836	4030	90	1271	81	67	101	372	407	532	556	40	1086	268	670	1611	91	1008	228	2869	4329	122	349	58	681	34	635	1150	111	178
hsa-miR-106b-5p	88	90	75	16	114	41	48	80	238	36	110	71	14	134	54	152	74	129	191	16	36	45	23	19	49	45	90	30	49	49	39	33	26	39	60	21	32	60	35	39	28	154	33	98	55	50	83	27	70	39	169	29	67	63	48	46	33	36	18	27	25	187	41	34	301	47	55	47	132	64	61	36	10	16	46	11	10	15	5	0	29	47	21	22	32	90	39	58	70	17	37	15	121	36	59	66	24	94	21	42	79	20	31
hsa-miR-107	506	815	624	486	10043	2238	2134	2226	13308	1464	4224	3163	380	2910	3762	20404	9057	12392	11746	236	4007	3421	997	1460	2347	2303	7333	938	2924	928	1643	947	462	1336	2842	539	1179	2284	1376	2822	804	8035	379	9032	5559	2346	11282	751	1500	550	5166	330	4778	4315	2635	1792	1368	1178	108	594	1008	7728	1212	920	11465	4567	13493	238	29246	9656	1956	146	307	1896	7791	228	806	151	164	198	3305	4362	1922	3295	903	1761	296	528	5174	92	420	501	10113	2990	688	6908	308	3311	209	1151	2891	344	862
hsa-miR-10a-3p	7	11	4	3	30	9	5	9	21	9	26	11	1	13	10	125	15	53	54	9	10	8	5	7	10	11	44	10	12	0	0	8	0	0	15	8	4	4	2	17	13	35	4	22	10	5	79	6	7	4	41	3	41	14	12	14	5	5	2	5	2	104	23	6	63	28	65	16	205	103	6	0	3	11	57	1	3	2	4	1	15	14	12	11	7	10	9	0	26	2	2	5	29	40	0	22	8	7	4	0	11	1	10
hsa-miR-10a-5p	180	483	208	75	1608	396	253	428	1827	616	2152	590	80	530	475	3189	1080	1619	1150	180	419	366	224	101	650	539	1203	108	351	256	140	107	34	90	480	242	151	241	159	843	359	1227	135	1146	126	374	885	160	416	215	1430	151	1949	926	699	356	135	322	87	151	164	3933	524	148	2835	326	949	110	1891	1130	162	57	40	185	1028	37	85	30	12	18	222	289	133	397	98	465	197	355	1080	43	95	99	957	1638	140	296	67	384	76	151	354	73	94
hsa-miR-10b-3p	63	57	26	11	14	24	27	86	52	19	52	30	27	38	26	29	15	48	23	29	36	14	17	19	27	48	14	39	47	39	28	24	23	31	30	33	20	21	19	38	49	60	31	28	14	26	16	22	45	17	20	22	26	68	26	41	56	29	19	33	34	23	10	25	15	51	15	139	9	39	76	45	48	15	20	29	1	13	11	2	4	79	15	17	8	78	84	76	36	44	44	48	20	32	48	13	55	29	19	71	88	74	60
hsa-miR-10b-5p	179	600	224	34	157	306	139	293	859	578	2324	345	94	158	274	174	133	276	95	174	148	67	220	71	430	379	204	74	128	75	56	40	21	28	157	118	54	152	108	1073	411	440	163	210	31	89	126	101	269	215	111	109	425	433	229	159	79	140	41	85	49	513	152	68	178	75	96	82	50	153	39	44	20	44	119	17	25	13	4	5	29	52	47	47	23	258	159	291	292	39	100	46	193	177	164	75	75	185	49	78	133	40	54
hsa-miR-1178-3p	21	17	13	10	5	8	11	19	15	10	18	8	15	8	14	6	4	20	9	7	13	8	6	16	15	26	2	16	13	15	2	9	20	13	27	21	5	7	7	4	8	37	17	16	18	14	12	15	18	13	18	29	10	6	8	10	15	19	11	17	14	14	0	9	18	16	8	37	1	8	14	6	9	11	0	0	5	5	4	12	3	13	0	3	1	25	17	19	12	14	9	11	9	16	8	3	6	5	3	38	41	45	25
hsa-miR-1179	7	17	6	4	79	10	11	28	42	8	16	14	3	14	12	116	36	57	43	7	26	8	19	9	15	16	55	12	27	8	10	6	0	13	19	4	5	14	18	8	10	58	40	55	20	10	43	10	6	8	34	12	42	23	15	16	13	12	5	16	11	18	5	3	28	24	32	14	76	21	27	7	11	7	30	4	3	5	2	1	6	9	0	16	12	21	6	21	30	3	3	0	20	17	4	15	4	3	7	0	14	9	5
hsa-miR-1180-3p	157	95	51	9	78	71	70	132	99	112	66	59	79	95	29	111	36	245	63	33	92	50	37	71	70	93	99	64	115	73	113	50	32	64	73	44	45	132	43	63	29	116	90	42	38	66	53	34	66	116	29	99	30	139	49	96	40	30	20	29	70	122	24	49	85	118	83	67	53	121	56	61	22	19	69	18	10	6	8	0	15	74	26	22	7	196	123	265	51	47	288	52	108	82	54	28	52	79	32	115	152	32	32
hsa-miR-1180-5p	36	22	18	7	165	21	147	145	70	14	35	25	15	33	8	59	15	228	61	5	158	29	18	16	55	50	45	14	14	14	10	5	11	8	25	20	7	14	15	16	18	40	39	21	16	5	13	17	33	34	30	46	16	38	26	42	26	16	20	51	28	18	21	36	45	60	11	106	7	21	54	16	11	7	12	15	12	25	17	15	3	15	4	5	7	30	27	20	0	0	22	104	6	12	7	0	22	10	10	15	17	11	9
hsa-miR-1181	56	37	17	4	38	37	53	50	74	28	53	56	14	27	12	18	13	30	28	25	22	9	9	15	37	86	18	24	92	41	17	23	26	23	50	33	6	12	13	12	24	74	37	20	21	27	10	40	48	28	45	44	82	40	27	63	40	42	34	85	53	32	52	63	28	72	12	112	7	26	209	22	21	16	14	48	9	11	10	1	2	40	12	10	18	93	191	69	32	17	33	27	19	15	33	20	55	16	28	29	52	30	17
hsa-miR-1182	13	9	7	1	9	13	24	13	20	4	23	18	11	13	12	17	1	20	4	10	8	4	3	4	4	26	3	18	21	13	4	7	9	13	9	8	6	8	9	9	8	22	12	5	5	10	3	13	10	8	19	14	7	18	10	21	14	19	12	18	17	14	18	13	9	28	7	44	3	26	39	9	5	2	9	10	2	0	0	2	3	19	6	5	3	9	39	15	8	4	5	6	5	13	25	7	10	10	20	14	14	4	10
hsa-miR-1183	17	15	4	3	7	15	14	24	16	4	12	8	5	12	9	6	7	8	15	14	16	5	1	3	5	18	2	10	25	0	6	7	12	9	18	0	0	0	0	7	0	24	20	5	3	8	4	7	6	4	11	12	3	18	2	16	4	17	16	12	5	7	6	13	1	24	2	53	2	9	28	8	3	4	0	0	1	0	0	0	2	10	12	3	1	20	18	19	0	0	6	0	3	11	7	0	14	0	11	6	9	0	11
hsa-miR-1185-1-3p	7	2	5	6	289	20	28	17	126	16	20	7	7	39	38	993	59	94	93	2	27	37	13	19	44	27	257	17	62	2	21	23	10	21	44	8	4	5	30	16	6	240	4	163	231	32	1191	7	28	8	416	1	215	43	13	28	12	11	1	10	15	177	25	0	359	155	638	12	816	59	42	1	9	36	83	3	62	1	3	8	156	92	102	71	16	17	8	4	62	0	5	3	166	61	13	242	2	40	0	11	31	4	16
hsa-miR-1185-2-3p	7	15	3	3	28	0	0	8	17	9	8	0	3	9	5	82	7	21	11	1	13	15	7	2	7	12	23	0	14	0	0	0	0	0	7	2	5	5	2	4	3	32	3	18	22	6	179	2	5	2	25	2	20	12	3	7	7	4	1	7	6	20	14	6	47	38	78	0	76	24	56	0	0	2	0	0	0	0	0	0	18	25	19	12	2	0	12	0	13	3	7	8	24	7	0	36	15	9	3	0	11	3	8
hsa-miR-1193	31	29	11	3	27	16	11	51	23	11	18	22	6	7	15	13	5	25	8	13	13	9	5	6	11	29	5	11	13	20	2	8	10	0	17	17	5	0	10	7	8	34	7	10	5	14	16	11	18	21	36	13	12	52	16	24	12	12	21	38	28	11	52	36	30	21	9	31	11	42	104	11	6	10	73	20	4	1	1	1	0	18	8	7	1	35	46	35	12	4	4	12	6	23	0	7	16	13	5	9	18	7	14
hsa-miR-1199-3p	39	31	13	15	17	18	33	47	75	8	16	19	11	14	16	24	5	15	10	8	35	13	16	9	10	26	15	13	10	12	7	0	7	0	12	10	4	2	10	10	9	24	28	9	12	14	16	12	29	25	26	24	11	26	17	46	37	19	27	42	17	16	16	26	29	13	2	575	4	19	16	12	2	3	0	0	4	0	0	6	3	23	11	0	4	96	11	17	5	9	7	13	6	16	21	10	16	2	0	11	14	18	14
hsa-miR-1199-5p	11	16	10	8	67	92	136	55	153	44	86	58	14	45	34	148	43	99	90	14	52	30	6	14	27	71	21	30	69	28	28	28	23	44	48	33	14	12	23	26	22	104	44	63	70	42	74	24	61	83	70	54	30	78	57	59	73	42	44	88	65	54	62	46	104	84	100	126	99	89	257	17	7	15	63	18	17	6	5	6	20	122	27	30	19	52	143	39	74	14	9	21	51	31	64	111	69	33	33	30	59	26	38
hsa-miR-1200	18	20	18	8	14	33	19	35	47	12	30	7	18	14	16	10	6	21	11	14	23	12	4	17	13	38	7	16	58	25	0	14	7	16	18	16	7	1	7	9	20	29	27	20	12	13	8	4	16	8	11	14	12	30	19	26	18	17	11	27	15	13	7	10	8	41	13	63	2	23	54	11	15	9	28	10	2	6	6	1	1	30	8	6	9	52	34	25	11	7	15	8	1	23	19	2	10	8	21	31	23	25	14
hsa-miR-1202	8	10	2	1	9	12	15	10	19	2	8	8	10	4	5	5	5	13	4	6	12	4	1	6	5	10	7	17	35	7	11	20	10	0	8	0	0	0	0	1	0	14	22	8	10	3	12	11	17	6	6	6	2	13	10	31	8	4	10	12	13	6	6	10	7	38	2	29	2	11	12	9	5	3	32	2	4	0	0	0	1	18	0	3	10	26	13	19	16	8	2	5	4	11	9	7	10	0	5	17	15	5	0
hsa-miR-1203	25	20	13	1	22	55	61	42	60	19	47	56	42	13	8	17	11	24	12	25	21	2	3	29	27	46	15	49	65	56	15	23	21	29	29	23	10	14	15	15	24	49	47	23	18	15	34	29	35	46	35	39	35	64	36	79	70	61	24	93	74	82	36	38	26	137	36	282	24	141	78	23	30	37	67	15	9	24	2	6	10	99	31	20	13	76	76	67	31	26	35	42	33	70	38	39	33	25	57	48	55	32	52
hsa-miR-1208	7	6	7	8	9	59	12	17	18	6	21	17	5	9	5	14	2	5	8	6	12	0	4	4	5	18	9	7	0	14	0	0	7	0	7	6	2	1	5	6	42	25	3	5	11	4	1	2	15	14	17	6	5	19	3	24	17	6	17	12	3	12	10	23	18	9	3	17	0	10	69	13	5	0	7	15	1	0	0	2	0	0	0	0	0	36	15	6	0	0	8	8	0	0	28	0	10	0	0	12	3	7	18
hsa-miR-122-3p	10	11	7	3	7	0	0	11	20	1	0	4	9	2	13	7	2	6	9	9	6	2	4	6	10	6	4	5	0	13	0	0	0	7	7	2	1	4	2	4	5	12	12	4	4	1	2	4	12	5	4	2	4	20	4	10	3	10	0	4	7	0	2	0	8	12	3	33	0	9	5	11	0	0	0	0	0	0	0	0	0	0	0	0	0	0	0	0	0	0	0	4	0	0	5	0	0	0	4	0	13	7	0
hsa-miR-122-5p	6162	3801	2756	1133	12781	6105	3808	23336	88456	3498	7896	3905	1234	7097	62246	34879	4933	34020	2910	4400	14702	4581	8847	12541	9829	8578	2488	27237	35458	35616	42649	17153	3058	36630	3511	2835	8177	8040	8358	5197	3415	12540	3865	10414	1497	10072	7559	5106	7724	10461	3930	4734	3745	109787	21279	16644	3805	26287	1034	1673	3371	7828	5003	7786	13068	4156	3635	1517	11535	39123	13615	60736	2659	1703	10708	1254	7215	4352	1148	471	5398	3495	1455	1161	3219	12006	7800	47081	13565	1221	1163	9572	10083	6019	42077	103887	124993	77187	14029	16572	42757	6532	18773
hsa-miR-1224-3p	16	10	1	0	10	6	7	26	12	4	15	5	5	7	4	9	3	19	7	10	7	7	5	10	6	9	6	11	0	7	0	6	0	0	12	1	1	6	5	8	9	13	10	4	12	13	7	3	7	5	1	8	3	17	5	18	5	5	10	7	10	3	0	8	7	10	4	53	0	11	7	5	0	3	31	8	0	0	0	0	0	0	0	3	0	10	0	19	7	11	5	4	7	10	18	11	19	14	6	0	15	11	6
hsa-miR-1224-5p	46	62	26	7	45	43	43	107	93	22	43	35	42	33	28	34	15	56	24	16	38	14	35	45	21	68	21	71	256	86	51	33	30	50	47	26	19	37	42	22	28	99	62	37	27	14	30	19	37	25	19	32	26	396	47	98	44	39	16	56	57	68	39	82	18	229	30	92	22	100	72	47	42	11	39	38	5	17	8	2	11	98	31	23	44	119	75	113	34	21	54	44	37	62	65	44	72	73	51	43	79	44	58
hsa-miR-1225-3p	19	4	7	2	1	10	6	18	6	6	5	11	8	12	3	9	3	8	3	6	3	1	3	3	8	11	3	8	0	8	0	6	6	0	6	0	0	0	0	6	0	11	10	6	0	9	4	9	10	2	4	8	5	12	6	16	7	6	5	5	10	4	4	7	1	12	0	65	0	15	43	8	7	1	14	10	1	0	0	1	1	15	2	6	1	23	18	21	0	0	0	0	0	0	0	0	0	0	0	12	20	6	5
hsa-miR-1225-5p	8	8	11	0	2	83	90	11	243	48	77	78	25	3	31	6	2	7	2	38	11	7	6	42	8	48	3	0	0	3	0	0	0	0	35	34	1	1	8	8	11	62	25	18	30	42	42	57	81	192	78	86	50	75	113	96	178	39	42	77	64	61	30	87	117	10	0	81	0	0	20	11	0	4	0	0	0	0	0	0	0	0	0	0	0	7	10	0	0	0	0	5	0	0	0	0	0	0	0	0	0	6	7
hsa-miR-1226-3p	13	12	5	3	35	22	20	40	49	5	13	16	10	17	12	94	49	49	56	4	36	11	4	14	18	21	41	22	51	22	12	8	12	24	22	3	9	18	8	10	14	62	17	53	28	28	91	12	10	12	26	21	22	41	20	22	16	17	3	27	15	38	8	6	34	40	67	20	107	71	31	14	11	15	40	8	8	1	1	1	28	67	16	36	11	25	12	11	38	6	10	21	46	27	39	140	8	26	12	18	27	16	18
hsa-miR-1227-3p	13	10	5	2	13	9	5	17	11	7	11	11	11	12	6	4	4	4	2	7	10	3	8	5	9	16	6	23	11	0	0	4	4	0	12	7	1	1	8	5	2	26	10	6	7	3	6	7	14	6	8	5	4	30	10	10	8	12	5	10	4	9	6	13	4	15	8	52	4	17	9	6	2	7	0	0	1	0	0	0	0	0	0	0	0	14	15	7	10	3	0	4	0	0	35	13	0	21	16	13	9	12	7
hsa-miR-1228-3p	5	1	7	0	9	9	6	5	21	5	10	6	5	5	3	12	6	17	10	3	10	6	3	6	0	10	6	5	0	0	0	0	0	0	11	0	0	0	0	3	0	16	6	5	4	3	0	0	12	2	4	8	0	6	4	7	8	3	0	8	0	0	3	0	2	9	0	17	0	7	0	4	0	1	0	0	0	0	0	0	0	0	0	0	0	0	0	0	0	0	2	3	4	0	0	0	5	0	0	0	0	0	0
hsa-miR-1228-5p	0	0	0	0	0	5	13	4	8	5	7	0	0	0	0	0	0	0	0	0	0	0	0	0	1	0	0	0	0	0	0	0	8	0	0	0	0	0	0	5	0	7	6	9	0	7	0	0	15	4	5	5	1	170	7	10	5	4	0	0	0	0	0	0	0	0	0	26	0	10	11	1	5	0	0	0	2	0	0	1	0	0	0	1	0	0	0	10	0	0	0	0	0	2	0	0	0	0	0	5	0	0	0
hsa-miR-1229-3p	7	11	2	3	23	39	12	30	33	4	17	7	8	7	13	34	28	30	61	4	25	4	2	20	8	28	33	21	45	37	19	8	17	24	29	10	10	19	7	14	8	51	9	42	37	18	66	17	12	14	29	3	13	67	10	17	16	8	2	21	9	18	8	7	10	33	36	26	32	43	35	8	7	13	17	7	12	6	10	13	11	49	19	17	8	27	35	16	47	4	13	18	68	16	21	67	20	14	5	16	22	4	26
hsa-miR-1229-5p	26	18	13	6	8	23	25	54	39	21	40	38	13	12	18	14	3	20	11	15	19	7	6	15	15	44	9	30	171	23	33	4	15	21	19	18	17	13	15	16	18	45	35	12	12	13	23	12	30	6	12	16	12	101	28	25	24	12	8	36	27	27	10	34	9	109	10	37	3	55	32	14	28	13	35	13	13	12	11	7	1	37	15	10	42	80	26	39	20	11	23	22	9	20	29	31	41	21	19	19	65	26	31
hsa-miR-1231	7	15	6	5	16	14	24	33	22	10	12	25	8	14	7	8	5	18	3	10	9	5	7	6	17	23	8	16	18	12	10	8	6	5	10	12	6	4	8	6	18	24	26	4	12	12	6	14	19	18	26	12	8	42	17	30	13	6	16	20	7	20	9	7	10	25	7	43	1	24	44	8	6	5	2	16	3	0	0	2	4	13	2	6	3	44	22	25	0	0	16	12	11	12	14	0	17	13	12	11	23	22	12
hsa-miR-1233-3p	7	3	5	2	1	3	11	6	14	3	9	8	10	1	3	4	6	10	7	2	12	4	4	4	5	6	0	9	10	0	0	0	0	8	11	0	0	0	0	7	0	10	7	4	7	6	6	7	13	2	7	14	4	23	13	10	10	2	8	20	6	5	5	10	6	6	5	116	6	15	11	4	0	0	9	5	0	0	0	0	2	14	0	2	1	13	8	10	0	0	2	0	7	12	0	0	13	4	17	0	0	4	0
hsa-miR-1233-5p	8	1	2	3	5	12	18	5	22	7	15	4	3	4	3	7	6	13	9	2	6	1	2	7	3	8	10	15	13	0	0	1	6	0	20	10	8	2	5	5	8	26	15	7	8	9	7	13	19	5	14	9	2	11	8	6	13	3	3	9	9	4	8	5	7	12	0	103	5	5	7	5	0	0	0	0	0	0	0	0	0	0	0	0	0	0	0	10	15	3	5	11	10	0	7	2	4	0	8	11	0	6	0
hsa-miR-1234-3p	17	16	7	4	9	11	13	15	11	8	9	6	13	6	8	13	5	11	6	5	9	3	3	6	7	9	13	11	24	7	10	3	0	12	12	7	1	7	5	8	15	15	13	12	7	8	10	8	18	13	7	11	7	156	11	18	12	8	12	14	14	9	1	9	7	18	5	22	4	9	14	10	7	4	4	6	19	16	6	20	2	10	0	2	3	16	15	22	6	4	7	33	10	4	10	11	5	11	0	0	11	3	0
hsa-miR-1236-3p	11	11	6	1	12	9	11	16	19	12	16	20	3	4	8	16	7	2	2	6	8	4	0	6	7	15	8	20	19	18	0	9	10	4	11	7	2	9	0	10	8	16	9	12	9	4	12	4	13	8	13	15	6	17	23	14	15	9	13	20	13	45	19	29	5	29	6	41	0	35	9	7	16	6	39	11	3	2	2	0	3	19	0	3	2	23	21	24	15	2	5	0	7	13	21	5	24	10	5	4	12	6	12
hsa-miR-1236-5p	23	13	1	4	5	12	10	36	26	7	12	9	11	10	16	9	7	11	7	12	10	2	6	16	10	25	7	27	25	27	5	8	11	21	19	15	9	7	11	7	9	22	19	7	5	5	13	11	25	4	6	14	9	38	9	20	10	8	11	11	22	19	15	11	4	25	12	35	3	43	106	22	8	8	2	11	1	8	5	1	2	18	6	3	6	31	41	26	13	9	6	12	12	29	20	14	39	19	23	16	16	14	16
hsa-miR-1237-3p	36	22	13	13	34	46	57	46	65	26	47	44	39	30	26	34	16	23	26	67	32	18	10	47	10	59	18	20	21	21	15	22	12	25	40	19	8	10	12	26	16	53	37	29	23	30	45	31	37	45	59	73	17	176	54	55	78	49	53	72	57	32	25	81	87	47	12	377	13	38	41	25	14	16	17	13	6	10	10	5	6	37	8	10	14	45	37	46	19	14	9	21	17	26	23	32	31	27	12	19	40	24	23
hsa-miR-1237-5p	20	26	23	0	14	54	61	22	101	31	95	67	23	22	24	21	9	14	11	18	32	12	4	34	32	108	11	14	33	33	14	13	23	24	52	37	10	14	12	36	41	83	25	18	15	19	12	32	58	27	42	47	13	38	29	52	58	29	27	39	39	33	48	28	16	32	7	95	6	24	194	14	18	16	16	36	2	16	4	1	1	59	11	14	6	50	223	43	16	17	30	19	13	28	22	15	54	30	28	35	35	24	19
hsa-miR-1238-3p	14	7	3	3	18	13	13	15	19	4	20	12	5	5	6	17	4	26	10	7	9	8	3	4	8	17	11	11	24	8	0	2	8	5	10	0	0	0	0	4	0	17	13	9	11	4	9	7	8	13	11	13	6	17	10	25	12	11	15	20	7	14	2	9	8	16	13	33	10	23	10	8	7	3	11	7	2	0	0	1	6	31	0	7	1	18	16	20	7	2	3	3	12	11	22	10	8	6	4	16	12	0	0
hsa-miR-1238-5p	9	12	4	6	6	17	17	17	16	9	6	21	14	11	10	4	4	11	2	7	6	7	0	7	9	16	7	9	12	12	0	7	12	0	0	0	0	0	0	6	0	12	13	6	4	4	4	4	10	9	5	10	5	61	6	11	11	10	5	6	9	6	3	8	8	10	4	31	7	22	9	10	1	6	0	0	1	0	0	0	2	13	0	1	1	20	11	13	0	0	11	0	4	14	0	0	1	5	0	1	18	0	1
hsa-miR-124-3p	19	10	6	5	6	11	23	20	40	15	47	12	12	3	8	4	2	6	3	5	22	3	1	3	8	41	3	5	0	0	2	0	8	8	13	6	6	4	3	16	17	21	6	7	6	7	8	6	10	13	9	11	4	12	8	6	13	13	11	20	12	9	8	10	8	7	0	68	4	13	10	8	2	0	0	0	0	0	0	0	3	16	5	0	8	15	12	12	0	0	0	9	0	7	36	0	0	16	19	14	20	16	6
hsa-miR-124-5p	4	25	8	3	4	10	18	3	21	3	10	7	0	0	0	1	1	4	5	0	9	1	6	0	10	0	4	2	16	14	0	0	6	0	0	0	0	0	0	4	0	6	9	4	3	9	2	7	10	9	8	14	4	14	9	13	7	5	6	20	8	6	5	15	5	7	0	12	2	16	6	23	5	0	0	0	2	1	3	0	0	0	0	0	0	92	9	0	0	0	0	4	0	0	0	0	0	0	0	6	0	0	0
hsa-miR-1244	35	23	16	18	15	8	12	78	33	7	27	14	10	8	20	15	4	17	19	27	22	15	7	14	23	43	4	27	27	29	8	15	17	13	17	25	8	11	16	15	22	38	24	17	11	8	15	15	26	20	16	13	13	26	20	74	17	16	14	22	12	16	35	14	11	34	2	35	8	58	168	26	8	16	38	18	4	9	9	1	3	20	4	9	5	38	56	32	24	10	12	6	4	31	31	12	16	27	41	19	42	20	14
hsa-miR-1245b-3p	13	10	5	0	6	5	4	13	19	2	0	3	2	1	7	4	0	2	8	1	0	0	0	2	7	11	2	5	0	0	0	0	0	0	8	0	0	0	0	6	0	14	7	2	4	8	4	6	10	8	2	7	0	6	8	9	7	3	6	5	3	2	2	3	1	0	2	30	1	10	0	5	1	0	0	0	0	5	0	1	0	0	1	0	0	10	0	0	10	3	4	10	2	11	0	1	13	0	0	0	9	0	0
hsa-miR-1246	33	42	6	5	31	11	9	38	35	10	16	13	16	21	17	19	12	28	14	11	28	31	10	19	15	22	12	16	15	12	13	13	9	11	20	10	15	12	5	8	14	33	14	18	6	8	19	11	25	12	12	12	13	19	14	24	9	15	9	18	11	13	16	9	9	29	3	34	12	30	27	10	7	5	13	4	4	0	0	0	3	19	0	5	5	29	24	15	24	6	3	7	10	13	27	18	9	14	28	15	24	9	12
hsa-miR-1247-3p	29	28	9	2	14	49	56	27	64	24	56	40	24	9	19	12	4	19	13	14	17	16	6	27	19	60	8	27	40	26	11	10	17	8	24	15	9	8	11	13	40	47	35	16	29	17	28	42	59	52	39	41	26	51	24	48	54	33	47	45	39	44	105	87	55	48	15	76	10	35	103	22	16	11	10	33	4	6	6	3	7	32	5	6	9	38	153	55	14	14	28	26	17	21	51	13	59	43	36	22	47	26	26
hsa-miR-1247-5p	31	24	10	8	20	30	39	56	78	27	61	35	15	23	14	21	11	33	15	25	22	5	18	17	30	95	11	22	22	8	13	12	9	17	41	25	5	15	20	26	34	51	32	16	12	17	15	11	45	10	16	29	16	29	19	40	27	20	22	44	33	24	18	29	12	21	6	182	4	37	52	27	12	8	7	12	3	5	4	5	2	34	4	5	1	62	48	43	18	12	27	23	9	16	28	14	33	8	17	21	30	23	16
hsa-miR-1249-3p	23	30	5	7	18	39	23	46	41	15	22	21	10	15	12	26	29	31	41	10	30	8	10	10	15	29	18	19	34	32	15	16	13	16	24	19	7	11	14	19	8	43	14	22	36	23	31	16	17	32	43	17	18	39	18	19	22	33	10	55	20	22	7	17	18	44	30	98	12	49	33	18	3	9	38	13	11	12	2	2	7	31	14	12	7	38	27	26	24	8	9	8	10	16	20	41	13	11	19	19	30	12	15
hsa-miR-1249-5p	4	4	4	1	5	9	13	7	14	4	7	8	0	0	0	5	2	10	1	0	7	1	0	0	1	0	0	5	13	0	0	0	0	0	1	4	1	3	1	3	3	1	4	1	3	4	4	3	9	5	6	2	2	36	8	12	9	9	6	9	8	4	3	0	2	13	1	15	0	0	0	6	0	2	0	0	0	0	0	0	1	13	0	0	0	11	12	0	0	0	20	6	5	0	0	0	5	0	0	0	11	3	0
hsa-miR-1250-3p	21	8	12	6	6	5	12	57	25	12	17	19	7	11	5	20	5	14	6	15	21	2	3	3	12	23	2	12	46	8	11	8	5	11	27	11	5	7	6	13	20	34	24	12	6	12	15	10	7	15	11	6	11	42	14	26	12	13	12	14	15	7	8	14	6	50	13	60	7	30	26	19	4	4	5	6	2	0	0	0	1	14	0	3	4	38	18	21	12	7	10	13	4	14	15	8	24	5	25	24	23	8	15
hsa-miR-1250-5p	15	7	11	2	27	15	20	33	46	4	21	34	5	27	13	62	21	74	59	7	27	11	3	7	8	22	29	17	16	14	5	7	7	12	14	7	8	15	8	8	2	25	6	14	17	8	19	11	14	12	25	11	32	14	16	28	32	9	8	21	12	27	12	15	29	32	30	27	31	40	92	8	2	5	27	5	2	4	4	2	10	39	10	20	6	21	28	9	27	12	9	9	32	57	11	50	26	22	8	12	16	11	18
hsa-miR-1251-3p	4	8	1	1	5	13	20	12	25	7	16	14	10	2	8	6	1	2	2	5	5	2	1	13	1	38	3	16	20	18	8	6	12	0	30	23	5	6	3	5	12	33	16	13	7	9	14	21	21	42	17	18	10	22	14	20	37	16	21	31	24	13	17	17	17	36	3	20	2	11	39	12	1	5	0	0	2	0	0	0	0	15	2	4	3	27	43	19	0	0	1	4	0	16	23	0	22	13	10	7	12	8	0
hsa-miR-1251-5p	18	22	6	2	9	13	18	21	14	14	16	18	8	11	9	23	3	14	9	11	15	3	4	9	13	16	6	10	17	12	0	7	10	15	17	11	4	5	6	2	9	14	25	11	12	11	8	14	7	11	14	7	10	28	6	24	16	8	11	14	17	11	8	9	13	26	9	42	2	11	13	9	4	7	0	0	1	1	1	2	2	18	0	2	2	35	23	21	17	8	9	19	4	14	2	1	14	4	3	12	15	5	7
hsa-miR-1252-5p	20	25	11	6	4	8	8	15	21	5	10	15	8	9	2	10	3	10	5	11	7	6	1	5	5	15	5	6	0	0	0	8	8	0	3	6	7	9	10	4	11	15	17	4	7	8	6	8	9	7	6	11	5	22	6	16	8	11	2	11	6	6	8	5	6	10	0	26	3	14	14	1	0	2	0	0	0	0	0	0	2	14	0	5	3	18	9	12	0	0	5	0	7	0	11	0	10	0	0	6	6	13	2
hsa-miR-1253	16	13	8	9	13	21	13	25	25	10	35	30	12	8	12	12	11	13	15	9	9	2	8	3	12	29	6	12	36	25	11	7	16	14	14	16	5	10	2	4	16	33	31	15	7	3	12	18	22	17	18	26	12	32	14	24	37	28	16	45	33	24	7	21	13	19	2	48	4	16	18	10	12	3	7	18	0	5	3	5	3	15	5	7	3	44	30	25	9	11	6	28	8	25	14	5	23	17	8	23	29	16	16
hsa-miR-1254	7	9	6	0	7	8	12	7	17	3	12	11	3	4	3	9	8	16	10	5	8	2	1	7	1	11	3	5	13	0	0	0	2	0	0	0	0	0	0	2	0	13	7	4	7	7	3	1	11	7	9	10	7	14	4	10	12	9	9	11	11	9	4	9	6	0	0	63	0	12	10	12	0	1	0	0	0	0	0	0	1	10	1	5	6	17	11	10	0	0	0	0	0	17	8	0	0	20	7	10	12	10	11
hsa-miR-1255a	8	8	5	3	29	5	7	10	50	12	16	16	2	9	11	89	22	62	31	3	8	8	6	8	14	17	38	0	12	6	0	2	0	11	12	8	7	9	5	21	1	38	12	32	13	13	74	3	12	2	38	7	20	20	7	15	3	18	5	0	6	20	12	0	62	28	63	0	68	39	0	0	3	10	0	0	0	0	0	1	16	17	0	15	5	15	4	0	24	9	1	9	24	8	0	68	1	20	4	0	0	0	0
hsa-miR-1255b-5p	64	60	17	11	45	9	14	55	43	26	20	24	13	29	24	65	26	57	24	10	30	19	9	15	17	20	47	32	54	23	34	13	10	21	22	19	16	54	26	33	13	63	20	30	14	46	32	17	23	24	30	21	34	48	20	11	9	35	11	10	23	86	15	17	63	30	52	25	77	121	38	15	12	14	51	6	2	2	3	3	17	35	9	20	4	57	28	54	51	15	35	11	53	28	51	54	41	175	14	37	69	18	32
hsa-miR-1256	12	9	7	1	5	8	16	9	37	7	0	10	0	0	0	8	2	4	9	0	4	1	2	0	2	0	2	8	16	0	0	0	0	0	0	0	0	0	0	0	0	11	8	7	5	1	0	0	12	7	7	6	6	12	5	11	9	3	5	7	11	4	0	3	9	9	1	18	6	0	10	1	4	0	0	0	0	0	0	1	2	10	0	0	12	11	0	0	0	0	0	0	0	5	13	0	0	0	0	0	0	4	0
hsa-miR-1258	16	26	7	9	15	9	7	30	36	3	14	18	12	6	11	8	4	10	9	3	9	3	10	6	5	8	7	11	36	9	0	6	5	0	10	8	12	5	7	3	7	21	10	13	4	5	4	16	12	11	16	13	6	24	17	26	14	11	13	21	15	22	12	14	19	25	7	70	5	23	17	5	9	16	12	8	5	7	4	3	0	0	5	2	0	26	12	22	10	7	13	0	16	18	0	6	5	8	9	16	20	4	11
hsa-miR-125a-3p	16	22	8	14	18	23	28	31	51	14	45	19	21	31	20	55	27	32	39	8	34	9	9	19	10	39	15	35	53	29	19	11	16	25	22	10	13	7	9	29	21	56	21	40	40	17	27	17	25	20	35	19	21	45	23	27	19	17	12	22	11	26	14	9	16	53	20	216	35	57	29	13	9	21	21	10	6	5	2	2	6	47	13	10	5	30	19	37	33	17	24	13	21	61	28	29	35	19	32	16	40	3	23
hsa-miR-125a-5p	669	847	594	515	10267	2647	1993	4386	9358	1466	5052	2694	649	2042	3770	22520	10600	6777	13116	772	2676	2475	893	1305	3245	3073	5395	1852	5818	3860	1265	2095	672	1954	3978	1044	1767	2126	1396	3075	1278	9000	763	7543	5935	2677	10643	1512	1591	777	6198	812	7993	4984	3962	2032	990	1389	228	1207	1804	13728	4410	1207	9884	7759	13857	757	23624	17177	2871	586	412	2829	4627	204	1699	324	156	191	3370	7313	2058	2691	954	2591	1564	2903	9546	216	1566	845	10251	9650	2937	13347	1828	4288	811	1585	3700	519	1325
hsa-miR-125b-1-3p	11	23	11	3	21	51	83	23	64	35	97	59	50	9	32	25	4	21	10	27	17	12	14	62	11	80	6	46	99	50	37	21	30	41	36	44	24	26	12	53	41	77	47	23	30	27	21	41	63	42	53	33	25	115	49	86	72	59	49	92	84	74	57	97	68	138	29	83	16	74	69	36	40	19	29	30	10	10	6	4	5	66	20	13	14	98	88	78	24	38	45	32	15	76	41	17	47	19	54	46	46	44	35
hsa-miR-125b-2-3p	16	23	15	7	27	2213	3441	50	2970	1058	1915	1373	28	9	42	47	10	47	15	34	23	3	13	66	41	73	32	23	17	16	13	16	8	21	1307	1023	45	18	30	103	59	2050	627	563	716	1289	1444	1923	3131	7750	3063	3523	1227	2683	4164	4112	8214	2249	3404	4758	3579	1726	953	2697	5814	102	63	165	28	50	45	37	166	107	87	26	50	34	18	21	6	10	6	6	8	37	19	34	33	6	18	0	18	51	15	3	7	12	4	11	16	21	25
hsa-miR-125b-5p	166	249	1123	75	1149	1362	989	380	4760	2938	11096	1648	306	418	664	2240	772	1247	1252	277	544	252	153	350	2476	4053	770	296	601	348	360	190	81	205	780	425	255	341	509	5340	2029	1965	244	697	371	398	1032	289	1435	477	965	346	1119	1613	644	532	249	341	105	201	189	936	274	175	1665	366	1053	85	2559	1416	219	258	80	198	899	49	170	47	21	35	419	438	152	417	110	463	200	391	731	90	1087	135	880	975	1002	1461	896	1772	246	322	612	132	272
hsa-miR-126-3p	8114	12985	10378	11331	134646	27905	18091	42118	209853	19585	81169	56160	3006	81860	54634	216555	164528	172251	132934	4401	38973	35748	13779	11722	43479	34334	141268	26489	37562	17076	19218	8889	5781	22322	39075	9434	15039	17979	21802	40776	13023	106562	4019	83153	42650	19416	95501	9107	22954	8140	123994	3723	119220	45965	26888	17695	12552	19379	1430	6433	12178	191058	29401	14229	213155	36745	118586	2903	412642	69307	32052	2542	3812	17885	87312	3139	11559	2522	1930	3092	53698	65236	31945	65308	85612	37188	5967	12335	127277	1861	2485	8881	164625	60849	22458	274757	5861	79909	8460	25056	42975	8306	22793
hsa-miR-126-5p	1382	3234	2232	2428	20895	3007	2170	3501	38538	2972	13967	11349	405	7563	6000	20219	16495	14385	26103	486	6406	4696	1590	1345	6168	5467	19830	2976	5912	2011	2364	939	973	3053	4756	863	1688	2200	2403	4927	1786	13849	653	12264	7043	2590	12469	1352	3717	735	14343	759	19568	4901	3729	2625	1757	2414	184	1043	1419	15325	1835	839	21816	2635	7721	299	26962	6496	2296	241	338	1832	9119	210	642	156	133	206	7232	6815	3060	6816	4162	3589	480	1093	13576	216	585	1025	25072	19634	2623	32481	905	9110	1103	3039	3835	818	2524
hsa-miR-1260a	20	15	6	8	56	42	53	25	112	19	46	27	9	31	21	105	88	73	84	9	48	25	11	17	27	30	33	26	68	52	27	21	23	35	37	32	29	44	27	20	36	106	15	94	63	69	130	27	47	20	149	16	133	147	42	32	16	30	12	37	20	93	27	17	169	55	92	39	153	166	38	23	5	26	81	7	22	7	3	5	28	67	16	21	13	46	14	33	123	6	13	27	112	215	32	104	16	29	16	34	40	11	30
hsa-miR-1260b	28	33	17	8	89	57	39	62	86	13	24	23	8	48	16	112	101	74	109	9	74	34	10	20	34	24	53	47	219	96	83	47	61	75	103	33	53	59	40	36	44	246	26	234	253	107	445	47	83	37	463	36	211	256	114	94	47	78	18	115	64	244	23	40	208	173	293	40	500	297	65	23	12	57	357	9	35	10	5	5	56	140	42	69	47	98	29	54	322	8	29	27	292	452	33	206	31	57	20	67	120	21	27
hsa-miR-1261	15	15	3	4	12	2	5	18	52	5	12	12	5	1	3	1	4	8	6	5	5	5	8	10	0	21	7	6	0	10	0	0	5	0	7	0	0	0	0	4	0	8	12	4	3	6	6	6	5	3	3	3	4	13	8	17	7	1	6	8	6	2	4	4	6	11	0	22	0	3	15	8	0	3	0	0	0	0	0	0	0	0	0	3	0	11	22	10	0	0	0	0	0	0	0	0	0	0	0	13	5	0	0
hsa-miR-1262	38	41	18	8	9	13	9	48	20	10	26	25	10	10	24	16	8	25	10	15	17	3	9	6	9	16	8	12	19	12	10	11	11	6	14	15	15	4	14	11	23	33	17	14	7	4	11	12	23	8	8	13	10	38	14	35	13	19	8	22	13	29	15	12	7	29	5	56	13	48	37	4	8	6	10	9	4	3	7	0	3	13	10	5	4	40	27	27	9	11	18	22	21	28	23	13	24	22	11	15	24	16	11
hsa-miR-1265	20	17	9	5	7	12	21	19	28	8	22	10	13	7	10	8	2	10	9	10	7	3	7	7	4	24	5	14	18	17	6	16	6	16	11	11	2	3	9	1	10	23	15	16	12	11	11	17	22	25	12	12	4	17	10	27	24	15	14	22	20	13	7	13	15	22	4	57	7	23	66	13	10	2	8	8	0	3	3	1	4	22	5	2	7	26	45	20	18	5	3	9	8	9	25	14	26	10	14	8	24	6	17
hsa-miR-1266-5p	25	21	17	37	29	26	27	36	29	23	43	25	9	14	6	27	24	23	28	11	35	29	11	19	36	26	12	13	24	19	11	9	10	33	37	18	15	17	4	24	26	74	22	32	16	28	32	31	98	65	26	40	18	39	31	37	55	43	34	67	28	38	31	61	32	18	11	31	19	29	28	22	8	21	104	10	9	5	4	7	2	22	19	3	12	44	32	17	24	15	18	29	10	19	17	7	8	12	18	20	16	16	18
hsa-miR-1267	4	11	4	1	2	22	12	11	21	15	34	19	21	8	32	2	1	3	5	28	8	7	2	11	5	33	3	68	66	59	24	35	34	71	24	30	19	15	13	20	36	49	42	30	11	20	20	23	28	22	22	25	23	107	34	67	44	49	21	55	52	36	13	23	13	76	33	53	29	152	167	25	17	31	23	28	7	5	19	0	6	59	14	18	13	64	73	56	54	23	50	30	34	107	91	23	70	38	37	38	68	15	43
hsa-miR-1268a	21	23	14	7	65	40	58	40	178	11	44	42	15	37	26	75	96	90	70	8	41	37	11	17	19	34	27	41	46	32	29	28	31	24	54	25	22	29	29	23	13	81	29	47	27	27	73	27	34	23	61	24	34	51	25	56	23	29	7	24	39	72	30	35	78	52	58	35	87	69	40	26	17	39	86	9	21	8	16	1	18	88	13	28	10	44	21	39	51	9	4	23	81	31	23	118	36	36	33	27	53	17	15
hsa-miR-1268b	18	21	9	9	57	181	233	69	338	236	267	419	63	47	65	66	117	122	67	40	42	30	18	76	34	79	16	26	37	36	21	31	11	26	167	139	18	22	17	19	17	237	88	92	112	161	210	174	216	284	280	264	100	283	300	230	405	144	174	216	198	182	185	405	322	59	35	66	65	68	33	20	15	29	62	13	9	8	3	6	21	103	12	34	5	64	23	41	54	6	7	20	72	28	24	107	18	16	6	22	32	9	22
hsa-miR-1269a	4	10	10	4	23	30	49	22	26	60	51	197	2	14	10	14	8	33	10	9	21	7	1	8	34	16	4	9	18	10	0	0	0	0	57	24	1	2	4	5	4	65	19	20	20	71	37	89	71	133	128	187	26	83	151	89	176	76	102	222	59	33	120	155	60	12	5	26	3	10	17	6	6	0	11	3	2	0	0	1	0	0	0	0	0	16	16	0	0	0	0	0	4	0	0	0	1	0	0	0	0	10	0
hsa-miR-127-3p	33	46	56	60	2708	381	866	163	1433	568	1250	196	36	405	75	2456	266	752	159	12	414	518	198	67	254	59	394	51	167	16	62	40	43	47	53	32	49	47	75	53	45	251	35	163	261	116	1274	68	96	140	1175	149	647	424	146	322	131	202	44	223	148	3539	838	375	1327	215	269	39	387	78	87	24	17	50	51	18	256	18	8	5	63	244	75	82	17	114	23	36	113	7	3	32	146	165	36	91	36	39	26	65	89	32	54
hsa-miR-127-5p	5	11	6	5	182	24	36	49	81	14	32	11	7	64	28	361	35	55	56	4	15	16	17	16	40	32	134	6	39	5	13	7	3	11	20	10	1	6	11	17	6	92	10	60	61	18	225	7	14	14	115	12	76	33	17	26	20	13	5	14	7	107	19	11	158	74	139	15	189	22	19	5	4	15	21	1	16	2	4	2	38	39	19	29	8	23	11	0	56	4	6	7	58	38	13	67	0	23	9	3	17	1	1
hsa-miR-1270	28	27	24	8	52	28	37	51	64	23	41	32	27	23	41	70	20	35	41	21	38	11	13	24	15	37	29	72	74	34	40	47	36	68	36	25	15	58	29	27	34	76	53	50	42	36	53	33	39	21	71	33	33	198	47	40	30	43	28	43	49	150	33	51	83	71	29	66	149	188	106	55	15	37	45	41	15	12	5	2	25	77	33	33	18	105	46	79	62	17	27	36	71	89	91	153	53	60	75	49	78	33	51
hsa-miR-1271-5p	6	15	7	3	29	8	6	14	58	5	29	11	2	11	15	52	43	42	15	6	21	10	3	8	12	11	36	0	32	11	0	6	0	0	10	3	6	2	3	8	1	21	4	23	44	7	30	9	9	2	47	3	63	24	5	9	7	1	3	6	3	25	4	0	59	16	43	0	95	44	10	0	3	9	52	2	12	0	0	1	0	0	0	0	0	11	2	0	17	1	2	10	23	41	0	8	1	11	0	0	16	0	7
hsa-miR-1272	15	19	4	5	11	11	29	19	85	11	40	19	8	14	10	16	9	20	9	2	11	6	3	6	11	66	3	14	28	12	0	8	0	0	22	14	5	12	3	18	8	27	15	3	10	9	15	6	13	12	15	8	5	27	8	20	22	8	9	20	14	20	12	12	18	22	6	27	7	18	14	10	0	4	8	10	0	4	3	0	3	15	0	5	5	8	11	11	0	0	19	14	7	14	16	0	11	9	0	0	15	8	10
hsa-miR-1273a	12	29	10	5	23	3	9	22	19	2	8	12	5	4	12	28	4	15	18	2	14	0	4	4	8	8	12	3	0	12	0	0	0	0	18	0	0	0	0	2	0	0	0	0	0	0	7	6	5	9	10	6	11	12	12	13	6	4	3	3	5	9	4	0	7	5	0	18	13	6	8	0	0	1	0	0	0	0	0	0	3	12	0	0	6	12	6	0	8	3	0	10	0	11	5	25	0	13	0	0	10	5	0
hsa-miR-1273c	57	52	11	22	41	3	7	97	27	6	19	10	1	33	7	48	27	37	25	6	26	10	8	4	23	13	13	0	0	14	0	1	6	5	9	9	2	0	6	8	4	14	4	7	12	6	5	2	7	8	9	6	4	21	8	9	6	8	4	12	3	7	0	3	20	13	0	0	6	15	0	0	0	8	10	2	0	0	0	0	0	0	0	0	0	12	8	10	0	0	11	0	3	0	13	0	7	24	0	5	15	4	0
hsa-miR-1273e	14	3	0	2	7	14	5	5	5	5	10	9	6	8	2	4	3	5	11	6	11	3	0	10	1	6	2	8	0	0	0	1	13	0	7	0	0	0	0	1	0	18	12	2	2	3	5	3	14	2	6	4	3	14	5	8	9	12	9	10	4	3	1	6	5	0	3	21	2	14	0	6	1	0	0	0	1	0	0	3	2	13	0	5	0	42	17	18	0	0	0	0	0	0	25	0	0	11	11	6	6	4	8
hsa-miR-1273g-3p	17	10	4	2	16	10	16	23	22	17	30	19	13	9	17	12	8	14	19	11	17	3	13	15	8	23	5	12	30	16	6	15	11	11	8	7	11	13	19	14	13	29	18	14	5	13	16	14	17	14	18	11	6	22	20	22	24	21	10	12	24	30	13	24	13	31	17	24	8	34	17	12	12	14	9	17	9	3	6	2	5	30	8	13	4	36	21	20	19	11	20	17	16	30	14	7	13	13	15	10	19	18	7
hsa-miR-1273h-3p	20	36	17	10	242	56	68	105	208	24	74	58	10	74	32	358	299	422	228	14	119	62	27	32	70	46	177	24	123	65	37	38	27	55	52	33	25	20	33	58	23	137	14	115	127	38	167	22	35	33	252	18	160	157	61	71	47	36	11	34	38	190	46	47	194	99	196	38	314	196	69	5	4	53	172	8	19	7	7	10	40	78	45	70	13	70	40	32	175	9	7	13	176	174	35	96	7	50	9	44	98	11	21
hsa-miR-1273h-5p	10	15	9	2	57	18	12	18	27	8	19	3	9	16	8	70	29	64	47	10	48	17	4	6	7	12	30	11	51	19	10	19	16	50	7	4	2	8	2	13	9	25	8	23	50	17	59	11	11	20	28	7	36	39	26	35	15	12	5	11	24	29	7	15	27	48	53	32	110	145	20	2	6	16	58	1	13	8	3	3	3	43	18	26	1	24	7	17	63	6	6	7	26	46	13	86	19	25	10	20	28	18	14
hsa-miR-1275	10	8	7	3	27	17	8	18	22	10	23	15	4	14	9	47	281	58	21	3	13	10	8	8	28	11	17	25	30	7	15	15	13	17	7	8	7	8	5	10	6	28	2	12	29	10	53	18	14	38	31	6	13	88	20	21	6	12	1	7	13	23	13	10	172	25	17	9	26	59	19	10	5	16	22	1	8	5	0	3	10	31	12	10	3	16	2	19	41	1	8	11	19	99	15	73	8	615	8	11	31	6	8
hsa-miR-1276	8	16	15	3	12	41	25	13	57	29	42	24	22	5	21	4	5	19	5	21	25	46	1	33	13	94	7	32	56	57	17	23	17	44	49	45	8	18	17	15	43	80	42	36	4	15	21	62	35	14	28	12	17	69	29	50	41	40	25	29	47	20	47	8	16	64	11	47	13	54	272	37	13	14	16	64	7	5	9	4	2	58	7	8	4	67	176	88	29	19	25	16	21	34	23	13	18	24	40	29	66	18	22
hsa-miR-1277-5p	15	96	52	141	487	127	86	49	1683	112	635	551	11	455	152	278	346	233	730	5	133	88	58	51	183	148	391	33	71	30	49	14	33	19	293	36	47	100	78	146	62	359	10	484	192	78	315	53	105	11	491	5	481	85	76	53	61	101	6	49	53	863	105	74	1223	56	159	8	146	66	48	2	10	62	145	2	19	2	2	3	386	242	126	256	156	109	16	18	388	7	5	19	774	93	15	457	0	61	28	52	86	19	30
hsa-miR-128-1-5p	25	20	15	8	41	10	21	117	19	6	13	19	11	7	17	34	12	41	15	9	27	8	8	7	12	17	10	21	29	30	13	5	13	22	17	19	13	9	9	4	18	33	25	14	9	14	20	11	15	11	22	18	19	42	13	23	23	19	27	24	30	34	15	18	24	33	21	51	34	45	35	27	6	12	32	15	11	4	1	0	4	25	13	8	10	27	29	33	29	12	12	18	21	23	11	21	14	35	17	28	42	9	7
hsa-miR-128-2-5p	10	12	2	4	10	8	11	16	20	10	7	13	5	2	5	8	6	2	3	3	15	8	2	6	0	24	5	10	0	10	0	12	2	0	14	14	3	6	3	0	11	19	2	5	2	4	3	13	15	14	13	14	4	15	12	16	12	7	6	18	11	8	14	22	14	7	3	39	2	13	48	11	5	0	7	18	2	3	1	0	0	17	5	0	3	13	25	15	0	0	6	8	5	12	0	0	15	5	3	8	19	16	8
hsa-miR-128-3p	279	338	290	128	1824	701	496	746	5877	651	1968	1212	108	805	823	4739	4144	2868	2024	108	926	632	248	319	841	959	2803	580	1089	499	550	256	156	432	667	277	311	556	375	901	347	2235	211	1562	538	533	2132	275	685	479	4138	201	2454	2266	837	493	330	506	51	223	309	2108	477	311	4192	914	2666	148	8285	2008	400	96	81	344	2571	82	163	44	38	52	903	1119	399	815	588	649	154	331	2396	51	286	215	2781	3053	542	5150	330	4550	178	534	906	188	501
hsa-miR-1281	14	11	6	4	33	10	17	25	25	8	22	16	7	16	8	29	8	13	29	10	21	6	3	15	10	22	14	10	32	14	5	7	22	16	7	2	7	2	8	13	11	13	10	12	32	9	13	14	15	14	13	8	8	13	13	17	9	15	5	10	14	25	7	14	18	39	6	43	25	45	13	12	5	10	38	9	9	6	0	1	3	15	0	0	2	18	17	13	14	3	9	6	9	17	15	31	12	7	2	11	20	3	7
hsa-miR-1284	25	24	13	3	4	6	10	19	22	7	14	11	16	22	10	10	9	14	10	6	11	3	6	1	6	8	13	10	10	7	0	2	18	8	12	13	0	4	8	3	8	11	8	5	2	11	9	7	8	10	17	7	15	20	8	28	11	8	4	9	12	6	3	9	20	12	5	32	17	11	15	12	0	0	10	5	0	0	0	0	0	0	4	2	0	16	6	12	6	4	0	0	0	6	7	13	0	20	8	7	0	3	13
hsa-miR-1285-3p	24	29	14	0	25	15	17	31	17	2	17	13	5	34	9	39	12	37	19	16	21	4	4	12	12	19	17	8	17	11	5	7	4	0	9	6	4	4	4	5	2	26	10	14	15	11	14	4	8	13	25	11	24	16	16	11	8	7	7	18	10	16	4	6	15	8	15	20	20	20	19	4	0	3	11	4	0	0	0	0	0	0	4	4	0	14	9	11	11	3	7	0	10	15	11	7	13	13	0	10	0	7	6
hsa-miR-1286	4	10	3	3	3	12	10	2	10	3	13	14	9	2	8	6	0	4	4	4	7	2	2	7	3	17	4	4	29	17	0	0	8	4	8	0	0	0	0	1	0	19	11	4	4	5	5	16	13	18	8	5	7	18	13	13	24	8	11	10	9	27	5	7	9	13	5	25	2	0	38	9	5	3	0	0	2	0	0	1	1	16	0	4	1	21	21	15	0	0	5	0	3	17	6	0	10	3	10	11	17	6	6
hsa-miR-1287-3p	12	20	16	2	13	13	20	28	46	15	30	39	17	7	13	16	5	10	4	19	26	58	10	15	17	77	11	19	39	45	23	39	20	28	34	31	15	22	5	10	31	74	20	23	9	12	22	40	52	24	52	21	20	54	22	26	32	45	32	29	38	48	68	52	33	88	12	57	24	108	262	22	24	19	13	113	11	4	3	0	5	41	14	10	4	61	305	59	22	24	27	29	18	34	4	10	15	2	21	27	63	19	18
hsa-miR-1287-5p	54	84	33	22	235	134	242	122	255	74	155	154	50	52	55	345	142	342	202	48	94	39	30	97	61	122	219	62	247	69	76	32	46	40	124	93	15	60	34	62	63	225	162	93	95	85	215	110	250	388	360	250	178	298	306	368	520	166	170	348	268	292	146	351	371	286	206	154	340	166	112	87	51	39	131	50	36	27	37	11	29	137	45	39	20	146	103	98	114	32	35	57	90	291	69	116	91	66	45	60	100	88	64
hsa-miR-1289	4	11	4	3	3	31	41	10	29	11	25	20	2	8	8	7	3	6	9	7	10	2	2	2	5	8	3	6	0	0	0	1	0	0	13	12	0	4	2	0	3	30	15	9	10	26	34	28	60	122	46	44	19	48	105	65	132	32	37	55	34	14	21	75	122	4	0	16	3	0	0	9	2	0	0	0	4	0	0	0	0	0	0	0	0	18	0	0	0	0	0	0	0	0	13	0	0	0	0	0	0	0	6
hsa-miR-129-2-3p	10	10	7	0	2	7	3	13	8	6	0	0	5	4	4	0	0	0	0	5	0	0	0	0	0	10	0	5	0	0	0	0	0	0	0	0	0	0	0	3	0	0	0	0	0	0	2	3	7	8	10	1	2	15	5	11	12	7	2	12	9	9	5	9	4	5	0	17	4	0	0	3	0	0	10	2	0	0	0	0	0	0	0	0	0	10	0	0	0	0	0	0	0	0	11	0	0	12	0	0	0	0	0
hsa-miR-129-5p	16	21	11	5	23	16	12	71	32	13	33	22	9	22	18	21	3	21	6	7	32	4	14	7	18	32	10	17	14	10	0	9	10	7	18	18	5	5	15	11	15	35	17	9	6	5	14	16	14	14	13	18	15	39	14	22	18	24	12	28	18	11	9	21	21	22	9	28	11	39	13	25	10	12	0	0	5	0	0	3	1	12	10	4	1	50	12	24	11	8	10	0	12	15	41	8	7	9	5	10	14	9	19
hsa-miR-1290	65	63	21	19	31	26	31	121	42	21	28	26	35	28	24	37	8	42	25	24	46	8	10	19	22	43	17	46	129	61	54	36	21	33	39	39	12	20	15	8	23	64	67	30	11	21	31	33	35	11	12	22	10	42	21	53	33	26	24	51	40	33	27	82	5	117	14	56	9	74	109	38	23	13	24	39	9	10	11	6	6	68	17	10	25	134	91	76	38	26	43	41	17	39	40	32	91	34	28	33	136	61	55
hsa-miR-1291	11	22	7	12	14	14	23	12	66	13	32	20	10	18	15	11	13	9	7	15	19	7	6	9	8	28	7	10	30	12	13	16	12	0	29	20	5	7	10	15	13	38	11	16	7	10	8	5	25	26	24	26	8	28	24	19	41	16	16	23	14	9	11	20	18	48	6	28	2	27	24	21	13	2	2	12	4	1	1	3	1	15	7	6	6	21	21	17	5	14	9	5	7	8	14	6	31	11	18	4	24	10	11
hsa-miR-1292-3p	5	5	0	3	8	32	26	16	65	18	32	23	11	9	10	11	3	10	6	18	14	2	6	9	8	49	2	15	55	31	9	12	11	16	26	21	4	8	7	17	20	51	23	11	14	16	11	18	38	8	11	21	5	37	12	35	25	23	11	40	26	23	7	34	15	76	10	150	4	40	92	15	11	10	20	13	2	8	2	1	2	52	3	9	12	39	43	30	12	12	25	23	11	21	46	18	39	14	16	21	44	20	22
hsa-miR-1292-5p	44	32	8	7	42	57	61	65	240	45	74	56	25	42	28	65	33	94	50	38	47	21	17	27	26	65	41	65	63	50	30	32	30	52	54	39	14	30	24	18	25	90	62	44	41	28	60	39	67	43	53	44	32	87	58	72	55	62	47	85	63	47	21	38	49	63	47	128	50	141	60	43	17	23	30	23	9	15	7	7	9	64	20	19	8	99	57	85	66	12	40	39	39	46	57	60	44	67	24	37	69	30	39
hsa-miR-1293	22	53	25	8	17	10	14	31	12	9	25	42	11	11	10	21	3	27	18	16	10	0	9	11	10	24	8	19	12	17	0	12	7	18	11	10	1	11	12	10	18	23	22	8	4	6	9	18	19	14	6	9	9	84	13	19	6	22	17	32	17	15	12	11	10	14	7	30	5	31	19	15	4	6	9	11	1	7	3	0	2	23	5	3	3	27	21	17	12	14	14	22	7	16	24	4	19	17	12	26	21	10	24
hsa-miR-1294	58	74	18	16	40	27	25	64	67	50	44	18	21	30	22	62	34	45	36	19	57	33	26	40	38	39	41	40	56	38	65	26	21	45	34	29	32	76	44	49	20	72	34	54	35	46	54	31	36	26	44	33	29	71	29	31	31	32	10	21	34	57	19	25	67	51	60	21	61	140	58	30	13	12	34	6	17	5	3	2	13	41	21	11	9	77	23	51	44	7	29	20	77	67	26	46	37	103	20	65	83	19	22
hsa-miR-1296-3p	23	15	6	8	7	8	10	28	31	5	16	20	11	17	14	18	3	12	9	12	16	6	4	9	2	19	3	18	20	18	9	4	9	14	7	5	4	10	4	4	15	24	22	14	25	6	11	10	12	15	9	17	7	26	14	20	15	5	12	12	13	21	10	7	1	35	7	44	3	32	43	16	10	7	14	22	22	23	19	23	2	13	6	3	5	35	24	47	0	0	6	52	8	11	17	0	19	13	5	19	17	8	12
hsa-miR-1296-5p	7	18	4	7	80	32	34	53	143	11	29	20	4	17	13	149	108	92	94	5	48	28	6	17	22	26	105	13	60	30	40	18	10	30	23	12	16	15	19	25	10	75	6	38	61	29	90	6	19	17	99	17	68	49	21	21	33	19	1	15	8	48	18	9	117	57	76	33	137	88	21	4	2	16	67	5	15	0	0	2	32	60	18	37	7	30	6	9	81	4	4	7	104	91	9	46	16	16	11	26	42	2	20
hsa-miR-1298-3p	4	11	2	1	4	3	2	7	15	5	14	1	6	5	5	1	2	6	4	7	9	2	9	7	4	14	3	4	0	9	0	0	0	0	10	0	0	0	0	7	0	14	5	6	2	1	0	0	4	7	3	14	7	13	13	11	6	8	9	9	5	7	8	0	5	0	0	75	0	0	28	10	3	2	0	0	0	14	1	2	0	0	0	3	0	8	16	10	0	0	3	0	5	13	0	0	10	4	4	0	0	7	4
hsa-miR-1298-5p	21	6	12	1	6	12	21	84	29	7	23	16	10	2	14	3	1	8	3	7	12	11	4	12	13	73	4	9	10	24	8	10	1	9	23	16	6	5	10	12	13	30	21	14	6	4	8	27	21	9	11	9	5	29	10	21	11	12	9	18	11	20	10	12	7	24	4	38	4	22	58	3	13	2	4	27	2	3	3	1	2	12	7	4	4	29	130	27	0	0	0	7	0	13	17	0	0	24	34	6	20	7	11
hsa-miR-1299	21	72	20	1	39	10	29	72	18	25	20	12	19	25	16	41	53	5674	76	14	230	5	0	12	100	7	11	21	51	79	8	12	18	20	19	9	1	85	6	118	9	374	23	69	31	20	20	5	16	21	15	9	102	68	79	17	29	12	5	14	35	43	23	65	74	28	15	31	100	113	14	24	2	158	6	7	29	26	5	3	16	39	9	14	8	60	30	29	106	6	21	8	32	81	15	12	11	30	17	28	34	20	11
hsa-miR-1301-3p	45	74	36	25	684	329	289	346	727	55	185	109	62	269	174	1795	932	1459	1110	32	379	191	79	212	222	205	645	181	601	316	247	205	144	415	281	71	81	153	99	201	87	627	40	606	520	174	1040	76	136	75	823	60	354	592	226	239	162	183	25	153	164	532	116	174	566	966	1459	2308	1495	1440	321	11	16	200	748	14	96	19	14	25	298	710	269	288	82	239	48	107	839	21	25	90	692	432	118	1260	70	292	52	190	475	61	134
hsa-miR-1303	48	42	10	8	56	45	39	56	271	16	74	62	11	41	30	132	125	97	112	11	48	26	8	15	28	45	78	43	63	40	44	6	16	23	43	26	28	36	21	20	34	92	20	34	53	30	68	12	46	14	121	22	57	73	32	38	29	29	11	21	15	50	16	21	116	61	48	55	64	44	29	16	16	21	63	10	13	4	3	0	13	42	16	25	21	80	26	41	78	10	42	24	112	167	38	168	26	125	27	49	71	24	34
hsa-miR-1304-3p	39	33	12	4	78	25	23	49	82	23	50	31	8	24	16	87	123	194	49	13	56	16	16	10	25	57	41	10	25	37	12	24	5	26	21	15	5	18	17	20	10	44	17	24	12	10	33	22	35	17	34	23	23	48	33	28	27	22	8	31	27	65	46	38	37	32	44	226	65	46	27	9	7	16	34	8	3	0	0	3	13	25	18	17	6	30	14	20	43	5	21	10	65	67	21	19	10	29	7	22	29	7	16
hsa-miR-1304-5p	18	31	7	3	81	27	12	74	118	13	33	20	8	20	12	142	92	77	89	8	26	37	16	17	19	12	91	21	62	14	27	11	9	17	17	4	11	17	13	12	10	59	10	25	27	13	54	22	20	10	123	13	77	50	37	17	21	23	4	20	23	155	64	43	183	34	63	33	184	72	36	16	6	9	82	6	7	1	1	7	23	31	8	24	2	58	36	24	81	6	15	4	89	222	14	45	9	36	12	15	37	7	19
hsa-miR-1306-3p	53	56	21	5	241	33	50	136	69	34	47	36	15	55	23	307	163	278	153	4	136	60	36	38	58	38	126	17	129	43	36	26	16	38	34	18	21	39	14	35	14	95	28	79	79	50	138	15	30	30	160	31	105	55	34	39	34	32	15	24	27	200	24	47	96	170	172	45	119	139	55	22	10	46	103	10	25	8	1	4	20	53	37	26	6	74	22	48	103	13	20	14	63	98	6	22	7	13	8	39	65	3	14
hsa-miR-1306-5p	101	83	19	19	258	215	192	175	224	94	146	105	76	63	90	277	212	233	262	48	123	93	48	80	110	80	180	119	248	150	162	147	134	156	190	97	122	160	98	104	77	376	83	291	167	191	587	101	130	104	351	155	130	146	183	153	242	96	67	193	211	269	123	178	207	277	365	74	396	352	179	34	51	123	268	28	40	21	12	10	136	368	128	218	46	199	105	150	283	26	89	70	374	246	279	655	94	71	138	123	328	52	101
hsa-miR-1307-3p	304	795	271	336	11657	1178	1237	3164	3983	964	1945	987	897	3447	2062	15800	6066	19626	8895	323	4890	2556	1316	1767	1840	912	4502	583	3680	1250	968	1060	483	1126	1521	644	784	1168	868	2118	778	4385	401	3762	4273	1698	5926	627	811	505	3795	392	3660	4463	3285	2280	1434	1121	181	842	1563	15884	2545	2693	6824	6384	8614	360	16825	10087	2052	246	217	1806	8480	188	1907	236	134	217	1192	2619	1799	2426	270	2286	646	1095	6889	123	437	475	5765	5580	368	2110	257	920	183	1074	2841	282	467
hsa-miR-1307-5p	58	70	42	47	429	207	355	150	892	104	289	202	26	590	170	499	569	733	737	23	140	67	34	59	122	191	318	42	82	83	78	21	14	23	120	65	21	65	81	83	48	326	44	269	286	84	110	65	166	145	402	66	237	170	101	108	80	72	40	58	52	258	53	61	490	67	99	169	90	45	34	7	12	19	109	15	59	54	34	50	122	102	69	101	92	143	42	46	254	13	20	71	243	149	104	176	47	242	35	54	106	23	38
hsa-miR-130a-3p	98	70	68	76	576	346	339	194	2037	191	770	477	27	601	338	1293	987	1178	1891	28	346	266	66	113	251	320	801	179	340	146	180	91	62	246	264	99	127	165	231	266	93	829	55	651	641	230	833	67	232	98	1208	41	800	417	214	138	133	159	18	55	115	559	197	60	1358	259	1021	46	1447	624	216	22	21	102	742	13	80	22	11	14	506	418	242	329	555	271	37	84	958	25	110	59	1332	556	174	1863	49	828	75	190	377	61	164
hsa-miR-130a-5p	17	20	8	8	10	9	9	43	6	6	6	14	4	10	13	8	5	23	6	6	11	8	6	9	10	13	11	7	0	0	0	0	6	0	3	1	3	5	4	5	11	13	9	3	0	5	8	6	9	13	6	12	7	16	8	14	8	10	8	20	9	2	9	14	10	3	4	10	1	10	19	4	0	0	0	0	0	0	0	0	0	15	0	3	3	10	11	0	0	0	2	3	2	0	8	0	2	9	16	4	0	0	3
hsa-miR-130b-3p	32	70	26	13	223	99	79	76	462	53	152	108	18	142	123	526	177	388	420	20	133	70	32	69	89	102	200	57	165	37	80	50	45	66	70	32	28	70	38	58	44	259	36	209	196	88	223	50	68	45	258	42	171	137	84	98	61	59	14	42	46	186	31	59	254	127	220	84	458	183	52	26	8	40	185	12	27	14	0	8	111	138	56	90	112	80	37	57	268	7	49	35	305	218	78	482	70	293	42	76	140	16	61
hsa-miR-130b-5p	14	24	13	10	287	64	35	98	367	22	66	58	6	40	53	697	209	157	368	10	75	76	17	30	69	47	201	32	145	56	46	31	22	30	49	11	20	34	17	35	18	170	21	275	157	59	273	15	43	34	292	12	180	74	51	36	14	33	8	15	12	90	13	31	137	135	227	24	411	146	49	13	4	39	214	7	16	13	7	5	71	44	42	63	30	61	27	44	145	6	26	13	172	111	33	190	27	51	6	34	79	19	22
hsa-miR-132-3p	48	65	35	13	276	55	38	167	190	76	113	42	13	61	70	648	413	295	256	9	122	111	54	28	153	44	304	19	162	75	67	37	24	44	90	24	29	58	37	84	24	228	38	314	107	150	401	31	79	58	384	28	339	173	89	75	40	96	10	28	31	188	33	23	329	89	281	71	286	118	44	15	13	55	187	5	13	13	2	7	73	81	61	58	14	92	41	50	150	7	23	20	120	263	24	130	30	109	17	73	123	17	23
hsa-miR-132-5p	15	17	13	5	28	10	8	30	30	8	23	5	4	11	6	41	35	32	29	7	23	7	3	6	13	15	20	1	17	0	13	7	6	0	9	5	1	7	6	0	6	25	7	12	14	5	25	5	13	6	34	3	29	22	7	7	9	8	2	7	11	30	2	12	42	20	33	12	64	34	12	11	0	4	20	5	0	1	2	0	0	0	0	0	0	21	11	0	12	6	16	0	16	23	0	5	5	17	0	11	14	4	4
hsa-miR-1322	0	0	0	0	0	7	10	4	11	3	12	21	9	3	6	7	0	3	3	5	0	0	0	3	3	8	3	0	18	5	0	5	5	5	3	0	0	0	0	5	0	10	15	11	4	3	7	12	12	17	23	19	3	23	16	16	22	14	18	29	19	15	14	15	31	3	6	16	2	10	6	10	7	0	0	0	1	0	0	1	0	16	0	0	2	55	18	0	10	3	5	0	3	0	13	7	7	0	9	15	10	0	1
hsa-miR-133a-3p	18	85	1292	28	75	5545	3312	35	13395	14823	56132	6412	987	45	895	113	419	309	112	629	206	132	39	755	2574	5947	160	35	118	133	68	52	39	45	1483	1213	306	236	496	25939	9535	5060	190	443	635	642	934	584	5774	106	189	89	335	120	276	229	114	166	104	99	335	133	75	81	390	135	125	50	36	273	49	33	44	128	62	19	114	38	39	45	8	70	124	74	7	64	17	51	322	25	38	24	194	353	28	91	3	77	4	50	52	29	28
hsa-miR-133a-5p	11	15	3	2	19	65	53	20	164	150	563	91	6	8	14	5	2	14	7	7	8	1	14	15	12	110	7	10	10	9	6	5	4	0	31	21	4	6	18	223	87	74	9	12	10	13	21	23	78	19	7	7	9	33	11	45	12	7	5	23	18	7	12	6	12	8	3	24	4	19	12	6	4	2	0	0	7	1	0	3	0	0	3	3	0	11	19	10	4	14	7	3	6	10	17	5	12	18	9	10	18	5	6
hsa-miR-133b	29	20	143	10	6	410	307	21	935	1855	4348	1079	148	17	96	21	19	33	16	117	26	17	5	120	208	647	11	17	25	31	19	18	18	18	262	209	69	34	69	2966	1025	550	72	95	112	168	224	213	787	631	254	199	131	415	207	191	311	130	137	320	167	173	141	271	454	30	16	45	4	31	26	19	17	17	10	15	13	17	7	11	2	21	10	7	3	34	18	26	24	14	18	9	21	42	21	9	15	19	7	18	28	20	16
hsa-miR-134-3p	48	40	14	8	29	18	29	79	23	12	19	14	12	17	12	24	9	30	24	13	30	9	8	15	18	24	19	15	0	6	0	8	7	5	9	14	6	6	7	7	5	23	14	10	14	15	12	20	20	62	25	27	14	39	26	42	46	17	34	47	28	57	23	40	42	21	11	56	2	27	15	7	8	2	8	17	3	0	0	1	0	0	6	1	0	23	10	16	7	12	12	0	7	8	11	2	9	9	15	12	17	9	10
hsa-miR-134-5p	274	102	122	96	7876	395	848	584	1540	702	1324	340	279	1951	865	12241	1687	2908	1164	97	1180	1333	755	896	1027	713	5011	464	2902	110	586	2888	458	497	1367	186	263	207	861	452	351	3604	117	2708	10139	1208	12116	281	638	208	6095	265	3455	2114	733	1750	446	552	58	324	799	4392	738	493	3725	6139	7618	114	7719	1876	1324	50	89	820	1318	57	1796	109	60	88	2892	2124	1476	1434	104	577	137	165	2200	34	18	279	1727	2897	318	2134	108	493	106	661	3074	138	378
hsa-miR-1343-3p	32	6	7	2	48	23	28	49	66	32	92	29	10	7	12	58	19	63	23	11	32	8	0	22	23	64	16	8	34	24	4	13	10	20	15	7	6	7	7	23	18	35	10	18	18	12	34	15	22	9	28	15	26	84	12	20	16	13	4	17	19	32	10	11	24	45	33	31	28	38	76	5	9	14	38	8	2	0	0	4	4	21	10	11	2	29	28	17	29	9	14	22	20	6	23	12	16	15	10	17	20	8	13
hsa-miR-1343-5p	10	8	5	1	8	30	53	18	90	25	53	37	10	10	10	9	4	8	9	15	5	1	2	10	13	45	5	12	30	26	10	4	7	9	25	17	2	8	5	18	19	26	21	17	10	10	18	13	35	19	21	20	4	18	17	32	39	15	10	34	22	18	7	21	10	40	7	65	2	13	28	14	9	7	7	12	1	1	1	3	2	34	4	6	9	32	27	26	12	9	10	14	4	9	36	13	9	6	12	13	21	16	14
hsa-miR-135a-3p	20	16	9	2	16	33	52	38	48	18	45	56	22	8	29	23	17	51	10	25	15	15	10	27	8	34	14	50	88	39	20	18	25	39	21	22	5	24	24	15	32	74	62	32	21	36	54	41	37	25	27	30	18	173	56	83	53	28	38	55	57	48	20	41	21	112	29	41	28	130	72	17	34	10	46	19	13	19	26	24	6	48	15	17	10	75	52	68	24	20	40	41	27	47	38	28	71	39	38	43	68	27	30
hsa-miR-136-3p	23	4	11	9	107	20	28	17	173	21	62	27	7	43	30	151	37	42	20	9	18	22	5	9	38	57	104	12	19	10	11	10	8	13	25	21	7	5	29	27	16	93	19	41	28	20	50	11	27	26	139	14	57	323	31	28	19	31	15	34	26	84	17	22	128	34	37	46	24	21	19	12	5	6	25	3	9	5	5	1	22	26	22	25	4	26	19	10	43	7	4	7	49	21	18	14	4	30	5	11	19	9	5
hsa-miR-136-5p	12	12	6	6	37	30	59	13	131	12	58	12	12	146	23	75	14	31	18	8	7	3	4	8	22	42	45	0	0	0	0	0	4	3	15	9	3	5	13	10	18	69	12	41	35	15	46	14	33	29	99	15	27	22	19	15	25	16	12	14	16	44	18	25	87	14	18	13	7	5	10	9	0	0	5	5	0	0	0	0	11	20	16	12	12	64	13	0	26	0	5	5	33	12	20	6	8	14	0	6	23	3	15
hsa-miR-137	28	32	30	10	24	19	18	53	17	10	50	25	8	13	18	22	11	16	12	13	22	6	7	8	29	65	12	12	17	20	13	7	13	14	21	10	11	8	4	35	12	26	18	12	3	6	12	14	23	30	27	25	16	69	17	20	15	12	14	25	15	15	6	10	27	14	8	32	7	13	50	14	10	7	7	19	4	5	3	1	2	16	5	5	5	50	52	30	12	5	9	14	6	14	16	4	23	22	15	7	23	10	12
hsa-miR-138-1-3p	14	10	13	3	24	11	27	28	10	5	5	4	7	8	13	13	6	40	8	0	23	10	2	5	6	9	7	2	0	9	0	5	7	4	5	5	5	0	2	6	10	15	9	3	7	9	7	4	12	6	7	8	4	20	7	9	5	4	4	5	7	3	5	4	4	11	3	29	3	14	0	0	0	4	0	0	0	0	0	0	0	10	0	0	0	7	10	0	0	0	0	10	0	14	24	0	0	27	1	13	7	0	6
hsa-miR-138-2-3p	33	34	26	15	30	78	123	57	141	84	150	160	64	32	80	20	12	29	25	83	26	18	14	95	24	104	17	53	118	49	31	23	15	33	84	68	20	15	34	16	34	137	69	38	43	58	80	87	133	314	122	149	76	199	242	277	301	82	103	148	144	194	138	243	255	110	18	114	18	64	30	30	24	23	25	19	19	36	19	17	11	47	11	18	41	85	40	57	19	21	23	44	9	31	95	30	32	47	67	24	62	60	58
hsa-miR-138-5p	40	30	9	5	16	16	31	61	61	20	120	22	15	23	10	24	13	18	19	10	30	3	12	13	18	31	12	10	17	18	0	7	6	13	14	14	13	2	12	49	22	46	31	17	11	14	22	17	22	31	20	26	13	54	32	46	33	11	25	31	27	33	15	28	29	24	11	282	20	28	23	18	11	4	8	12	2	5	1	0	0	19	7	4	1	35	20	22	12	15	26	12	14	20	14	8	14	23	7	9	19	9	12
hsa-miR-139-3p	93	122	23	24	795	155	238	704	516	148	209	118	109	156	248	1233	594	1056	791	46	398	249	226	222	187	115	497	202	717	235	178	194	130	286	203	79	126	64	130	358	134	348	111	997	361	183	926	119	126	67	486	64	326	505	423	322	302	109	40	143	185	606	367	348	471	873	1396	174	1723	1528	562	64	71	278	311	35	214	50	45	38	257	498	222	300	32	311	188	318	718	28	61	111	696	1333	174	585	138	125	176	217	538	84	193
hsa-miR-139-5p	21	29	18	11	136	83	74	97	376	30	143	81	8	28	66	292	263	124	172	12	68	34	30	45	51	50	142	27	108	54	34	32	18	45	54	25	11	7	23	44	25	132	21	307	71	43	179	33	47	69	172	33	125	179	67	63	84	46	22	49	31	113	63	33	196	73	181	19	327	140	34	8	4	35	80	9	31	11	4	3	77	50	29	59	10	43	15	46	105	3	20	12	152	125	34	86	14	66	13	38	75	39	14
hsa-miR-140-3p	1361	1182	1216	466	14669	1910	1774	2812	9645	3098	8934	3215	435	3168	1877	23562	12239	14556	10361	242	4061	3181	854	1090	3290	1713	10621	1994	4493	1371	2602	1309	588	2160	2764	999	1458	3162	1806	4445	1622	8189	621	4429	4522	2156	8508	1016	2211	1587	11481	944	9944	8590	4823	2797	1981	1247	151	641	1051	21000	4462	2604	18342	4752	11218	372	28857	12380	3274	904	361	2260	9136	285	2153	354	189	302	3167	4270	2413	3683	1012	3013	860	2008	6421	306	1631	968	12457	18083	2815	11053	1695	18334	1044	2274	4048	724	1704
hsa-miR-140-5p	55	52	119	22	318	116	72	130	886	131	467	264	16	242	226	717	323	470	489	27	106	133	48	54	160	153	272	88	145	101	114	47	29	144	169	61	59	92	109	186	81	478	44	384	120	120	315	42	135	68	244	25	232	176	71	73	44	86	13	23	41	310	50	33	445	108	267	27	576	199	149	27	8	45	165	13	52	9	5	5	165	152	81	128	62	124	29	71	271	13	17	45	239	107	109	739	84	772	71	89	183	31	75
hsa-miR-141-3p	17	33	75	9	80	132	100	27	520	292	1301	227	38	33	65	243	61	263	201	47	28	54	65	26	114	102	91	35	44	13	18	12	8	22	75	44	11	18	22	340	253	247	11	88	110	23	233	24	177	9	197	14	125	43	19	23	21	11	4	11	14	57	26	18	130	49	125	16	285	53	30	17	2	38	94	6	25	7	1	2	58	37	36	48	14	43	11	22	42	8	6	16	94	77	13	133	3	85	13	38	40	10	32
hsa-miR-141-5p	129	101	35	9	33	31	20	139	43	29	92	26	16	33	19	28	6	30	32	19	35	7	28	5	40	23	20	27	20	27	4	11	11	16	26	17	5	6	13	33	28	37	91	15	8	21	13	9	31	8	21	13	6	27	16	41	12	8	22	27	20	11	10	16	5	22	14	30	6	43	29	22	4	9	5	9	1	16	5	5	6	49	22	6	5	34	28	22	26	10	67	18	16	27	67	10	17	25	17	24	27	15	14
hsa-miR-142-3p	1878	4699	3900	7240	22319	10222	7960	6218	108659	14326	80191	64792	1316	36558	40252	36812	27038	36311	63936	1793	8904	11211	4846	4090	15248	12742	14732	2517	5526	3431	4675	1989	1303	4409	20616	4611	6618	8693	7399	12665	7733	76621	2713	67698	26584	17093	38196	4693	12438	1445	16059	537	16660	14061	7464	4678	3915	7607	573	2250	4086	41541	2799	2277	53201	6088	16055	784	14404	4938	8494	802	444	2861	10294	404	2708	426	208	464	19514	11393	7307	14963	10357	12023	1303	2620	31966	393	304	1736	30335	4912	1796	18539	682	10555	759	3789	10813	1487	2270
hsa-miR-142-5p	1674	1711	2000	1740	22255	2701	3912	1787	48300	3450	15163	13568	318	23096	5290	27523	15686	23036	50678	371	3678	4855	1283	928	4832	3157	11189	2940	2565	1181	2063	736	538	1241	4630	1037	1100	2507	2247	2508	1658	15976	884	8157	28478	2228	8842	994	4202	956	15557	354	11217	4041	1841	1473	1578	1123	163	619	913	5543	902	609	24466	1531	7688	387	16018	2563	1337	603	246	1124	5741	187	1196	187	116	208	14092	4938	3779	6461	27072	3306	604	1293	10432	331	1195	983	22640	11326	2983	34731	1555	36050	1170	2651	3827	973	2602
hsa-miR-143-3p	254	783	2318	325	2233	3464	4594	484	8062	5126	18224	3822	350	2298	1026	2385	3494	10884	11544	375	1279	5435	606	706	4253	2353	6350	222	717	237	543	88	128	227	2137	1416	534	472	547	7345	2491	6959	723	1952	1596	1757	4022	2251	5225	7945	10341	4323	9202	6806	5112	4451	7085	2795	3786	5043	4255	15821	5074	8234	26096	1739	1119	257	11630	2273	701	131	357	962	1661	114	444	121	92	114	1030	1207	770	965	274	876	223	221	2386	83	634	158	2249	1382	143	1238	57	986	97	401	702	167	196
hsa-miR-143-5p	22	26	11	9	20	31	49	40	65	24	96	16	7	49	21	39	32	237	195	11	54	36	5	21	27	42	92	24	22	8	6	2	10	7	22	13	14	6	13	45	23	75	23	22	20	7	38	13	31	14	39	23	49	52	16	32	20	10	14	20	12	31	13	21	90	28	15	31	149	31	18	7	3	8	14	6	1	3	2	3	24	24	11	8	6	20	13	22	27	7	10	3	16	13	14	61	14	57	1	20	30	19	7
hsa-miR-144-3p	231	219	337	49	39	219	123	26	647	336	589	245	27	603	115	50	74	95	225	19	33	13	10	46	113	354	168	69	51	57	83	10	34	37	197	97	28	177	127	169	147	483	149	98	60	166	81	76	329	121	94	109	73	129	80	107	64	159	34	49	83	445	59	43	1185	32	38	44	17	12	34	39	13	11	40	10	12	5	4	1	53	68	15	30	323	180	52	99	106	37	186	52	252	27	484	262	111	887	73	99	115	52	52
hsa-miR-144-5p	150	231	194	66	137	121	88	72	720	242	545	202	23	559	182	242	148	173	157	37	37	37	21	33	115	321	182	38	56	45	92	21	14	21	190	52	49	191	70	230	113	497	49	99	33	115	80	64	197	40	48	14	87	97	64	55	22	60	11	27	61	670	42	21	479	41	230	58	205	105	29	13	25	20	179	10	8	3	3	1	75	61	26	41	72	108	61	107	85	23	111	29	344	51	142	93	42	766	51	64	105	14	28
hsa-miR-145-3p	8	9	4	4	12	14	17	7	39	27	92	20	4	11	6	28	21	33	27	6	3	5	3	7	9	23	31	0	11	0	0	0	0	0	11	6	2	2	5	39	13	31	6	8	8	8	8	9	30	40	40	45	20	25	24	14	40	14	26	23	15	11	24	34	83	9	1	10	30	0	0	8	0	5	11	4	0	0	0	0	0	0	0	0	0	7	3	12	15	4	10	1	19	0	20	15	1	15	3	0	0	6	0
hsa-miR-145-5p	33	36	58	5	71	241	282	82	814	296	1213	211	53	97	101	169	479	410	741	45	138	117	25	78	117	174	320	70	126	80	68	11	23	34	102	59	57	48	37	537	164	342	51	108	123	51	191	51	210	121	449	71	180	452	67	80	58	38	7	37	49	98	25	47	389	147	71	46	238	102	71	11	13	46	84	17	21	9	4	3	77	218	50	51	83	99	45	58	171	8	69	29	291	190	249	509	85	612	87	58	85	20	71
hsa-miR-1468-5p	23	43	13	5	44	16	12	42	33	12	14	13	7	20	17	59	32	53	45	1	24	30	16	9	20	20	30	15	22	21	3	8	8	22	6	2	9	12	13	12	6	33	17	35	5	15	26	12	12	14	28	15	31	26	19	19	15	8	5	24	8	15	5	16	23	21	22	10	41	31	21	11	6	7	15	4	1	5	1	1	9	10	0	13	3	17	12	15	21	8	9	19	17	55	21	48	24	42	10	12	24	7	12
hsa-miR-1469	16	7	5	2	23	38	75	30	60	15	30	34	19	12	14	17	10	15	15	12	29	7	7	26	7	46	7	22	70	22	14	6	7	20	48	24	7	9	10	9	11	68	35	11	27	27	21	30	42	58	30	47	14	36	36	43	83	16	27	62	27	29	10	31	41	65	8	440	3	16	63	17	12	9	22	11	12	21	25	33	3	26	7	6	11	43	45	64	23	12	18	82	5	21	31	14	15	14	8	23	55	15	27
hsa-miR-146a-3p	10	15	14	8	17	6	34	48	29	14	82	78	2	10	26	19	3	86	112	0	19	17	10	1	16	11	13	10	17	12	13	4	9	0	15	13	11	11	3	8	13	27	12	12	9	22	15	10	13	18	97	16	66	70	12	16	7	10	13	16	16	19	3	9	6	18	2	18	41	32	15	6	10	5	8	3	2	6	0	1	2	12	0	25	3	13	7	17	10	4	7	0	14	13	0	6	4	6	4	9	7	16	14
hsa-miR-146a-5p	1657	4127	3925	2385	89746	10686	10907	15201	74174	8732	38576	25813	1789	30366	21175	211285	62054	198087	70974	1011	24985	17623	4623	8129	22652	12948	74688	9479	27124	7404	9068	5076	2595	10977	12548	3498	4486	7127	7456	18350	5224	51712	1594	39292	29410	10208	74125	4049	11484	4266	73177	1793	89391	39020	19944	13784	6842	9477	590	2948	5708	114194	16307	9435	94260	35062	114334	1149	285650	98898	12203	772	2278	14451	67451	1600	6905	1472	1113	1646	20973	19951	11449	23261	6549	10789	1531	3095	65837	595	342	3177	64832	67561	3008	104181	1689	35868	931	9044	16030	2539	8242
hsa-miR-146b-3p	22	14	5	2	198	24	21	43	102	17	44	30	15	55	24	300	136	229	161	1	72	82	16	25	38	39	100	27	41	27	18	18	19	25	29	13	13	21	17	37	14	87	17	109	69	35	128	12	24	21	77	23	62	101	55	42	18	24	2	10	18	95	17	15	116	50	114	39	252	128	34	11	5	15	129	7	31	7	5	4	41	70	30	32	10	37	28	17	84	4	14	15	96	86	29	138	9	226	23	44	67	19	22
hsa-miR-146b-5p	183	335	269	171	4999	745	484	989	4316	797	3642	2142	79	1636	793	10233	4670	4459	3944	78	1632	1656	277	405	1145	927	4486	271	1064	294	396	207	113	356	890	221	316	609	313	1293	426	2629	131	3130	1026	486	3961	257	642	415	3002	84	4578	2797	1145	717	389	797	39	222	394	12615	2240	926	7450	1535	6057	80	16294	4540	649	86	132	638	5680	104	547	93	69	115	861	937	783	1102	133	713	127	255	3701	40	63	179	4304	1618	124	824	42	2142	37	351	797	111	208
hsa-miR-1470	7	4	0	0	4	3	21	21	11	7	16	15	6	8	4	5	3	15	11	8	6	2	0	5	4	11	5	0	12	7	0	5	9	5	0	5	10	2	10	5	6	11	12	11	4	5	8	4	12	6	8	4	5	8	8	9	18	9	6	22	12	6	9	6	2	17	2	34	0	11	7	7	6	9	0	0	6	0	0	5	0	0	0	2	0	39	13	0	0	0	0	0	0	5	22	0	0	7	13	9	0	11	0
hsa-miR-147a	10	7	3	0	3	0	0	5	8	3	0	0	0	0	0	0	0	0	0	0	0	0	0	0	0	0	0	6	28	12	0	0	5	0	4	0	0	0	0	2	0	7	9	10	10	2	0	0	0	3	4	5	4	5	4	12	7	9	3	4	0	12	2	0	3	10	7	21	0	10	7	4	0	4	0	0	2	0	0	1	0	17	0	5	1	15	12	4	17	4	0	0	0	11	13	0	0	0	4	11	12	0	0
hsa-miR-148a-3p	2193	2547	3699	1328	8276	1750	1344	1191	16974	3838	15425	8418	369	3023	5129	9824	5963	4741	7591	413	3773	7377	2583	1136	6215	3914	7672	1866	3283	1922	2165	1097	649	5225	2634	937	1225	1827	2522	5614	2400	10407	877	12890	2108	3881	8385	1372	3937	1114	7791	529	7741	4309	3230	2454	1389	3978	435	808	1417	6123	836	678	13895	1781	6256	323	10490	5966	4888	5554	347	1205	4909	340	4167	408	276	532	3967	2496	2522	5258	494	2469	789	1912	4300	236	691	888	6055	3109	1266	7703	4349	6619	1472	2452	3240	853	1470
hsa-miR-148a-5p	40	48	48	9	160	32	30	53	76	31	95	32	15	58	19	182	161	139	104	9	55	39	36	9	48	22	115	12	40	33	16	22	12	29	27	15	11	17	12	36	23	72	21	77	27	27	88	19	43	18	102	25	113	45	23	27	12	32	16	20	9	69	14	17	125	36	29	22	40	51	28	16	6	20	52	8	6	1	6	2	19	24	25	32	7	53	18	35	42	6	38	22	53	58	14	10	26	24	8	19	27	18	8
hsa-miR-148b-3p	567	938	815	758	7460	1253	1135	1356	12980	1584	8176	6447	214	4206	3097	9663	13580	5763	10262	171	3448	3869	932	725	2202	1688	6870	839	1917	725	1015	443	404	1148	2554	500	783	1503	1089	1481	958	7991	352	6089	11185	1674	8679	696	1541	368	5975	193	4803	3005	2104	1398	1058	974	103	334	617	4055	535	428	11811	1759	6095	194	12809	4740	1137	220	164	925	7625	115	1762	125	82	120	3569	2886	1843	3862	538	1471	247	454	3880	82	231	422	6549	4793	489	5828	312	2550	240	1055	1739	298	782
hsa-miR-148b-5p	25	15	26	3	44	20	20	31	115	43	67	80	1	43	23	71	50	48	71	3	27	19	4	13	20	31	48	7	11	7	17	2	0	15	37	14	10	26	21	22	13	89	6	61	44	25	38	13	52	61	132	67	54	35	46	33	76	36	71	59	31	50	12	33	164	11	27	5	48	13	20	5	3	7	32	0	4	0	0	1	23	24	11	28	11	21	9	0	33	1	20	2	33	15	20	39	11	132	8	10	24	2	10
hsa-miR-149-3p	16	5	12	7	17	52	42	23	44	19	32	18	11	14	10	16	6	28	24	9	12	9	1	10	4	44	9	41	24	15	9	22	18	11	24	22	17	13	10	11	27	35	22	25	12	16	28	16	32	10	8	18	9	73	17	79	25	19	14	32	28	25	13	16	10	23	7	46	11	25	41	12	5	12	26	13	18	25	18	21	9	30	1	8	5	25	39	36	15	14	11	53	8	13	20	14	14	8	25	17	34	28	17
hsa-miR-149-5p	13	10	15	3	7	19	24	19	71	47	239	30	8	10	4	16	7	12	6	9	15	2	1	9	14	70	6	9	18	5	4	7	0	0	15	10	0	2	13	101	41	41	6	8	8	8	16	6	39	5	6	6	3	14	17	6	11	12	9	10	5	11	9	7	5	15	6	32	5	15	0	9	6	2	12	4	5	0	0	4	2	15	0	4	2	23	11	0	15	7	0	0	0	0	5	3	0	11	10	0	12	1	8
hsa-miR-150-3p	20	12	7	0	22	32	19	52	96	8	36	57	13	9	15	25	114	33	17	6	31	7	10	30	2	17	13	15	59	60	12	17	15	23	18	16	6	11	11	9	17	39	21	16	28	31	32	10	31	55	40	47	13	81	54	61	58	23	42	40	25	21	28	71	82	34	12	25	7	37	22	17	14	13	9	9	9	7	2	0	4	39	13	10	3	24	35	51	17	4	16	8	10	38	39	25	41	193	2	17	39	15	11
hsa-miR-150-5p	1197	585	270	71	598	1505	1131	1634	5405	786	2370	1271	281	513	1244	1755	12966	1008	1247	438	1086	208	254	643	726	1635	1116	1948	1697	6057	820	754	463	1116	702	776	739	1408	1009	958	909	2229	1072	1081	782	630	860	869	1462	4104	982	676	517	8458	848	1155	483	703	161	383	407	491	412	343	3442	818	682	647	590	1204	659	733	175	384	282	152	137	199	69	18	462	1751	263	444	332	1672	1051	2341	1054	259	1828	490	1860	1641	12742	2430	4526	76767	933	1402	2923	650	1445
hsa-miR-151a-3p	1085	2838	1748	1761	45952	3562	3245	8774	23677	4550	12154	8374	788	9946	8733	70516	27704	54847	47196	614	16103	14319	4905	3129	8971	4102	27899	4242	11123	3321	3827	2186	1222	4129	6113	1662	2383	5053	3437	6894	2395	21754	823	16857	10123	4879	21756	2060	4277	1805	28397	1107	30392	23467	16881	6459	3676	3906	271	1377	2629	48324	6727	3722	33049	10929	28626	622	91194	31934	7186	562	849	6644	27626	590	5569	637	449	872	8026	7262	5727	10263	4383	5884	1024	2341	29530	371	929	1779	30605	47253	1915	36158	991	13920	1030	4692	8584	1357	3621
hsa-miR-151b/151a-5p	88	143	104	77	1425	653	474	459	2898	263	779	528	61	475	738	3579	1638	1820	2751	45	877	663	229	311	482	574	1334	480	767	416	406	284	237	538	752	223	242	414	314	596	154	2059	86	2418	1204	702	3137	178	429	178	2330	68	1231	886	354	254	196	398	40	123	209	1985	607	341	2394	1055	2418	105	4654	1684	610	70	50	445	1685	45	320	52	32	45	837	869	498	831	799	410	52	160	1441	19	29	149	1481	602	427	6396	175	1359	142	396	572	147	439
hsa-miR-152-3p	57	112	196	61	1740	333	217	278	2027	490	2119	752	73	918	447	4166	1131	2627	1443	53	686	558	224	171	660	382	1804	193	399	143	225	170	80	386	313	81	90	161	167	997	313	1288	58	1168	897	266	1629	136	328	48	1482	48	1079	971	603	378	282	210	19	92	149	1128	151	103	1412	635	2028	34	5061	1555	364	32	54	168	1178	23	129	32	25	29	361	523	286	547	180	233	29	67	1084	20	19	81	1080	459	90	1742	60	564	67	201	283	64	145
hsa-miR-152-5p	26	45	15	9	25	15	20	64	33	12	44	36	8	22	16	20	14	13	29	14	23	10	8	17	20	48	14	15	26	31	9	15	11	25	21	17	10	10	12	18	28	49	21	23	10	15	18	22	29	15	25	27	9	41	18	27	29	29	17	52	33	25	27	21	13	52	15	109	10	28	197	23	34	9	18	34	8	14	7	2	2	55	13	5	12	47	56	39	15	16	23	27	13	32	30	16	30	15	35	26	36	30	21
hsa-miR-1538	1	11	1	0	20	11	36	14	16	11	20	7	6	12	12	37	17	22	14	4	10	11	3	11	9	12	15	17	96	9	11	6	6	20	15	9	3	10	5	4	9	20	24	10	15	8	25	23	17	15	19	13	9	28	15	22	24	8	13	21	16	28	16	14	19	52	35	105	34	49	27	3	6	10	23	7	13	4	4	2	9	34	11	10	5	17	20	19	22	10	15	8	29	24	32	36	15	14	7	21	18	12	14
hsa-miR-1539	13	14	5	0	12	19	18	28	24	9	16	18	8	12	2	18	13	24	13	1	13	4	2	9	7	22	4	7	16	5	5	0	5	0	25	28	7	7	0	4	5	26	12	4	7	4	11	14	9	7	4	11	7	9	16	13	8	15	11	24	10	10	9	6	9	15	10	41	4	17	19	12	4	2	0	0	2	0	0	0	1	12	2	2	3	18	10	11	0	0	11	3	5	5	0	0	13	18	0	7	12	0	4
hsa-miR-154-5p	16	9	8	0	84	23	32	32	143	15	51	10	6	44	14	189	66	37	16	1	25	11	5	11	30	40	129	6	21	8	14	25	12	7	23	8	1	5	23	24	8	96	10	36	131	17	132	14	17	18	165	5	80	66	15	26	11	14	2	13	3	46	12	11	142	33	126	13	138	26	15	5	3	7	26	6	20	0	0	2	57	22	12	14	3	19	16	0	23	9	6	6	39	54	18	32	4	39	2	14	41	8	10
hsa-miR-155-5p	316	429	210	187	3239	573	225	2063	2780	850	2075	1161	228	635	1079	8033	4660	2894	2878	168	1902	2111	744	664	980	673	3785	502	2299	985	772	666	234	909	926	339	715	963	494	1053	495	3370	233	4513	1085	1411	7058	399	657	360	3029	128	2736	2740	1855	866	504	993	71	318	444	6314	916	911	5581	3433	7809	135	13671	10015	1823	156	181	1248	6498	128	568	99	85	110	965	2098	1078	1712	120	959	277	654	4203	58	89	321	3091	1352	251	1742	112	1725	109	653	1699	220	355
hsa-miR-1587	6	28	5	6	7	4	8	99	19	7	10	6	2	6	11	11	7	10	5	5	6	3	2	2	14	7	4	10	0	0	0	6	0	0	0	0	0	0	0	0	0	17	4	6	4	5	8	7	1	4	5	8	12	157	4	10	8	7	0	9	6	0	1	5	2	0	0	28	0	10	0	9	2	1	0	0	4	0	0	3	2	11	0	0	2	9	0	0	0	0	15	17	2	0	0	0	5	1	7	0	0	0	6
hsa-miR-15a-5p	564	495	425	107	764	632	398	219	4432	537	1533	733	69	894	658	1749	1315	1450	1758	61	500	272	62	180	378	801	1028	237	401	267	462	103	94	235	491	155	160	679	338	588	252	1488	246	1069	592	446	978	152	764	259	949	154	750	728	303	267	160	200	40	115	125	1610	108	70	2200	235	730	99	1511	460	107	86	42	114	684	35	44	25	9	16	370	457	216	339	542	503	96	243	683	58	331	111	1581	345	762	978	233	5577	134	292	516	112	226
hsa-miR-15b-3p	55	61	42	6	46	81	135	34	619	54	210	130	13	69	66	180	218	79	123	24	38	39	10	67	43	99	132	50	93	59	51	23	18	22	48	18	21	46	24	45	44	162	39	86	55	54	80	39	100	128	176	33	123	136	48	48	50	36	23	32	32	121	28	30	282	24	93	31	199	64	63	22	8	11	124	11	4	3	6	1	55	55	15	40	88	83	64	33	126	10	36	24	180	119	112	289	28	993	22	43	79	22	45
hsa-miR-15b-5p	694	454	610	120	1082	1258	775	431	13362	936	2358	1487	186	901	1345	4036	6021	1487	3549	120	1044	587	163	451	689	839	1832	1069	1109	790	1105	356	219	595	1083	357	422	1362	588	575	442	3136	413	1766	3316	1008	2949	360	1412	1056	8076	475	2022	3867	1033	640	470	524	58	173	317	2021	354	321	11004	814	2872	239	5681	1726	315	377	113	421	3238	95	407	118	49	45	1107	1416	386	737	725	975	254	695	1571	100	999	292	4157	2283	1775	5226	1048	17008	293	775	1224	276	837
hsa-miR-16-1-3p	9	7	7	3	13	21	31	12	46	9	20	20	4	9	11	9	3	4	14	6	10	2	0	9	8	4	6	7	0	0	0	4	4	0	16	0	0	0	0	7	0	21	9	12	5	13	12	26	25	80	21	35	18	28	30	27	48	10	14	40	20	10	9	12	35	4	4	18	3	10	0	3	0	4	0	0	0	0	0	0	5	6	0	0	17	7	0	7	0	0	13	0	20	16	31	0	10	56	12	5	0	4	9
hsa-miR-16-2-3p	877	1105	654	267	480	208	130	181	1024	844	746	1218	100	485	486	469	437	743	294	175	400	686	200	224	351	340	371	378	294	226	687	196	148	369	520	209	537	1317	837	390	246	880	349	760	155	586	498	323	448	269	329	159	394	480	266	164	117	202	38	149	101	515	205	137	795	141	285	56	454	397	299	883	83	96	292	89	183	99	60	34	127	699	85	224	188	495	146	383	555	225	724	556	1277	498	1324	817	536	2431	527	843	992	326	414
hsa-miR-16-5p	457227	288111	165683	41548	219748	111040	39971	114292	481790	183238	263436	161560	27395	154434	237726	331160	241226	245567	158298	58869	89438	117616	40999	54217	138302	160678	283020	108703	127179	81231	211469	42707	32917	85931	168241	85280	94481	341861	253565	151919	92045	354074	88954	220404	36246	136798	150847	52154	120725	105757	169058	45388	210237	253490	112649	70432	49023	90363	14236	28034	51871	364563	64793	50528	721559	63147	179488	25376	374677	178700	134461	190319	27840	46542	215995	30343	49134	31714	15326	6052	129925	168266	73185	166960	74752	375291	106657	279649	229184	65530	239701	104770	482088	150497	232794	283249	121511	918733	107324	255308	401583	86271	87865
hsa-miR-17-3p	10	6	21	8	88	31	37	15	205	42	160	53	5	143	20	156	70	115	114	1	30	42	11	13	37	39	83	9	17	8	12	7	5	12	60	10	15	19	22	56	33	139	17	80	104	14	108	7	27	8	124	11	62	28	26	14	11	15	5	4	4	135	8	22	235	28	118	10	148	63	27	1	1	8	50	3	8	0	0	2	39	27	15	27	16	24	5	11	60	3	8	5	124	68	0	41	0	36	4	11	16	3	1
hsa-miR-17-5p	316	307	213	94	1488	491	272	424	2460	308	977	723	31	634	478	3620	1455	1607	2444	33	698	592	183	221	484	456	1877	287	735	394	425	221	111	398	541	212	236	442	354	503	175	1847	123	1762	690	442	2036	188	429	204	1764	100	1181	742	333	253	195	347	32	112	198	1871	682	203	2088	602	1914	59	4747	1317	552	132	54	268	1666	36	232	48	45	71	695	555	363	639	330	563	97	253	1205	34	172	140	1424	648	439	2261	188	1179	113	381	638	148	218
hsa-miR-181a-2-3p	66	63	30	18	608	76	105	237	523	88	215	155	26	216	112	1110	615	671	463	26	191	118	48	49	139	82	324	50	197	66	79	58	11	41	93	48	69	144	73	97	45	368	24	328	136	103	297	44	74	141	501	49	347	525	241	107	57	102	20	28	52	945	348	129	1007	136	407	57	1054	378	75	20	18	89	457	18	48	20	8	12	104	134	88	137	21	126	50	88	327	21	61	43	264	242	37	131	5	373	10	66	139	23	39
hsa-miR-181a-3p	63	34	22	16	576	32	83	233	337	62	136	83	18	83	90	917	472	291	350	6	152	81	28	48	105	87	124	35	79	44	59	28	14	50	70	31	70	66	47	130	27	233	43	205	144	79	145	20	62	60	265	25	347	211	78	281	63	39	16	42	20	378	140	68	377	141	324	25	480	490	100	15	8	33	364	19	15	15	3	7	102	67	89	46	25	135	26	58	218	13	37	20	120	169	23	173	13	138	15	62	116	4	21
hsa-miR-181a-5p	942	1945	1241	519	35892	1270	1690	4691	6641	1778	4785	1807	471	2285	3621	36520	17743	21882	20206	246	12814	6874	2167	1314	4474	1931	7167	379	2833	898	984	416	421	760	1747	640	1587	1728	762	2299	628	5374	608	7877	4232	2260	6572	652	1397	1570	12906	856	10785	3690	1676	1765	1134	1182	281	813	726	9135	1005	781	10649	4400	11198	296	9379	6515	975	234	176	1363	10519	129	811	173	91	111	1753	1868	2227	1389	383	3784	620	1443	6260	162	502	595	3456	3853	183	1892	128	1232	96	1216	2508	353	319
hsa-miR-181b-2-3p	21	16	16	4	6	17	19	18	19	7	16	6	9	12	5	4	1	14	6	7	9	1	0	7	5	16	7	8	21	11	7	0	2	8	13	11	5	3	6	3	1	32	11	7	2	4	11	14	12	35	14	19	8	25	15	15	23	17	5	22	7	18	14	18	27	12	2	17	5	10	12	8	2	1	0	0	2	0	0	2	3	29	8	1	1	27	0	14	0	0	5	10	6	0	11	0	2	10	17	14	9	12	8
hsa-miR-181b-5p	127	222	191	47	2194	182	180	488	912	260	757	223	58	201	364	3255	1350	1845	1910	38	1204	814	314	186	596	274	825	76	613	213	171	89	62	200	246	100	128	172	96	364	123	686	108	840	497	266	864	79	209	178	1447	85	1207	506	277	294	118	136	21	73	92	803	97	87	784	1031	1819	58	1239	1173	181	59	22	154	1221	24	58	19	24	11	166	268	265	166	22	396	110	226	802	43	61	118	304	519	45	317	34	372	22	178	371	39	59
hsa-miR-181c-3p	84	27	24	10	233	38	82	268	160	23	109	69	14	112	43	468	212	333	286	7	75	64	12	23	46	43	172	25	42	37	42	15	16	27	64	28	16	27	13	35	19	139	43	97	130	50	132	23	55	32	192	26	197	68	49	142	41	22	15	39	25	127	26	24	167	70	130	48	382	105	19	5	16	39	98	11	10	8	1	9	62	60	32	49	11	57	15	18	75	5	18	10	79	162	28	112	1	64	13	24	45	22	21
hsa-miR-181c-5p	44	21	26	23	502	41	49	231	202	35	165	65	15	90	36	540	213	495	561	9	132	149	25	27	60	45	212	17	53	23	21	9	16	33	49	17	23	44	20	66	25	189	39	135	151	41	288	12	33	39	426	20	330	3574	59	32	22	28	16	41	25	156	14	22	260	102	174	67	317	125	43	9	8	36	132	6	13	11	2	5	43	28	23	51	8	77	13	26	42	7	28	19	151	114	29	64	17	27	35	17	58	17	24
hsa-miR-181d-3p	41	22	5	4	9	12	29	70	34	22	24	14	6	5	13	20	4	18	16	10	16	22	4	18	11	37	14	12	21	13	8	18	7	19	24	20	11	10	6	18	24	43	32	14	5	11	12	23	25	12	18	4	11	23	26	43	26	14	13	16	15	20	44	23	8	30	13	195	14	43	170	19	7	6	7	42	3	15	3	3	4	29	6	7	3	38	80	45	24	10	34	9	7	32	25	25	35	15	44	14	34	13	22
hsa-miR-181d-5p	24	45	38	18	642	61	86	111	172	50	175	58	23	74	86	744	316	661	751	11	339	258	95	56	127	65	309	16	158	49	40	29	26	59	97	29	36	30	11	80	19	198	27	263	105	65	424	36	50	25	458	19	346	76	46	53	38	70	13	34	50	266	18	28	168	275	366	23	460	198	51	6	9	61	206	5	27	33	29	35	36	49	57	41	3	73	30	33	185	3	9	57	138	95	18	36	11	24	5	36	95	13	12
hsa-miR-182-5p	696	730	653	110	910	221	98	238	826	502	708	361	89	713	639	2034	794	1946	825	125	394	326	273	188	474	201	1032	233	382	245	670	176	112	290	236	131	233	291	324	404	211	1097	117	813	113	377	781	202	328	485	324	82	382	1240	292	243	94	308	46	78	161	1146	288	110	1861	306	758	62	2234	908	375	180	104	153	971	62	89	56	41	19	409	309	191	296	102	319	250	408	767	59	549	217	1368	223	364	1051	261	4012	206	327	997	144	242
hsa-miR-1827	35	31	6	5	17	6	8	42	3	13	14	11	6	5	10	16	0	11	7	2	10	24	14	12	9	11	6	0	0	0	25	8	0	12	13	7	11	30	9	10	4	13	8	4	3	5	4	3	3	1	5	3	6	15	3	4	2	9	3	14	4	10	5	0	6	12	7	10	7	25	10	4	0	4	0	0	0	1	2	0	0	26	0	0	2	16	0	10	0	0	2	0	10	12	0	0	0	3	4	0	0	5	0
hsa-miR-183-5p	569	514	497	57	211	145	111	81	424	449	440	222	53	225	181	303	245	383	154	94	198	240	153	135	272	160	505	123	245	170	675	107	66	130	139	107	248	193	217	236	118	611	178	307	23	212	132	184	241	690	80	88	98	876	157	198	59	143	25	49	94	612	239	132	925	116	213	42	360	320	170	277	81	64	436	31	29	39	57	13	119	87	63	76	14	210	200	356	270	46	368	132	592	191	145	202	161	1242	81	203	537	84	118
hsa-miR-184	20	38	28	3	14	82	105	40	1494	172	398	120	68	18	27	12	7	21	12	29	23	14	40	20	153	701	14	73	26	74	11	9	20	13	56	61	10	15	70	167	123	129	28	15	14	30	30	24	136	14	47	18	17	35	35	56	27	19	28	48	30	30	170	77	32	54	43	49	9	101	520	26	16	8	19	89	12	10	9	3	1	19	5	8	4	31	55	32	24	79	18	28	9	43	66	7	21	27	6	115	37	15	67
hsa-miR-185-3p	42	81	39	32	883	144	159	191	429	83	168	106	36	289	142	1417	559	1752	832	19	467	212	143	147	181	105	494	50	454	112	136	98	75	203	145	38	62	89	53	149	46	345	46	428	520	164	651	62	65	45	546	47	338	341	242	189	114	77	9	31	70	382	66	78	270	452	624	38	1272	678	177	17	15	150	459	19	114	12	7	19	128	248	113	186	27	132	43	57	509	10	34	45	442	398	41	265	9	118	22	103	184	15	47
hsa-miR-185-5p	2858	1825	1021	396	7279	1856	2309	1363	9335	1394	3264	2314	238	10750	1377	13032	7379	29348	10569	184	3688	1683	513	1070	2452	2254	7970	761	2343	899	1799	495	444	1027	1637	523	648	1991	1320	1622	640	5679	577	3341	4263	1285	5169	539	1329	797	5960	798	6997	2726	1137	1293	872	1747	100	413	845	8652	1142	724	7391	2363	8445	268	26232	4798	1218	286	305	1041	7195	240	452	143	106	181	2526	2130	1344	1983	1081	2352	479	1571	5593	251	857	498	6388	3812	1087	3776	233	3981	352	1229	2763	358	619
hsa-miR-186-3p	11	14	7	3	9	13	29	25	47	3	16	23	23	22	17	17	9	20	17	10	9	2	3	13	9	19	16	20	49	29	16	17	6	14	20	8	2	4	6	8	5	19	43	16	8	15	10	11	9	5	20	5	12	27	6	14	19	20	8	11	7	18	5	30	12	47	15	28	8	29	13	10	8	4	29	2	3	5	3	1	1	60	0	8	27	41	24	13	22	2	9	17	14	21	25	23	52	25	13	14	26	13	11
hsa-miR-186-5p	331	346	407	151	3422	1031	1073	499	5257	557	2061	1380	104	2036	811	7778	4236	7234	4313	66	1571	630	220	679	934	1036	5817	515	2053	505	687	307	283	779	709	196	296	639	428	933	294	2675	201	2661	1789	604	3263	260	683	447	4724	175	3309	2004	957	721	541	344	49	194	240	2433	246	198	2947	1271	3585	109	11460	2286	496	59	83	427	2144	67	181	60	43	65	1077	1184	472	784	395	833	123	303	2765	40	219	156	3107	2457	564	3823	153	3571	146	497	1119	172	413
hsa-miR-187-3p	23	16	12	4	25	35	28	26	140	22	134	37	12	16	14	47	20	42	21	12	33	8	8	9	15	45	27	13	23	11	8	7	10	14	10	15	5	7	4	46	13	43	16	19	11	14	22	15	33	31	33	11	17	21	26	34	18	17	12	25	10	24	15	22	32	24	42	810	46	32	16	14	4	5	19	5	5	0	0	1	4	18	10	9	3	24	23	18	13	8	7	13	22	28	16	29	11	28	15	20	13	13	16
hsa-miR-187-5p	18	29	2	2	6	16	27	17	19	6	16	28	8	7	7	22	3	12	4	7	16	2	2	7	5	22	12	18	14	15	0	7	10	7	11	0	0	0	0	4	0	28	19	12	10	12	10	13	23	22	9	19	15	21	14	159	13	12	11	22	22	25	9	14	18	21	9	26	3	30	9	23	3	4	0	0	0	0	0	2	2	12	3	0	5	37	11	22	9	14	26	6	4	14	21	2	5	20	19	25	24	21	12
hsa-miR-188-3p	8	8	0	3	5	6	13	19	5	11	5	4	7	1	8	12	4	6	2	11	16	1	6	7	5	10	7	3	0	0	0	0	0	10	11	0	0	0	0	5	0	9	6	14	2	7	12	4	6	15	10	15	3	12	9	10	9	7	14	10	11	3	7	5	6	6	3	21	5	15	0	5	3	3	0	0	2	0	0	1	0	0	0	2	0	20	0	0	0	0	4	0	6	0	0	0	8	0	0	0	5	0	1
hsa-miR-188-5p	12	7	2	2	4	11	9	8	30	3	13	9	6	6	12	14	0	11	12	5	1	3	1	1	8	16	6	14	10	12	0	10	18	13	3	2	7	2	6	9	7	15	12	16	11	14	8	4	9	15	4	14	6	15	15	14	7	5	3	9	10	12	2	10	7	17	14	16	8	12	10	3	0	5	10	3	0	0	0	0	2	11	0	0	3	22	0	0	11	3	3	6	11	10	11	14	18	0	0	15	0	15	12
hsa-miR-18a-3p	29	30	17	7	63	34	37	48	120	35	31	22	10	21	25	107	130	95	106	5	62	16	14	16	32	25	119	4	51	26	18	5	8	10	22	8	19	33	11	19	11	43	26	45	31	26	61	13	24	43	96	25	39	43	17	21	19	16	6	12	21	51	7	8	58	22	26	20	35	43	13	7	6	9	31	3	2	4	1	1	0	0	8	12	0	54	15	41	47	10	43	12	40	39	10	6	6	21	6	16	39	7	3
hsa-miR-18a-5p	82	81	54	28	176	154	84	167	678	80	226	146	16	124	106	477	197	331	392	16	88	67	20	41	109	129	331	49	118	72	106	34	35	102	131	51	42	83	67	106	35	361	32	241	88	91	257	46	129	46	293	45	198	117	56	81	42	70	18	42	51	231	59	47	423	89	249	133	393	105	126	19	9	43	179	13	28	6	12	4	101	122	57	122	71	148	60	62	275	22	42	31	338	89	85	188	37	138	44	87	142	22	44
hsa-miR-18b-5p	6	4	0	2	8	9	5	11	17	8	20	6	6	2	13	9	2	5	4	3	5	8	2	7	6	19	3	0	0	0	9	0	0	0	7	9	1	12	9	13	5	21	10	4	3	1	2	8	17	7	12	10	6	19	8	12	8	6	13	9	6	5	42	9	11	14	5	50	4	11	18	12	3	1	0	0	1	3	1	1	3	11	5	3	3	14	32	0	0	0	8	0	10	12	7	0	11	9	13	0	0	3	0
hsa-miR-1908-3p	33	25	11	6	29	56	96	47	92	59	79	66	26	11	24	19	15	41	24	30	30	5	7	33	24	61	26	23	24	17	9	25	12	8	46	24	5	16	13	26	28	61	31	38	37	40	74	37	75	121	82	78	42	69	112	96	132	59	56	132	82	50	28	75	93	40	15	118	11	38	42	17	8	17	27	16	7	13	4	5	4	31	9	19	5	36	31	48	22	3	10	21	22	17	28	16	10	8	25	12	21	12	12
hsa-miR-1908-5p	74	76	41	27	947	138	156	431	1090	129	177	46	80	371	173	1233	360	716	552	40	301	254	132	121	186	85	699	161	548	121	364	172	131	273	339	119	148	165	112	203	79	719	56	629	445	347	1588	109	122	78	928	87	232	230	247	154	184	163	31	95	135	445	187	212	455	937	666	118	568	673	249	25	51	239	652	24	154	28	15	21	231	503	270	305	44	227	100	245	466	8	45	84	493	503	110	1176	59	92	53	167	490	46	118
hsa-miR-1909-3p	29	16	7	2	23	19	40	38	49	6	33	20	8	6	10	16	9	42	16	6	20	14	7	11	14	23	9	9	20	17	5	8	8	0	13	10	3	5	14	1	8	20	15	8	20	14	11	12	15	17	17	18	7	18	19	13	31	15	8	14	17	4	5	9	8	19	10	154	10	18	20	7	5	1	0	0	2	2	2	0	2	33	0	5	5	22	19	22	10	8	8	18	9	12	15	11	17	4	19	21	16	9	11
hsa-miR-1909-5p	18	12	16	3	23	37	44	21	142	41	80	27	10	39	9	9	8	24	12	29	10	2	2	9	27	212	17	32	0	5	0	15	3	11	40	17	2	3	17	44	33	49	16	55	7	8	7	15	23	12	11	15	29	62	11	19	15	25	9	21	21	10	4	4	8	23	11	5030	1	17	9	3	8	7	12	11	4	9	2	2	4	14	5	2	1	20	23	305	60	13	13	13	16	20	15	9	14	11	4	11	16	0	8
hsa-miR-190a-5p	61	82	68	61	337	78	114	42	715	131	429	274	14	417	412	751	188	668	1087	38	246	251	52	118	98	101	250	34	87	54	32	28	32	49	170	46	76	111	50	172	74	805	29	793	596	133	515	50	99	14	125	13	151	124	44	59	38	102	15	23	62	586	70	36	520	176	236	27	875	108	49	15	15	46	211	13	20	10	7	9	182	187	38	118	112	60	27	16	160	7	32	24	315	27	64	223	77	126	24	48	105	12	30
hsa-miR-190b	34	28	15	10	59	48	61	54	146	35	98	80	46	41	77	155	62	120	83	36	67	21	20	75	32	60	62	97	354	104	93	66	39	81	101	57	44	46	54	80	45	191	92	132	100	64	167	35	67	32	94	23	97	96	75	80	35	66	26	51	58	102	36	139	81	390	129	64	168	271	135	54	25	44	97	24	15	10	6	11	33	183	51	42	37	158	68	85	137	25	61	57	90	173	56	215	76	93	59	96	155	64	61
hsa-miR-191-3p	39	43	21	24	231	84	85	144	252	40	117	65	14	104	76	558	288	429	259	17	109	107	35	52	72	66	204	54	135	70	54	36	28	57	46	27	31	34	61	79	33	168	12	164	134	47	216	41	53	65	274	42	206	138	88	72	60	56	26	53	51	187	42	55	282	125	211	92	474	269	57	17	14	34	183	8	47	7	6	9	79	80	66	78	36	72	29	41	175	10	6	35	192	385	21	365	27	117	22	61	104	21	52
hsa-miR-191-5p	2574	4004	2835	1687	46673	10969	9139	14211	64757	8022	25865	17219	1652	19583	13380	103351	84533	82653	51534	889	23232	15496	4945	7593	13168	11325	49751	13981	29591	8966	10220	6791	3235	11223	12145	3134	7120	12065	6018	11196	4937	41803	1733	33266	41731	10909	49933	4827	8961	5945	82211	3064	44105	52267	26415	18059	13881	10474	713	5197	6962	70801	16788	10051	75555	25043	78112	1912	189993	91955	13105	1277	2007	11547	78556	1427	8998	1564	942	1345	19411	23839	12321	21946	15177	10736	2677	5508	56993	561	2460	4239	79202	38637	8783	123879	3374	68627	1916	10636	18374	3429	11610
hsa-miR-1910-5p	4	6	1	1	0	13	6	31	14	7	18	21	4	2	8	3	3	10	0	4	2	4	1	17	3	28	3	9	0	12	10	15	20	17	26	22	4	6	3	6	8	46	8	11	4	7	9	23	12	6	5	8	4	5	10	14	19	31	16	18	14	6	9	15	4	18	1	15	5	7	230	8	0	4	3	30	0	2	0	0	0	29	7	5	1	15	126	14	0	0	4	6	4	5	0	0	35	4	22	8	21	12	9
hsa-miR-1911-3p	16	22	3	2	7	12	15	30	64	13	12	8	9	11	1	16	1	6	2	1	22	5	4	5	6	15	3	8	19	15	0	8	0	7	12	0	0	0	0	9	0	17	11	6	5	7	5	8	14	16	11	13	5	25	10	15	12	7	12	16	5	15	3	10	7	10	5	26	1	0	15	6	1	3	0	0	2	0	0	3	0	0	3	6	0	13	14	17	6	5	4	12	6	7	0	0	4	0	15	0	21	17	0
hsa-miR-1911-5p	11	18	6	3	9	7	12	10	16	9	17	19	9	4	8	16	0	8	8	4	6	3	2	17	6	10	6	21	33	25	0	20	9	4	9	13	3	3	3	6	6	21	22	12	11	14	15	7	17	13	11	5	12	19	18	25	24	13	6	19	21	23	4	17	8	78	8	57	5	22	23	4	6	1	16	11	0	4	3	1	0	32	5	0	7	23	29	16	0	0	8	24	4	17	30	0	14	8	11	15	39	23	18
hsa-miR-1913	21	24	0	0	14	14	32	29	16	12	16	13	5	4	2	11	3	10	11	6	24	11	2	9	10	14	6	3	0	0	0	9	6	13	9	11	1	2	5	5	9	16	13	6	10	15	8	6	17	30	16	23	5	17	13	18	22	12	23	35	12	3	9	19	27	19	6	23	5	20	70	4	0	2	0	0	0	0	0	0	2	16	2	1	7	15	20	9	0	0	5	10	5	0	6	0	12	6	0	13	13	5	5
hsa-miR-1914-3p	6	6	3	2	14	12	25	23	58	2	23	9	4	5	15	15	1	17	5	0	12	6	1	19	6	28	10	12	14	11	2	5	10	11	23	20	4	8	4	4	13	54	15	7	7	10	12	19	23	10	16	16	8	12	6	39	14	11	8	15	11	12	6	6	12	30	6	26	5	23	75	7	8	3	15	9	2	5	1	0	4	15	7	4	3	25	40	16	19	7	13	10	10	0	15	11	4	12	11	6	27	9	9
hsa-miR-1914-5p	21	18	2	7	16	41	55	28	61	17	47	27	30	15	25	28	8	24	15	16	27	4	9	37	13	85	20	60	289	46	30	27	18	17	30	19	14	24	12	11	21	71	19	21	23	22	36	18	41	12	35	35	30	110	25	92	36	74	29	89	85	94	49	116	18	298	37	95	29	170	101	33	39	29	73	37	12	20	6	10	6	76	31	48	19	73	70	78	47	15	24	41	21	84	46	34	26	7	17	55	45	18	41
hsa-miR-1915-3p	14	7	10	7	13	76	121	25	97	37	114	66	41	10	26	4	3	15	7	37	18	6	5	37	15	171	6	27	66	67	9	17	28	25	54	41	17	12	24	43	83	87	76	33	28	38	39	44	76	59	56	73	32	77	47	100	111	44	57	81	61	36	31	87	63	158	19	125	11	54	47	28	40	6	22	28	7	12	14	8	10	75	17	14	18	75	99	74	24	26	48	58	23	27	57	123	40	33	39	47	66	33	43
hsa-miR-1915-5p	14	18	8	5	7	30	48	16	38	12	17	11	9	10	6	15	4	17	9	5	9	1	7	11	9	15	7	7	15	11	3	1	4	6	13	12	2	3	7	5	6	28	7	5	10	9	7	13	18	9	7	23	3	16	11	9	20	16	5	17	9	10	7	12	18	22	6	126	4	12	9	9	6	8	0	0	3	0	0	3	0	0	4	3	0	23	17	15	11	3	11	8	7	6	16	4	12	0	3	13	11	13	15
hsa-miR-192-3p	22	18	9	4	14	5	10	32	22	7	10	14	2	9	2	14	2	15	9	8	18	1	4	4	7	19	4	6	0	9	0	2	4	2	8	6	4	8	4	1	7	16	3	4	3	9	6	11	8	13	9	10	5	20	10	12	13	13	6	4	5	5	3	7	12	11	2	34	2	13	8	5	0	1	0	0	0	0	0	0	1	12	0	0	2	23	10	11	0	0	10	0	5	9	17	0	6	49	0	14	13	11	0
hsa-miR-192-5p	467	416	366	111	575	338	208	230	3109	425	1256	372	53	631	634	885	600	1163	482	140	250	135	136	98	543	414	633	272	268	260	384	52	64	146	292	130	127	476	310	587	211	706	129	301	119	175	231	135	352	316	418	198	444	1193	241	268	122	389	35	58	137	693	182	123	1135	95	256	63	396	228	109	237	61	59	349	29	52	35	17	12	267	155	84	126	142	532	147	626	422	47	307	127	645	215	890	1079	867	4014	245	356	571	139	227
hsa-miR-193a-3p	12	5	2	0	6	6	11	19	7	4	14	11	10	6	5	1	7	8	7	4	0	0	0	2	3	11	4	6	10	0	0	7	5	9	7	10	3	10	2	7	8	21	7	3	5	3	5	6	12	5	4	8	5	12	5	4	5	2	4	11	12	5	3	9	2	14	10	21	6	13	14	9	5	4	0	0	1	0	0	2	2	15	0	2	1	20	12	0	0	0	10	0	5	0	0	0	4	0	6	15	13	0	6
hsa-miR-193a-5p	74	60	22	3	113	86	81	158	194	51	85	92	36	96	142	162	48	360	88	30	145	38	69	96	51	67	58	103	239	228	153	145	83	229	76	56	43	47	43	41	44	125	101	107	58	85	92	59	105	97	72	102	72	174	67	121	58	102	39	53	49	90	32	85	108	189	74	52	28	197	66	126	45	45	71	19	23	24	6	6	25	117	33	31	17	128	93	360	141	13	68	102	78	187	254	204	450	243	185	103	239	21	74
hsa-miR-193b-3p	33	22	5	8	36	15	20	80	26	5	30	14	12	11	10	19	7	13	15	5	18	8	8	3	5	11	8	6	0	6	0	6	8	6	10	12	6	11	8	4	6	20	22	3	9	9	6	8	12	18	7	14	4	24	12	17	15	15	9	16	1	6	7	6	4	9	9	26	1	13	17	15	4	3	6	3	4	1	2	0	1	11	0	4	5	15	31	19	0	0	26	14	7	0	2	0	11	13	0	18	12	17	3
hsa-miR-193b-5p	34	14	7	6	19	23	20	32	29	10	18	24	16	11	39	26	4	34	15	18	40	13	7	18	12	23	11	50	47	61	35	39	23	74	18	20	16	14	20	4	14	41	27	24	15	22	15	15	18	28	15	29	6	39	31	55	17	43	17	32	19	12	5	17	20	19	6	57	6	46	29	107	23	17	13	14	11	19	5	4	4	33	14	6	5	75	54	141	17	13	13	27	12	21	122	77	412	84	116	53	70	24	42
hsa-miR-194-5p	168	138	100	24	87	114	78	68	1122	97	225	112	30	159	451	139	141	250	113	58	105	49	98	42	91	196	143	90	91	104	133	42	21	60	123	69	52	121	85	120	37	288	69	100	41	70	64	46	111	108	60	53	65	344	58	78	34	100	20	32	27	100	24	8	206	39	49	47	67	57	24	115	23	7	67	16	14	7	3	4	70	71	31	34	53	174	47	176	111	26	120	35	231	74	278	187	335	1432	59	118	153	40	91
hsa-miR-195-3p	6	4	10	2	7	5	4	11	15	12	41	14	10	4	6	9	3	6	0	5	3	3	0	2	13	10	2	0	0	0	0	0	5	0	3	0	0	0	0	15	0	16	3	8	7	7	2	7	0	7	8	7	4	9	7	15	7	5	6	9	3	8	2	0	9	1	0	0	8	0	13	0	0	0	0	0	0	10	2	0	2	15	0	1	2	0	0	0	0	0	0	0	0	14	0	0	0	0	0	10	0	4	3
hsa-miR-195-5p	255	398	293	102	204	228	125	72	909	831	1516	1059	132	199	507	227	156	267	123	184	175	272	67	229	277	535	171	202	147	138	406	121	104	246	450	168	461	950	711	827	322	465	162	432	65	275	294	164	347	196	344	148	328	365	216	128	129	140	23	96	69	259	112	100	551	94	265	47	462	347	278	816	36	30	102	20	54	13	21	13	84	559	62	154	125	320	89	321	229	72	219	222	485	181	447	269	187	859	192	489	572	169	214
hsa-miR-196a-3p	29	23	10	7	25	8	10	34	29	9	15	15	17	8	16	21	5	30	17	7	11	5	8	5	19	19	10	13	20	17	13	9	18	20	21	17	4	10	9	8	9	20	18	5	5	8	8	6	11	14	12	14	3	25	14	29	13	16	13	20	13	9	9	10	9	28	4	28	7	16	18	12	7	8	4	7	0	0	0	1	5	13	2	4	4	125	14	24	12	14	14	13	6	22	17	2	6	11	6	17	25	16	24
hsa-miR-196a-5p	26	21	40	3	27	16	18	26	67	15	31	25	5	15	19	20	11	36	11	10	51	14	11	5	24	46	16	11	27	24	12	7	11	28	44	33	21	14	18	14	16	68	16	40	4	24	25	32	29	45	33	22	12	42	13	34	24	34	36	31	24	29	16	11	19	22	10	50	9	40	43	28	7	4	10	14	8	3	4	0	3	12	12	6	0	30	67	50	11	3	7	14	9	11	15	7	29	14	11	22	26	9	13
hsa-miR-196b-3p	35	26	17	12	15	18	9	138	23	15	24	19	3	14	9	6	2	13	6	12	24	8	5	4	8	23	13	16	21	12	0	7	9	13	27	20	8	9	3	7	7	46	15	10	5	11	17	27	17	25	17	23	10	30	13	42	35	12	26	29	22	22	51	31	20	17	10	51	5	25	51	15	7	2	48	15	5	8	1	0	0	21	6	5	2	21	48	23	10	16	10	7	9	0	19	2	26	6	16	10	15	14	15
hsa-miR-196b-5p	126	265	175	67	711	129	108	124	593	287	413	425	46	210	241	1310	424	722	640	19	394	553	208	157	271	193	429	86	277	119	189	139	94	284	258	121	177	250	130	332	76	759	97	940	270	468	1251	214	239	310	689	216	516	489	523	333	378	325	229	191	228	593	145	303	745	354	482	43	1291	1049	265	49	23	140	414	15	115	17	11	22	185	248	122	266	29	160	54	93	444	9	57	55	455	223	58	328	58	248	50	118	251	25	81
hsa-miR-197-3p	306	272	100	56	543	580	417	777	956	114	274	199	117	240	216	1114	784	641	1185	107	515	155	139	195	213	224	572	199	686	588	295	243	261	303	390	192	185	191	123	156	131	710	181	513	478	366	1014	196	311	275	878	195	378	591	286	299	299	273	71	316	275	397	102	181	373	617	637	422	579	634	296	122	50	185	542	51	94	43	28	16	128	519	129	257	114	429	215	350	771	49	132	114	825	555	346	379	257	286	151	205	506	128	150
hsa-miR-197-5p	24	13	5	4	11	9	7	20	23	11	11	7	8	7	8	12	10	19	10	10	11	5	0	5	5	10	6	12	24	18	11	15	15	24	14	5	4	17	4	7	9	19	14	15	5	5	16	2	11	12	9	10	3	174	8	7	9	6	4	17	15	9	2	6	5	25	16	44	9	34	19	9	6	5	8	5	24	19	17	28	2	24	0	4	8	17	19	13	9	5	12	31	18	19	15	24	11	19	20	15	18	13	10
hsa-miR-1976	38	28	17	8	92	28	14	70	50	19	33	19	16	28	35	161	46	86	59	10	31	35	12	22	13	35	46	22	34	35	22	14	4	23	25	14	11	25	6	20	9	46	20	37	18	17	74	16	20	16	31	18	28	75	49	26	21	18	9	15	25	83	32	29	66	60	93	53	154	109	32	16	9	20	64	13	13	4	1	2	8	42	22	25	2	47	42	61	43	8	74	13	65	42	40	49	27	49	14	35	49	14	18
hsa-miR-198	19	7	0	0	6	12	7	24	6	6	19	5	5	1	9	7	2	4	1	5	5	6	1	3	6	9	3	9	10	11	0	0	12	0	0	0	0	0	0	7	0	11	14	3	5	3	0	0	5	4	1	12	2	298	6	11	6	5	5	15	6	4	4	7	2	10	0	28	2	9	13	8	10	4	0	0	4	0	0	9	0	0	0	2	0	19	13	0	0	0	0	11	0	0	10	0	0	0	12	5	0	7	8
hsa-miR-199a-3p	1026	2228	4368	1532	37196	8047	5084	5927	74808	10696	48435	24315	769	10160	9881	101824	41628	41512	35057	800	10183	13178	3049	2894	14920	7079	42640	3330	16539	3468	4512	2504	1333	5119	11274	3308	2872	2674	4512	18611	5651	41897	1031	29569	11892	6837	37389	3051	9565	2453	92869	1368	61766	22144	14955	6675	3653	10819	805	2915	5142	121520	15232	8042	189542	19089	77650	1111	205489	40068	10761	814	1588	7168	49301	1217	6172	1101	822	1392	16052	10745	8578	14392	2568	8641	1236	2654	38344	418	543	1794	36063	29257	976	23827	533	7059	823	5478	10869	1467	2941
hsa-miR-199a-5p	30	43	92	40	582	237	262	135	1972	254	1178	562	29	432	324	932	1298	747	862	27	165	141	55	89	225	239	635	190	192	115	104	41	38	93	244	85	66	49	156	487	178	673	22	466	503	123	269	70	206	64	1608	37	431	318	168	138	98	91	14	54	56	479	68	76	1367	154	285	55	411	143	140	16	16	54	237	18	66	10	10	8	328	258	158	300	632	205	33	81	466	13	11	44	447	282	166	1583	56	922	91	148	220	61	140
hsa-miR-199b-3p	101	335	777	270	4349	936	555	521	7778	1944	6178	5582	155	1104	1094	10576	3761	4785	3470	141	1601	2538	456	537	1880	1029	4492	608	1760	380	610	430	224	816	1642	405	640	466	638	2950	864	4576	156	4080	1445	989	5440	499	1270	270	10707	187	6269	2216	1889	879	405	1380	115	577	594	15120	2231	1101	18157	2317	9059	167	26642	5943	1247	147	261	862	5568	178	893	156	176	259	1374	2180	943	1419	383	756	107	279	4350	61	61	366	5044	4857	196	3924	72	1027	138	772	1154	239	555
hsa-miR-199b-5p	19	21	21	4	14	44	33	26	144	81	438	88	5	21	22	49	52	38	39	8	13	12	4	6	23	51	45	24	22	10	8	11	6	10	28	19	9	4	9	223	60	82	21	45	16	16	20	13	56	41	70	19	45	44	17	15	17	20	11	32	10	34	6	10	109	17	24	16	34	11	16	7	0	8	14	4	0	0	0	0	15	27	18	11	15	26	32	21	23	9	16	9	26	25	37	56	7	657	24	16	24	6	26
hsa-miR-19a-3p	76	129	77	68	134	140	86	42	1132	116	478	344	27	319	155	136	175	164	607	25	110	37	10	72	86	227	246	56	76	55	60	18	17	13	135	41	37	85	87	79	59	284	52	195	180	91	175	48	168	64	248	20	246	121	99	87	77	60	25	55	55	141	31	31	267	21	43	25	60	26	18	10	9	15	61	3	7	5	0	3	100	80	36	81	197	105	16	34	160	17	65	34	394	88	144	289	43	503	75	57	80	22	48
hsa-miR-19b-3p	333	452	316	132	513	493	417	112	4192	416	1714	908	66	1335	539	720	850	866	1924	60	379	175	62	157	317	803	840	203	286	225	254	59	74	118	357	122	106	452	277	465	256	1152	184	590	637	265	451	135	490	184	747	90	642	622	236	264	185	169	20	103	88	350	65	54	880	117	303	76	225	121	57	40	25	83	246	18	32	11	5	6	352	238	104	172	524	428	63	148	507	49	259	60	1121	326	613	1031	268	5737	209	196	303	85	195
hsa-miR-200a-3p	22	36	150	10	61	367	235	27	951	984	4161	494	94	30	152	101	103	185	65	90	27	12	63	66	273	124	60	18	25	12	11	3	5	10	97	69	22	27	14	1284	777	407	10	83	37	55	99	35	483	16	80	18	100	43	28	25	25	30	10	7	29	57	49	30	82	34	59	10	66	25	19	10	8	18	41	6	11	4	3	4	19	27	15	18	4	30	11	18	45	5	10	6	53	34	14	34	4	22	1	10	40	16	26
hsa-miR-200a-5p	25	21	9	9	10	60	21	19	33	11	37	17	14	10	8	8	4	10	7	17	11	3	5	6	9	14	2	19	12	15	6	6	4	0	19	8	6	8	14	24	21	28	15	13	10	8	10	12	20	13	13	8	6	32	7	27	20	14	9	43	21	11	6	12	18	20	9	87	8	22	24	10	12	5	6	18	2	3	2	1	1	23	3	5	4	35	24	23	9	15	12	14	7	20	20	2	9	17	19	13	22	12	23
hsa-miR-200b-3p	58	44	50	6	37	499	2667	69	666	953	2291	1706	57	22	116	74	61	73	46	90	30	26	39	73	132	93	50	10	22	14	7	4	4	4	368	267	29	12	16	545	303	653	133	127	135	245	257	362	777	1306	526	500	195	223	400	250	585	177	225	365	225	203	122	284	932	24	47	43	66	36	15	7	9	13	58	5	10	3	7	0	11	14	7	7	4	16	8	11	32	2	8	5	24	31	18	27	8	51	10	16	16	11	5
hsa-miR-200c-3p	29	53	48	35	293	180	91	180	716	333	1123	268	75	71	162	737	568	509	328	50	204	174	185	86	149	155	379	110	261	91	124	93	43	140	151	80	130	138	82	436	206	541	74	650	143	200	863	94	181	82	554	40	436	321	152	94	69	151	22	42	54	299	60	81	411	351	563	33	872	550	189	21	13	180	468	17	73	9	14	23	144	239	109	188	53	139	53	72	295	11	18	30	355	222	59	712	57	260	31	99	177	43	82
hsa-miR-200c-5p	24	19	3	4	9	42	54	42	37	22	30	28	12	8	14	12	4	15	7	15	14	4	3	23	7	20	5	19	27	13	11	13	15	14	26	18	3	12	4	13	9	34	29	23	16	24	25	18	30	41	59	43	8	57	15	40	59	36	32	41	33	13	15	35	51	26	8	34	4	30	65	14	8	12	11	9	3	6	7	3	0	32	3	1	0	46	24	17	9	12	5	24	5	12	9	7	16	12	16	21	22	17	21
hsa-miR-202-3p	10	10	6	0	1	11	8	20	5	2	18	10	1	4	11	1	2	17	7	5	0	0	0	13	7	11	5	13	14	15	0	16	10	4	8	3	1	4	5	5	3	12	12	7	1	12	9	6	13	6	5	10	4	18	22	14	10	14	6	21	14	8	5	9	8	23	8	52	3	37	18	5	3	5	6	10	2	0	3	1	1	19	0	2	0	16	19	17	10	7	2	12	9	15	9	12	10	4	10	9	25	3	14
hsa-miR-203a-3p	43	41	202	30	80	227	138	38	640	439	2805	327	102	80	116	160	36	92	92	106	58	32	50	120	243	367	65	38	15	31	29	6	16	13	152	101	63	99	186	1642	275	346	176	110	48	56	97	57	282	76	119	69	176	97	373	178	53	73	32	71	60	184	84	76	60	241	97	66	53	86	295	17	26	27	73	8	16	3	3	0	19	25	19	19	5	110	42	70	37	11	31	30	38	92	42	54	21	16	14	75	43	75	41
hsa-miR-203a-5p	34	57	8	12	12	8	14	41	8	19	23	12	8	14	9	13	11	23	10	11	21	17	9	6	5	17	6	9	0	3	4	11	2	0	14	10	4	4	4	12	6	18	10	11	2	9	8	10	28	2	8	6	3	13	9	25	11	6	11	10	7	3	5	16	4	0	0	25	1	7	0	15	0	3	0	0	0	0	0	0	2	16	0	0	2	0	10	5	8	12	43	15	3	16	13	2	2	12	0	18	6	10	6
hsa-miR-203b-3p	9	7	7	9	1	65	78	10	60	26	100	28	16	2	15	5	2	5	3	15	17	1	6	28	14	38	5	12	14	11	5	7	7	0	34	29	4	3	7	35	8	45	16	13	24	26	18	37	60	89	37	46	19	50	41	64	79	26	24	36	33	13	13	30	46	14	4	61	0	18	49	10	10	1	8	1	3	3	1	0	1	13	11	5	3	14	30	89	6	14	10	7	6	10	0	5	27	6	18	15	15	4	16
hsa-miR-203b-5p	12	23	36	12	15	25	33	35	69	107	295	86	26	13	23	10	9	17	12	32	21	12	10	41	33	72	5	17	90	26	28	7	8	17	27	24	7	32	30	293	44	54	31	17	16	17	20	26	54	19	19	23	19	72	50	48	35	20	16	34	24	19	13	34	11	91	14	40	14	44	40	13	18	18	25	10	4	6	9	3	3	52	13	12	20	33	19	35	18	6	22	14	13	58	19	23	32	20	23	28	22	27	13
hsa-miR-204-5p	25	11	27	3	60	39	33	38	89	40	184	41	9	7	10	138	29	19	24	9	15	13	6	6	40	147	29	22	20	39	15	8	5	2	21	15	10	5	19	87	21	52	5	16	15	6	17	13	34	7	15	13	14	17	12	76	5	9	8	7	12	12	4	6	17	17	34	16	14	14	9	5	2	8	17	0	5	0	0	3	4	15	0	14	6	14	6	17	12	4	5	10	103	32	12	63	8	17	0	7	20	7	10
hsa-miR-205-3p	5	6	5	0	8	8	11	13	10	0	11	5	4	7	5	5	2	7	5	8	0	0	0	7	3	20	3	7	12	9	0	11	5	12	12	0	0	0	0	7	0	20	11	4	0	5	3	2	5	6	2	9	6	12	4	16	5	10	3	6	6	4	1	10	0	12	3	35	0	16	13	7	2	6	0	0	0	1	0	4	2	17	0	0	5	16	15	18	12	4	6	11	6	12	9	5	11	12	9	14	13	6	3
hsa-miR-205-5p	34	40	129	13	52	378	263	82	943	819	4022	506	128	49	164	38	52	54	52	132	48	11	65	91	222	296	48	22	44	56	37	25	14	18	137	125	38	52	114	1920	592	394	77	53	27	66	83	73	385	126	68	56	40	75	55	55	30	36	13	32	32	29	9	13	32	46	20	73	6	13	25	12	12	11	17	5	9	7	5	1	2	16	10	16	6	104	35	93	28	14	33	10	37	55	60	15	53	58	18	43	36	32	22
hsa-miR-206	35	329	7354	85	150	3877	2623	125	12013	10825	44120	5138	900	63	865	35	64	138	82	601	176	139	135	897	14536	9874	38	657	71	107	44	90	58	49	1373	1105	374	413	925	22148	6949	4621	205	358	193	509	672	511	5040	50	43	81	118	106	263	245	83	287	216	219	333	106	75	86	63	110	120	76	22	119	142	63	37	49	45	29	81	66	49	50	14	38	13	8	12	234	44	153	132	24	26	244	51	100	40	110	25	26	46	298	166	146	438
hsa-miR-208a-5p	26	7	7	5	5	6	7	70	26	6	13	8	11	6	5	7	2	8	3	3	0	5	4	3	3	15	4	5	24	0	0	1	0	0	5	8	0	4	11	3	1	12	18	8	0	8	4	11	8	7	4	6	4	11	8	18	6	4	4	15	13	6	11	6	3	15	0	37	3	9	10	12	3	2	0	0	2	0	0	0	1	33	5	1	5	23	10	16	13	5	7	10	8	26	5	3	11	0	0	0	8	7	11
hsa-miR-208b-3p	31	29	13	12	16	14	11	32	31	11	51	29	8	21	31	19	20	16	14	9	20	12	11	13	16	45	12	13	15	15	8	7	10	15	17	20	9	11	10	23	13	40	24	15	10	22	12	16	29	15	13	7	13	26	17	27	22	23	21	18	28	16	23	16	11	28	5	43	8	43	23	23	0	3	4	9	3	0	0	1	1	23	8	3	2	29	26	14	17	10	17	13	16	19	31	8	6	14	28	20	16	8	16
hsa-miR-20a-3p	14	19	2	3	22	9	11	11	90	2	21	19	5	16	18	31	31	14	56	5	9	16	3	9	14	6	13	8	0	10	0	0	0	0	14	6	3	14	3	3	2	33	7	31	31	9	31	7	8	10	30	6	22	12	10	21	9	4	5	30	2	13	7	8	40	11	21	0	25	8	0	0	0	0	17	5	0	0	0	0	10	12	0	0	8	0	7	0	10	4	11	8	31	11	15	21	0	0	0	0	0	7	5
hsa-miR-20a-5p	631	773	515	176	1841	1107	533	871	6672	727	2197	1426	84	904	993	6330	2651	3230	4746	97	862	683	154	395	940	1284	4989	322	1263	531	901	330	167	566	1137	266	475	973	577	953	349	3549	271	2760	1314	763	3394	257	774	326	4291	242	2847	1205	835	519	529	431	43	142	312	3499	391	236	5029	1183	5609	128	13386	2041	601	93	110	600	3194	75	240	70	61	88	1354	1072	629	916	530	1251	185	384	2738	102	525	211	5117	2035	469	1893	125	1281	149	575	1296	192	279
hsa-miR-20b-5p	188	230	103	37	243	146	101	110	535	156	205	190	46	195	139	742	264	604	467	36	274	140	48	147	141	184	515	168	280	167	302	104	80	214	183	50	175	473	179	160	53	586	72	410	326	172	535	83	136	88	374	139	352	408	202	195	94	88	14	48	59	586	102	97	856	329	847	47	1706	909	178	46	13	97	509	17	56	20	18	8	182	360	97	103	53	367	93	145	274	29	287	63	985	533	278	817	95	1082	113	255	497	63	153
hsa-miR-21-3p	24	16	17	19	156	35	39	56	321	23	75	57	14	73	35	219	128	265	284	9	114	59	12	21	45	44	88	20	44	15	23	24	13	14	33	7	4	8	12	30	11	96	17	100	84	32	83	24	31	32	209	26	132	99	50	44	43	37	15	28	16	61	13	20	215	37	77	242	147	67	24	9	5	16	79	6	15	4	2	2	33	43	16	31	19	25	15	16	50	8	6	17	102	95	38	163	24	186	13	33	31	16	26
hsa-miR-21-5p	3762	10350	7037	4514	38229	12233	5848	8394	141287	13813	44592	22462	1251	18637	19090	73352	40581	67836	63799	1995	14624	13935	5016	2802	17139	9450	42730	2310	8601	2982	4059	1692	1147	3028	13609	3540	3871	8939	4599	14438	5910	42181	2956	55383	11497	11773	35335	4094	12094	3723	108425	2288	49807	19233	14785	8057	5550	11625	1217	3557	5614	55294	4569	4386	160849	8005	35032	1189	37984	9679	4026	776	761	3970	18214	488	1503	442	254	325	10259	7736	6500	10509	4477	10556	1443	2880	23479	600	1184	1590	35052	12965	1353	17028	1010	11707	1445	4369	8241	1217	2201
hsa-miR-210-3p	39	25	28	9	153	55	69	64	151	44	119	50	10	89	33	398	66	264	275	5	98	49	14	22	62	68	65	48	56	24	51	22	7	36	43	26	11	21	23	72	35	106	11	55	190	43	99	13	34	21	131	30	105	57	44	40	41	20	14	22	28	133	22	26	163	114	210	29	397	226	40	15	10	24	101	9	43	9	1	1	32	43	43	35	32	39	19	31	63	9	25	25	152	160	79	455	37	134	38	41	48	14	42
hsa-miR-210-5p	4	8	7	0	8	3	14	13	11	6	11	5	7	7	6	2	11	12	7	1	7	1	5	5	2	11	9	8	0	0	0	2	5	0	13	0	0	0	0	1	0	15	15	13	5	2	7	3	21	13	11	4	8	20	8	8	8	5	4	17	2	5	9	4	6	9	5	26	5	9	13	7	3	1	0	0	5	1	1	0	0	0	0	1	0	13	12	9	0	0	5	0	4	6	7	0	20	0	3	12	10	10	7
hsa-miR-211-3p	5	7	3	2	5	7	12	11	10	5	0	3	2	5	8	1	0	8	7	1	6	0	3	2	5	23	1	5	17	8	4	7	8	0	16	11	10	1	1	1	6	28	23	9	3	5	5	7	9	5	0	6	5	12	8	19	5	11	4	11	15	2	5	9	5	18	2	10	6	26	124	9	3	0	1	12	1	0	0	0	1	15	6	2	2	20	41	10	5	5	8	5	4	7	10	6	27	11	2	7	14	11	9
hsa-miR-211-5p	9	11	8	3	7	18	24	21	31	8	23	9	14	9	21	5	6	8	8	16	15	6	9	18	7	54	6	21	21	19	4	6	14	7	50	40	4	3	9	8	7	50	16	19	9	10	23	18	28	21	24	27	16	25	24	61	36	28	26	45	38	22	23	29	33	30	14	45	11	41	77	9	6	8	23	16	6	0	0	2	5	25	6	7	3	37	104	43	16	4	8	11	7	18	25	5	14	12	14	15	44	22	13
hsa-miR-2110	81	82	10	17	262	71	94	194	149	99	67	42	69	128	67	338	145	502	240	18	193	82	54	126	65	62	155	88	315	120	130	98	102	164	89	47	32	99	65	84	26	196	74	171	194	119	404	32	61	56	203	50	112	219	108	145	70	77	24	66	78	188	44	64	177	420	258	209	309	392	102	34	25	86	221	21	54	8	10	6	61	212	55	87	28	121	66	99	242	19	112	34	148	161	132	256	63	132	69	89	159	23	51
hsa-miR-2113	36	36	13	5	34	12	11	95	17	5	13	10	3	16	5	22	11	14	12	4	29	7	9	8	21	13	2	10	31	10	0	7	5	13	9	0	0	0	0	1	0	18	19	7	1	2	4	4	7	6	4	3	5	8	3	13	13	8	6	13	13	8	2	2	3	34	4	17	1	16	31	8	5	3	0	0	2	0	0	1	0	13	0	4	2	20	16	14	0	0	15	2	8	0	0	0	2	4	5	8	12	22	5
hsa-miR-2114-3p	6	6	4	5	14	11	15	39	14	4	18	14	8	8	3	5	0	26	6	7	9	2	5	14	14	13	4	19	15	12	0	2	6	17	10	11	1	6	6	5	8	22	11	13	8	4	5	7	13	4	6	11	6	25	10	18	8	14	11	15	9	10	9	17	6	23	8	21	4	23	18	18	5	6	8	9	1	4	3	0	3	13	0	11	2	32	24	14	8	5	17	9	5	14	20	2	6	4	12	5	20	11	10
hsa-miR-2114-5p	22	22	7	6	12	25	26	38	43	19	37	25	24	16	19	19	4	16	4	14	8	2	8	13	14	52	10	29	25	28	8	9	18	26	22	31	11	7	17	13	12	57	29	17	7	16	9	16	29	14	6	19	13	194	17	37	20	17	16	21	25	26	24	31	15	46	13	165	8	42	25	30	12	4	23	18	7	10	11	11	6	32	6	2	11	31	38	33	17	12	14	31	13	26	31	23	43	28	19	16	33	34	19
hsa-miR-2115-3p	32	30	9	8	30	18	26	73	29	5	21	15	22	14	11	34	9	24	18	13	53	8	7	8	21	31	13	21	30	29	10	14	11	17	18	16	5	7	7	15	9	35	22	18	9	10	19	12	23	24	16	18	16	32	20	32	11	22	13	30	30	24	9	22	26	70	17	41	9	35	61	16	12	13	20	25	4	3	0	1	2	32	8	9	1	68	67	58	22	6	19	22	9	23	0	5	23	13	6	12	46	19	14
hsa-miR-2115-5p	16	15	8	5	12	13	14	16	27	5	19	10	10	9	12	7	2	3	7	12	2	4	0	7	4	16	4	16	19	21	5	4	8	8	8	7	5	3	13	4	4	17	17	3	11	10	5	8	27	11	6	13	6	25	8	18	13	10	16	18	8	10	13	12	17	18	7	34	6	20	11	6	7	3	0	0	1	0	0	0	0	0	0	3	0	22	12	11	6	4	5	3	5	25	24	8	19	10	15	6	21	7	11
hsa-miR-2116-3p	9	11	6	1	15	6	39	16	15	9	17	14	9	5	14	11	7	3	24	6	12	5	4	14	10	3	7	14	19	13	4	9	15	13	14	0	0	0	0	4	0	8	8	10	7	13	11	9	15	14	11	4	8	19	7	18	6	9	14	11	21	15	10	2	14	14	11	20	8	20	13	12	10	5	0	0	1	3	4	1	4	16	0	4	3	20	15	21	10	6	6	0	8	14	11	7	10	2	4	9	8	6	9
hsa-miR-2117	11	9	4	4	29	14	15	25	31	11	15	16	8	7	4	39	21	16	24	4	14	5	2	7	6	17	17	4	43	0	10	3	0	0	8	3	7	3	1	8	7	20	11	5	4	15	15	8	18	39	49	15	20	37	16	22	25	18	11	29	20	24	9	19	47	13	0	28	9	14	10	4	2	8	10	2	2	0	0	0	4	17	0	0	0	14	12	11	16	6	14	0	5	61	0	5	1	8	10	0	0	6	4
hsa-miR-212-3p	30	17	15	2	15	9	10	42	13	4	14	13	4	2	9	15	1	10	12	4	22	7	3	2	8	21	8	4	13	5	6	0	0	0	3	0	0	0	0	2	0	16	5	15	2	10	7	9	13	6	15	13	4	23	8	11	8	7	5	20	7	11	6	9	12	10	3	129	6	11	10	7	0	0	0	0	0	0	0	0	1	17	6	0	3	4	10	0	6	2	3	1	2	11	20	11	14	0	0	0	13	0	5
hsa-miR-212-5p	3	8	2	0	16	17	13	7	92	6	17	10	8	5	10	20	10	10	4	11	10	7	2	8	7	19	7	21	120	34	15	9	19	12	40	16	1	17	6	2	12	42	23	10	9	13	18	19	17	21	18	19	15	39	15	21	24	30	14	24	26	31	7	24	14	81	27	42	12	49	24	11	17	12	28	7	4	1	5	0	1	20	8	8	7	43	56	48	19	14	24	14	7	38	20	7	17	12	6	28	41	18	19
hsa-miR-214-3p	12	2	7	2	10	50	30	12	88	78	230	27	15	6	28	5	2	4	8	35	18	2	5	53	17	44	2	12	13	7	0	0	1	10	11	7	6	3	4	109	36	43	20	13	19	13	22	26	46	49	29	11	12	47	35	34	51	19	11	29	14	13	10	22	41	12	2	13	0	8	23	4	3	4	13	2	1	3	0	1	0	0	0	0	0	16	4	16	11	2	10	0	1	0	0	4	4	0	10	12	8	4	6
hsa-miR-215-5p	35	49	59	19	33	48	20	40	114	71	230	52	15	34	37	37	19	100	21	19	35	26	42	12	94	47	27	25	20	11	19	2	5	19	34	19	16	32	18	178	35	64	16	29	10	20	9	10	46	14	20	10	37	44	9	22	4	25	5	12	9	38	14	15	35	19	13	12	8	17	6	25	3	5	7	3	1	0	0	0	5	12	5	0	12	62	24	25	20	10	17	16	17	14	46	33	39	78	20	21	32	9	13
hsa-miR-216a-5p	16	10	1	0	2	9	6	0	11	3	11	12	5	6	3	6	2	11	1	1	0	0	0	8	3	13	4	0	0	0	0	0	0	4	6	0	0	0	0	0	0	15	6	6	4	3	0	0	0	5	3	8	3	12	2	4	1	6	8	12	1	2	4	0	1	9	0	0	0	0	0	0	2	0	0	0	0	0	0	0	0	0	2	1	0	0	6	11	0	0	0	0	0	0	10	0	0	0	0	0	0	0	0
hsa-miR-216b-3p	20	19	24	9	25	10	10	22	31	6	31	14	10	11	12	14	17	8	5	9	13	14	10	6	35	21	8	17	27	22	10	17	8	0	18	10	9	9	10	9	8	29	17	20	4	12	9	8	24	7	3	6	6	21	10	20	11	17	13	32	16	21	8	14	5	23	11	39	12	35	10	16	3	4	12	8	1	3	3	0	6	27	0	5	3	34	17	24	0	0	12	12	10	16	10	0	11	4	6	5	29	17	16
hsa-miR-217	13	13	5	5	5	5	3	10	10	1	13	14	3	13	6	4	6	12	8	4	15	4	8	2	8	10	3	6	0	0	0	1	0	0	10	8	7	5	5	6	4	19	8	6	7	5	3	5	10	6	2	5	7	11	4	26	3	3	8	5	1	6	1	15	7	0	0	102	0	17	26	4	0	1	0	0	11	14	8	10	0	0	0	1	0	2	7	0	0	0	0	6	0	0	0	0	0	0	0	0	12	0	4
hsa-miR-218-1-3p	17	8	1	0	0	3	13	15	12	3	10	10	0	0	0	1	5	3	4	0	0	0	0	0	0	0	3	8	11	0	0	2	7	3	7	12	2	10	4	3	3	24	3	4	5	1	1	5	6	7	7	6	2	12	4	47	4	6	14	6	8	8	0	4	3	1	0	23	1	7	0	7	0	4	0	0	0	0	0	0	1	15	0	0	0	10	12	17	0	0	7	0	3	0	10	0	5	0	11	4	0	0	0
hsa-miR-218-2-3p	57	37	28	5	15	63	118	35	67	32	60	45	31	13	28	22	6	34	21	31	12	7	15	46	23	50	13	7	13	14	0	6	9	11	43	31	3	10	9	5	18	62	28	24	14	29	29	50	71	96	99	94	31	215	74	81	139	56	62	93	57	48	63	95	130	22	15	37	8	33	32	2	5	7	7	21	3	10	0	3	0	0	1	1	0	25	35	10	0	0	12	6	4	19	4	0	2	9	6	10	19	12	14
hsa-miR-218-5p	14	30	23	8	6	29	58	25	189	70	218	80	34	6	38	7	6	61	19	22	45	8	5	25	64	209	5	17	0	17	8	4	4	14	33	28	10	14	23	133	55	114	18	26	7	14	32	12	62	32	22	25	12	44	20	34	12	18	18	22	16	14	9	16	24	24	5	44	26	30	22	13	6	6	6	16	5	8	4	3	3	29	7	6	5	26	31	26	16	5	11	11	7	22	21	7	26	10	19	14	25	9	13
hsa-miR-219a-1-3p	32	47	10	4	17	75	69	25	60	40	70	87	33	14	53	20	12	28	10	28	21	13	12	42	17	69	14	43	26	36	22	13	36	32	96	65	9	16	19	19	32	141	45	47	17	47	42	60	100	121	80	122	40	73	95	177	130	83	135	147	102	85	145	192	176	59	27	65	41	91	141	35	17	8	25	45	3	19	7	6	6	67	20	11	12	64	157	68	35	13	34	33	42	46	37	17	59	52	87	37	53	17	34
hsa-miR-219a-5p	7	14	2	3	10	22	40	14	45	12	39	23	15	12	9	8	3	8	11	12	7	7	2	20	11	20	5	10	19	14	11	6	5	7	17	8	5	8	7	13	13	31	17	15	8	16	21	18	19	28	28	23	14	16	16	26	16	15	19	29	25	19	11	25	48	21	11	19	9	14	15	8	17	10	16	13	3	7	2	6	3	15	6	12	6	30	39	14	20	6	20	12	9	14	24	7	8	14	11	5	28	13	17
hsa-miR-219b-3p	4	5	9	2	8	18	54	6	30	36	44	61	20	5	16	6	7	7	9	22	11	2	0	18	4	23	6	0	0	0	0	0	0	0	22	19	0	4	2	2	8	34	17	9	18	24	35	28	53	123	110	99	30	50	81	55	148	55	86	69	67	38	26	105	223	7	0	22	5	0	19	5	0	12	0	0	0	0	0	0	0	0	0	1	0	13	11	0	0	0	0	0	0	0	30	0	0	11	0	0	0	1	0
hsa-miR-219b-5p	46	24	19	3	20	8	12	52	16	8	19	5	11	13	6	12	11	26	17	4	10	10	7	8	13	7	5	2	13	0	0	5	5	20	13	9	7	13	9	1	6	35	12	13	5	13	4	16	11	11	9	25	5	20	12	18	11	9	4	16	12	12	7	6	10	11	10	26	7	21	18	14	3	1	2	14	4	2	1	2	4	10	0	4	2	24	10	18	10	7	7	10	8	6	12	10	15	9	12	7	14	14	3
hsa-miR-22-3p	1059	796	660	220	2743	2301	2077	643	9046	1484	5506	1383	221	3352	1204	4499	5004	7866	6744	227	1647	820	401	734	1016	1694	3508	262	867	549	897	174	176	330	1030	461	330	1238	558	2521	870	3006	573	2034	2345	872	1426	309	1364	655	2737	439	2167	897	527	443	426	425	48	192	291	1178	111	125	2252	449	1130	176	2166	552	260	184	72	223	1107	41	93	44	18	38	610	637	376	533	852	889	252	713	1618	155	457	215	3029	1528	834	978	280	1558	278	456	1079	194	227
hsa-miR-22-5p	13	23	14	7	77	58	54	35	325	39	140	48	17	32	24	278	108	160	196	8	68	30	12	22	33	35	99	16	56	18	23	17	11	11	26	17	16	15	10	88	35	103	25	99	56	23	123	14	54	29	173	23	133	68	24	18	27	21	9	20	17	99	44	20	164	66	174	23	295	79	94	15	10	17	94	27	13	6	2	4	13	39	18	19	14	34	61	30	78	11	9	10	106	91	15	55	18	43	20	15	38	11	12
hsa-miR-221-3p	1148	1951	1902	803	63774	9021	10945	16087	44400	5195	12340	7400	1121	8086	6636	164851	45345	73386	71183	399	29265	16298	3889	7840	12302	6166	62565	5114	40086	6440	8265	7949	3064	10174	11378	1735	3893	7099	2825	9700	2261	39189	1456	52995	47592	12481	98568	2281	6393	4633	91509	2608	49190	22384	16170	10081	6482	4628	385	2038	3451	49892	4459	6549	45488	55407	119298	1108	165086	81583	13162	492	1401	11325	45235	1119	8306	884	664	1234	15669	18813	15530	17658	2763	9486	1163	2383	36496	373	377	2397	46824	62784	1165	36491	627	8850	811	6390	14606	1590	4297
hsa-miR-221-5p	17	25	13	10	377	46	36	139	421	48	143	104	8	65	94	523	407	234	269	6	124	77	36	23	86	65	214	12	79	13	28	12	5	25	56	12	47	54	34	73	13	164	7	257	105	65	193	26	56	31	368	8	245	207	98	44	30	52	6	17	22	417	49	31	448	66	246	23	479	152	78	7	7	36	209	4	29	3	2	6	72	50	61	94	16	96	21	17	257	3	0	20	250	101	11	40	8	44	7	35	94	11	11
hsa-miR-222-3p	174	425	156	95	3323	1003	655	1754	4244	431	973	550	226	523	860	7899	4955	3910	5020	129	1899	1313	415	533	923	662	2054	307	1535	617	569	357	254	760	710	200	307	729	197	762	324	2017	197	4671	1406	1298	4813	244	466	372	2031	213	1522	1476	555	443	263	734	69	314	409	1916	201	319	2418	2812	6847	130	6245	4073	693	24	78	546	2334	60	210	61	21	59	649	1636	497	951	284	1249	174	392	2384	39	66	216	2430	1204	247	1415	77	989	91	442	973	149	241
hsa-miR-222-5p	4	8	0	0	6	6	4	10	10	4	8	11	8	2	6	7	2	3	4	11	0	0	0	4	0	12	1	0	0	12	0	3	16	0	0	0	0	0	0	4	0	0	0	0	0	0	4	6	13	12	4	7	4	14	5	12	10	3	0	12	6	4	6	6	6	5	0	17	3	0	19	6	0	2	0	0	0	0	0	0	0	11	0	0	2	0	13	0	0	0	0	0	0	0	0	0	0	10	0	4	12	0	0
hsa-miR-223-3p	8161	8664	10232	4279	66055	31294	18218	22682	224905	14509	51699	37754	2755	35510	42926	137397	117267	70397	84402	3845	30066	21678	8912	10790	25646	38403	89465	29344	39677	24877	25551	11404	8446	23009	26247	7704	13319	17786	14641	31058	10273	92699	5799	92659	27245	27085	73760	12617	28090	30096	107545	5144	87555	65544	26481	18381	13149	18891	1379	7295	10570	64265	11878	8233	142269	24293	58844	3233	91386	48033	18686	2509	1785	11580	59136	1372	8014	1736	838	1251	40727	44468	19104	40598	38360	23214	4542	8993	87797	1299	4435	6787	103075	79564	26599	265742	12385	381458	9121	23697	39700	8124	25394
hsa-miR-223-5p	119	277	178	93	3548	394	280	865	2085	424	947	811	104	695	816	4926	1570	2359	2787	100	1395	1016	415	295	585	429	1877	422	1193	306	456	332	143	585	508	144	378	342	246	710	223	1692	117	1788	773	570	2393	214	387	187	1375	76	1729	1375	1000	516	397	434	37	189	308	4919	1150	666	2356	1628	2656	58	4650	4230	853	65	67	564	2524	56	329	35	22	45	613	1127	666	1090	353	535	132	175	3033	31	44	161	2667	3806	222	3448	150	1719	115	445	907	157	374
hsa-miR-2276-3p	25	35	9	7	13	34	21	47	28	17	25	27	9	7	10	37	17	58	25	6	21	6	7	12	14	43	20	18	37	11	10	8	17	10	49	27	7	9	12	12	23	60	40	22	23	18	20	20	33	18	33	17	14	155	17	23	23	18	26	28	29	18	11	17	12	30	22	53	15	30	40	16	4	12	19	21	2	3	3	1	2	45	6	3	7	35	91	26	10	1	20	17	19	31	20	22	12	15	26	14	32	21	23
hsa-miR-2276-5p	5	5	4	0	12	18	25	13	35	41	115	70	6	5	7	8	4	13	4	10	0	0	0	5	7	10	3	9	17	11	0	5	14	10	28	23	3	2	5	3	10	44	57	36	7	26	26	55	59	65	78	85	49	76	34	79	54	109	98	148	88	36	58	99	30	19	5	27	2	14	13	6	6	3	0	0	1	5	0	1	1	13	5	6	3	11	19	0	0	0	6	10	3	6	14	0	4	11	2	7	16	7	0
hsa-miR-2277-3p	25	34	12	6	92	81	138	85	308	27	130	43	12	40	23	130	73	108	68	9	39	25	11	16	38	79	41	25	54	19	23	11	18	30	34	23	13	12	8	41	34	49	20	21	35	9	25	10	38	29	38	22	38	62	24	16	28	49	26	70	79	101	44	44	93	42	57	110	82	67	36	17	9	15	61	7	24	7	4	3	8	95	10	27	19	43	34	33	41	21	59	9	60	52	24	59	25	44	18	24	28	23	30
hsa-miR-2277-5p	13	7	7	4	21	28	58	22	43	15	17	11	4	10	10	46	26	43	20	5	16	5	4	4	8	13	18	0	13	0	0	3	4	0	12	10	5	5	1	14	9	29	8	5	8	8	12	13	16	47	48	36	19	31	26	24	41	17	17	34	28	34	10	21	43	20	31	49	42	23	0	5	8	9	18	2	4	0	0	0	2	16	0	5	1	16	5	11	18	4	10	0	17	10	0	8	14	0	0	7	12	0	4
hsa-miR-2278	5	3	0	0	14	3	4	0	13	3	6	3	0	0	0	17	13	33	21	0	13	7	2	0	13	0	7	8	18	0	10	8	1	0	0	0	0	0	0	2	0	12	5	6	18	4	14	4	4	2	15	4	6	12	3	5	9	5	4	9	6	13	4	5	9	21	17	15	19	24	0	5	0	3	10	4	2	0	0	1	0	0	0	0	0	8	7	0	8	5	12	6	11	20	0	19	19	0	0	10	4	8	0
hsa-miR-2355-3p	5	17	8	6	350	20	22	52	283	27	63	58	8	85	42	700	207	419	402	5	136	118	26	22	63	37	216	30	123	17	22	16	8	42	41	17	18	23	9	34	7	141	13	119	222	36	294	12	32	31	699	23	486	113	58	46	28	18	6	14	16	130	11	17	238	73	226	16	471	195	28	3	3	57	184	6	23	7	1	1	70	60	35	59	25	35	10	13	96	9	3	7	124	250	5	180	6	70	18	25	35	13	21
hsa-miR-2355-5p	17	7	7	0	8	12	8	8	43	11	22	33	10	9	11	6	7	8	9	14	13	4	6	18	11	46	6	26	46	26	12	19	13	25	24	28	5	3	13	6	13	50	17	8	11	15	11	25	29	15	46	11	22	38	20	21	14	23	18	10	24	16	19	20	13	35	9	32	17	43	111	15	29	6	11	57	2	3	3	2	7	42	15	11	7	43	142	44	22	14	11	31	19	29	21	19	25	27	22	29	63	38	30
hsa-miR-2392	12	15	10	2	80	29	17	29	75	5	25	23	7	9	15	149	30	44	55	12	28	23	11	15	8	27	54	10	53	24	11	16	13	19	19	10	11	10	6	9	6	51	14	46	30	15	105	13	30	19	93	21	55	74	10	5	35	25	16	24	27	31	9	21	39	47	76	34	68	40	31	14	7	5	28	5	3	6	3	1	8	14	15	7	4	21	13	18	68	2	4	0	48	53	9	7	11	7	13	12	34	9	11
hsa-miR-23a-3p	438	872	677	466	5858	4940	3385	2486	27144	2536	10400	3972	338	3614	2923	15348	15598	11611	12796	319	4160	1864	640	1241	2623	3191	9099	1151	3463	1866	1662	850	537	1653	2971	798	1021	1587	1131	4878	1637	10382	611	8971	4540	2552	9488	1033	3509	1503	16988	644	8820	7039	2650	1728	1204	1619	123	676	942	4607	786	671	12098	2999	8372	386	14079	5227	1206	163	153	1104	6262	130	456	148	85	99	2959	3297	1394	2586	1884	2004	382	900	7645	111	192	495	10359	11072	1521	9541	455	9979	368	1160	2331	415	1058
hsa-miR-23a-5p	13	16	9	3	52	82	102	41	85	33	76	66	32	20	48	73	28	83	49	52	27	6	4	37	17	90	29	59	92	68	54	79	42	56	40	42	24	16	16	49	34	111	74	61	98	37	96	43	55	59	104	61	62	91	51	92	70	120	73	132	116	86	25	79	47	128	96	65	64	185	72	24	19	44	44	22	13	20	5	4	19	105	36	37	15	65	64	57	98	20	31	56	50	150	68	139	28	53	50	49	104	21	37
hsa-miR-23b-3p	91	215	118	66	1298	958	711	661	5335	590	2647	1266	122	571	734	3799	4132	2911	2307	79	894	544	167	336	544	703	1391	374	916	517	484	230	160	398	774	211	291	622	336	1230	403	2949	163	2370	1680	750	2909	261	694	313	1991	98	1133	1734	481	251	144	499	70	197	329	1243	250	239	3354	866	2346	68	4823	1603	375	40	49	393	2408	35	183	45	20	21	848	1255	366	925	524	727	123	317	1786	28	65	143	1897	878	394	2443	170	1483	126	295	575	107	347
hsa-miR-23b-5p	6	10	5	1	44	41	128	27	81	32	68	60	18	5	31	76	47	112	20	9	24	16	8	28	14	23	24	18	75	20	28	24	18	31	22	21	0	19	8	7	6	72	17	48	46	38	128	54	91	270	207	74	57	207	203	148	175	70	58	103	68	73	42	52	219	68	62	35	104	111	36	9	9	22	69	2	12	0	0	1	15	27	12	26	3	16	10	11	58	3	3	18	39	64	22	89	35	40	10	16	31	8	6
hsa-miR-23c	6	11	3	1	9	5	10	8	32	8	25	19	5	3	7	8	13	16	10	2	10	8	5	6	3	13	5	0	0	0	6	0	0	8	7	4	8	11	5	45	8	13	4	17	9	8	14	3	15	6	29	5	9	18	4	9	1	9	3	10	0	12	4	0	9	15	7	10	25	23	7	7	0	0	12	2	0	0	0	0	2	22	0	0	6	16	5	3	13	1	3	2	14	21	0	18	0	19	8	0	0	4	8
hsa-miR-24-2-5p	3	12	7	1	11	6	20	8	18	0	14	13	10	6	5	4	4	8	9	5	11	3	2	9	4	18	6	9	0	11	0	0	17	0	11	7	2	6	15	8	7	20	9	13	2	2	4	5	7	3	6	10	9	11	9	11	9	3	5	14	7	5	4	5	7	15	10	17	7	10	15	7	2	3	5	9	3	0	0	3	2	20	0	6	2	5	24	13	14	3	3	0	4	11	12	7	7	5	0	13	7	10	7
hsa-miR-24-3p	716	736	847	458	9126	4927	3271	3447	19042	2581	9985	3947	386	4395	4072	22396	11739	19275	13927	449	4819	2824	1013	1835	3406	3516	12016	1864	4939	2428	2515	1203	868	2788	3480	1192	1170	1903	2081	5410	1870	11551	563	10675	5907	2967	11685	871	3268	1186	12610	493	8497	4597	2448	1674	1517	1706	148	595	1122	6414	1194	1010	11063	4945	13325	312	27927	7608	2898	297	301	1887	9284	212	966	235	172	258	3949	5226	2553	4001	3719	2811	466	1000	9635	176	328	699	12386	7806	2135	16576	749	8309	737	1885	4173	605	1588
hsa-miR-2467-3p	7	18	0	0	2	4	8	6	15	6	12	11	2	3	4	5	1	10	6	2	0	0	0	6	6	15	9	0	0	0	0	4	0	0	8	0	0	0	0	11	0	10	4	3	4	2	0	0	6	8	9	8	0	5	3	9	8	4	4	13	5	5	3	7	7	8	2	15	2	0	0	2	2	0	0	0	2	0	0	0	0	0	0	0	0	16	0	11	0	0	0	0	0	0	0	0	0	0	0	0	0	0	0
hsa-miR-25-3p	9838	11318	4697	1342	24314	6194	4016	5279	25802	9325	11047	6212	1999	6326	6802	44474	20814	20659	17538	1641	11428	7616	2448	3638	6870	6265	23290	5433	12269	5192	8728	2669	2222	4973	6015	2839	3750	12280	5791	7089	2614	17909	4288	10609	5662	6601	15413	2812	5653	6727	15490	6137	16984	24560	9798	6808	3270	4254	570	1715	2808	28473	4852	3866	34208	7984	19995	1982	60185	31004	4765	3654	1201	3535	22192	735	3063	896	463	397	6023	7404	3496	5818	1696	10973	3907	8882	13924	1563	16336	3115	27378	29344	11321	19613	6728	60548	3754	7613	13338	1926	4238
hsa-miR-25-5p	39	40	12	3	99	24	40	68	100	38	61	23	30	41	25	196	77	185	92	15	72	33	22	35	20	29	114	38	99	58	48	34	30	29	33	16	14	35	19	39	18	88	20	49	75	35	115	15	24	19	88	25	56	78	52	63	23	33	4	33	32	141	36	57	100	170	196	93	225	238	57	26	27	41	130	12	26	5	3	1	31	81	30	39	7	70	36	60	144	12	36	13	106	101	31	63	40	46	19	43	95	15	23
hsa-miR-2681-3p	23	25	11	10	8	12	5	43	29	3	11	15	11	8	7	12	5	12	1	4	12	4	5	1	4	10	7	10	0	9	13	9	0	0	11	0	0	0	0	3	0	15	17	4	2	5	5	8	9	8	7	5	7	17	3	17	6	6	5	17	9	8	2	5	5	16	4	93	3	15	14	13	0	6	0	0	0	0	0	0	1	11	0	2	2	16	9	15	0	0	6	10	4	14	12	0	14	16	0	0	10	10	7
hsa-miR-2682-3p	11	4	8	2	5	3	10	14	11	13	15	11	2	8	3	5	4	8	5	6	9	3	0	6	9	11	4	4	11	0	0	2	5	0	0	10	2	3	5	10	7	16	14	5	9	6	5	9	9	4	7	13	4	6	13	11	8	12	8	22	9	5	6	19	3	9	6	31	0	19	0	11	0	1	0	0	0	3	0	0	0	0	0	2	0	13	10	11	0	0	6	10	3	7	0	0	14	3	0	6	7	0	8
hsa-miR-2682-5p	16	9	5	2	2	7	12	27	10	6	9	0	4	2	9	8	0	4	2	7	15	3	2	4	3	19	2	10	10	6	0	2	6	0	0	0	0	0	0	5	0	15	13	9	5	9	3	3	18	4	9	16	1	12	10	18	12	11	14	11	10	7	8	6	8	19	0	15	4	15	0	9	3	7	0	0	1	4	1	0	0	0	0	1	0	10	13	0	11	3	10	0	8	16	15	1	13	15	0	8	14	0	8
hsa-miR-26a-1-3p	0	6	3	4	68	16	9	40	126	8	46	45	3	28	31	161	88	63	77	3	19	17	13	15	11	19	82	14	46	13	16	6	7	17	16	12	3	15	18	30	11	77	15	79	15	23	91	15	29	8	62	2	78	60	25	14	16	12	4	12	14	73	17	6	93	58	118	11	338	71	19	6	2	11	91	4	3	0	0	2	37	16	23	24	34	25	16	0	66	2	3	6	84	80	11	213	9	85	0	12	31	19	17
hsa-miR-26a-2-3p	6	31	38	48	123	99	48	35	583	195	325	676	25	114	182	149	126	213	140	32	98	112	22	98	59	222	59	31	126	60	98	64	46	110	192	34	118	139	83	171	75	170	17	282	113	75	315	44	60	25	410	27	205	71	59	37	31	40	4	44	35	168	41	28	255	103	298	16	419	180	66	24	8	21	66	5	13	6	6	3	27	178	27	40	35	47	9	13	202	4	13	35	302	84	39	106	13	128	10	70	150	37	43
hsa-miR-26a-5p	2822	6445	5693	5145	46386	15072	8982	14325	146017	12607	52288	28760	1258	27262	17666	119805	84999	63305	87036	1391	19282	16750	4349	5468	19825	18461	54648	2970	16333	5580	7333	3262	2180	6288	17837	3901	5667	10763	5516	18376	7557	54720	1889	50391	23503	12078	62047	4469	12254	3726	67750	1475	46747	20435	8786	5627	4139	10620	674	3820	6056	58041	5488	4396	107336	18805	75915	1406	140859	29846	7590	830	1494	7730	53375	964	3883	914	649	921	15152	12627	8817	14903	4764	12496	1727	3763	39206	530	1426	2346	57261	11680	2109	15095	731	19619	605	4991	13391	1420	2503
hsa-miR-26b-3p	24	16	12	10	76	46	31	39	430	26	63	39	10	23	38	142	107	52	67	14	31	29	11	15	28	50	97	44	60	47	29	18	9	42	22	11	17	21	24	36	22	100	22	90	45	34	84	18	25	16	132	20	87	69	32	38	17	26	19	13	7	60	30	15	131	39	75	11	171	94	143	14	8	15	86	17	27	1	6	10	51	43	26	34	20	48	17	19	62	7	12	23	79	80	39	205	25	188	14	24	48	12	45
hsa-miR-26b-5p	2546	4180	4235	2928	24638	9159	3913	7334	93921	7680	32495	23623	527	17755	15740	82157	32652	38406	36852	999	11023	8041	2085	2550	12456	9593	36695	5888	10805	3855	5701	2618	1915	6306	11299	2633	2737	6440	4411	10707	4183	40767	1432	39797	12540	7996	58142	3025	8495	1988	69498	1159	42749	12651	7903	4834	3744	10666	764	3124	5235	57673	7299	4326	99348	10560	74615	966	160300	27970	6372	602	1319	4753	36512	948	2845	730	547	858	17752	12386	8835	12610	7420	8115	1095	2523	37607	396	1280	1907	43420	6789	3281	71615	1082	23643	1152	5277	9499	1896	5120
hsa-miR-27a-3p	124	213	329	187	1432	848	515	328	8094	732	3469	1761	49	890	735	2425	2604	1900	3312	86	653	772	216	229	695	652	1447	399	529	379	378	156	116	290	647	227	208	229	263	1044	466	2200	134	1391	1226	471	1354	200	1021	261	3846	82	2057	717	387	263	195	256	43	125	160	1385	265	155	5011	324	1096	109	2553	684	168	65	48	170	1005	37	199	38	27	25	834	736	302	629	1009	339	92	157	1177	21	46	159	2035	1346	629	3821	208	4031	221	405	485	163	360
hsa-miR-27a-5p	9	13	5	0	28	48	101	24	79	15	70	13	2	13	11	40	38	43	18	6	16	6	7	12	17	18	15	7	0	0	0	3	3	12	10	15	7	5	4	32	17	44	8	22	21	17	34	18	39	70	53	45	20	39	27	20	32	26	27	37	28	25	10	22	80	21	25	23	40	26	14	2	6	4	14	7	4	4	2	2	2	29	3	9	2	14	13	0	11	3	5	1	13	14	10	7	8	17	8	12	16	9	7
hsa-miR-27b-3p	250	523	673	321	4492	1247	717	1178	8010	1670	7631	3518	151	1472	1977	9887	9023	9036	5726	201	1766	2135	738	594	2366	1493	4925	1287	2362	1137	1076	471	337	1367	1101	438	396	754	758	2783	1142	5038	224	3654	2983	1016	3727	398	1393	352	7560	130	3743	2734	1609	708	448	596	56	198	438	3428	463	310	6514	1028	3423	170	17118	3375	1614	427	142	700	3760	178	531	139	81	118	2177	1805	826	2125	1164	1015	311	487	3312	83	104	417	2777	2181	885	10874	1093	5044	469	1048	1837	396	1058
hsa-miR-27b-5p	9	10	7	8	8	22	38	20	40	8	25	12	20	14	20	49	30	45	23	6	11	8	3	10	6	16	14	24	32	35	14	10	4	10	17	9	3	5	6	8	7	40	13	20	28	16	33	11	22	28	39	20	13	36	17	23	35	20	16	22	18	23	13	25	36	23	13	28	37	32	19	7	5	9	18	11	2	6	3	0	7	32	0	7	11	20	27	13	23	8	13	19	21	14	20	21	18	8	21	20	23	9	23
hsa-miR-28-3p	110	333	202	136	6492	518	515	1374	3809	463	1602	924	139	1156	813	11914	5085	8300	5980	110	1841	1499	522	454	1161	650	4831	617	2138	541	432	333	227	655	629	202	253	506	286	996	277	2594	114	2017	1479	604	4275	274	575	367	4790	168	3760	3536	2115	1134	517	575	60	302	475	7423	1352	735	4664	2114	5567	114	18539	7615	1069	77	147	1256	6180	95	760	98	75	108	1249	1245	856	1385	570	569	150	278	3769	40	79	220	4296	5894	321	5535	131	3027	98	560	1213	188	574
hsa-miR-28-5p	8	24	16	9	114	65	46	62	317	30	115	64	5	89	79	283	172	202	278	3	69	68	15	13	69	47	134	19	27	14	14	8	2	23	60	13	15	30	11	56	13	165	10	183	73	49	149	29	36	10	263	8	134	59	37	26	21	32	3	8	17	142	18	14	228	50	90	20	129	58	34	3	3	24	88	0	10	1	1	6	33	43	29	41	42	49	10	9	98	7	5	7	91	32	10	90	1	49	10	11	38	7	9
hsa-miR-2861	0	0	6	1	0	14	24	16	24	7	19	6	8	7	2	0	0	0	0	8	4	1	6	5	1	15	0	8	0	0	10	0	7	10	20	10	1	7	2	4	2	21	8	4	7	4	2	6	15	10	7	10	6	191	12	10	20	10	6	14	9	7	4	10	12	10	0	59	2	9	0	2	0	0	4	4	2	0	0	7	0	0	0	0	0	10	0	10	0	0	6	0	7	0	5	0	10	0	12	11	12	0	0
hsa-miR-2909	25	27	18	2	4	31	30	30	67	29	82	95	10	10	6	13	1	7	8	4	15	4	6	17	8	9	5	8	32	21	4	12	7	18	25	17	3	8	10	10	8	39	44	30	31	33	30	49	49	53	98	108	34	117	90	89	148	119	94	133	118	53	39	101	112	19	9	38	7	18	30	20	13	10	9	11	5	3	1	1	0	11	6	7	6	39	50	19	10	8	14	0	6	20	12	6	8	3	6	8	15	11	2
hsa-miR-296-3p	24	23	22	6	47	38	34	69	76	16	38	31	24	22	14	34	28	53	27	12	42	11	10	14	14	31	16	48	33	31	25	23	15	23	21	17	7	10	6	14	14	56	29	22	33	18	35	20	27	14	22	16	21	49	31	38	34	27	11	32	17	24	13	27	23	56	26	79	24	54	45	17	12	11	39	16	13	10	2	1	3	28	14	11	6	35	38	33	30	7	16	16	30	42	55	32	21	32	16	21	41	10	34
hsa-miR-296-5p	16	18	5	3	25	30	22	19	36	5	15	3	12	13	9	31	60	32	23	10	22	6	3	8	5	13	16	6	33	25	27	10	15	23	5	8	0	27	13	17	11	33	28	10	7	12	16	9	11	19	12	6	19	165	11	29	23	10	4	9	8	9	6	16	22	27	17	194	9	17	17	7	1	3	29	10	1	0	0	1	2	20	0	4	4	17	16	22	15	7	57	9	48	26	44	12	21	40	14	12	21	6	10
hsa-miR-298	10	9	5	1	6	8	5	12	14	3	8	7	7	8	10	8	4	10	5	9	6	3	2	1	2	14	5	8	12	16	0	3	0	12	9	0	0	0	0	5	0	23	18	6	5	7	5	6	12	9	4	8	4	14	7	16	14	12	12	17	14	8	5	8	5	21	9	34	3	21	12	14	0	3	0	0	0	2	1	0	0	14	0	3	2	17	21	24	6	7	8	7	8	7	15	10	9	26	0	0	11	10	10
hsa-miR-299-5p	47	26	7	5	27	23	20	53	93	16	39	9	9	15	30	57	32	20	15	12	8	6	14	18	16	39	37	31	25	25	5	6	16	19	18	11	5	15	18	15	15	48	13	36	6	21	75	15	12	14	83	12	29	60	15	33	12	17	21	21	24	19	6	10	98	37	20	50	21	45	23	17	9	8	17	19	6	2	5	2	13	33	0	6	6	37	16	16	31	10	20	11	29	22	23	23	19	27	15	21	22	13	14
hsa-miR-29a-3p	353	603	1414	261	1822	2987	1925	728	18398	7536	31712	6297	642	1525	1337	2882	7367	2022	3158	529	797	958	710	578	2262	2870	2433	1160	787	844	661	491	159	460	2012	911	687	1141	710	13077	4877	6335	372	2421	3228	1179	3407	936	4161	1249	12247	431	3902	4884	2478	1226	709	427	81	151	363	5426	941	771	12544	650	1913	164	6491	2880	475	436	150	482	3081	110	805	146	65	98	842	1006	562	660	204	639	415	798	1317	97	364	390	5456	9797	1156	3873	1525	30945	324	887	1257	368	1113
hsa-miR-29a-5p	3	14	7	1	20	6	14	13	50	13	36	15	3	14	3	25	19	22	21	6	16	8	4	6	2	13	16	5	10	0	0	10	0	12	10	9	4	4	2	13	10	19	8	19	9	10	11	7	3	5	6	2	10	3	5	19	4	8	4	7	7	12	3	2	7	10	4	16	0	13	0	3	0	0	0	0	0	0	0	0	2	10	0	0	5	15	3	0	0	0	2	0	10	0	10	0	1	6	0	0	0	3	0
hsa-miR-29b-2-5p	13	14	10	4	18	19	16	15	40	8	18	9	6	12	19	57	27	26	27	7	21	5	5	9	8	19	24	21	30	24	25	13	17	27	12	11	9	5	7	10	12	32	19	33	29	14	27	11	22	14	16	5	20	29	13	20	7	9	5	4	14	27	11	7	17	48	40	32	50	57	36	13	6	3	15	14	5	2	6	1	10	24	10	13	6	23	10	22	25	3	22	9	18	15	13	37	18	42	2	17	30	12	15
hsa-miR-29b-3p	111	121	135	47	126	263	129	101	1543	316	1315	634	34	489	205	229	560	184	489	44	88	48	21	72	142	287	269	140	75	127	81	18	27	79	179	77	68	203	120	357	211	538	56	271	183	117	185	64	298	87	439	44	197	246	84	85	63	82	20	38	55	369	47	27	709	48	117	29	136	65	57	23	13	29	137	15	21	8	4	8	119	137	58	117	308	147	48	70	334	21	107	50	492	101	311	656	90	4300	54	101	143	46	137
hsa-miR-29c-3p	582	806	1240	260	1300	1075	762	270	6887	2429	9098	3128	180	1727	804	1424	2848	1142	1502	223	438	346	270	285	868	1751	1321	519	357	294	466	127	97	166	1329	379	327	1036	473	2569	1432	2892	268	1119	793	611	1349	384	1547	452	10785	224	1806	1596	1198	758	618	345	117	191	269	3994	361	345	5699	213	562	98	1377	620	178	169	79	185	1019	62	291	46	19	30	495	637	225	517	399	509	131	363	985	127	667	219	3489	3049	602	1680	417	14371	360	460	556	186	434
hsa-miR-29c-5p	14	24	27	15	201	131	122	74	447	74	191	55	12	137	66	585	363	518	300	13	117	62	29	57	55	126	277	76	147	79	73	59	33	81	123	43	36	40	39	81	57	368	38	266	211	82	431	42	104	47	393	36	211	167	77	87	51	31	18	20	36	153	33	40	278	190	375	46	580	257	196	44	31	37	232	95	14	14	12	3	126	193	71	115	40	101	147	47	147	23	52	38	303	190	62	620	34	342	102	59	126	52	78
hsa-miR-300	6	7	0	5	15	5	5	19	17	2	10	7	5	13	6	15	4	13	3	7	2	1	0	5	10	5	10	2	0	0	0	0	0	0	7	3	8	4	1	7	5	15	6	10	7	3	19	2	12	8	11	8	8	16	2	22	3	5	5	15	3	3	1	3	8	3	2	16	1	13	0	0	0	1	0	0	0	0	0	0	0	11	0	0	0	9	8	0	0	0	17	0	4	0	13	0	1	0	0	0	0	0	3
hsa-miR-301a-3p	17	22	26	20	122	102	61	48	445	71	249	174	25	116	82	172	110	119	287	16	37	23	10	40	62	115	187	42	70	40	48	11	22	46	91	30	11	32	49	76	43	216	28	157	110	62	121	44	90	49	262	34	152	77	69	87	73	58	21	44	48	151	68	74	350	34	90	27	84	29	54	8	18	26	71	9	12	6	7	5	112	113	46	85	196	92	39	29	162	14	19	30	254	44	116	460	40	216	29	54	93	26	46
hsa-miR-301a-5p	10	9	3	2	21	10	11	12	54	12	21	24	4	18	7	30	21	6	23	8	3	5	2	10	3	10	27	0	0	0	0	0	0	0	16	7	3	2	4	5	2	19	4	10	11	8	17	8	8	24	25	21	12	15	12	4	23	13	17	12	10	13	12	20	45	4	0	0	12	0	0	0	0	3	0	0	0	0	0	0	6	11	0	0	8	15	4	0	12	5	6	2	21	6	0	22	1	10	0	0	8	0	10
hsa-miR-301b-3p	6	15	2	5	12	13	6	16	35	9	29	22	3	2	7	16	3	12	30	7	16	8	5	8	1	12	12	8	12	11	0	6	9	0	13	8	4	7	2	7	9	22	5	20	20	11	8	9	8	3	49	5	17	17	11	10	15	8	5	13	5	20	8	11	54	4	7	16	3	0	0	5	5	0	0	0	3	0	0	2	5	11	0	7	6	18	0	0	16	4	3	9	14	9	10	27	15	25	5	12	15	6	10
hsa-miR-301b-5p	11	8	2	3	7	17	8	21	24	3	21	5	4	13	3	13	9	9	5	2	9	2	2	2	7	8	6	8	0	0	0	0	0	0	3	7	4	6	8	3	10	14	9	9	1	2	4	8	14	2	7	3	4	12	7	14	8	8	14	8	11	12	7	16	9	11	0	19	8	11	18	6	3	1	10	7	2	0	0	0	0	0	0	3	0	0	15	0	0	0	0	4	0	0	6	0	0	0	0	0	0	0	10
hsa-miR-302a-5p	6	12	2	0	1	10	10	13	15	7	14	13	15	2	11	4	0	2	1	16	10	0	4	9	4	15	0	9	0	11	0	6	12	11	7	9	5	7	3	7	5	26	23	9	1	7	4	7	22	8	6	11	3	13	13	16	9	25	11	21	21	7	5	5	2	13	4	11	2	24	6	12	2	5	0	0	1	0	0	0	2	15	0	2	1	13	21	0	10	4	5	12	7	10	4	4	4	5	9	17	12	7	16
hsa-miR-302b-3p	4	0	4	0	3	12	7	11	10	7	21	18	23	1	12	3	0	1	1	16	4	1	1	18	1	20	0	44	214	44	23	15	11	19	34	27	7	10	18	7	24	53	35	13	6	19	25	9	47	4	12	6	6	40	13	38	25	30	22	20	33	22	16	92	4	263	14	37	3	40	75	78	28	19	14	42	12	23	31	7	1	30	11	23	14	72	51	46	13	18	19	46	11	23	25	17	92	18	43	27	51	67	42
hsa-miR-302b-5p	20	23	8	5	7	4	17	19	38	4	11	19	1	5	9	5	3	5	9	3	5	0	6	3	8	21	2	9	11	0	0	0	0	0	14	7	3	6	3	4	4	18	11	3	20	14	4	5	8	12	12	9	8	12	8	26	10	8	13	8	12	10	8	10	12	9	1	84	1	0	0	18	4	5	0	0	4	0	0	0	2	13	0	0	3	11	10	12	0	0	16	2	5	0	19	0	1	8	0	0	12	0	10
hsa-miR-302d-3p	41	53	25	24	13	16	11	71	16	5	18	27	6	9	15	13	6	16	8	21	21	9	19	9	11	20	8	15	15	29	10	5	7	25	14	9	2	9	7	2	14	33	24	10	6	4	10	7	19	6	6	17	4	18	12	23	6	9	13	18	21	13	4	10	3	24	7	30	1	18	16	18	7	6	9	13	4	0	0	3	1	15	0	6	2	16	18	21	5	5	13	10	6	13	17	10	22	39	20	21	16	25	15
hsa-miR-3064-5p	18	18	14	0	36	10	17	27	32	9	14	14	6	16	9	42	29	44	26	2	14	13	5	10	6	13	24	7	20	13	6	8	9	0	17	8	8	3	7	4	8	26	3	14	15	6	28	17	13	23	35	14	16	31	29	21	26	16	14	14	17	56	20	31	36	28	29	21	44	48	21	1	3	8	34	6	5	0	0	1	0	0	0	0	0	17	14	13	37	3	5	6	14	23	0	30	4	0	2	13	21	8	11
hsa-miR-30a-3p	20	26	119	8	227	93	67	63	337	283	1047	167	29	53	52	249	168	401	212	26	88	31	18	33	209	124	89	12	64	44	31	15	18	11	64	44	7	36	11	464	147	226	29	121	66	43	138	34	122	39	310	38	187	116	94	58	29	91	20	49	40	381	114	60	275	66	165	18	236	101	31	12	19	48	122	5	19	4	4	2	31	57	24	26	22	38	30	40	107	7	9	13	60	59	43	126	27	69	9	22	44	11	18
hsa-miR-30a-5p	259	575	1125	180	2048	1691	1167	744	5386	4204	18019	2500	363	875	840	1399	2052	4138	1802	364	1070	490	314	463	2330	2672	1171	177	380	382	354	168	121	177	865	532	323	703	462	8280	2827	2429	253	893	462	449	852	388	1917	329	1478	249	1265	1104	674	453	268	412	106	210	223	2004	470	322	1517	300	659	109	843	681	199	171	93	237	433	49	145	58	30	31	278	769	226	276	122	549	269	448	1077	129	226	148	1015	1239	339	450	340	759	267	240	488	137	169
hsa-miR-30b-3p	10	10	8	0	11	13	15	28	31	10	24	10	7	6	7	45	8	23	19	11	15	4	6	13	7	20	10	18	39	10	12	12	8	12	5	5	7	7	2	18	6	24	6	21	20	5	37	5	12	5	26	3	13	23	8	26	8	11	6	17	10	17	9	16	17	35	26	14	46	44	41	10	0	9	21	7	0	0	0	0	9	20	12	8	7	29	16	0	25	2	5	5	18	4	0	48	5	14	18	14	19	12	9
hsa-miR-30b-5p	29	57	55	34	261	223	141	66	1420	273	1378	382	28	142	88	619	648	186	848	11	161	104	24	40	152	152	305	69	84	53	74	44	16	46	149	51	34	89	46	583	204	467	41	265	209	73	239	64	236	60	506	25	254	265	80	64	44	50	8	62	44	134	37	35	345	71	219	54	333	118	57	16	10	39	200	13	20	11	2	4	117	93	45	70	137	94	18	48	201	3	33	26	447	186	70	561	33	1015	27	70	76	13	58
hsa-miR-30c-1-3p	12	13	7	6	56	15	20	14	448	25	55	49	10	31	22	104	31	95	74	12	35	29	13	25	49	79	31	15	40	12	15	17	18	19	30	11	10	8	5	23	14	69	13	49	45	20	88	11	21	14	46	16	25	89	18	31	20	17	2	17	11	60	9	17	47	52	65	48	138	80	26	14	10	17	50	6	11	0	0	1	21	25	25	24	17	27	24	25	43	6	2	6	45	12	34	129	20	47	24	19	24	9	15
hsa-miR-30c-5p	147	264	181	108	1029	867	516	530	5334	904	3887	982	94	451	456	2771	3227	955	2742	70	676	336	85	170	510	713	1021	302	530	380	357	204	107	274	542	175	198	318	211	1763	558	1751	101	1223	788	457	1502	190	705	292	1040	53	684	1587	227	171	111	335	32	129	150	554	172	103	1690	371	1131	105	2186	744	185	46	20	167	1060	26	97	27	13	12	495	696	179	400	410	415	74	160	1029	27	150	97	1716	648	670	2513	219	4497	143	215	372	79	251
hsa-miR-30d-3p	6	12	14	7	60	18	14	16	77	20	64	53	5	29	16	83	57	50	68	5	19	27	7	13	18	14	53	4	13	12	0	4	0	15	20	7	1	10	7	26	12	43	7	51	38	12	38	12	25	12	127	17	52	21	23	18	13	23	11	13	13	39	10	16	66	12	33	18	55	13	13	7	3	6	22	4	4	0	0	2	14	18	11	22	5	21	9	13	42	2	11	8	52	24	0	72	0	52	11	0	21	9	9
hsa-miR-30d-5p	5103	8227	4226	2998	70749	12228	7672	23795	60545	13317	28327	12500	2092	13971	12236	105511	71046	59828	48389	1559	21741	15589	6637	6494	15807	10143	51799	5264	25601	9556	10336	6214	3183	6867	14868	5822	6648	14584	7797	15695	5446	33873	3456	29509	11109	10297	29728	5441	9584	9659	68732	7214	59414	46644	31673	15762	12401	11366	1126	4791	5825	73367	19344	13240	87588	18066	42714	1941	84436	45185	8839	1857	1540	10859	43143	840	5752	1379	650	852	11158	18202	9033	15507	2152	18760	4832	10271	43904	1354	11451	3552	63179	87204	5485	17202	3875	30388	2046	8824	20083	2318	4091
hsa-miR-30e-3p	94	185	180	93	2916	366	313	461	3928	1046	2185	653	32	742	382	4371	1923	1823	2771	39	420	457	102	70	696	283	1330	164	373	139	172	59	50	141	555	188	188	298	145	543	165	1583	105	2349	640	812	2436	225	409	425	6535	194	4659	1443	1374	536	319	1287	95	318	420	6325	1812	746	8151	342	1396	78	3264	704	184	43	41	255	1235	34	210	43	20	22	584	432	317	576	491	333	78	111	1056	20	35	68	1486	635	93	1817	33	1265	58	154	249	69	139
hsa-miR-30e-5p	4506	4923	2867	1708	18140	5276	3397	4319	29555	3976	13209	6859	552	8901	6447	20669	15637	20130	18894	749	5226	3040	1412	1966	5644	7088	19373	1273	3583	2184	2934	706	833	1587	4641	1554	1682	3901	3743	6178	2562	12106	1465	9502	4669	3009	6833	1384	3837	1784	12369	1100	12941	6144	3429	2540	2151	2159	247	1019	1257	7496	1241	1025	14486	2457	5360	504	6007	2030	1494	471	279	1712	4309	179	537	162	75	126	5226	4822	2439	4326	1458	5442	962	1917	8845	541	1791	838	15072	6342	2873	7426	1045	10854	1351	2281	3858	732	1089
hsa-miR-31-3p	63	84	36	20	15	17	7	39	18	19	36	9	12	14	27	19	11	11	15	23	16	13	28	11	23	27	10	21	28	35	12	11	21	15	12	25	21	9	13	14	29	50	28	17	5	16	9	21	30	20	10	24	15	28	35	48	23	23	25	36	21	11	3	9	11	15	14	69	3	36	28	39	5	6	5	19	1	6	6	1	1	17	6	7	2	51	38	46	11	16	14	49	14	22	12	7	33	17	15	38	34	31	19
hsa-miR-31-5p	17	13	9	13	14	36	34	11	73	47	166	52	15	5	13	30	21	17	10	13	14	5	7	14	20	36	14	12	26	15	0	2	5	11	30	21	5	15	2	75	19	73	17	20	14	10	16	23	20	37	17	16	15	47	31	36	46	20	21	46	19	19	10	25	49	49	13	25	5	27	28	4	8	6	30	11	0	2	2	3	4	35	9	10	3	21	29	28	14	9	13	4	5	20	10	3	20	38	1	18	22	24	10
hsa-miR-3115	12	13	25	5	32	14	25	28	33	18	33	32	9	3	13	34	16	21	11	24	28	37	10	26	11	41	22	25	40	42	23	24	26	32	25	21	14	12	11	10	22	63	38	40	16	13	41	29	22	10	45	27	24	38	19	32	29	30	12	34	19	24	32	18	22	45	32	39	56	83	233	24	21	19	19	41	13	8	3	5	13	39	6	14	1	37	125	44	27	6	18	15	32	37	32	23	40	20	26	34	46	35	15
hsa-miR-3116	6	11	0	2	2	4	6	7	12	1	12	12	11	1	7	3	0	4	3	11	1	3	3	12	0	9	0	9	47	17	0	0	2	10	13	7	2	3	5	2	9	14	15	4	2	5	7	10	6	5	8	7	7	23	10	12	14	12	10	18	20	4	7	14	3	25	4	17	5	9	12	3	5	8	0	0	2	0	0	0	1	10	0	3	9	22	13	11	5	5	14	0	2	18	13	11	13	1	10	11	20	8	0
hsa-miR-3120-3p	2	3	2	0	25	8	8	7	55	5	18	13	4	13	7	64	38	41	35	3	19	7	0	8	11	11	35	12	20	0	0	4	2	13	20	11	6	2	6	12	2	42	0	30	28	9	52	9	20	8	1	1	0	0	0	0	0	13	2	9	6	28	13	9	65	15	41	0	109	26	18	0	4	6	30	6	2	0	0	0	15	7	10	0	9	11	25	0	35	1	3	7	34	22	0	66	11	16	8	5	11	1	0
hsa-miR-3121-5p	11	9	0	0	5	3	4	22	8	1	0	3	0	0	0	7	1	5	3	0	0	0	0	0	0	0	2	0	0	3	0	0	0	0	0	0	0	0	0	5	0	0	0	0	0	0	1	3	0	6	2	5	0	0	1	3	6	8	0	6	0	0	3	4	2	0	0	12	4	8	0	7	0	0	0	0	0	0	0	0	0	0	0	1	0	12	11	11	0	0	0	0	0	0	0	0	0	0	0	0	0	5	0
hsa-miR-3122	21	23	6	1	15	15	17	18	30	9	15	26	14	15	3	14	9	14	10	12	9	5	7	11	16	23	5	12	68	9	15	9	19	0	15	13	1	9	3	3	9	25	16	13	3	10	13	6	9	3	3	2	1	12	4	8	7	16	11	31	12	12	9	23	12	65	10	22	4	21	13	6	5	9	20	8	3	0	0	2	1	23	4	4	7	32	24	16	15	15	36	12	7	13	16	1	18	11	4	11	17	18	10
hsa-miR-3124-3p	33	29	25	10	19	18	51	37	25	9	27	35	15	18	12	13	1	38	37	14	21	7	8	20	7	26	8	20	78	19	12	12	25	17	39	34	4	18	6	6	16	56	26	13	28	15	14	22	22	42	29	20	11	39	61	31	47	18	17	65	36	19	15	35	6	116	16	358	4	42	39	21	8	11	16	9	2	8	3	1	2	38	12	8	13	47	46	25	16	14	25	16	12	25	25	9	24	14	36	35	36	19	17
hsa-miR-3124-5p	27	27	11	15	52	30	53	48	30	16	22	32	8	13	11	64	21	70	35	16	23	20	9	9	13	25	22	19	30	25	17	12	29	17	34	30	16	17	8	15	20	54	28	29	21	22	48	16	49	20	19	13	17	204	26	46	36	31	22	63	50	69	19	29	46	49	40	59	54	54	30	18	11	17	20	16	4	11	4	5	8	34	15	17	7	49	40	38	30	5	28	12	28	41	26	12	27	31	12	14	32	25	19
hsa-miR-3125	50	38	23	4	24	15	20	57	143	15	23	22	10	18	10	28	3	19	17	15	27	7	5	12	13	25	17	23	24	19	8	12	7	10	21	18	3	12	7	15	8	31	25	12	14	5	20	19	34	45	55	44	27	89	28	36	43	29	16	19	25	35	43	28	8	36	12	41	9	48	61	18	7	6	16	15	1	6	2	0	1	26	12	9	11	32	29	16	16	8	15	15	7	20	13	28	14	23	23	25	23	10	20
hsa-miR-3126-3p	18	12	11	15	20	13	18	34	28	19	27	26	9	17	19	14	4	17	6	13	7	9	7	12	10	26	5	26	0	24	0	12	13	17	16	12	13	11	6	6	23	35	26	12	5	10	10	19	24	12	18	15	13	56	18	30	24	11	16	10	18	11	11	20	6	18	5	27	3	35	23	17	9	4	5	13	1	9	10	1	1	10	5	6	2	28	22	20	7	16	14	14	9	11	24	3	41	8	18	19	26	14	10
hsa-miR-3126-5p	5	13	5	2	1	10	12	6	19	12	18	13	3	8	7	7	1	10	6	10	4	5	4	9	4	28	2	15	16	22	6	5	7	7	14	17	6	6	10	8	10	27	17	7	1	7	11	10	22	26	6	4	9	31	7	20	10	18	21	20	14	16	15	23	7	26	6	28	2	24	62	14	9	3	19	18	9	3	7	0	1	24	9	3	0	34	57	28	5	8	12	13	11	14	7	10	18	5	17	14	30	13	15
hsa-miR-3127-3p	5	10	3	2	9	10	12	25	75	7	11	15	2	8	5	6	9	13	16	4	6	1	3	5	3	22	2	12	14	0	7	8	5	8	15	0	0	0	0	5	0	30	16	9	4	5	8	7	17	6	14	15	9	34	17	58	14	7	5	12	8	7	4	6	10	11	0	12	10	14	47	4	0	5	0	0	0	0	0	0	3	13	5	6	11	15	29	0	0	0	0	0	0	13	0	0	0	7	0	11	14	9	3
hsa-miR-3127-5p	28	42	14	6	27	19	30	32	28	10	21	15	14	13	10	24	16	30	8	16	25	7	6	21	14	28	14	39	38	25	15	12	19	36	17	10	11	17	18	14	18	29	22	15	8	27	20	20	24	9	11	7	5	18	6	15	13	18	20	35	27	27	21	32	13	44	19	79	12	86	60	27	13	15	32	24	17	9	9	4	4	48	13	7	8	43	48	22	30	15	14	36	18	48	45	19	30	16	18	34	40	33	26
hsa-miR-3128	12	23	8	3	7	8	11	13	15	5	14	17	3	5	22	8	1	8	5	6	7	3	2	7	4	15	5	6	34	9	6	0	9	0	10	8	6	4	7	1	6	15	10	4	5	4	3	7	9	5	5	10	3	11	6	13	7	14	10	14	11	3	5	7	2	28	2	15	3	10	8	11	0	1	5	11	0	0	1	0	1	14	6	3	5	27	10	11	8	17	4	0	5	8	20	7	6	0	11	12	18	14	9
hsa-miR-3129-5p	23	9	4	11	8	7	16	41	18	8	24	19	10	6	7	7	2	5	5	8	4	3	2	5	8	31	5	24	30	14	12	2	9	13	11	8	0	2	3	5	4	33	12	11	4	4	4	8	14	7	9	6	5	31	6	16	4	10	8	15	14	7	25	26	7	17	7	36	4	26	51	11	2	4	5	15	3	2	3	0	2	29	6	6	13	40	54	21	18	11	7	7	6	14	13	3	49	18	16	18	22	13	16
hsa-miR-3130-3p	52	23	8	7	19	31	26	56	25	9	27	10	22	25	21	23	12	27	12	22	22	6	7	17	11	45	16	31	51	30	13	10	20	18	25	14	2	6	14	5	20	36	24	24	16	11	16	16	27	16	9	13	11	33	12	66	55	18	14	22	18	18	8	7	7	57	10	43	4	35	61	20	7	3	7	6	1	6	6	2	6	20	9	4	6	39	36	36	14	10	34	22	8	24	30	10	8	25	18	11	21	30	21
hsa-miR-3130-5p	108	95	29	22	80	22	30	104	61	25	35	39	34	52	30	61	14	146	29	29	74	19	37	19	35	59	20	39	33	30	22	22	20	27	30	24	31	16	16	21	22	54	77	80	24	30	22	29	59	20	29	21	12	121	32	30	32	37	35	66	33	23	9	30	20	52	17	111	10	53	45	42	20	11	19	18	8	8	3	4	6	43	18	8	17	55	47	41	24	10	23	37	21	32	38	20	24	28	35	33	59	43	32
hsa-miR-3131	45	32	19	6	32	36	42	35	37	10	29	16	20	25	30	21	4	32	14	12	25	5	8	7	27	55	13	29	35	30	12	23	30	13	30	12	6	5	9	13	24	47	32	45	12	17	12	20	38	17	23	27	4	73	17	36	30	48	38	42	23	22	8	22	10	45	22	43	5	38	56	30	9	11	19	19	3	7	17	5	6	53	25	9	7	64	48	48	21	17	38	32	10	16	53	27	45	17	22	22	35	32	36
hsa-miR-3132	10	13	5	2	13	17	15	42	18	8	17	15	3	13	9	8	2	10	10	4	9	4	4	12	5	7	10	4	0	7	0	0	3	0	4	0	0	0	0	10	0	19	7	9	7	3	9	16	9	26	10	21	14	25	14	20	12	14	7	14	25	36	22	34	23	15	0	35	1	10	10	11	0	5	0	0	0	0	0	0	0	0	0	3	0	24	8	15	0	0	0	0	0	5	11	0	0	12	0	4	8	7	5
hsa-miR-3133	16	29	18	1	5	5	11	18	24	6	19	11	9	12	12	5	6	5	10	20	8	6	4	6	21	40	10	15	22	22	8	9	10	7	7	10	6	9	6	6	11	26	11	14	4	11	12	6	11	4	6	8	3	27	11	17	6	8	7	21	12	9	4	7	5	22	9	49	11	42	25	9	3	12	7	7	1	6	3	0	3	26	0	5	5	40	24	31	18	5	17	11	7	32	20	8	15	14	6	20	26	8	16
hsa-miR-3135b	42	127	53	75	1929	380	579	601	786	211	375	273	245	1363	600	2853	1568	2909	2154	77	1283	250	298	433	411	418	486	132	605	234	332	312	195	482	583	242	148	245	198	587	140	1940	107	1579	1212	613	2173	141	250	94	647	37	324	1004	448	392	197	325	42	246	404	1277	148	177	1147	1475	2304	131	2825	2500	780	33	58	338	1433	31	287	44	24	50	357	1004	394	281	101	413	164	198	1538	28	35	150	1127	644	70	278	30	71	17	156	840	68	88
hsa-miR-3136-3p	9	16	3	0	4	4	5	13	14	2	14	6	5	2	9	9	1	6	6	7	0	0	0	9	2	31	3	8	0	15	11	10	7	0	20	19	5	0	9	1	8	36	13	8	4	6	6	10	11	5	6	4	5	15	9	12	6	10	5	8	13	5	2	4	2	8	3	29	4	13	120	8	0	1	5	17	0	4	6	0	0	0	5	6	0	15	31	26	0	0	5	7	1	0	8	0	22	1	10	3	11	7	0
hsa-miR-3136-5p	23	38	4	4	7	14	9	41	22	5	13	24	4	7	5	13	8	12	2	6	7	5	13	9	8	23	4	8	12	0	0	0	10	3	5	0	0	0	0	8	0	19	6	8	7	9	14	10	8	20	5	12	5	34	13	138	12	11	12	12	10	13	8	6	21	14	9	43	17	15	13	7	2	4	11	3	1	0	0	0	3	13	0	4	3	20	5	10	7	4	4	0	7	10	18	14	16	10	0	7	16	0	10
hsa-miR-3137	9	6	6	2	6	11	17	12	145	16	25	37	7	4	5	6	7	3	4	11	5	4	4	4	8	9	0	0	0	2	0	0	6	0	14	10	2	2	0	4	3	27	17	9	10	16	15	20	39	52	43	60	6	24	24	26	42	22	33	103	27	26	72	77	33	5	4	14	3	12	0	21	0	0	5	3	0	0	0	0	0	18	0	0	1	7	7	0	0	0	4	10	1	0	0	0	7	6	0	7	2	0	0
hsa-miR-3138	44	45	14	5	69	88	120	96	175	59	94	79	38	22	43	170	75	143	90	52	55	41	38	82	27	58	67	34	74	56	55	54	24	61	86	52	41	33	36	29	38	193	46	82	90	69	150	55	61	91	164	81	81	128	117	87	130	75	61	109	124	93	53	126	144	215	142	104	146	282	105	32	26	63	133	15	24	13	6	10	18	116	29	37	11	97	51	76	105	26	20	34	87	170	43	51	31	22	26	58	160	15	26
hsa-miR-3140-3p	18	22	0	1	14	10	8	18	18	5	13	11	3	4	8	20	5	16	21	1	12	9	2	5	10	9	12	10	14	12	0	9	13	10	15	8	5	6	11	6	3	28	8	11	7	8	27	5	15	4	18	9	11	12	11	9	9	6	3	10	5	34	5	5	21	12	26	24	44	36	19	6	4	14	52	1	4	0	0	1	0	0	0	7	0	16	8	0	16	4	9	6	23	19	14	18	7	10	7	5	11	3	13
hsa-miR-3141	59	24	24	12	25	55	56	52	88	20	65	38	18	17	30	33	17	38	39	20	30	23	10	19	24	49	14	39	29	33	28	26	29	28	30	19	21	17	25	23	22	61	26	49	65	24	77	28	40	13	23	39	28	39	27	40	31	31	40	51	36	27	20	35	19	44	18	73	37	77	28	24	12	19	29	17	8	10	8	5	10	70	13	19	13	62	32	48	38	17	27	29	42	18	75	60	70	26	39	41	42	38	32
hsa-miR-3142	17	6	7	4	9	4	8	98	23	4	13	10	10	6	8	10	2	11	3	10	6	0	3	7	4	13	2	14	23	30	0	32	11	8	7	4	13	9	16	6	12	13	10	9	6	4	4	13	12	6	2	6	6	33	5	17	5	12	8	13	15	9	5	17	2	13	11	34	4	38	25	25	6	9	0	0	6	0	0	2	3	68	0	2	6	32	14	17	11	4	11	10	3	17	17	9	11	10	20	11	28	10	9
hsa-miR-3143	17	10	2	10	3	8	8	8	23	2	12	7	4	6	9	12	0	7	8	6	4	3	1	10	4	18	11	3	15	9	10	8	0	0	13	6	2	2	9	9	7	19	14	9	4	5	7	6	14	12	15	2	5	18	12	13	9	6	5	17	11	10	5	11	18	14	9	19	12	21	11	6	4	6	0	0	2	0	0	0	0	10	0	2	7	23	0	14	4	5	3	0	11	15	16	4	11	18	0	0	8	12	0
hsa-miR-3144-3p	27	12	9	9	14	11	12	22	27	6	24	12	5	12	15	10	4	11	16	9	11	6	4	6	8	13	7	10	12	15	4	4	8	14	7	9	4	7	8	19	3	18	20	9	4	8	10	6	17	19	12	5	9	23	18	33	16	10	13	20	14	4	5	8	17	14	3	54	3	11	17	11	7	8	5	8	31	29	24	42	5	14	3	2	3	27	29	15	11	11	8	63	7	11	25	2	14	17	0	9	0	14	8
hsa-miR-3144-5p	37	8	0	1	5	3	4	183	8	5	11	4	4	5	1	8	0	9	7	4	3	2	3	5	10	13	1	13	11	0	15	3	5	12	14	9	8	2	1	1	3	19	13	16	6	7	2	6	11	9	6	2	4	16	8	40	8	11	12	15	7	4	28	9	4	12	0	16	6	35	16	3	2	2	0	0	1	4	3	2	1	18	0	4	2	24	9	11	12	0	24	10	3	23	0	6	8	19	0	3	11	0	12
hsa-miR-3145-3p	22	38	14	11	9	8	7	41	15	7	15	12	7	8	11	17	6	14	12	7	16	4	9	1	12	13	2	6	0	10	0	1	0	0	8	5	2	0	4	9	6	9	11	6	2	3	3	2	6	5	9	2	6	16	5	7	5	4	3	7	4	6	0	6	4	10	0	19	0	15	20	4	3	0	0	0	1	0	0	5	0	0	0	6	0	12	6	0	0	0	8	0	9	9	0	0	8	0	11	0	11	10	0
hsa-miR-3145-5p	30	27	9	7	10	11	8	31	15	3	12	8	9	16	10	8	4	12	8	7	18	13	9	5	10	20	4	9	0	15	0	6	9	0	18	10	5	2	4	6	7	31	24	5	0	9	8	6	16	11	11	11	5	17	9	17	11	6	3	22	5	7	26	8	3	21	5	24	3	18	24	10	5	2	10	4	3	0	0	0	0	24	0	3	1	26	15	17	0	0	25	0	4	0	0	0	18	0	9	5	20	5	5
hsa-miR-3146	15	19	8	2	11	18	13	20	15	8	32	16	9	4	8	25	5	14	7	14	6	2	1	20	12	27	6	36	48	31	13	27	13	41	12	18	6	8	16	12	25	38	16	16	3	14	25	12	31	9	17	6	11	26	20	19	18	24	20	34	31	25	38	22	14	38	22	75	28	72	68	14	13	11	53	19	2	6	12	2	3	39	9	16	12	47	56	21	15	8	19	7	20	33	34	27	46	21	15	21	50	18	22
hsa-miR-3147	22	16	8	6	13	22	22	23	37	23	39	14	15	8	29	11	3	24	18	25	15	13	13	6	9	33	11	40	15	25	14	20	25	36	19	20	19	17	26	9	18	60	37	30	19	24	19	27	27	23	17	32	19	65	38	41	25	28	24	41	39	23	15	23	9	57	18	121	12	90	53	32	20	11	16	24	8	14	8	2	5	36	11	12	3	62	56	45	31	23	29	24	17	34	16	11	11	15	12	40	50	31	27
hsa-miR-3148	5	10	7	0	3	0	0	15	14	5	12	9	10	2	1	3	1	4	6	6	0	0	0	7	0	16	2	7	0	7	2	12	3	0	10	8	3	1	12	4	7	18	7	7	1	2	5	9	16	5	2	2	0	5	5	26	4	3	0	3	0	0	7	3	3	12	0	28	4	19	39	6	1	0	0	0	2	0	0	0	0	0	0	7	0	17	34	0	0	0	0	0	0	0	5	0	0	12	4	11	9	0	10
hsa-miR-3150b-3p	20	45	17	11	10	11	15	43	33	13	19	13	8	14	8	14	9	18	16	2	11	12	11	6	24	22	6	11	12	13	0	4	6	13	27	12	6	15	11	9	10	42	19	14	13	6	21	14	32	28	21	22	20	23	21	27	22	11	26	21	20	25	31	26	29	22	9	34	11	26	39	5	4	4	18	18	3	5	3	1	1	11	10	5	3	27	30	25	20	6	4	12	12	18	7	4	11	13	12	7	22	10	7
hsa-miR-3150b-5p	10	10	31	0	13	27	21	6	76	64	261	52	7	5	24	11	2	8	4	10	5	1	2	9	60	21	10	0	0	11	0	0	0	0	18	11	2	2	5	98	69	46	9	15	10	5	14	11	46	22	19	17	4	9	16	14	17	11	19	19	22	7	8	9	31	13	3	34	2	14	0	5	0	0	0	0	0	0	0	0	0	0	0	0	0	16	15	14	0	0	0	0	0	0	0	0	0	0	0	0	0	0	3
hsa-miR-3151-3p	20	12	9	2	17	9	24	136	79	15	24	22	14	15	7	9	0	17	6	15	13	4	7	6	7	18	11	29	16	21	15	13	15	29	6	5	7	11	10	5	14	23	16	14	10	9	10	11	19	4	17	14	6	32	17	78	19	16	16	27	16	14	11	11	8	29	11	56	5	49	39	19	15	10	54	7	2	2	7	5	4	18	2	2	4	29	28	26	14	7	7	16	9	20	33	6	21	13	14	26	24	20	22
hsa-miR-3151-5p	114	24	11	4	11	21	45	852	34	7	24	24	20	4	7	10	5	11	9	16	14	5	5	2	21	34	7	28	14	14	11	13	19	14	45	26	9	11	9	10	8	52	52	22	6	14	12	11	32	14	13	14	9	22	15	53	15	16	15	24	19	13	15	7	7	11	9	139	9	22	16	16	14	9	11	27	4	38	8	3	1	42	16	5	1	56	32	46	18	7	37	8	11	22	31	5	14	14	4	19	11	8	19
hsa-miR-3152-3p	18	12	6	0	3	11	9	22	8	6	15	2	0	0	0	6	4	6	3	0	0	0	0	0	5	0	13	4	18	7	0	0	3	0	0	0	0	0	0	2	0	10	11	6	2	4	9	9	17	12	9	4	5	10	3	16	16	4	8	16	10	5	2	13	13	16	2	20	3	11	4	6	2	0	0	0	2	0	0	0	0	0	0	6	0	10	11	0	0	0	10	0	1	2	0	0	13	10	0	10	0	0	0
hsa-miR-3152-5p	21	9	9	11	10	12	26	14	33	15	17	37	11	5	9	8	10	16	15	9	13	12	8	19	13	43	7	14	23	11	19	14	14	23	150	104	11	11	13	11	8	175	13	15	31	22	33	39	36	29	35	57	12	27	24	28	33	13	13	23	27	12	12	37	29	15	6	25	0	12	15	5	9	4	2	14	8	3	1	3	1	29	11	7	15	23	10	10	7	15	13	31	8	15	47	26	19	46	32	45	28	31	25
hsa-miR-3153	32	16	7	5	9	18	47	41	20	6	14	24	7	5	11	18	5	16	14	11	11	1	3	5	4	24	5	10	11	13	0	0	5	0	12	8	3	3	2	5	11	18	24	3	18	8	10	17	11	21	16	18	9	27	24	22	24	15	21	25	15	10	6	21	26	23	8	45	3	23	12	6	0	5	10	6	0	0	0	0	0	16	0	2	7	16	12	20	0	0	11	6	1	0	17	0	9	7	13	17	13	4	9
hsa-miR-3154	20	21	7	5	9	6	25	25	55	8	16	14	4	10	10	17	9	18	10	5	11	4	9	6	36	27	5	16	22	12	0	6	10	21	13	7	9	9	5	6	9	27	10	9	6	6	8	13	10	8	14	18	6	23	9	24	10	15	4	14	10	13	5	10	5	17	12	33	4	26	31	13	2	10	13	7	3	1	4	1	3	11	8	4	5	34	12	15	9	14	1	13	6	13	22	14	17	16	12	12	19	5	22
hsa-miR-3155a	5	12	1	0	6	5	9	12	8	0	0	8	5	4	4	6	4	7	3	5	0	0	0	17	4	13	6	0	0	13	0	0	0	13	3	0	0	0	0	6	0	8	10	4	4	2	2	10	10	5	6	8	0	20	6	27	5	7	10	11	8	7	4	5	4	10	0	24	4	0	8	10	0	0	15	4	0	0	0	0	1	11	0	0	0	18	18	0	0	0	4	0	2	0	10	0	13	0	0	0	10	2	0
hsa-miR-3156-3p	7	12	10	0	3	4	4	25	8	5	0	5	6	5	6	12	2	8	9	3	10	1	5	5	9	9	32	7	0	0	0	3	9	0	0	0	0	0	0	5	0	14	6	1	2	5	8	1	6	6	4	7	1	16	5	8	3	11	8	12	7	4	6	8	2	11	0	178	1	0	9	4	0	1	0	0	0	0	0	0	0	0	0	0	0	13	13	0	0	0	5	0	7	0	0	0	6	12	0	4	8	0	0
hsa-miR-3156-5p	6	10	1	0	10	13	5	24	22	1	22	13	4	10	8	7	2	8	3	16	9	2	3	4	1	10	4	6	0	10	0	0	3	0	10	0	0	0	0	11	0	20	12	13	1	7	7	10	11	3	4	13	6	23	10	24	9	9	16	14	16	12	8	11	7	17	4	23	2	37	10	5	0	3	0	0	0	0	0	0	1	3	0	0	11	30	0	0	9	0	10	0	6	6	11	8	10	0	16	11	11	0	6
hsa-miR-3158-3p	39	13	24	5	22	29	41	16	44	19	24	16	20	18	28	38	13	37	20	5	17	12	5	23	8	29	22	16	49	20	14	10	15	8	25	21	8	39	25	16	22	48	37	22	13	16	7	16	16	26	20	21	15	28	23	83	18	15	8	16	14	31	6	17	17	20	18	31	8	10	27	15	23	8	15	12	2	2	2	0	5	41	7	12	10	55	34	57	22	15	19	33	23	17	33	10	13	11	27	28	41	18	12
hsa-miR-3159	11	9	3	0	8	7	24	10	33	8	10	13	7	2	6	6	3	6	2	4	0	0	0	10	11	10	3	9	15	22	13	2	3	7	18	8	13	7	4	2	4	15	12	8	3	5	3	10	16	13	15	14	6	16	14	29	19	17	17	18	17	10	7	15	17	20	8	30	4	15	12	34	2	6	0	0	5	3	1	0	0	18	0	5	1	25	16	13	14	3	15	2	6	9	21	5	18	3	9	3	17	7	0
hsa-miR-3161	12	15	8	2	5	13	19	20	34	8	14	10	9	13	9	9	13	26	12	7	15	9	10	12	8	27	9	7	24	8	0	9	8	2	9	11	3	2	2	4	5	26	15	14	2	9	9	10	12	7	10	6	4	20	10	21	9	11	16	16	12	8	21	14	4	34	4	27	26	16	95	7	1	4	13	18	1	4	2	1	0	0	5	5	0	29	55	22	13	7	6	13	11	3	7	1	5	7	1	5	17	12	0
hsa-miR-3162-3p	38	33	8	7	19	28	26	52	21	10	29	18	21	10	13	31	10	22	13	25	22	3	10	23	12	30	13	30	38	25	19	19	17	23	15	14	12	14	13	10	14	31	40	19	16	23	22	28	21	14	11	28	5	722	17	28	30	15	21	32	25	16	9	23	7	36	11	67	9	66	43	40	16	18	11	15	4	12	5	8	2	30	8	7	9	44	32	35	17	8	13	35	8	22	53	19	26	26	24	16	55	17	22
hsa-miR-3162-5p	19	26	7	6	10	15	10	27	11	8	8	8	9	12	8	10	2	15	9	8	10	4	6	4	11	17	7	17	0	17	0	6	11	13	12	7	3	3	8	3	3	25	13	6	4	8	2	12	8	8	3	9	6	285	5	10	11	7	4	7	4	6	5	7	8	11	4	32	8	24	20	28	2	0	6	10	7	3	15	11	0	0	2	2	0	70	14	0	13	2	2	27	3	10	20	3	19	10	10	11	15	9	6
hsa-miR-3167	0	0	0	0	0	0	0	13	11	7	0	10	6	3	4	0	0	0	0	8	0	0	0	9	2	11	0	19	13	0	0	0	12	6	0	0	0	0	0	1	0	10	20	5	2	3	0	0	7	11	9	8	1	12	8	8	6	5	7	18	9	5	2	10	8	16	1	18	1	4	0	4	0	0	0	0	0	0	0	0	0	0	0	0	0	4	13	0	0	0	9	0	1	0	19	0	8	6	21	9	11	0	6
hsa-miR-3168	87	42	145	545	659	165	435	249	197	259	754	196	28	191	20	297	315	182	418	15	388	1052	408	41	813	77	109	44	181	947	53	73	59	381	1076	396	254	438	58	1006	371	1585	253	1207	75	411	416	235	2161	244	63	87	120	152	106	107	121	313	64	91	74	148	110	136	107	91	30	81	16	29	150	120	48	71	60	39	21	14	29	11	35	174	8	25	429	168	205	214	279	56	43	550	117	51	85	17	58	35	107	100	116	60	42
hsa-miR-3170	46	30	11	8	52	20	21	62	15	19	32	37	14	25	14	37	8	21	9	15	51	9	42	11	23	20	14	30	28	27	9	13	28	56	22	17	12	7	12	4	19	34	38	19	7	22	17	39	26	33	24	54	10	40	23	32	38	23	32	57	26	18	42	51	17	34	9	48	1	51	42	30	11	6	6	15	9	17	5	4	3	23	10	8	2	45	36	50	14	14	25	9	11	15	26	25	51	25	28	28	37	16	38
hsa-miR-3173-5p	24	29	6	4	20	21	12	23	33	17	24	19	6	10	15	41	11	31	16	13	18	16	9	12	13	21	24	13	29	27	23	16	22	9	22	10	5	15	5	16	13	43	20	18	17	25	40	13	16	14	33	12	10	103	23	17	20	13	19	19	23	14	6	15	31	24	31	49	39	42	18	14	0	8	23	11	0	0	0	0	12	20	0	15	3	29	22	23	21	7	24	2	24	15	41	44	33	20	17	8	37	13	15
hsa-miR-3174	20	19	11	3	27	11	11	44	15	10	14	10	1	12	3	38	14	34	21	6	22	10	1	8	12	7	24	0	0	0	0	3	0	0	3	3	3	2	4	4	10	21	6	14	5	8	18	5	8	9	33	5	17	13	34	19	11	10	5	9	11	24	26	40	29	16	22	13	40	34	7	4	0	4	24	1	0	0	0	0	0	0	0	0	0	0	0	0	13	1	7	17	13	17	0	5	2	0	0	0	12	0	5
hsa-miR-3175	28	34	7	7	229	26	48	66	92	13	25	17	9	54	18	229	33	263	144	8	52	32	8	16	41	21	52	28	64	34	20	21	27	17	16	11	5	4	30	42	10	52	19	12	33	10	13	14	25	7	31	16	81	14	20	19	14	34	8	21	17	247	35	48	139	98	268	26	270	124	42	10	5	33	337	3	29	1	4	11	43	76	34	25	51	27	16	18	113	9	2	19	31	78	17	273	9	34	2	28	67	14	27
hsa-miR-3176	21	9	3	3	10	23	20	23	30	3	15	9	11	11	12	12	6	13	16	11	31	3	4	10	6	20	13	24	23	41	9	0	18	16	12	29	4	13	5	7	11	38	20	20	5	9	14	15	18	19	13	19	8	38	12	96	17	26	18	23	23	12	7	15	18	29	14	55	21	21	39	9	17	4	16	6	3	7	4	0	5	33	5	5	4	47	34	50	12	7	15	14	13	17	43	10	44	24	20	17	19	26	16
hsa-miR-3177-3p	15	19	5	0	78	14	10	42	29	5	18	9	8	21	10	114	38	87	51	5	31	28	8	9	10	16	41	5	29	0	0	9	7	15	15	8	6	10	5	5	2	37	3	12	25	6	55	2	10	6	29	8	39	29	14	18	6	8	8	14	10	80	10	16	30	48	76	65	60	47	9	7	3	25	37	1	4	1	0	1	4	10	0	0	2	31	11	0	28	1	5	0	28	30	1	7	6	0	2	15	15	1	0
hsa-miR-3178	31	36	22	9	81	34	69	55	86	27	74	62	19	20	40	34	19	74	28	19	51	13	12	26	38	74	21	11	23	18	11	12	9	9	69	44	6	10	22	18	21	97	28	33	15	14	13	24	74	29	42	42	21	47	29	52	40	38	55	40	37	29	62	49	25	52	11	221	14	33	80	16	8	13	25	30	9	32	18	20	2	37	12	5	3	38	100	41	28	22	19	54	16	31	43	14	19	26	32	20	30	11	17
hsa-miR-3179	12	5	0	0	6	9	5	21	36	1	7	6	12	1	13	1	3	1	3	8	0	0	0	7	3	10	2	9	21	7	0	5	5	0	9	10	3	7	6	8	6	16	17	5	7	4	6	5	17	4	4	10	7	19	10	10	6	10	6	18	8	5	6	14	7	18	4	52	4	9	19	9	0	0	0	0	0	0	0	0	0	22	5	5	10	14	17	13	6	3	5	3	7	14	27	5	10	15	0	13	0	19	9
hsa-miR-3180	0	0	0	1	0	0	0	4	0	0	0	0	0	0	0	2	6	14	4	0	13	1	2	0	0	0	3	6	0	11	0	0	0	0	0	0	0	0	0	3	0	8	12	1	5	3	7	4	8	7	5	8	2	10	3	5	3	0	7	9	4	2	0	5	0	11	0	14	4	10	22	6	0	0	0	0	0	0	0	0	0	11	0	1	1	9	0	11	0	0	0	0	0	0	0	0	0	0	0	0	0	8	0
hsa-miR-3180-3p	13	5	0	3	12	8	9	14	9	3	7	12	2	11	4	9	5	14	8	4	6	3	1	6	13	16	3	0	11	0	2	6	6	0	0	0	0	0	0	7	0	14	5	4	2	5	5	3	11	8	6	6	6	37	7	9	12	5	0	13	0	0	3	2	5	16	0	16	0	7	13	0	2	0	0	0	1	0	0	0	2	13	0	3	0	0	11	0	12	2	1	3	10	8	0	4	5	0	8	16	11	0	0
hsa-miR-3180-5p	30	24	17	8	37	57	66	54	95	38	64	61	14	27	13	36	14	49	33	17	33	17	11	19	22	103	13	34	40	35	18	13	16	25	46	33	17	15	25	33	24	70	20	26	27	22	18	26	41	31	40	32	27	133	47	61	50	25	33	57	35	52	43	46	39	61	31	276	33	77	36	22	10	20	28	14	13	7	8	0	4	25	12	10	5	41	22	69	31	16	12	22	29	46	21	16	37	26	16	28	29	15	23
hsa-miR-3181	8	12	13	2	15	26	45	20	33	18	26	41	14	3	7	10	2	11	8	16	13	7	3	13	3	23	11	14	24	23	5	13	6	13	29	22	2	13	7	9	5	42	25	14	14	21	19	20	32	32	46	34	16	31	21	37	66	14	32	24	28	18	25	28	38	27	4	78	3	12	36	9	13	5	12	12	5	6	3	4	0	40	3	5	6	23	31	41	13	13	20	27	9	11	35	4	13	8	16	15	42	11	16
hsa-miR-3182	16	17	10	8	10	71	196	26	658	48	150	98	48	15	36	33	6	16	8	47	33	20	0	62	7	144	13	93	131	134	39	51	44	55	69	85	29	38	35	23	79	162	58	45	13	33	64	46	98	40	44	34	46	190	68	129	75	80	73	130	98	129	71	100	25	215	62	121	79	351	334	153	44	58	85	51	8	20	10	3	17	233	73	41	11	145	194	128	77	57	67	52	82	167	74	61	98	49	102	109	124	73	79
hsa-miR-3183	28	25	10	4	21	23	31	48	56	21	31	25	27	17	27	19	7	25	16	15	26	7	8	14	17	55	14	22	32	26	2	30	17	23	25	17	9	8	22	12	20	42	41	26	14	9	18	17	22	27	25	33	27	35	20	41	31	31	21	43	16	29	9	23	19	56	13	286	15	60	31	19	20	11	19	15	1	10	0	1	9	33	13	8	7	58	40	57	27	21	33	19	14	44	31	9	21	17	9	40	56	42	19
hsa-miR-3185	13	13	5	3	19	20	27	31	25	4	30	27	14	11	21	17	4	23	6	15	10	5	5	7	7	13	12	11	25	16	14	10	9	11	20	21	2	6	11	7	14	39	26	11	11	9	15	7	20	22	23	22	8	32	15	42	43	25	21	26	21	23	11	31	14	34	6	58	5	16	22	8	9	12	40	12	4	1	2	3	1	23	5	7	5	31	26	23	7	12	21	19	13	10	32	5	4	12	20	15	30	19	9
hsa-miR-3186-3p	26	18	9	6	10	78	90	21	73	30	65	59	43	12	61	8	3	10	9	69	10	3	5	92	10	75	11	42	35	43	13	30	20	28	56	33	10	7	19	15	56	74	49	30	30	35	37	56	77	129	75	86	26	94	82	135	134	47	62	94	56	64	32	127	101	41	12	209	7	53	105	34	13	11	18	31	0	14	4	1	6	47	7	6	15	52	31	37	15	10	28	16	11	26	50	21	71	26	26	37	56	29	42
hsa-miR-3187-3p	21	16	5	3	69	20	28	48	57	27	54	27	11	25	25	100	37	104	46	1	35	29	14	10	26	16	48	20	49	26	28	21	19	27	23	14	4	12	7	22	5	43	12	19	35	17	54	17	30	44	76	33	35	61	41	36	54	15	21	26	28	85	27	38	53	95	86	32	131	96	25	10	12	20	82	7	12	7	4	2	11	32	0	16	2	13	18	24	49	5	19	9	36	97	11	36	7	17	8	24	40	12	8
hsa-miR-3187-5p	14	9	12	2	11	23	39	14	25	13	10	20	14	10	8	15	4	18	15	6	8	0	5	6	8	26	8	6	18	6	11	4	10	6	11	10	0	5	13	3	5	26	11	9	7	15	19	24	18	31	35	37	12	64	34	37	40	28	20	26	21	13	6	19	36	24	5	20	6	25	10	9	8	4	0	0	8	7	4	8	5	15	4	0	4	12	11	21	12	7	7	15	4	15	15	5	6	0	9	6	20	13	11
hsa-miR-3188	20	23	7	4	14	28	10	36	30	7	19	13	11	10	17	9	23	30	39	7	38	22	5	11	7	23	16	20	28	8	2	18	8	11	17	12	9	4	18	6	17	27	17	17	40	8	15	20	17	25	58	17	14	19	8	292	20	8	9	17	13	46	5	19	28	28	50	175	55	40	83	3	8	12	9	8	4	6	2	0	5	14	0	4	5	21	38	30	14	6	10	5	14	18	5	5	27	5	8	14	27	15	14
hsa-miR-3189-3p	44	23	15	4	27	19	17	58	17	6	26	19	16	7	13	15	6	9	12	8	25	4	10	11	15	17	7	11	31	22	6	2	18	7	42	38	1	11	6	10	7	61	33	18	8	13	21	18	29	13	17	11	8	28	5	17	9	13	15	34	14	14	8	11	13	26	6	55	6	19	16	5	8	7	10	13	5	2	3	1	0	14	4	5	5	21	34	24	11	6	13	14	8	13	20	7	20	4	23	14	21	25	14
hsa-miR-3190-3p	5	4	3	3	14	0	0	10	0	0	7	11	0	0	0	24	8	18	17	0	4	4	0	0	0	0	4	0	0	0	0	0	0	0	0	0	0	0	0	1	0	0	0	0	0	0	0	0	4	13	16	10	9	15	6	7	4	3	5	1	9	21	9	4	13	15	19	15	22	12	0	2	0	0	0	0	0	0	0	0	0	0	0	0	0	12	8	0	9	0	0	0	0	11	0	5	0	0	0	0	0	0	0
hsa-miR-3190-5p	45	50	18	5	36	64	146	61	93	41	90	64	20	30	23	47	19	56	26	30	28	17	16	30	31	51	22	41	37	27	16	20	16	19	37	24	12	16	24	11	16	56	31	29	27	31	26	37	56	48	20	42	23	81	40	65	53	37	30	62	42	40	38	66	55	92	13	340	12	59	41	23	15	15	27	26	9	9	5	2	5	47	11	8	9	51	51	51	16	18	27	12	7	28	31	20	19	17	38	21	50	21	28
hsa-miR-3191-5p	31	24	14	14	32	9	14	35	19	12	21	10	9	17	10	30	7	33	17	7	15	4	5	5	19	21	15	14	15	4	4	6	8	18	11	4	5	1	5	5	8	27	15	19	7	9	6	13	13	11	11	11	4	39	7	89	13	11	10	16	7	12	8	10	7	25	10	87	8	15	28	9	12	3	0	0	3	0	0	0	2	15	3	2	1	30	17	27	14	4	10	9	5	7	0	11	4	12	0	10	12	10	4
hsa-miR-3192-3p	41	44	19	6	28	20	27	77	34	15	24	32	13	28	16	35	10	37	20	13	23	7	7	8	26	18	8	18	17	15	10	6	9	29	15	17	10	8	13	11	21	37	26	28	14	5	19	20	32	22	18	28	11	36	24	60	15	23	9	31	26	19	13	18	12	24	8	107	9	30	17	14	11	6	11	16	7	5	4	1	7	28	7	2	8	41	27	20	7	10	14	8	14	7	22	7	10	10	18	19	19	14	20
hsa-miR-3192-5p	15	22	8	1	16	12	10	110	14	4	18	15	14	10	8	15	15	25	12	9	10	4	3	9	11	18	8	16	21	13	8	11	10	13	12	7	6	4	4	7	9	26	12	14	10	7	12	10	7	15	12	11	4	61	12	12	13	8	15	18	16	7	4	9	6	23	8	53	9	38	17	21	9	10	18	8	12	0	0	3	4	12	7	5	6	26	14	15	14	4	13	12	12	17	15	15	10	12	16	12	22	9	15
hsa-miR-3193	19	14	4	1	6	14	11	88	14	8	24	7	2	4	2	10	5	8	8	0	12	5	5	7	5	17	7	8	21	16	2	3	3	0	10	11	4	4	5	8	9	14	16	7	4	7	3	8	10	15	8	9	4	28	11	25	6	12	17	20	12	14	9	11	14	23	4	26	3	22	103	13	6	0	9	11	0	3	3	2	4	10	4	6	2	39	30	13	4	10	0	8	0	7	15	7	0	4	9	7	11	4	5
hsa-miR-3194-3p	32	17	8	4	8	8	12	38	27	9	14	17	4	8	12	19	1	11	14	11	20	5	2	9	10	14	4	7	10	16	2	1	4	0	7	11	9	3	4	5	3	23	16	9	5	16	9	13	17	14	16	17	7	59	15	17	23	16	16	22	19	12	9	17	16	17	0	21	2	8	19	7	0	0	3	16	0	0	0	0	0	13	0	2	5	16	27	15	0	0	6	0	4	10	9	0	13	12	0	10	0	4	9
hsa-miR-3195	7	7	0	7	13	23	38	27	34	8	29	20	6	10	10	13	3	13	6	6	7	1	2	10	14	45	11	14	10	10	0	9	9	7	7	4	3	7	4	12	16	19	23	8	11	4	9	8	24	11	11	17	9	18	15	18	31	8	15	21	9	5	5	10	11	17	4	105	4	13	12	3	5	5	0	0	7	12	5	10	2	13	0	2	0	24	17	36	10	5	7	46	7	11	12	7	19	12	13	12	23	8	10
hsa-miR-3196	10	21	3	0	17	20	28	34	36	3	15	17	10	10	11	11	7	17	10	8	18	1	1	5	12	15	8	10	15	12	5	9	6	6	23	20	5	2	5	7	5	26	14	7	12	5	12	11	9	12	14	20	8	10	8	20	13	11	12	22	13	7	3	17	9	34	6	78	6	20	26	7	4	4	0	0	2	0	0	0	2	15	5	1	5	25	21	37	0	0	14	15	7	12	19	0	17	9	7	15	15	12	15
hsa-miR-3197	6	15	5	3	19	9	17	39	18	4	15	9	3	10	5	11	3	5	6	4	9	2	0	7	10	26	6	13	13	17	0	6	13	0	12	12	10	5	10	3	14	24	10	13	15	4	9	13	18	6	12	13	8	16	14	22	14	9	12	12	12	9	14	6	5	13	6	18	5	18	30	10	1	6	4	8	3	0	0	2	1	18	5	10	5	16	16	14	0	0	32	3	2	11	17	0	6	6	0	5	16	4	15
hsa-miR-3198	32	25	15	9	25	17	27	53	48	9	18	12	2	20	15	34	17	55	20	10	25	15	12	19	19	30	11	30	33	14	3	12	9	21	12	9	9	3	18	9	14	31	13	8	23	4	25	11	14	11	18	13	14	33	16	39	10	14	8	15	12	18	6	18	25	32	17	115	22	54	21	10	1	12	18	9	5	12	3	2	1	25	11	8	7	42	14	24	20	8	12	12	31	16	19	39	184	22	33	25	34	12	10
hsa-miR-3199	32	21	0	2	6	8	12	18	15	2	15	9	3	7	5	15	7	14	13	3	10	2	8	1	4	8	8	4	0	0	0	0	0	0	13	11	1	4	0	4	3	22	12	4	3	4	7	9	13	8	6	6	4	10	0	14	13	5	6	6	10	4	6	3	6	10	0	18	0	14	0	13	0	0	0	0	0	0	0	4	1	13	0	0	0	11	0	0	0	0	3	12	3	0	5	0	15	0	0	0	11	0	8
hsa-miR-32-5p	100	183	111	11	90	61	22	35	444	111	301	199	28	68	101	395	75	79	178	15	44	32	9	21	75	53	100	26	121	39	69	13	20	32	87	41	27	133	60	34	41	289	20	141	39	61	135	23	122	16	152	12	216	105	69	53	18	39	10	33	25	981	39	21	824	70	191	27	120	135	49	20	15	27	150	7	26	7	3	4	94	60	36	44	65	170	30	79	137	17	61	26	257	86	30	126	12	192	17	61	114	16	18
hsa-miR-3200-3p	36	27	10	2	29	31	63	66	58	35	37	27	14	19	20	30	12	34	27	13	28	8	3	24	10	57	15	15	30	24	21	10	10	15	18	29	8	24	21	6	8	63	29	11	14	24	23	28	45	80	25	31	32	73	37	51	54	41	37	62	44	40	18	34	66	39	22	130	25	37	28	19	3	11	14	8	3	3	0	2	3	27	19	5	7	47	50	39	14	14	33	22	37	38	51	25	29	84	16	14	27	10	18
hsa-miR-3200-5p	9	18	3	1	12	11	7	9	11	6	14	10	9	6	3	11	2	17	10	6	14	4	1	7	8	16	5	9	13	12	7	2	12	0	13	0	0	0	0	9	0	26	8	8	8	8	6	6	9	6	5	4	6	18	4	12	11	8	15	13	13	8	5	7	15	9	0	24	8	14	56	5	0	1	0	0	0	0	0	0	4	13	0	2	1	17	7	17	10	5	6	0	8	9	5	4	21	4	5	8	12	0	4
hsa-miR-3202	10	14	8	8	10	1	22	21	11	1	12	9	6	2	63	14	0	27	7	7	15	5	5	0	15	8	8	5	12	17	0	0	0	10	5	3	3	5	4	1	3	13	9	3	9	5	10	4	4	4	6	7	7	14	5	10	5	0	5	15	6	6	0	3	0	13	0	20	0	13	11	7	1	4	0	0	4	0	1	0	3	22	0	0	2	23	10	0	0	0	0	9	0	15	5	0	0	11	11	0	0	6	6
hsa-miR-320a	3129	1490	700	191	13958	5939	6455	6789	12890	2676	3957	1431	2650	8156	2764	23252	13330	29233	22819	505	11390	4244	1992	3412	3025	2847	11048	2052	18649	5161	6462	4489	3192	7600	4572	1439	2634	3597	1778	4643	1293	12830	1706	10755	18934	5804	27992	1467	2603	2010	29064	2477	10728	7793	6157	5199	2380	2524	340	1840	2865	11356	1777	3475	14383	24129	21890	1497	11737	16068	3365	888	521	5108	11300	317	1830	422	247	280	2582	8036	3284	3528	1773	7585	2364	5661	16728	538	1661	1832	8069	16191	2672	9063	1475	3725	989	3700	9696	806	1571
hsa-miR-320b	362	278	87	33	635	391	391	425	755	246	279	233	273	634	277	932	636	1716	842	124	895	358	725	512	224	338	464	253	863	511	642	417	341	683	430	183	341	336	199	297	127	789	297	608	1198	501	1272	234	235	260	1123	249	464	488	339	421	169	276	47	229	184	473	109	230	489	1277	993	129	695	1242	331	307	79	238	387	47	171	86	31	28	101	744	190	195	164	503	290	565	878	61	105	277	462	1058	300	638	259	292	123	416	830	163	222
hsa-miR-320c	157	169	51	31	469	184	174	283	359	142	187	127	150	290	228	651	357	865	400	61	460	225	503	261	194	160	286	119	459	234	245	185	161	321	263	133	180	164	103	189	75	508	112	371	502	241	626	101	161	141	476	107	284	217	297	394	104	179	21	102	112	300	77	181	264	601	434	68	398	880	227	288	38	145	212	33	167	47	25	18	72	351	116	119	60	244	129	289	463	54	60	170	232	575	146	271	198	183	79	258	429	92	123
hsa-miR-320d	44	42	9	12	109	53	66	64	175	26	44	36	36	70	58	187	102	303	115	27	100	31	100	81	44	61	78	50	140	79	90	48	50	91	96	40	61	55	39	58	37	151	42	93	166	83	167	32	48	36	171	39	82	93	72	92	51	41	9	41	49	99	18	44	79	197	139	145	119	231	78	59	14	46	86	21	36	7	9	4	24	92	42	53	13	90	71	78	124	29	34	44	73	165	41	45	52	48	47	79	151	24	38
hsa-miR-320e	47	54	13	13	54	16	41	65	39	20	28	19	21	37	25	55	19	117	39	22	65	22	40	30	26	37	22	21	38	27	22	16	18	24	24	19	15	19	12	40	23	41	18	36	26	16	37	16	22	17	29	19	21	74	25	38	18	24	12	22	22	23	11	24	13	46	33	91	20	67	30	42	11	13	26	9	10	8	5	1	8	66	16	12	9	53	31	41	45	4	26	28	20	46	29	26	19	32	34	32	47	20	23
hsa-miR-323a-3p	13	15	18	11	286	42	40	42	267	51	102	26	12	50	61	659	233	152	51	11	43	48	38	19	88	51	440	37	137	25	33	12	17	13	41	19	18	20	79	26	10	319	21	249	65	138	746	24	62	37	703	46	271	243	42	103	35	68	14	26	50	180	36	38	659	113	282	22	184	46	43	16	5	17	60	6	14	3	2	3	67	97	51	89	7	64	31	21	117	6	7	21	90	121	104	160	29	169	31	46	71	25	33
hsa-miR-323a-5p	8	14	9	5	6	20	36	26	50	22	35	48	6	9	18	13	3	13	7	15	20	11	6	11	11	35	6	9	10	13	7	7	8	5	37	32	2	7	12	3	14	53	22	18	11	14	30	23	39	32	63	27	27	79	44	44	66	33	25	33	36	42	55	41	31	18	15	42	9	25	37	6	6	7	10	9	5	5	4	0	3	18	8	5	4	26	106	20	10	6	16	11	4	22	10	10	5	12	12	10	16	15	8
hsa-miR-323b-3p	68	16	22	19	464	85	91	68	421	60	137	38	15	91	88	945	373	139	81	14	53	57	32	17	114	43	581	44	139	13	27	69	12	46	110	36	25	27	59	30	26	392	30	386	259	151	885	46	154	95	1217	73	427	315	69	137	33	88	18	65	97	361	109	57	975	56	281	46	333	50	37	9	2	25	72	11	38	11	3	7	165	135	51	48	30	97	27	31	96	9	12	17	170	296	108	182	17	285	22	64	211	13	43
hsa-miR-323b-5p	59	55	12	14	20	15	20	51	34	21	31	33	16	22	16	28	11	24	16	17	27	4	11	18	16	34	14	23	39	36	8	12	9	14	24	14	9	18	5	13	9	35	18	18	14	9	11	22	23	14	20	14	7	57	16	46	20	14	26	30	17	14	16	23	20	24	6	50	0	19	34	11	14	8	13	19	0	5	6	1	5	24	6	5	3	31	33	20	10	14	18	21	14	38	35	9	32	11	13	25	29	22	18
hsa-miR-324-3p	50	55	34	13	291	160	158	121	389	44	134	110	19	128	84	492	346	450	386	25	151	73	34	89	79	101	293	54	182	92	85	38	40	91	86	28	37	69	38	74	35	294	54	209	244	73	181	45	70	81	309	47	128	235	108	101	102	54	17	36	37	129	23	31	216	109	170	64	241	142	56	31	12	23	127	12	27	8	3	8	63	104	46	69	34	99	54	58	194	12	77	24	226	358	91	276	24	211	45	64	107	29	48
hsa-miR-324-5p	63	57	58	7	342	168	242	113	601	113	238	174	29	141	139	849	340	394	511	32	211	114	46	67	105	108	318	122	185	101	140	63	40	94	115	61	52	145	106	91	64	324	73	191	239	113	183	50	151	190	327	102	204	291	114	134	103	101	34	75	54	317	59	69	381	112	254	56	460	188	93	43	9	53	209	19	51	9	11	13	116	133	64	87	68	151	88	148	225	39	416	43	298	347	369	569	167	992	45	100	185	33	88
hsa-miR-325	11	5	8	5	11	7	11	11	9	4	12	3	3	2	5	8	3	8	3	14	10	1	1	9	4	9	4	7	20	0	0	0	10	0	6	0	0	0	0	3	0	12	9	4	4	5	0	0	7	3	5	4	7	10	7	14	5	12	4	12	9	6	3	4	2	0	0	28	4	18	12	7	7	2	0	0	2	4	3	0	3	18	6	2	3	27	13	24	8	13	6	13	5	18	0	3	6	0	10	14	15	15	6
hsa-miR-326	51	68	76	55	1184	400	482	320	2219	155	562	508	48	545	218	2359	2407	1216	2001	16	588	250	62	172	308	298	1164	89	433	348	199	119	90	151	240	93	90	120	105	198	105	797	52	567	936	190	510	118	262	162	1602	105	726	842	301	220	188	174	21	90	93	498	81	67	1118	224	451	229	845	409	99	27	27	105	509	22	102	16	17	14	193	236	102	204	95	222	73	79	692	22	30	56	898	1416	80	394	43	369	17	132	269	58	67
hsa-miR-328-3p	216	358	172	207	5288	1013	936	2319	1855	559	1013	369	493	972	1030	6880	2412	2793	4419	147	1624	1444	479	912	852	902	2837	833	2668	1231	1167	951	608	1288	1518	451	778	991	773	1476	604	2822	262	2998	2136	1347	5960	521	636	300	3064	497	1476	1152	1639	1377	1443	594	95	606	884	3715	1585	1706	1998	3905	5972	280	7075	6440	2211	169	179	1494	3580	117	1415	167	122	127	1342	3536	1354	2320	208	1656	567	878	3547	81	459	449	5844	3855	725	4002	467	516	265	982	2658	278	572
hsa-miR-328-5p	10	9	4	1	10	10	15	19	9	10	18	8	4	4	7	4	5	15	5	13	5	5	5	15	4	26	7	12	33	17	3	13	4	10	28	17	6	5	6	7	4	40	16	10	7	8	8	17	9	6	10	6	7	16	9	17	12	5	13	12	12	14	15	13	5	26	11	38	3	19	103	9	4	8	6	14	3	3	0	1	1	21	4	6	5	19	47	25	17	1	6	12	4	5	14	3	14	4	6	11	19	14	7
hsa-miR-329-3p	6	12	5	2	94	23	27	22	146	11	20	16	8	29	32	235	84	21	29	4	13	11	8	11	15	47	143	10	39	3	10	5	2	19	26	9	3	6	9	15	7	81	11	82	29	24	142	11	24	19	192	12	70	86	11	19	5	15	3	13	22	43	5	3	122	41	86	12	108	33	19	5	0	6	10	3	0	0	0	0	19	30	19	11	10	20	13	10	35	1	15	11	38	27	40	33	3	87	11	11	17	5	11
hsa-miR-329-5p	33	24	8	5	28	16	36	28	33	27	38	41	16	21	13	85	13	34	15	3	11	16	8	20	16	38	23	20	25	11	6	14	12	22	29	23	5	7	10	4	10	39	39	40	21	44	123	31	42	74	90	82	24	56	71	51	119	46	59	72	38	52	76	106	98	76	37	21	56	24	31	12	11	8	7	2	12	3	1	1	12	21	12	13	4	27	22	17	25	12	5	20	18	18	18	30	8	14	12	20	43	21	18
hsa-miR-330-3p	5	20	7	3	78	30	30	40	86	12	36	30	10	31	19	176	105	157	138	6	59	42	17	26	25	29	81	13	70	31	24	14	17	44	26	7	18	15	14	22	13	65	12	77	74	23	101	14	17	18	86	17	72	76	44	44	36	16	10	14	14	57	11	13	67	63	95	23	190	119	24	8	3	9	68	3	7	3	0	4	22	46	17	39	7	29	10	7	74	2	5	5	67	49	18	92	9	32	6	15	46	6	11
hsa-miR-330-5p	13	9	9	7	88	31	29	38	130	16	58	32	6	44	15	157	83	89	118	4	26	20	3	18	20	37	44	8	13	15	0	8	2	11	28	8	8	9	8	15	24	56	12	46	54	4	54	9	25	8	60	12	49	22	16	20	13	13	3	12	11	61	7	8	66	25	88	19	120	46	56	9	4	2	66	11	7	0	0	0	24	29	15	26	6	31	28	20	39	3	3	5	42	32	11	27	8	15	8	5	28	3	16
hsa-miR-331-3p	15	24	24	20	118	63	75	58	268	18	59	37	13	67	43	272	293	238	305	8	63	24	12	26	39	69	104	49	50	42	28	28	11	42	54	20	24	51	14	42	18	176	23	144	109	41	193	24	50	34	204	14	87	97	42	51	35	37	16	43	25	90	36	31	127	59	135	48	267	91	43	12	9	24	86	11	13	2	5	6	51	76	30	47	70	41	28	18	114	5	16	21	197	70	71	352	16	125	24	26	53	16	34
hsa-miR-331-5p	18	13	12	3	9	20	18	35	59	10	14	10	4	7	11	20	8	31	23	8	24	4	3	5	12	14	11	12	30	20	8	7	5	13	18	8	3	11	8	15	10	37	16	18	5	12	26	7	12	7	16	7	7	16	12	20	14	5	5	17	11	10	10	9	18	19	16	34	18	14	13	11	7	3	9	12	0	5	3	2	7	20	9	6	9	31	19	0	16	11	5	8	16	15	22	13	9	16	17	14	14	7	14
hsa-miR-335-3p	17	26	21	6	68	73	60	100	574	35	88	77	17	63	86	137	284	110	209	19	73	74	26	15	67	81	181	49	75	61	54	36	14	43	108	43	39	32	40	36	33	258	23	269	38	72	295	43	77	74	672	54	377	106	130	84	61	94	27	79	72	90	50	73	474	90	102	42	221	97	62	39	14	21	216	11	13	9	6	4	36	93	55	49	35	120	51	61	195	16	37	29	184	223	50	123	43	96	43	49	176	24	41
hsa-miR-335-5p	87	203	79	108	570	297	142	188	2664	197	788	596	26	910	591	887	883	1301	1719	26	489	273	74	130	281	512	993	169	184	133	221	66	76	108	429	72	121	134	181	267	83	1314	73	1081	323	214	1140	139	296	50	1274	35	1441	350	371	247	135	367	18	149	137	351	120	42	1402	165	543	30	941	171	121	32	15	78	609	14	28	14	6	10	380	422	211	304	871	213	40	70	821	15	43	56	1217	844	164	1919	73	778	83	152	209	54	161
hsa-miR-337-3p	16	23	7	2	17	9	3	25	58	3	14	8	5	15	23	47	21	11	5	8	10	9	4	5	13	14	33	8	10	0	0	0	0	0	6	4	13	8	11	4	7	37	8	12	1	10	31	5	9	12	71	9	16	24	11	40	10	13	10	13	9	29	8	8	63	0	9	24	9	21	7	3	0	2	0	0	0	2	2	0	4	13	0	5	3	9	7	0	17	5	3	0	21	13	20	16	0	21	0	0	12	6	0
hsa-miR-337-5p	37	14	11	16	79	53	85	21	351	18	58	25	3	122	28	235	47	50	50	10	28	18	15	18	43	80	127	13	15	18	10	11	7	10	43	17	5	11	18	20	19	156	14	58	50	22	124	25	53	106	321	43	70	55	38	38	56	35	34	32	28	67	19	56	229	26	50	27	77	6	10	11	5	12	17	8	10	5	1	1	37	33	30	14	43	42	13	19	74	4	12	12	94	51	25	50	10	47	12	26	36	9	9
hsa-miR-338-3p	31	53	43	41	219	74	85	52	492	45	241	91	20	371	98	318	289	373	646	16	119	87	28	33	84	131	247	65	77	34	36	21	11	28	92	20	34	46	31	103	34	251	29	149	245	35	162	43	79	50	240	24	272	110	79	61	53	41	12	22	26	144	42	28	331	76	163	20	282	121	47	14	4	31	75	11	17	3	10	6	105	84	48	80	47	62	20	24	159	12	3	22	272	115	62	485	22	586	26	51	78	21	42
hsa-miR-339-3p	87	115	55	50	722	229	345	200	969	111	309	188	30	570	148	1041	1055	1149	625	24	235	116	60	74	166	165	753	97	216	114	79	47	51	60	250	86	34	141	100	123	62	524	62	302	439	139	378	89	159	186	1056	153	529	431	202	237	198	128	45	83	113	474	123	143	1464	202	322	233	558	280	101	21	32	86	312	24	38	15	3	16	160	241	116	183	95	216	86	142	318	18	75	52	693	845	138	549	92	497	49	89	202	44	82
hsa-miR-339-5p	124	165	138	125	3166	897	1246	1209	7478	640	2389	1685	137	1736	1008	5819	6988	3946	2690	90	1060	899	365	315	900	885	2586	597	1702	598	698	342	170	420	1020	266	375	586	473	937	428	2854	148	1645	2702	550	2126	307	893	692	4718	236	2307	2849	1013	921	654	478	47	244	323	1891	564	441	6239	1628	4154	144	7554	3522	390	80	85	397	2482	65	552	94	55	77	938	1202	695	1176	396	988	237	401	2070	32	139	245	4086	5259	542	4008	265	3282	201	525	1101	183	513
hsa-miR-33a-5p	14	18	10	17	38	29	24	11	184	18	112	75	11	68	30	73	23	46	106	12	21	10	8	17	30	34	42	16	22	27	8	7	20	9	35	16	7	20	9	15	21	78	17	26	45	10	35	9	32	10	132	13	40	38	19	41	17	16	9	19	41	98	44	20	101	48	48	37	100	56	22	6	5	15	24	7	9	3	12	1	28	19	21	20	36	68	20	11	38	4	16	12	65	49	23	77	8	37	16	19	29	10	28
hsa-miR-33b-3p	23	11	7	0	10	9	13	23	24	3	19	12	11	5	4	13	3	10	14	14	14	6	2	7	6	10	8	5	57	9	0	3	3	0	0	0	0	0	0	1	0	10	11	10	3	2	11	10	14	14	11	15	9	12	14	15	18	11	5	17	17	19	4	12	5	29	4	32	6	18	10	7	2	3	0	0	5	0	0	1	3	14	3	5	9	31	13	18	11	2	2	13	1	10	0	4	9	7	5	12	11	14	6
hsa-miR-33b-5p	14	7	4	2	21	8	6	18	29	3	14	5	5	14	6	17	6	9	21	2	9	4	2	7	6	9	3	12	28	0	0	3	8	10	7	4	1	6	5	6	15	14	10	5	8	7	14	5	13	5	29	14	10	16	6	9	4	5	3	10	5	17	3	13	21	13	9	33	12	13	6	9	5	1	0	0	3	0	0	1	2	12	0	3	6	25	15	0	10	7	9	4	3	14	12	14	9	13	1	8	24	17	9
hsa-miR-340-3p	10	23	4	5	23	13	7	20	101	11	32	8	2	12	25	62	46	22	35	8	18	18	5	15	8	17	34	16	17	10	10	6	4	9	15	4	9	15	9	9	9	41	2	57	7	20	32	4	15	13	49	2	31	30	5	4	6	14	1	11	8	45	20	10	110	18	35	23	45	32	10	7	0	11	22	0	0	0	0	0	21	28	6	26	32	30	7	0	27	5	2	3	66	8	17	130	10	66	5	14	16	16	15
hsa-miR-340-5p	126	223	220	208	1507	164	90	290	1661	289	988	628	15	833	454	1737	1320	1167	1398	20	264	355	107	58	519	201	1708	109	253	92	116	42	43	102	390	87	115	209	174	290	103	1153	58	1383	292	314	943	84	267	66	4064	55	2147	295	450	171	152	325	30	98	108	2022	386	186	5083	146	538	28	937	160	98	20	28	149	595	12	60	33	19	14	516	356	192	452	259	303	62	69	954	19	39	71	1436	445	37	1090	23	322	46	143	201	39	96
hsa-miR-342-3p	1738	1252	496	377	8215	3146	2010	4217	10950	1744	6321	2413	478	2671	3333	15132	24104	5109	10213	504	7116	2612	892	2323	2247	2049	14200	2252	9439	3757	1865	1565	756	2661	3185	1732	1626	2384	3395	2672	1482	8366	939	11111	2647	3637	7990	1283	2313	2832	6302	1383	11226	14446	9856	3056	2595	3387	399	1298	1677	10246	5365	6006	19392	4517	14911	913	36773	11297	3576	1103	543	2082	13808	516	1549	677	295	274	4854	11162	2316	4002	1046	4224	1867	7457	9058	286	1445	1499	10007	8340	3214	7558	2155	26715	895	2420	9533	910	1697
hsa-miR-342-5p	15	17	9	4	79	29	41	39	95	24	58	28	15	56	26	95	173	73	72	12	139	38	21	81	19	37	79	35	214	98	46	35	45	89	41	17	27	15	32	45	17	76	36	177	85	78	142	32	41	47	69	16	71	133	53	56	24	56	9	33	49	49	18	33	83	121	160	21	249	148	40	14	7	27	95	2	28	9	11	4	43	169	27	43	16	39	19	41	67	1	7	30	29	26	82	122	58	256	19	37	68	11	35
hsa-miR-345-3p	15	9	10	3	7	21	21	26	41	22	130	20	3	1	6	6	9	21	5	2	10	4	0	12	15	21	6	12	0	0	5	7	7	11	11	8	7	2	6	41	27	25	16	15	14	5	20	20	32	35	18	33	11	24	15	60	15	14	13	30	25	12	10	18	9	17	6	29	6	19	19	7	0	4	0	0	0	2	3	0	2	18	0	0	1	7	11	11	0	0	0	0	0	8	10	0	0	10	0	9	15	18	12
hsa-miR-345-5p	33	52	17	13	344	210	235	119	570	76	187	129	38	111	84	710	416	380	530	37	186	71	28	88	70	119	551	50	212	74	73	44	23	77	135	64	27	69	37	73	47	286	36	136	204	72	169	34	128	126	519	81	329	362	123	108	108	58	21	53	58	249	77	88	454	171	347	40	695	317	81	20	21	76	231	8	51	7	7	7	91	156	65	106	25	121	48	68	218	19	52	38	408	425	66	223	63	336	36	75	123	27	32
hsa-miR-346	7	7	4	2	7	8	18	20	12	2	10	8	4	43	7	11	0	12	7	3	14	1	1	2	5	12	3	21	0	13	0	8	19	15	14	7	9	3	4	3	11	13	30	9	4	11	8	4	15	6	10	7	2	7	12	16	14	11	13	11	12	10	6	12	5	24	5	26	2	10	8	16	6	4	0	0	0	3	5	1	4	29	2	5	6	20	19	22	3	9	6	26	4	3	271	35	60	0	32	7	26	10	15
hsa-miR-34a-5p	39	61	52	14	151	123	116	187	362	169	500	169	30	80	124	348	117	267	132	32	133	82	25	107	83	137	168	81	153	203	89	82	31	86	138	67	20	40	50	197	95	304	54	219	704	76	261	78	142	121	265	79	115	172	253	267	198	77	74	95	87	209	68	120	235	219	400	74	738	279	422	48	21	77	197	61	23	17	11	12	59	105	40	47	15	86	47	43	68	11	17	41	221	115	146	249	131	297	62	71	120	34	65
hsa-miR-34b-3p	33	18	16	5	7	27	16	32	63	66	310	62	18	10	30	17	2	10	6	18	7	7	5	7	25	22	9	14	10	18	4	8	9	14	32	23	4	7	5	87	67	52	16	12	4	2	16	17	30	9	13	7	6	16	8	17	10	14	6	7	19	9	18	4	10	31	4	39	6	29	143	11	11	4	10	22	3	0	0	2	2	19	3	3	1	62	33	12	6	6	13	6	4	12	18	6	16	14	25	14	12	13	15
hsa-miR-34b-5p	32	21	7	3	10	1339	3948	26	1237	819	919	1939	72	4	75	15	8	12	6	106	12	6	1	114	8	80	9	12	0	9	0	0	2	3	1062	824	24	9	16	10	35	1491	420	398	607	1068	1091	1508	1937	3995	3115	3068	797	1671	2842	1661	4061	1876	2992	2694	2190	1131	552	2226	6555	78	54	171	9	23	40	52	95	64	97	17	47	40	15	5	2	13	10	2	4	12	16	5	0	0	7	10	1	9	0	0	11	6	0	11	13	0	0
hsa-miR-34c-3p	30	19	19	10	10	48	34	29	77	55	251	62	28	11	22	13	7	24	16	18	16	6	7	16	41	42	9	14	13	14	6	7	15	17	17	24	14	12	4	95	40	55	19	6	8	18	15	28	30	22	15	17	7	32	29	38	23	16	20	22	28	11	17	23	12	26	10	303	5	29	60	9	6	4	21	22	2	13	3	2	2	16	7	2	5	34	37	26	11	5	10	9	9	17	19	7	35	16	11	16	20	13	20
hsa-miR-34c-5p	9	10	62	4	3	360	326	11	1425	831	3600	549	89	2	150	5	0	11	13	102	5	1	26	44	120	107	3	6	11	0	0	7	14	0	109	93	27	8	10	725	666	364	25	32	11	40	63	39	434	8	5	11	13	15	22	22	19	11	7	10	19	14	6	9	6	17	10	16	6	15	15	3	5	9	0	0	8	4	3	4	3	20	4	2	2	10	20	10	0	0	0	19	0	4	6	0	0	8	15	8	13	0	13
hsa-miR-3605-3p	54	63	20	10	97	32	24	87	89	25	32	20	21	30	38	146	40	76	92	12	50	24	27	18	28	46	51	49	81	52	40	34	22	64	43	26	21	36	25	28	24	93	44	66	69	32	104	32	30	20	42	18	39	149	47	48	44	50	26	25	46	103	28	49	61	76	102	125	172	181	70	46	19	27	75	21	26	10	17	5	29	83	25	39	4	104	67	86	68	17	78	34	72	105	69	120	66	87	65	57	97	24	33
hsa-miR-3605-5p	22	16	8	4	11	11	5	38	22	11	13	7	8	3	11	25	9	10	8	12	13	9	0	20	4	16	18	14	19	7	19	5	7	15	14	7	6	6	7	12	6	28	14	9	20	22	17	7	21	10	14	11	9	25	20	22	21	15	7	16	19	15	6	13	21	15	14	26	15	26	18	13	0	5	12	3	0	0	0	0	0	0	0	0	0	18	17	13	12	8	21	9	8	16	20	21	16	37	9	14	19	5	9
hsa-miR-3609	12	45	12	10	3	10	7	23	15	11	16	40	22	11	13	12	4	5	4	17	15	10	9	9	10	8	10	6	15	17	11	8	11	0	10	24	4	8	5	5	7	32	18	8	3	15	9	7	19	4	11	7	7	32	13	26	12	20	20	15	22	18	18	19	7	22	8	26	3	22	15	15	6	5	9	13	1	5	2	1	2	14	0	2	4	23	19	11	0	0	12	10	6	26	0	0	7	16	5	11	25	9	0
hsa-miR-361-3p	84	103	99	47	1139	233	235	370	1831	192	469	300	70	330	424	2619	1905	1848	1322	59	627	372	125	203	287	318	944	306	622	331	292	187	113	311	268	110	155	288	207	400	135	801	97	668	535	283	857	135	232	223	1215	159	803	1299	620	443	299	212	30	115	150	1098	303	194	1348	561	1247	135	2789	1598	246	48	43	242	964	16	120	40	17	27	314	486	214	354	143	329	121	237	1023	36	223	89	1243	1467	369	2450	242	3471	115	308	488	81	265
hsa-miR-361-5p	246	288	173	96	1470	668	346	892	3767	416	971	513	97	375	377	5133	3476	2410	1987	56	841	362	200	374	646	557	3018	307	1841	530	564	429	237	592	577	170	323	397	245	669	215	1771	140	1828	448	538	3527	185	480	448	4967	153	2728	1602	800	444	327	490	36	183	309	2592	385	339	4069	1817	4374	93	8756	3670	565	52	89	561	3490	73	135	50	36	47	689	1374	521	847	188	626	157	357	2856	38	169	173	2777	4413	196	2018	71	1217	74	377	1067	111	244
hsa-miR-3610	6	9	7	1	34	11	30	34	25	7	19	16	8	10	6	14	8	31	11	4	36	5	2	6	10	40	10	11	0	11	3	5	10	6	22	12	4	2	3	10	10	21	11	9	6	10	6	12	20	16	9	18	8	14	9	20	17	13	10	19	12	10	4	15	6	20	7	77	3	19	16	5	3	6	5	10	5	8	2	4	0	18	0	2	2	26	24	23	0	0	4	13	6	6	13	0	15	4	5	6	11	0	4
hsa-miR-3612	9	18	8	1	7	6	3	17	10	8	15	14	14	5	9	8	2	15	2	8	11	0	5	12	6	33	3	15	14	19	9	2	8	11	14	14	3	2	4	4	10	24	19	12	2	3	8	4	19	8	6	6	4	24	12	16	13	9	8	9	5	10	8	9	6	14	2	35	0	11	49	20	2	12	7	16	6	0	0	0	0	0	4	4	0	15	47	0	8	11	9	0	6	11	11	1	12	11	11	5	12	13	12
hsa-miR-3613-3p	235	207	107	50	155	77	448	472	130	41	114	132	74	106	86	211	74	220	139	63	209	80	86	72	154	139	83	140	134	110	33	66	64	113	88	87	54	40	49	42	56	168	124	104	70	59	86	56	95	56	73	90	52	200	106	200	159	115	76	126	96	104	43	102	47	247	86	697	37	263	202	117	52	50	156	52	24	38	25	7	18	133	62	29	11	267	127	139	93	47	71	134	85	99	100	71	92	62	68	98	237	79	149
hsa-miR-3613-5p	41	142	120	46	54	42	16	23	238	68	132	132	9	63	110	54	36	32	76	34	36	18	10	19	29	57	50	17	18	32	28	11	16	20	37	27	20	67	40	32	40	141	66	100	21	63	58	34	56	137	127	5	61	65	46	37	20	54	17	25	29	201	72	25	342	11	32	13	20	19	29	8	12	11	31	6	3	2	4	1	20	58	7	16	41	80	10	13	75	16	36	10	91	47	54	91	39	207	36	26	39	13	24
hsa-miR-3614-3p	17	13	8	0	5	13	8	36	13	5	16	6	0	0	0	10	2	4	5	0	0	0	0	0	6	0	2	2	0	15	0	2	5	13	7	8	7	5	5	4	3	13	9	9	5	6	4	7	10	9	4	4	5	17	4	9	5	9	10	9	11	5	7	6	1	14	3	16	2	7	12	12	0	4	0	0	0	0	0	0	0	0	0	4	0	19	10	11	10	1	14	0	4	11	0	4	6	13	4	13	12	0	7
hsa-miR-3614-5p	21	7	10	2	7	6	13	33	23	3	10	4	0	0	0	7	2	11	8	0	13	5	3	0	6	0	2	3	0	12	0	0	7	0	6	4	2	6	4	6	7	12	8	6	3	13	3	7	10	9	3	6	5	15	7	10	5	6	10	15	12	6	8	5	10	5	0	18	1	11	14	2	2	3	0	0	2	0	0	0	1	12	0	0	0	41	20	0	0	0	19	0	4	5	7	0	2	17	0	7	4	13	8
hsa-miR-3615	808	550	161	90	2331	464	421	1205	1592	382	459	311	199	709	352	3233	1204	1600	1866	114	871	441	228	372	448	444	1536	225	1241	411	537	235	162	302	499	299	314	648	325	389	270	1137	404	633	822	402	1140	207	348	524	1294	408	750	1026	661	473	370	273	73	246	247	2046	634	458	1858	1160	1273	253	2134	1376	353	206	110	301	1403	62	352	129	39	34	226	572	330	538	50	1257	655	1267	1425	185	1211	205	1595	2376	136	152	139	215	60	540	885	148	146
hsa-miR-3617-3p	21	19	5	1	11	23	19	32	52	20	30	27	17	12	26	31	12	17	14	16	23	18	10	9	22	40	15	20	22	32	11	14	10	14	30	19	8	12	6	14	29	50	20	18	11	7	14	20	24	11	17	9	15	36	20	33	9	16	7	20	20	32	38	14	12	41	16	143	16	50	84	17	21	7	51	56	4	5	0	2	3	34	9	15	9	42	94	38	22	6	17	10	16	33	24	9	30	19	33	18	38	15	14
hsa-miR-3617-5p	13	8	0	1	6	2	10	13	18	2	15	1	0	0	0	29	14	12	21	0	11	7	3	0	8	0	5	0	0	12	0	1	0	0	13	0	0	0	0	3	0	23	7	11	8	9	8	9	13	1	16	3	9	14	3	32	5	11	8	8	7	7	5	1	17	11	11	16	21	23	0	4	0	0	0	0	0	0	0	0	3	18	0	7	6	6	13	0	0	0	3	0	17	13	12	0	2	0	8	0	0	7	2
hsa-miR-3619-5p	12	15	7	11	18	9	11	38	14	5	18	14	11	4	6	10	5	24	6	6	11	7	11	5	8	18	2	7	12	14	0	4	15	3	6	15	4	4	6	3	9	13	18	6	3	4	2	4	20	6	8	13	4	13	5	16	17	12	9	10	6	5	8	13	9	15	7	40	3	13	23	14	5	6	6	21	2	1	3	1	1	17	0	1	2	12	22	15	6	7	17	20	2	7	13	10	8	9	7	5	18	17	5
hsa-miR-362-3p	19	17	15	3	4	6	5	17	18	4	24	6	6	7	10	3	1	5	1	4	19	2	5	6	9	24	3	6	13	4	3	0	5	0	9	2	3	2	4	11	11	12	14	3	2	1	2	9	18	7	4	4	1	17	6	6	9	12	7	11	2	4	4	1	3	10	5	21	1	0	17	9	2	3	0	11	0	0	0	0	1	10	3	2	1	16	12	0	0	0	3	0	5	0	5	0	13	0	0	10	0	10	0
hsa-miR-362-5p	38	31	25	5	99	39	41	69	143	26	61	27	16	44	27	248	126	244	143	7	67	24	14	20	32	24	71	12	53	23	18	21	15	32	52	11	14	17	10	35	19	101	16	133	99	27	197	8	14	22	77	19	50	53	26	25	13	11	16	13	12	80	5	10	83	114	222	44	213	106	27	10	7	18	97	5	9	4	0	4	14	49	30	26	13	67	29	21	56	2	10	14	82	37	0	61	10	49	7	12	42	9	21
hsa-miR-3620-3p	17	15	9	5	11	13	28	28	25	12	14	48	12	8	15	30	16	18	25	6	22	7	8	31	17	28	16	32	44	36	10	16	11	24	12	18	4	6	15	15	21	29	23	16	7	21	19	17	17	14	19	20	10	45	20	32	28	17	15	23	19	16	17	24	14	32	15	41	17	52	51	35	9	14	9	11	1	7	5	0	8	50	12	9	5	48	41	41	26	8	16	50	30	28	45	27	36	20	15	22	44	26	31
hsa-miR-3620-5p	18	8	8	2	14	61	76	7	32	68	109	123	9	5	9	9	5	12	7	23	5	1	5	26	4	23	5	6	0	0	0	0	0	0	61	49	4	5	5	6	1	81	32	29	37	65	68	87	132	133	138	166	22	45	78	82	276	59	165	203	162	32	33	122	51	20	0	19	3	8	12	4	6	0	13	3	4	0	0	0	0	0	0	0	0	12	0	0	0	0	0	0	0	0	0	0	0	0	0	0	10	0	4
hsa-miR-3621	14	6	7	0	7	14	29	33	28	7	14	11	10	5	10	10	0	13	7	4	10	1	6	5	2	12	6	12	0	12	0	5	11	4	14	0	0	0	0	3	0	22	13	8	7	1	10	6	12	9	11	18	3	12	12	18	18	5	12	17	15	12	4	13	9	21	2	23	2	15	13	11	5	3	0	0	1	0	0	2	3	14	0	0	4	19	22	25	5	7	24	8	6	11	11	7	15	0	8	16	9	15	4
hsa-miR-3622a-5p	9	6	5	0	9	13	21	9	15	17	21	9	9	4	4	2	4	8	4	8	11	1	4	13	5	27	7	18	26	11	0	2	8	11	10	11	2	4	7	7	7	25	9	9	7	11	7	13	18	13	11	13	6	20	12	22	21	17	8	23	13	17	6	25	3	28	5	44	4	16	12	6	6	7	6	13	3	0	0	1	2	23	10	6	7	73	28	26	12	8	9	0	3	23	10	7	10	4	9	24	28	11	14
hsa-miR-3622b-3p	15	17	5	4	16	27	30	21	29	11	20	18	11	15	10	14	8	11	9	6	13	5	8	3	7	27	6	13	14	16	8	8	5	8	12	6	1	9	12	4	14	26	12	9	10	11	12	15	22	21	20	22	5	121	18	18	27	14	18	24	18	13	25	26	14	17	6	47	4	14	30	11	6	3	5	13	1	3	7	4	0	0	0	1	0	34	21	0	0	0	22	13	11	12	14	0	21	11	6	12	16	15	11
hsa-miR-363-3p	488	643	470	70	867	305	192	303	1300	283	346	300	81	545	255	1382	916	958	1144	71	727	402	97	93	366	232	795	101	342	139	329	99	65	179	309	102	137	933	156	208	81	805	182	558	383	224	565	87	227	251	500	192	845	375	152	143	89	153	25	99	69	981	79	84	2211	283	783	84	913	700	97	100	21	108	548	15	62	19	6	11	207	200	151	168	109	835	189	354	404	58	326	94	1029	923	96	230	85	653	31	257	535	72	71
hsa-miR-363-5p	59	68	16	14	23	45	78	81	79	24	63	92	71	26	67	26	18	31	13	39	46	17	18	75	31	136	11	85	140	121	48	96	35	99	62	41	18	28	37	27	51	103	128	42	28	31	47	76	64	75	64	57	33	132	74	141	94	92	89	106	109	55	38	71	48	131	29	769	19	97	202	129	45	28	48	72	6	22	14	4	13	129	40	29	26	145	233	129	58	27	63	50	26	74	104	54	91	65	98	88	145	71	82
hsa-miR-3646	10	10	5	4	2	13	20	11	20	4	15	19	10	3	13	2	4	0	4	20	4	2	1	12	0	28	3	14	41	29	17	9	14	24	28	19	5	9	6	3	19	39	42	14	6	11	13	21	25	20	18	12	7	35	16	37	19	15	15	25	21	21	8	26	15	32	7	56	2	20	35	19	13	5	8	14	3	7	7	2	4	42	8	3	6	48	42	20	13	17	26	24	10	26	41	10	42	4	22	23	44	28	22
hsa-miR-3648	17	16	11	2	18	25	113	23	44	14	32	54	36	7	24	5	7	19	7	10	16	2	1	26	13	30	12	42	59	29	15	9	20	23	44	38	9	11	13	7	20	70	36	28	12	11	28	15	49	29	35	40	22	47	24	53	51	38	31	71	36	27	31	64	27	89	20	98	10	47	49	21	14	12	15	23	1	6	3	2	4	50	8	8	11	54	55	41	33	5	24	27	15	39	66	20	30	19	16	32	39	46	33
hsa-miR-3649	88	141	50	9	20	3	10	88	17	5	25	7	4	17	5	24	15	29	34	10	30	14	16	4	20	17	31	3	0	10	2	0	0	0	10	11	2	2	3	7	6	19	8	12	0	6	6	4	8	7	13	4	8	6	12	8	4	8	15	4	10	10	16	7	5	10	0	0	2	0	14	0	1	1	0	0	3	0	0	0	0	0	0	1	0	12	37	0	0	0	0	0	0	0	0	0	0	0	0	0	10	0	0
hsa-miR-3651	37	31	9	4	33	10	20	63	21	8	9	21	9	16	6	30	7	27	12	6	20	5	8	5	16	28	13	17	10	13	6	0	8	0	12	4	0	3	10	6	6	14	19	11	5	10	13	9	22	12	10	20	3	20	12	17	12	6	8	12	15	10	8	17	7	20	11	99	6	16	19	4	3	6	0	0	1	0	0	5	1	13	0	4	5	17	26	21	0	0	10	14	8	20	25	0	23	11	2	8	22	2	7
hsa-miR-3652	11	11	8	9	7	33	52	19	48	24	34	36	53	9	23	4	1	5	6	6	2	4	4	33	6	64	7	95	189	69	33	35	25	37	37	28	13	34	24	20	36	69	75	28	24	20	28	20	48	18	20	23	17	73	72	67	65	53	22	85	57	80	16	103	11	131	17	79	7	80	87	39	51	16	69	24	4	22	20	2	7	87	26	12	13	70	100	54	32	26	58	91	19	50	44	41	197	33	52	43	114	62	57
hsa-miR-3653-3p	78	35	14	12	20	17	22	143	33	6	12	14	15	17	19	28	7	26	12	5	29	11	6	9	14	47	8	27	89	44	15	15	7	15	23	14	3	9	17	13	23	46	39	14	12	12	9	8	28	8	16	19	14	27	11	32	17	22	20	21	17	6	11	15	4	50	8	161	2	22	35	25	5	5	8	13	0	12	7	3	3	35	12	14	11	60	28	14	9	11	52	24	4	13	45	18	59	26	16	14	34	27	25
hsa-miR-3653-5p	71	41	13	7	18	30	20	85	17	15	28	34	22	17	8	33	7	28	13	15	22	7	7	8	16	36	13	54	86	53	17	34	24	27	29	12	9	16	6	9	27	46	29	28	8	8	11	11	28	11	17	16	10	66	23	44	34	29	13	34	26	35	23	72	6	87	20	77	9	57	45	20	48	14	25	41	8	11	5	1	7	70	15	8	10	74	68	57	15	10	38	44	13	26	39	27	62	25	32	19	77	19	21
hsa-miR-3654	13	16	12	2	12	13	14	26	30	3	20	21	12	6	10	10	1	10	3	9	9	7	4	13	4	35	2	7	14	9	8	7	4	0	35	19	6	8	7	7	13	57	17	9	5	8	9	2	26	14	17	17	12	32	9	16	20	13	8	16	12	13	37	16	11	18	8	78	3	23	76	4	5	4	12	17	3	0	0	1	1	18	3	2	6	18	66	19	10	4	8	5	17	17	4	1	8	9	29	13	16	0	7
hsa-miR-3655	10	18	4	2	15	10	30	14	60	11	18	22	10	7	6	7	1	6	6	10	21	5	6	8	7	11	5	9	19	18	0	11	15	8	11	6	4	10	2	5	5	18	14	9	5	5	15	5	8	14	8	13	8	40	16	19	17	15	4	24	11	7	10	10	7	22	6	28	0	27	13	7	0	4	0	0	0	0	0	0	0	0	7	1	0	35	20	17	8	5	16	7	6	12	27	1	17	15	13	3	18	14	10
hsa-miR-3656	17	7	6	2	32	20	30	16	29	18	29	16	15	19	12	20	11	28	24	7	13	15	7	9	13	41	8	17	18	11	18	10	15	19	26	16	2	9	13	19	11	32	15	18	30	19	15	13	12	13	24	10	9	18	4	16	17	22	13	24	14	16	13	14	7	19	18	60	12	32	20	9	9	10	6	8	3	5	2	2	4	26	0	5	4	22	17	17	24	6	16	9	15	20	17	9	11	10	10	16	27	4	7
hsa-miR-365a-3p	0	0	3	0	0	23	4	8	53	29	96	16	3	4	14	5	6	0	2	2	7	2	3	3	11	28	7	4	0	10	0	4	0	3	5	5	0	4	6	51	18	15	6	3	3	4	5	10	17	5	4	2	3	25	7	8	3	2	3	0	4	5	1	0	3	0	0	8	0	16	5	16	0	0	0	0	0	0	0	0	0	0	0	0	0	0	2	0	4	3	4	0	4	4	21	9	29	84	4	0	0	3	8
hsa-miR-365a-5p	23	30	7	5	19	25	20	65	19	9	27	21	22	14	19	17	7	16	14	10	23	5	8	12	9	29	14	35	48	29	14	17	17	35	27	17	4	15	13	10	17	42	28	27	7	13	25	19	34	20	15	19	5	29	19	25	13	14	16	24	26	17	4	20	9	57	13	142	5	61	46	26	24	10	6	30	4	9	9	4	1	21	12	6	5	50	35	62	21	11	12	28	16	25	12	15	21	18	6	20	44	44	13
hsa-miR-365b-3p	8	4	8	0	2	22	24	18	96	60	223	31	3	5	17	9	9	5	4	5	9	1	4	4	10	20	3	5	0	14	0	0	0	8	11	6	3	9	10	102	39	25	3	5	5	13	5	5	24	25	5	5	5	22	4	11	3	6	11	5	5	4	2	0	5	0	0	8	0	14	3	12	4	5	0	0	0	0	0	1	0	0	13	0	0	9	0	16	7	1	18	0	5	7	15	6	22	70	0	0	0	4	5
hsa-miR-365b-5p	6	35	2	1	7	17	24	13	21	13	6	16	11	11	6	11	9	12	5	10	11	1	3	15	6	15	7	18	11	25	15	14	9	16	2	10	3	10	9	8	11	22	14	12	5	10	10	4	18	6	13	13	4	31	7	18	9	12	6	22	13	18	6	10	5	30	10	22	3	40	29	10	15	11	9	10	3	5	0	3	3	42	4	5	3	27	24	26	18	2	14	18	10	21	21	9	13	6	5	19	28	18	15
hsa-miR-3661	13	19	4	3	13	11	17	20	27	12	20	12	10	7	13	12	7	13	12	11	5	2	2	6	10	31	13	15	21	12	10	7	11	0	17	12	3	7	6	2	6	23	14	8	4	9	15	10	17	26	28	19	6	32	12	37	34	21	17	22	25	17	21	17	27	22	9	41	13	29	20	15	10	5	16	12	2	0	0	0	3	16	0	2	5	19	26	13	11	2	8	10	10	13	12	10	2	11	0	8	9	11	10
hsa-miR-3662	12	13	14	4	2	29	61	13	42	20	33	39	32	4	33	4	2	7	4	21	7	5	3	25	5	62	4	47	65	71	18	27	18	40	22	27	10	15	15	11	37	54	51	43	10	25	23	40	53	37	32	37	18	57	49	73	76	36	32	29	43	59	56	70	53	45	7	55	6	37	58	38	17	24	9	41	3	15	5	4	6	60	17	13	11	63	105	34	16	15	27	39	10	43	77	22	81	15	63	58	78	61	28
hsa-miR-3663-3p	9	7	3	2	8	22	35	6	31	7	16	20	9	9	5	2	5	5	4	5	13	2	1	3	10	24	6	13	36	9	0	5	9	10	3	6	8	7	5	3	13	24	21	10	4	5	1	12	22	7	13	27	2	23	9	26	30	7	10	28	20	9	8	29	16	27	6	36	2	10	21	11	3	5	0	0	2	0	0	4	2	32	5	4	6	28	22	23	0	0	12	0	2	12	19	0	14	10	10	5	22	15	7
hsa-miR-3663-5p	10	10	9	8	16	32	39	32	38	15	25	19	16	11	10	18	14	27	11	9	7	7	6	4	6	22	8	20	30	19	2	7	5	13	15	10	5	11	6	9	8	29	22	9	12	14	12	15	12	16	20	11	13	50	16	37	28	17	24	32	16	20	5	26	24	25	11	41	6	28	12	10	4	4	0	0	1	2	12	4	6	36	5	7	7	24	44	12	17	7	17	13	18	19	52	8	9	13	16	19	32	13	29
hsa-miR-3664-5p	0	0	2	0	0	1	6	7	12	3	4	6	7	6	3	3	3	3	5	10	10	5	5	5	2	9	3	16	0	18	9	0	0	12	7	0	0	0	0	2	0	0	0	0	0	0	4	0	10	0	1	11	2	7	11	7	5	0	0	0	3	0	0	0	0	15	0	29	2	17	6	3	4	4	1	12	0	0	0	1	0	0	0	0	0	7	0	14	0	0	0	0	0	0	0	0	0	0	8	0	11	0	12
hsa-miR-3665	7	8	2	0	8	31	52	8	45	20	46	29	9	4	13	4	2	9	4	6	9	4	5	8	11	32	1	13	34	22	0	11	9	0	20	18	2	8	16	13	15	37	14	6	10	11	19	15	25	29	20	28	7	30	17	23	41	25	17	32	23	23	7	35	21	45	7	46	2	12	12	16	3	5	0	0	1	4	1	3	2	27	10	4	4	21	25	24	0	0	7	14	1	14	14	0	8	9	29	10	24	11	8
hsa-miR-3666	8	19	13	4	5	14	18	24	35	14	21	23	5	9	6	5	12	8	18	9	25	6	15	20	18	19	6	15	22	23	12	10	13	5	49	40	7	12	11	10	7	72	15	13	11	14	13	9	18	32	14	28	5	19	16	18	30	10	12	24	19	8	9	14	10	18	5	48	2	21	9	9	6	12	4	8	3	12	4	1	4	21	0	2	9	16	19	16	9	10	28	19	20	27	22	7	6	6	10	36	31	51	20
hsa-miR-3667-3p	17	8	8	7	9	5	17	13	42	7	25	18	18	11	10	5	17	13	15	12	13	2	3	12	5	24	12	29	128	28	12	12	9	15	16	7	2	13	7	11	26	20	16	12	12	9	14	8	17	11	8	13	28	44	12	22	17	28	14	31	33	25	15	36	7	118	24	44	15	61	41	17	12	10	27	30	0	0	0	3	9	38	21	22	9	43	26	49	26	13	12	22	14	39	15	15	14	18	7	8	39	29	22
hsa-miR-3667-5p	10	12	9	5	15	45	69	12	96	17	32	32	12	7	12	18	9	15	12	13	10	2	7	18	10	30	5	0	21	9	11	0	4	3	22	22	7	6	1	13	7	58	20	14	25	21	49	27	57	126	90	60	26	99	82	69	115	50	40	65	54	60	30	78	113	31	11	27	20	17	6	5	0	6	18	8	0	0	0	0	0	0	0	4	0	16	11	15	13	7	4	9	11	10	15	3	10	11	8	13	11	5	7
hsa-miR-3668	47	59	27	12	13	33	50	53	52	15	25	28	5	20	19	8	4	30	12	12	11	7	13	25	12	32	10	5	0	0	0	1	3	0	34	28	3	3	8	5	10	52	12	13	10	14	19	21	44	46	24	30	10	30	44	41	72	20	31	57	30	23	20	35	37	11	3	23	5	0	8	3	7	11	0	0	2	1	0	2	2	18	0	1	1	21	11	10	4	11	4	7	6	0	11	6	1	7	11	15	15	3	0
hsa-miR-367-5p	4	8	0	0	1	5	3	10	9	2	0	13	9	2	6	7	0	10	1	4	0	0	0	5	3	8	0	9	0	1	0	0	2	0	0	0	0	0	0	5	0	4	10	7	3	0	0	0	6	7	6	5	1	10	4	16	12	6	10	15	11	10	5	9	2	19	0	16	3	11	25	7	2	3	4	4	0	4	1	0	2	29	0	4	1	12	14	23	0	0	11	10	5	12	17	0	4	9	0	12	20	0	10
hsa-miR-3670	18	9	0	2	7	7	3	24	8	4	5	6	4	14	6	6	3	8	4	1	9	4	0	7	5	12	4	0	0	0	0	0	0	13	0	0	0	0	0	2	0	0	0	0	0	0	4	6	4	16	5	6	4	11	5	13	4	4	4	14	9	5	4	6	7	8	0	12	0	11	2	13	0	4	0	0	0	0	0	0	0	0	0	0	0	10	11	15	0	0	0	0	0	0	12	0	0	0	0	0	0	0	0
hsa-miR-3674	11	11	5	0	4	5	8	22	6	2	12	12	5	2	10	3	7	11	3	7	0	0	0	3	13	11	6	5	10	5	0	0	0	0	8	10	4	1	0	10	8	14	11	3	1	8	4	2	4	15	8	9	1	8	11	17	8	13	8	13	4	8	3	6	4	14	0	11	0	8	0	2	3	3	0	0	0	0	0	0	0	0	0	0	0	14	0	0	0	0	10	0	0	0	11	0	5	0	10	0	12	0	3
hsa-miR-3675-3p	38	39	13	3	25	27	29	30	41	8	35	32	17	8	17	23	13	21	19	6	16	2	8	15	26	45	4	36	46	39	19	14	20	29	24	22	17	16	12	20	19	49	40	22	16	8	22	23	23	24	24	20	20	40	25	63	21	26	25	54	39	32	19	30	19	43	18	69	10	42	168	29	18	17	26	17	7	14	7	3	8	52	11	6	7	74	76	60	36	18	39	16	18	25	55	11	27	18	33	21	49	28	31
hsa-miR-3675-5p	15	7	16	0	4	2	6	23	27	5	0	8	4	17	7	1	2	7	16	7	11	14	1	6	24	25	8	10	0	5	0	4	1	3	17	7	5	2	4	13	4	18	17	5	6	4	8	15	11	4	15	7	5	9	7	11	12	12	2	2	5	12	2	13	17	2	0	19	0	0	10	3	4	9	0	0	1	0	0	1	0	30	0	3	0	11	21	0	15	3	7	0	15	32	0	1	8	0	0	16	14	7	5
hsa-miR-3677-3p	11	10	4	2	4	25	14	13	22	3	3	2	3	0	6	4	4	13	9	7	5	0	2	2	8	14	4	1	12	8	0	0	4	0	5	0	0	0	0	3	0	19	5	8	0	3	7	3	7	6	4	8	0	11	13	8	6	4	6	12	4	2	3	9	7	0	2	19	0	13	14	3	0	5	0	0	0	0	0	0	1	12	0	0	1	11	11	0	0	0	10	0	2	0	0	0	4	2	0	12	10	0	0
hsa-miR-3678-3p	17	15	4	4	8	8	6	14	10	3	8	9	8	13	3	7	11	3	6	2	5	11	7	15	7	6	9	2	13	0	0	6	0	0	11	4	2	2	6	4	2	12	4	5	6	10	8	7	10	12	9	13	10	11	7	9	13	4	4	6	12	6	5	4	13	11	3	11	0	2	7	2	0	3	4	2	0	0	0	0	3	15	0	1	1	0	0	0	0	0	8	0	10	11	0	0	0	0	0	0	0	0	0
hsa-miR-3678-5p	7	13	0	0	7	8	5	13	5	2	0	5	1	5	5	6	2	7	4	6	0	0	0	1	0	10	3	5	0	6	0	0	7	0	7	0	0	0	0	2	0	14	11	7	1	3	2	5	4	5	5	4	3	10	7	13	5	5	6	7	6	12	4	10	2	0	0	14	0	10	20	2	1	1	0	0	0	0	0	0	0	0	0	0	0	9	7	4	0	0	0	0	7	0	0	0	18	0	0	5	10	7	0
hsa-miR-3679-3p	11	24	10	2	17	14	9	41	32	5	13	23	17	11	7	30	1	39	17	6	12	5	3	11	8	11	10	13	10	21	3	8	11	9	0	10	9	8	6	10	12	22	21	12	9	8	7	6	20	13	7	4	8	30	15	27	10	6	14	19	7	4	3	5	2	19	4	99	4	26	19	5	0	4	0	0	0	0	0	0	0	0	8	1	0	21	12	19	11	7	8	6	4	11	7	10	12	6	11	12	14	2	6
hsa-miR-3679-5p	10	18	7	4	62	16	29	46	76	11	26	19	7	17	22	111	76	120	84	10	42	48	32	15	23	22	49	13	30	4	13	11	9	18	29	5	9	2	7	28	9	45	7	28	70	22	90	11	18	9	109	4	49	41	26	9	8	13	6	14	15	48	8	19	92	64	72	33	111	121	37	6	2	41	50	0	33	2	2	4	12	28	17	12	8	28	14	0	66	2	4	8	52	137	13	83	19	24	7	23	23	7	12
hsa-miR-3680-3p	13	3	4	0	2	11	4	11	7	5	0	14	11	1	7	9	1	7	3	6	0	0	0	1	3	8	1	5	10	0	0	4	6	0	6	0	0	0	0	2	0	18	9	10	6	1	14	11	5	8	6	5	5	16	7	20	3	10	2	20	7	8	4	10	6	11	6	14	5	19	11	9	2	4	0	0	1	0	0	0	0	18	0	2	0	0	13	10	0	0	1	0	6	20	7	0	14	5	14	10	18	7	8
hsa-miR-3681-3p	9	10	0	4	4	11	14	14	18	4	10	12	5	9	3	3	3	5	5	10	4	1	1	8	2	7	2	7	0	0	0	0	0	8	6	5	1	5	11	4	9	11	9	2	2	4	7	6	8	12	13	6	3	15	3	13	13	10	12	17	5	8	3	6	5	8	2	18	1	13	12	2	2	0	0	0	0	0	0	0	0	10	0	3	3	8	9	0	0	0	5	0	6	0	16	0	12	0	8	0	9	7	10
hsa-miR-3682-3p	15	13	4	1	17	7	5	25	14	11	9	7	6	5	4	20	8	19	7	16	12	8	5	6	11	10	14	7	17	0	0	7	2	0	10	0	0	0	0	13	0	25	6	15	7	15	16	9	6	11	7	8	10	20	10	10	12	17	6	21	12	20	8	15	10	22	9	45	15	31	17	5	0	8	16	8	0	0	0	0	5	18	0	9	5	19	19	12	11	1	6	21	17	14	0	17	2	7	13	18	14	5	6
hsa-miR-3683	18	24	13	3	10	4	13	18	10	10	15	14	3	12	6	4	3	11	5	1	12	3	15	10	3	10	8	14	11	13	0	6	3	14	9	10	2	7	4	12	5	17	16	8	1	2	4	4	15	8	8	6	7	53	6	14	5	17	7	17	17	8	1	13	5	8	4	28	2	10	13	5	1	5	0	0	4	0	0	0	0	0	0	0	0	13	12	16	0	0	0	0	0	18	6	0	0	13	7	17	14	0	17
hsa-miR-3684	10	12	0	0	6	6	6	17	16	4	10	8	4	0	4	3	3	6	6	7	4	6	3	5	5	9	7	2	0	12	0	10	5	17	12	4	2	6	2	1	4	11	6	6	5	5	6	9	8	5	8	5	8	17	10	9	6	6	6	4	10	6	3	0	3	15	4	21	0	30	16	3	4	4	0	0	0	0	0	0	3	10	0	0	2	26	9	12	4	5	2	8	6	9	0	4	5	0	7	10	0	2	4
hsa-miR-3685	17	28	6	8	6	7	15	31	14	5	15	19	10	9	5	11	3	30	13	6	15	4	6	8	10	24	5	11	11	0	0	13	10	0	3	0	0	0	0	6	0	8	24	15	6	9	8	12	23	30	13	31	8	36	13	34	25	38	22	31	26	12	20	17	18	16	5	488	2	28	19	5	5	4	0	0	2	4	2	0	4	27	0	2	2	23	11	17	12	3	13	0	4	18	12	10	20	16	20	10	19	9	10
hsa-miR-3687	2	6	2	4	8	135	218	15	184	146	235	222	6	5	10	4	2	6	10	17	13	6	4	10	0	28	1	11	0	0	0	11	8	4	81	78	5	12	10	1	16	154	59	53	85	122	93	185	231	490	206	216	93	450	669	715	1069	178	228	287	300	259	168	363	451	17	5	30	3	0	24	13	13	15	17	3	5	5	3	1	0	0	0	0	0	7	19	15	6	10	12	10	7	9	6	1	11	5	0	11	0	5	11
hsa-miR-3689f	0	0	0	1	0	8	7	6	12	1	13	11	0	0	0	0	0	0	0	0	5	2	3	0	0	0	0	3	0	0	0	1	0	0	0	0	0	0	0	2	0	0	0	0	0	0	0	0	4	6	3	6	0	5	2	7	2	13	2	12	4	6	0	4	6	5	0	23	0	0	6	6	0	0	0	0	1	1	1	1	0	0	0	0	0	5	0	0	0	0	0	0	0	0	5	0	0	0	0	0	0	0	0
hsa-miR-369-3p	12	16	15	16	147	18	9	20	272	29	90	53	5	81	93	975	60	67	63	13	30	55	19	14	67	39	290	11	37	5	0	18	11	10	44	1	4	11	21	19	8	325	20	229	51	43	526	13	42	13	355	3	252	73	14	17	21	18	4	9	14	278	9	14	500	70	395	14	236	12	18	4	4	13	54	4	11	4	5	4	103	35	19	33	9	24	10	11	113	5	5	12	106	64	0	63	6	32	3	22	49	11	7
hsa-miR-369-5p	29	11	22	22	432	76	44	39	578	49	151	42	4	156	129	726	250	92	44	11	27	47	25	26	93	95	490	18	59	6	33	37	5	10	91	23	31	35	100	40	25	348	8	208	70	65	434	23	75	38	567	15	295	146	42	47	23	39	8	14	30	428	52	21	934	75	273	8	305	33	50	2	3	34	60	10	28	3	5	2	240	108	69	116	17	88	8	20	181	2	1	12	271	102	33	100	6	87	9	43	193	16	15
hsa-miR-3690	11	3	7	1	4	12	16	17	14	1	11	12	9	2	9	11	1	5	1	2	3	2	0	8	3	22	3	14	13	12	5	5	12	0	5	5	3	4	11	8	8	13	12	7	3	4	2	5	12	13	7	8	7	12	10	15	18	9	10	5	11	13	18	16	10	16	8	16	4	21	124	9	0	7	9	15	0	0	0	0	1	12	2	7	2	28	53	14	7	6	12	10	4	12	14	10	16	19	10	9	23	8	14
hsa-miR-3691-3p	70	53	22	15	16	27	36	114	47	16	32	39	16	13	16	20	6	21	29	16	34	7	7	15	17	48	24	22	25	32	14	15	9	8	9	12	5	9	5	13	8	34	21	18	4	15	7	17	24	17	31	34	10	30	25	28	37	55	29	50	41	20	14	23	12	23	10	42	7	30	42	12	8	1	13	4	2	0	0	3	3	20	11	7	8	32	45	24	19	13	17	25	8	27	39	8	31	29	22	17	32	7	9
hsa-miR-3691-5p	21	23	11	3	11	78	178	29	86	45	68	71	20	7	16	19	4	18	10	20	14	5	1	45	12	34	12	28	16	21	15	7	5	0	78	70	2	5	7	6	3	119	38	32	44	63	69	80	111	166	132	170	34	110	131	136	199	79	96	122	145	69	62	165	196	15	10	103	5	20	15	7	10	10	13	12	7	3	7	3	4	14	0	5	3	19	17	19	6	4	6	14	5	13	19	10	4	2	14	8	19	14	17
hsa-miR-3692-3p	13	19	16	5	12	6	24	21	15	5	13	18	3	3	8	4	5	9	16	6	12	10	7	3	7	21	5	14	19	18	0	8	7	7	15	11	5	12	6	9	9	25	27	9	10	18	9	15	13	14	13	18	8	20	14	16	18	8	8	9	21	12	8	12	11	20	8	33	3	27	17	13	8	8	6	1	2	0	0	1	1	26	10	3	4	20	14	11	13	12	15	12	3	12	13	10	13	17	0	13	16	9	11
hsa-miR-3692-5p	30	24	7	4	12	16	13	50	53	7	25	13	5	6	11	18	15	29	3	6	15	1	7	2	14	19	11	16	19	8	0	3	13	0	11	14	4	9	4	8	10	40	11	6	18	11	9	8	20	6	9	17	6	17	9	12	11	6	8	11	13	5	8	12	25	22	6	29	11	22	15	14	7	4	0	0	3	0	0	3	0	0	0	4	0	17	17	16	10	8	8	6	5	8	10	9	13	49	0	8	17	6	15
hsa-miR-370-3p	86	45	60	100	2486	248	680	239	1090	163	277	105	77	1418	837	5388	711	1369	449	87	490	500	252	365	461	639	1041	202	400	33	186	100	103	147	244	126	110	106	528	232	121	1752	56	1320	1242	534	3809	116	179	141	1331	80	774	724	159	267	148	260	26	94	239	1126	182	84	2064	1168	2341	55	2991	282	383	31	33	154	275	26	433	40	17	56	464	638	563	488	153	359	76	82	880	14	25	98	627	266	443	1066	86	758	124	245	417	81	157
hsa-miR-372-3p	0	0	3	2	0	4	18	17	13	4	21	9	2	2	4	7	4	3	5	5	12	2	1	5	5	19	2	4	0	10	0	0	0	0	0	0	0	0	0	3	0	9	11	3	1	3	0	0	15	7	4	12	2	6	13	9	13	7	7	13	3	10	4	8	6	14	0	19	3	0	0	4	3	0	0	0	1	0	0	0	0	11	0	0	1	12	15	0	0	0	7	0	0	0	4	0	1	0	0	0	0	10	0
hsa-miR-373-3p	15	17	9	1	7	5	15	8	23	9	10	8	4	8	2	6	1	9	6	9	1	5	4	8	7	20	2	22	47	10	0	16	7	20	19	9	1	7	2	6	4	23	50	6	4	7	11	8	8	8	14	7	5	19	16	11	8	12	12	11	15	20	5	22	9	50	9	30	2	41	46	12	15	10	16	12	1	9	1	0	1	21	7	8	7	25	33	31	18	4	7	22	8	19	16	8	18	12	24	17	42	14	13
hsa-miR-374a-3p	15	39	19	23	91	16	9	24	196	28	111	102	8	46	32	89	50	47	99	14	17	39	14	10	28	40	59	17	18	18	9	10	11	6	40	13	17	20	21	21	19	101	13	83	27	15	65	7	18	8	27	2	43	34	15	15	9	6	10	8	16	133	9	1	136	29	36	76	51	30	13	10	6	15	34	4	7	3	2	1	54	32	23	33	47	41	14	15	50	5	9	9	125	19	15	139	0	42	3	13	36	11	17
hsa-miR-374a-5p	89	192	170	91	431	238	88	123	3132	144	855	719	17	514	296	896	887	616	1352	16	177	169	59	71	295	244	836	61	200	73	100	24	26	63	306	45	68	165	80	101	74	822	42	762	146	145	626	78	171	70	649	31	771	189	112	97	67	125	6	73	82	593	19	31	1272	109	486	44	428	108	39	16	15	74	344	12	26	2	1	9	374	241	97	257	217	235	27	54	520	8	35	37	1092	127	63	460	9	225	16	69	183	17	60
hsa-miR-374b-3p	4	5	14	6	26	6	3	12	54	10	44	70	5	13	15	36	29	18	35	3	17	22	3	4	10	20	26	0	12	12	13	4	10	0	15	7	7	4	6	15	9	52	9	48	16	11	32	8	11	6	37	6	35	14	13	5	13	6	8	4	8	33	36	8	42	14	19	0	81	25	41	0	0	0	27	7	0	0	0	0	6	28	0	13	17	19	21	15	38	1	1	4	44	17	0	64	4	15	0	4	0	4	0
hsa-miR-374b-5p	21	36	43	24	209	78	36	102	1082	71	343	185	74	131	99	681	757	329	478	13	82	77	21	27	108	57	421	32	89	56	31	14	10	36	102	16	41	55	28	110	46	312	21	294	69	56	258	36	85	26	465	5	415	138	62	28	29	65	7	33	35	212	33	17	597	73	476	30	724	139	40	1	14	31	323	9	13	5	4	7	122	94	41	79	55	91	14	20	336	4	18	24	467	113	22	203	12	245	1	22	53	6	22
hsa-miR-375	230	252	92	26	327	391	210	179	342	487	999	617	69	110	98	267	136	515	82	152	287	97	1277	112	164	170	120	39	119	260	81	113	38	66	228	221	32	133	35	318	195	387	166	84	31	102	102	159	271	337	189	426	145	343	242	250	246	293	236	525	161	352	474	637	163	140	156	110	41	322	143	116	124	40	136	24	36	22	10	7	9	66	44	45	12	158	235	256	90	59	60	60	74	103	60	33	65	12	38	83	79	70	36
hsa-miR-376a-3p	7	16	12	13	145	31	68	8	309	22	42	17	2	183	44	272	86	55	59	7	21	18	6	15	33	88	209	12	28	4	12	8	7	4	34	11	2	9	36	16	12	185	6	105	117	20	193	15	30	28	485	22	176	63	14	32	8	41	9	20	18	125	19	10	333	37	107	0	122	17	28	0	3	7	28	6	11	0	0	2	81	27	27	28	24	19	9	6	78	4	2	3	86	35	16	56	0	86	8	13	37	11	10
hsa-miR-376a-5p	1	6	1	2	11	8	6	10	37	17	24	36	4	5	11	8	7	4	7	6	8	5	3	11	6	37	11	7	12	12	10	10	10	8	38	28	5	9	4	3	13	68	20	14	2	10	7	20	25	17	33	19	16	29	4	23	18	19	24	16	17	31	82	48	25	11	9	17	4	12	53	17	12	9	9	23	1	5	1	0	3	38	6	9	6	25	104	11	8	15	22	14	19	13	15	5	6	9	15	8	31	25	5
hsa-miR-376b-3p	4	6	2	6	22	5	5	15	42	1	10	4	5	61	12	42	14	16	14	1	7	4	1	3	5	16	28	0	0	0	0	0	0	0	9	1	3	1	11	4	2	49	7	23	39	3	32	5	11	1	68	2	21	7	2	12	1	8	2	5	3	25	3	0	39	4	24	0	19	2	0	0	3	5	0	0	3	0	0	0	22	8	0	0	7	12	0	4	14	1	1	1	20	4	0	6	0	0	0	0	0	4	0
hsa-miR-376b-5p	0	0	2	0	0	5	4	4	13	5	16	6	11	2	17	2	2	2	1	5	0	0	0	3	9	14	6	12	10	0	0	5	6	0	12	4	2	4	6	3	8	24	8	3	2	3	3	7	4	6	4	8	4	10	9	8	6	9	9	13	10	10	7	7	4	14	3	8	4	37	10	8	0	3	0	0	0	2	2	0	0	0	0	2	0	14	11	14	10	1	15	9	9	12	0	5	2	12	6	13	13	10	6
hsa-miR-376c-3p	11	4	6	11	135	36	56	19	482	20	55	8	5	140	26	309	95	49	79	3	36	13	5	8	35	58	221	10	37	0	10	8	6	0	28	13	5	11	14	18	16	159	10	83	61	27	194	17	54	24	652	6	191	64	15	32	25	37	5	14	27	152	17	7	392	46	123	16	109	5	15	0	4	5	21	2	7	0	0	2	35	11	21	22	22	34	10	7	63	5	5	12	57	23	13	17	1	22	0	9	23	9	6
hsa-miR-377-3p	24	17	5	7	49	20	27	14	157	9	32	9	2	68	33	80	23	22	39	1	8	10	6	5	17	33	86	0	10	0	0	0	0	0	21	7	8	2	4	5	8	52	3	44	41	14	45	7	18	23	80	18	43	16	21	13	32	14	8	14	13	19	7	8	83	10	16	0	13	4	9	0	0	2	0	0	0	0	0	0	14	10	0	0	1	11	5	0	13	5	0	0	15	11	0	0	0	0	0	0	6	2	0
hsa-miR-378a-3p	174	214	523	46	1666	913	690	326	2764	2274	9297	1129	188	643	411	1799	949	2259	1201	122	913	488	180	289	1059	933	873	88	274	114	166	67	39	63	384	271	134	291	173	3845	1548	1414	142	627	520	323	1010	170	995	113	582	112	918	524	255	184	124	203	21	86	152	2201	176	143	1042	354	920	87	1968	892	127	57	44	146	860	24	127	28	15	24	121	160	148	164	21	300	84	218	391	48	66	69	479	582	38	163	47	271	35	124	246	65	60
hsa-miR-378a-5p	12	10	12	2	19	56	58	17	206	131	508	89	17	27	25	34	49	53	31	15	24	14	11	29	33	87	17	18	27	17	16	4	9	16	14	29	11	16	13	240	73	83	11	26	13	19	25	9	72	21	30	19	8	86	14	17	21	11	7	16	16	20	8	16	36	20	16	21	36	25	15	22	8	6	21	4	9	5	4	2	7	22	3	6	5	24	26	21	20	8	14	10	25	39	51	45	31	186	34	14	23	12	19
hsa-miR-378b	5	8	1	2	1	4	12	16	8	5	18	4	8	8	8	7	7	11	5	3	5	0	13	6	6	13	2	14	16	23	10	4	7	0	7	0	0	0	0	7	0	17	5	7	2	5	4	9	12	8	14	13	11	34	19	12	7	3	8	14	13	7	5	5	4	15	3	13	7	16	7	12	0	0	0	0	0	0	0	0	1	17	0	0	1	23	16	16	0	0	0	0	0	11	0	0	0	6	0	14	10	0	6
hsa-miR-378c	58	48	99	10	240	259	173	63	710	598	2404	360	47	153	110	395	164	478	226	38	174	81	34	81	208	288	143	27	65	27	49	18	17	15	93	44	43	89	49	1063	393	350	41	134	128	102	217	66	265	24	98	34	134	146	73	60	28	49	16	23	38	416	43	34	203	102	187	25	559	246	39	20	11	21	184	11	23	9	1	7	29	49	45	36	9	62	31	65	98	10	25	22	134	143	26	58	8	94	21	38	64	17	24
hsa-miR-378d	56	24	47	11	77	55	37	60	131	155	436	127	21	47	17	68	36	88	32	10	45	29	23	22	48	96	12	5	0	7	0	0	1	0	25	20	8	14	9	244	98	51	6	12	13	12	28	3	49	8	16	5	12	13	6	12	4	5	4	10	7	27	5	3	11	9	10	10	22	15	2	2	0	5	0	0	0	0	0	0	0	0	3	2	0	17	10	0	12	2	0	12	0	17	0	1	0	15	3	9	7	11	0
hsa-miR-378e	4	7	10	1	15	13	5	3	22	30	67	34	9	9	10	5	4	30	5	5	20	10	10	6	8	18	4	0	11	0	0	2	0	0	7	8	3	10	5	48	27	16	8	5	2	6	10	5	18	6	8	18	11	9	9	26	6	14	16	25	31	10	7	10	7	7	12	12	4	17	10	3	0	0	2	7	0	0	0	0	0	0	0	0	0	0	0	12	0	0	0	3	0	10	3	0	0	0	0	0	0	0	0
hsa-miR-378f	14	11	11	1	28	10	8	8	20	31	94	24	8	8	8	26	1	23	11	4	5	11	8	13	24	20	3	0	13	0	0	4	0	0	6	2	9	2	7	52	15	15	4	2	9	2	7	7	13	0	0	0	7	10	2	21	5	6	0	8	25	0	1	0	3	0	10	18	5	31	5	4	0	4	4	3	0	0	0	0	0	0	0	0	0	0	0	0	0	0	0	0	0	10	4	0	0	0	0	0	0	5	0
hsa-miR-378g	5	10	5	3	24	25	19	15	49	36	89	36	13	12	11	18	6	28	8	6	20	8	9	14	9	24	8	10	0	9	0	10	7	0	17	3	3	10	4	52	26	22	12	19	4	6	16	9	12	3	4	13	10	15	8	22	9	9	4	10	11	13	7	18	11	44	12	65	10	22	12	9	5	7	0	0	6	0	0	1	1	15	0	5	0	11	14	15	7	12	0	10	0	16	13	2	0	0	8	12	23	14	6
hsa-miR-378i	40	34	22	8	21	15	17	92	33	31	81	38	10	26	14	22	7	47	16	10	34	15	16	8	16	18	10	9	0	0	0	4	3	12	11	11	8	10	3	52	16	31	17	11	11	15	18	22	25	16	21	11	8	29	20	12	18	13	13	15	12	9	8	13	16	11	9	88	13	17	13	9	0	0	0	0	0	0	0	0	1	20	0	1	4	11	6	16	14	5	9	14	15	16	10	5	8	12	14	10	0	12	11
hsa-miR-378j	10	5	4	3	3	5	11	7	9	7	23	16	6	6	6	1	3	3	3	9	1	3	5	5	8	23	1	6	18	13	0	8	11	0	8	5	7	4	5	15	9	13	10	8	5	8	8	7	9	7	14	9	8	22	13	27	7	15	7	21	18	19	9	20	4	30	10	38	6	32	18	15	4	4	13	6	4	0	0	0	3	32	0	9	3	27	15	10	9	10	4	9	5	17	11	10	16	11	18	18	20	12	8
hsa-miR-379-5p	55	68	136	114	4398	193	214	231	1445	247	699	143	58	701	769	9028	766	1220	620	67	375	820	312	201	688	442	2790	125	535	28	102	123	74	88	231	85	96	90	365	322	146	2184	63	2121	665	620	7715	101	260	61	2028	33	1411	792	261	366	122	255	26	96	253	2571	248	97	2629	1281	3621	48	7647	501	489	18	60	229	519	56	335	35	32	37	732	461	632	547	71	242	54	57	883	21	12	63	922	192	87	587	24	180	47	170	458	57	95
hsa-miR-381-3p	24	25	66	59	1553	115	158	75	1124	109	289	75	15	378	175	2774	585	476	345	16	92	176	66	54	350	205	1542	30	150	19	57	33	30	27	129	53	43	41	176	124	71	680	24	450	234	140	1244	55	117	39	1478	40	736	235	72	121	51	65	11	37	56	823	60	23	1404	205	619	6	1028	60	180	11	8	80	131	11	98	12	2	10	296	181	215	224	26	176	16	28	380	8	4	42	584	334	28	100	2	51	16	59	228	19	34
hsa-miR-382-3p	18	15	14	5	187	16	128	76	131	29	65	35	10	65	37	398	74	144	58	8	81	37	17	14	65	41	124	23	77	16	11	19	8	0	41	25	9	13	15	19	17	110	43	71	52	40	170	23	30	21	258	10	167	125	44	57	17	23	15	37	24	304	31	28	320	81	171	68	256	43	47	17	14	15	47	6	17	9	5	2	37	25	15	21	8	29	26	33	41	7	17	12	35	40	9	13	12	40	13	19	48	5	15
hsa-miR-382-5p	750	223	156	206	6207	650	1068	877	2741	644	1204	452	299	2708	1566	14149	2163	3032	862	255	929	1060	814	1127	1197	1523	5169	707	2770	246	744	2625	659	698	1710	452	384	383	1902	867	613	4463	164	3170	4036	1356	10047	406	1013	399	5039	259	2847	2568	653	1409	329	636	61	268	713	2988	415	247	2432	5364	6652	131	6987	1464	2633	141	93	750	1183	98	1140	155	64	70	3239	2253	1621	1645	219	1129	261	357	2949	64	33	412	1882	2135	1095	2673	157	1181	367	978	5234	310	598
hsa-miR-383-3p	11	14	4	1	8	37	17	37	33	11	19	18	13	4	7	10	5	13	11	4	8	3	1	5	3	33	3	10	24	12	6	8	12	7	16	19	8	7	6	8	10	40	23	6	7	4	16	27	15	12	12	19	11	24	6	25	21	11	18	29	15	8	13	12	3	17	9	55	2	24	147	8	5	11	12	18	4	6	3	4	1	26	3	4	1	16	97	23	6	10	9	16	6	7	18	7	33	7	27	6	22	10	7
hsa-miR-383-5p	10	3	10	7	16	7	5	39	6	6	24	9	0	0	0	7	4	13	9	0	14	8	7	0	6	0	3	0	0	0	0	3	0	0	0	0	0	0	0	9	0	0	0	0	0	0	0	0	4	2	4	5	3	10	9	4	1	2	5	10	0	5	3	3	1	10	0	53	0	19	0	7	2	0	0	0	0	0	0	2	1	17	0	0	2	14	0	0	0	0	0	0	0	0	0	0	0	0	0	0	6	0	0
hsa-miR-384	15	7	6	6	3	16	36	13	33	13	26	24	18	3	36	6	3	5	6	18	8	8	1	24	5	34	1	36	197	39	31	16	11	19	26	16	4	10	17	14	22	39	35	8	8	13	12	11	26	9	5	8	9	40	18	37	22	20	7	37	27	26	11	38	3	134	15	34	6	54	30	23	16	8	20	22	6	14	1	1	3	50	13	10	37	53	45	43	22	13	32	23	13	44	78	29	76	33	38	30	51	45	24
hsa-miR-3907	14	20	7	3	12	34	39	25	47	12	26	34	37	3	15	7	4	14	18	29	5	7	2	21	7	42	4	58	87	51	17	21	19	40	27	19	9	13	20	12	28	76	38	22	14	18	20	32	42	59	37	57	9	97	38	62	74	48	50	57	73	33	24	71	44	53	10	138	11	50	90	23	23	14	18	22	6	6	16	6	5	100	16	26	12	54	97	46	18	41	26	36	25	22	50	12	53	22	54	48	48	46	49
hsa-miR-3908	1	11	5	4	7	5	6	14	5	7	0	0	2	2	5	1	3	5	3	3	5	7	0	2	1	9	1	0	0	0	0	0	0	10	8	6	1	1	1	3	4	13	0	2	2	7	0	0	5	4	5	9	5	12	3	10	5	5	5	4	7	7	19	2	3	13	4	13	0	11	16	4	0	0	0	0	0	0	0	0	0	0	0	0	0	0	12	10	0	0	4	0	2	15	14	0	4	0	0	0	7	7	0
hsa-miR-3909	9	8	15	2	10	29	119	16	32	41	57	115	7	3	11	5	6	13	3	8	5	2	6	8	4	5	8	11	12	10	0	0	4	0	49	30	1	2	4	7	8	58	18	17	26	47	44	82	95	153	142	188	34	83	129	79	217	92	181	201	102	66	69	209	296	14	3	33	1	10	6	8	7	0	0	0	5	0	0	0	1	17	0	0	2	0	0	13	0	0	10	0	2	0	0	0	3	0	0	2	11	0	6
hsa-miR-3910	14	26	4	10	7	6	13	38	11	4	15	12	5	6	26	12	4	8	4	11	14	4	8	3	7	18	5	8	34	23	0	8	18	0	12	11	6	3	6	9	7	12	20	11	4	3	8	11	7	5	8	2	1	19	3	60	7	8	9	19	9	9	2	9	2	36	8	33	3	20	21	6	7	8	2	12	1	0	0	0	2	15	5	4	0	33	27	29	13	9	26	8	6	0	10	2	6	12	5	19	24	8	11
hsa-miR-3912-5p	21	32	6	4	22	15	10	18	14	3	14	8	12	8	10	28	4	12	5	21	10	5	3	30	11	21	10	13	17	0	0	17	3	10	64	37	8	7	5	4	5	55	12	8	6	15	15	14	39	13	12	4	7	75	19	19	17	9	8	6	27	10	8	19	12	9	3	27	6	15	23	11	0	3	0	0	0	0	0	0	3	20	0	3	4	17	14	0	0	0	9	0	4	6	1	0	5	0	0	14	8	2	10
hsa-miR-3913-3p	15	16	16	9	13	624	2003	22	615	147	242	325	19	11	33	14	7	11	8	41	16	2	9	57	7	57	9	13	0	13	0	3	3	14	247	215	14	7	5	10	19	453	142	185	307	342	512	391	618	931	1052	576	232	598	969	727	1226	378	332	564	520	322	299	843	1690	32	7	60	7	16	58	14	19	16	29	10	10	9	5	0	0	0	4	3	0	30	35	16	12	2	13	1	2	13	18	2	10	10	23	14	21	17	11
hsa-miR-3913-5p	8	9	2	2	40	8	5	6	20	4	14	1	0	24	8	65	17	31	36	7	14	10	5	5	10	4	15	0	0	0	0	2	1	0	9	2	5	10	1	2	2	18	6	14	17	11	12	2	14	13	11	1	26	20	9	7	6	7	6	6	6	33	10	7	33	0	13	0	40	11	2	0	0	0	23	3	0	0	0	0	0	0	0	0	0	11	6	0	14	0	3	0	20	9	0	6	7	21	0	10	16	0	0
hsa-miR-3914	11	8	0	0	11	2	5	15	10	4	0	8	8	3	6	3	1	3	5	5	0	0	0	6	5	15	1	6	13	0	0	10	3	0	6	0	0	0	0	1	0	16	6	3	2	3	4	8	4	6	5	0	5	14	5	8	7	4	4	10	4	10	2	4	3	8	0	0	1	13	17	0	0	4	0	0	0	0	0	0	0	0	0	5	0	15	22	0	10	1	0	6	0	0	0	6	0	0	18	12	0	0	6
hsa-miR-3915	14	13	4	8	6	9	14	35	21	15	11	16	10	8	9	5	8	8	6	8	22	6	8	19	6	17	10	33	17	25	13	16	35	25	55	40	15	3	18	10	12	66	27	10	20	14	16	12	26	21	10	11	5	11	10	16	14	2	11	13	11	4	1	6	10	18	3	27	1	17	14	16	4	10	2	8	5	8	7	6	3	46	0	1	7	17	17	9	12	12	20	19	12	3	55	22	24	30	69	34	69	40	62
hsa-miR-3916	28	27	12	8	10	28	20	48	37	11	28	14	11	10	13	16	5	42	15	6	28	4	8	13	13	38	8	16	20	18	12	7	9	15	9	11	5	13	12	16	12	38	24	10	10	5	15	15	28	21	14	20	13	115	25	36	21	18	26	32	19	15	4	17	17	22	6	72	2	22	19	9	4	5	5	10	0	5	4	3	7	37	7	8	7	28	35	25	17	6	14	13	11	17	47	13	32	16	23	12	21	16	20
hsa-miR-3919	26	30	6	6	15	4	7	48	6	5	11	22	7	31	7	20	10	19	8	3	26	8	11	6	8	12	9	8	0	8	0	0	0	0	0	0	0	0	0	4	0	17	8	8	2	4	3	13	16	11	5	7	4	14	6	9	6	21	14	34	6	4	8	10	4	3	0	21	1	11	0	4	1	0	0	0	1	0	0	0	0	11	0	4	2	0	0	0	0	0	11	0	1	0	0	0	13	13	11	0	11	0	0
hsa-miR-3920	6	8	3	6	4	7	11	18	36	7	10	14	3	8	8	8	6	14	5	7	8	4	2	7	1	15	4	8	16	6	0	5	10	5	0	0	0	0	0	3	0	17	7	9	7	3	10	7	14	10	9	21	6	20	11	17	14	15	14	26	16	25	6	16	13	15	5	44	9	22	8	7	4	3	5	14	0	0	0	1	2	10	0	5	1	30	17	16	0	0	18	0	9	0	0	0	3	6	0	9	26	10	12
hsa-miR-3922-3p	10	9	4	6	9	4	5	13	15	7	10	11	0	0	0	8	8	5	12	0	34	1	4	0	3	0	6	0	10	0	0	0	0	0	6	0	0	0	0	1	0	20	6	3	2	2	5	1	15	21	11	10	3	12	7	9	4	10	10	6	7	7	5	6	5	9	0	27	3	15	0	5	0	0	0	0	0	0	0	0	0	0	0	0	0	12	10	0	0	0	0	0	0	0	0	0	0	0	2	0	0	0	0
hsa-miR-3922-5p	11	7	9	0	19	20	28	15	24	8	12	28	10	9	13	25	8	32	17	9	16	3	4	5	4	43	15	34	48	8	0	5	10	10	7	18	1	8	14	3	15	30	21	11	3	11	14	11	17	12	20	12	5	28	11	34	12	15	10	15	9	14	4	28	16	67	15	38	6	22	19	18	11	11	11	9	4	3	3	3	1	27	0	8	5	41	17	17	9	2	14	15	7	23	13	6	15	8	6	8	29	35	13
hsa-miR-3923	21	37	19	13	9	12	8	36	58	12	26	8	5	9	22	18	3	15	8	16	20	10	17	4	11	30	8	17	19	26	4	7	12	14	15	19	4	5	6	7	7	27	17	12	6	15	8	21	11	11	7	10	8	54	17	45	5	15	16	14	8	14	25	15	16	25	11	51	4	47	28	23	7	6	10	2	4	4	3	0	1	26	0	5	1	28	22	36	14	3	12	14	4	15	35	7	23	2	13	24	12	5	9
hsa-miR-3925-5p	8	15	4	1	5	14	16	10	27	4	19	12	5	9	16	6	4	5	10	4	9	3	3	9	6	33	8	13	13	14	5	11	10	11	17	13	4	5	1	7	10	23	13	11	16	5	9	21	21	9	7	8	5	12	8	25	8	15	18	16	18	14	23	11	7	18	3	34	8	33	82	6	4	7	6	11	4	0	0	3	1	28	10	1	6	14	57	15	15	1	17	12	9	16	23	7	11	15	22	7	17	11	0
hsa-miR-3927-3p	18	8	4	5	3	5	10	11	28	3	10	1	7	5	5	6	3	6	1	11	4	3	2	2	4	23	3	12	19	20	7	6	9	13	8	1	1	5	8	4	7	11	11	5	4	1	0	10	12	3	8	13	3	58	5	17	5	10	4	11	12	5	4	5	3	16	1	33	1	10	13	8	6	1	3	4	2	0	0	2	1	15	0	3	2	20	18	19	10	3	8	10	7	11	13	4	11	9	14	13	24	12	14
hsa-miR-3928-3p	22	18	6	5	105	23	37	42	60	8	34	12	6	40	22	123	40	84	49	13	44	25	5	24	13	23	75	5	65	18	16	27	13	27	38	18	11	18	4	12	10	68	20	33	67	27	68	16	25	27	70	20	44	56	32	33	23	21	14	27	28	151	32	42	56	75	104	49	172	122	49	13	8	21	64	11	13	3	3	2	19	38	23	24	10	25	33	27	56	9	9	21	55	84	19	82	18	34	18	26	46	12	26
hsa-miR-3928-5p	26	19	12	3	13	8	12	32	25	5	20	18	6	10	8	21	7	12	13	5	6	5	1	10	8	29	7	9	19	13	0	6	3	16	13	10	2	4	8	5	10	17	12	11	4	8	8	21	19	20	8	26	5	8	15	20	19	12	15	18	16	11	10	12	19	13	5	61	1	9	21	4	7	3	8	12	1	0	0	2	1	12	0	2	3	14	17	12	0	0	19	0	3	11	0	0	17	15	15	11	11	17	10
hsa-miR-3934-5p	43	49	14	5	21	15	13	69	21	5	23	16	8	13	7	27	9	49	28	18	24	2	11	10	20	18	18	18	32	24	0	14	4	10	15	10	2	5	9	7	14	24	22	7	8	3	9	14	11	21	8	6	3	23	15	20	17	14	16	21	8	7	1	12	8	29	7	57	2	19	19	5	12	7	23	7	0	3	1	1	0	26	0	4	4	14	23	17	0	0	12	15	5	11	19	0	31	0	7	17	15	10	17
hsa-miR-3935	15	16	12	4	4	41	65	21	47	16	23	29	12	3	10	5	0	6	6	6	2	3	4	19	18	13	4	11	45	11	12	5	13	11	21	17	0	1	6	3	4	39	26	19	23	27	32	43	35	72	38	42	19	67	83	56	107	39	43	63	45	45	20	68	68	55	14	36	5	27	11	6	5	4	10	11	2	0	0	1	0	0	7	6	0	32	15	23	10	3	9	10	13	17	10	2	10	0	13	9	14	15	11
hsa-miR-3936	10	13	1	1	8	10	7	11	14	4	6	10	3	7	8	2	1	8	4	15	20	6	1	6	5	12	4	16	11	16	9	8	8	16	12	5	5	2	7	7	3	24	8	13	11	0	8	12	10	8	9	3	5	23	12	10	6	19	6	10	11	11	12	12	7	13	11	47	4	28	48	12	9	4	22	5	0	0	0	0	2	22	9	7	4	19	16	15	10	1	13	11	8	16	15	5	13	8	13	11	17	12	8
hsa-miR-3937	7	4	5	1	14	11	12	16	30	5	17	10	1	9	5	11	14	17	11	4	15	6	6	8	7	17	11	17	21	9	12	11	13	21	21	4	6	2	8	11	13	12	9	7	6	15	20	12	13	8	10	5	13	14	6	18	10	6	6	11	10	10	6	8	9	19	8	20	11	25	14	3	0	12	12	3	0	0	0	0	9	25	2	0	12	10	6	14	19	2	13	6	27	9	6	33	9	7	13	9	13	5	6
hsa-miR-3938	19	16	5	1	12	17	18	26	12	4	10	16	7	6	16	5	3	11	5	12	12	9	4	8	7	16	5	8	21	31	7	11	6	12	11	11	2	9	6	3	9	21	24	17	5	6	4	14	12	27	12	7	8	19	18	24	9	18	16	20	21	8	6	8	7	21	5	38	3	12	30	11	7	5	9	11	2	0	0	0	1	16	0	3	3	35	18	24	6	6	0	10	0	12	0	10	0	10	10	20	12	8	8
hsa-miR-3939	15	20	7	3	8	20	12	24	17	11	28	20	9	22	23	11	11	16	10	3	8	10	4	4	3	11	7	16	11	17	6	5	3	14	17	15	6	7	3	3	5	37	16	9	2	6	6	8	21	8	9	21	14	24	9	23	18	11	8	22	11	6	5	11	13	14	3	30	8	28	22	8	3	5	7	10	3	0	0	0	2	28	0	6	2	31	20	14	11	7	6	13	3	2	16	3	27	14	9	5	12	0	17
hsa-miR-3940-3p	41	43	16	11	40	282	651	75	278	132	207	228	75	21	62	34	20	36	27	77	35	16	14	131	23	112	35	55	67	38	19	28	21	36	165	106	21	26	20	24	28	216	83	97	123	164	254	200	243	381	353	310	149	357	525	722	723	221	248	408	357	436	415	605	571	93	44	112	32	103	149	35	37	19	44	34	10	11	7	9	6	59	14	16	8	107	58	58	45	13	27	31	48	33	96	23	56	31	29	40	59	26	58
hsa-miR-3940-5p	3	13	4	0	10	17	12	43	15	8	18	13	4	6	2	7	2	14	6	7	9	5	8	4	6	19	7	2	13	4	0	5	10	17	9	6	17	6	9	11	12	18	21	7	12	5	8	6	11	13	10	17	3	15	9	23	12	11	9	10	10	7	5	9	6	20	2	45	0	25	7	17	3	3	0	0	0	0	0	2	1	11	0	5	5	33	11	17	0	0	11	8	1	9	8	0	21	3	7	10	11	14	3
hsa-miR-3942-3p	32	9	2	0	4	0	11	73	9	3	12	3	5	6	2	5	1	1	0	0	0	0	0	1	4	14	3	4	13	0	10	0	7	0	9	0	0	0	0	2	0	4	11	2	1	7	0	1	11	4	1	3	0	5	0	11	11	0	3	9	1	1	0	6	0	0	0	0	1	7	0	0	0	1	0	0	0	0	0	0	1	19	0	1	1	18	0	0	0	0	28	0	5	13	0	0	0	5	0	8	5	0	6
hsa-miR-3943	74	44	9	10	17	12	17	84	13	6	15	29	12	17	12	19	11	29	14	7	29	7	2	11	13	28	15	21	18	19	4	7	7	14	21	16	6	3	5	11	4	35	30	15	9	8	11	7	15	14	14	21	15	25	14	23	15	18	18	19	21	20	21	30	10	25	11	36	20	41	71	13	5	4	16	20	7	2	1	0	8	13	5	2	8	13	53	23	12	7	13	16	6	12	22	9	10	8	7	18	34	18	21
hsa-miR-3944-3p	11	7	4	1	7	55	77	60	88	35	67	29	77	9	90	8	0	8	7	80	9	4	1	32	3	32	3	95	72	88	48	30	91	76	54	50	26	32	73	30	66	115	129	68	59	69	65	94	102	99	72	113	28	122	76	181	211	63	94	123	150	62	86	127	80	94	29	129	8	84	135	146	50	22	22	69	16	47	23	19	23	128	37	41	13	191	149	165	62	82	67	101	33	62	128	36	98	79	94	143	150	102	112
hsa-miR-3944-5p	23	18	6	5	6	12	18	31	20	10	6	10	14	15	7	10	5	10	4	11	19	10	9	10	13	14	0	16	33	19	0	7	11	16	7	8	7	7	4	6	9	18	19	10	11	7	9	21	12	8	17	10	11	26	8	26	28	17	14	23	17	13	4	18	4	21	2	49	1	6	32	6	8	3	0	0	0	1	4	0	4	22	13	10	3	41	39	20	8	17	10	7	0	12	22	8	30	13	1	21	31	14	17
hsa-miR-3960	23	22	18	6	21	40	58	50	46	21	54	53	12	19	18	15	9	29	18	14	23	8	3	30	30	54	11	27	37	23	13	13	16	21	63	48	20	11	21	18	20	97	32	21	28	34	36	33	58	17	28	40	15	40	14	47	69	30	38	83	52	24	30	34	18	36	13	122	4	40	82	22	15	22	10	20	27	13	7	7	1	24	8	11	13	50	50	63	30	8	31	15	17	17	29	6	25	11	19	25	37	24	20
hsa-miR-3972	20	26	5	3	3	40	56	39	85	17	44	42	24	14	18	8	1	27	11	16	15	5	5	30	8	45	8	39	53	19	14	22	12	45	21	15	9	10	9	12	19	50	29	18	20	20	11	21	45	37	34	28	13	48	28	59	53	34	26	45	31	40	20	54	33	80	8	40	10	81	81	24	12	12	18	23	31	35	15	49	5	32	11	12	13	61	55	48	24	15	26	113	11	24	49	23	20	20	33	29	68	29	26
hsa-miR-3974	238	493	139	49	103	443	1312	343	483	271	452	622	138	65	115	118	37	109	156	161	89	22	71	220	82	187	133	21	25	15	6	12	26	15	199	157	17	9	18	19	45	312	152	123	129	228	293	321	443	1438	628	618	283	303	416	266	523	338	485	873	475	709	235	792	1267	27	29	87	12	25	35	28	27	9	29	17	9	10	7	1	4	18	6	4	5	62	40	45	21	4	56	23	15	16	21	4	18	2	4	18	30	11	19
hsa-miR-3976	4	13	7	5	8	4	5	14	7	4	14	3	5	8	10	18	4	9	7	10	7	6	3	6	10	13	3	14	0	7	12	4	7	5	15	12	1	3	9	1	7	24	8	5	3	6	12	8	10	5	2	11	5	24	8	10	11	10	11	14	9	12	7	6	6	8	2	21	0	12	9	9	2	7	0	0	1	0	0	0	3	15	0	5	2	16	18	0	0	0	15	0	1	0	15	0	18	16	17	17	15	6	9
hsa-miR-409-3p	438	202	122	255	7998	640	1138	809	3825	778	1337	530	398	2040	2216	17117	3128	3359	1240	460	1055	1222	829	943	1288	1571	6385	515	2245	155	583	1096	367	369	1153	337	320	373	1378	606	421	4708	243	4471	3638	1563	10740	473	932	379	4146	368	2670	3796	703	1918	448	878	92	573	1008	4393	631	270	4504	2746	5911	127	8753	1066	935	48	98	560	1126	68	769	94	53	65	2693	1681	1152	1369	304	987	248	285	2986	51	38	318	2447	1925	1299	2796	207	2320	334	624	3205	209	471
hsa-miR-409-5p	25	15	4	11	183	24	52	25	169	29	35	25	8	61	41	419	141	78	32	13	32	13	17	15	35	53	199	12	55	17	13	23	8	11	49	8	6	8	35	16	20	120	18	125	155	40	254	12	35	35	252	16	76	84	20	43	26	26	13	27	31	90	18	22	184	59	130	55	118	30	24	10	8	17	27	5	16	2	1	0	72	71	44	39	7	42	19	18	53	8	10	13	61	22	27	27	9	28	6	23	71	18	15
hsa-miR-410-5p	25	26	13	8	6	9	20	27	21	6	14	12	14	9	7	8	8	14	8	6	19	4	5	15	7	26	4	16	12	29	0	2	9	11	14	10	5	11	8	10	11	26	16	10	11	9	13	6	11	9	12	16	11	12	6	21	29	8	16	12	20	16	5	6	5	31	6	26	8	17	43	9	3	9	7	11	1	5	3	2	5	14	13	5	3	44	36	21	9	16	28	23	7	15	0	2	13	19	7	31	34	22	21
hsa-miR-411-3p	6	10	7	7	18	54	69	51	72	31	40	62	11	3	11	10	7	11	6	5	3	5	9	7	14	11	12	15	19	3	0	3	0	0	27	21	8	0	7	4	4	41	27	32	30	29	61	44	55	116	70	58	21	73	76	47	89	35	55	61	56	35	39	69	102	18	8	28	3	13	52	5	6	12	10	3	2	0	0	1	0	13	0	6	1	21	9	12	0	0	4	6	8	0	14	0	8	10	6	7	10	17	5
hsa-miR-411-5p	22	33	31	32	386	54	53	48	663	86	269	46	9	143	178	652	241	128	109	18	26	77	24	33	138	161	375	23	49	3	25	13	5	9	68	27	28	37	106	93	32	350	14	255	87	81	529	33	86	36	494	17	237	160	33	78	35	55	11	18	41	658	66	17	998	78	312	22	644	62	63	5	16	37	104	5	70	4	2	6	187	111	116	166	27	88	24	20	188	0	0	15	323	43	28	96	1	97	8	29	70	10	23
hsa-miR-412-3p	12	29	8	7	16	19	19	29	23	12	31	16	8	8	5	21	2	11	9	12	9	8	2	19	13	25	13	20	39	15	15	12	10	17	19	15	5	10	9	11	15	39	14	13	10	7	21	6	20	23	15	18	3	45	16	28	24	26	16	28	29	16	10	19	11	21	15	57	5	23	30	25	13	11	12	14	6	6	5	0	2	23	2	8	2	32	31	19	14	12	19	17	10	17	19	4	10	21	11	18	23	26	19
hsa-miR-412-5p	13	14	7	2	65	7	5	16	60	12	24	9	1	8	30	122	37	38	20	7	8	3	2	4	26	44	75	16	37	8	11	15	3	13	26	8	8	13	36	2	3	22	7	82	41	22	16	6	21	16	16	13	29	20	14	17	17	16	10	22	18	49	11	20	50	71	16	26	99	21	13	6	12	9	9	0	3	1	1	1	51	8	33	33	2	21	6	18	29	6	3	5	25	3	34	59	3	25	7	13	58	11	11
hsa-miR-421	49	33	25	8	116	83	38	69	402	40	113	69	3	45	52	342	169	216	186	16	70	40	13	21	44	54	242	18	93	49	76	24	24	29	58	28	20	62	30	68	20	192	31	135	37	43	201	18	63	38	347	24	202	108	59	37	30	58	2	14	24	166	34	27	328	92	256	34	552	224	34	7	7	28	225	3	14	6	4	2	70	126	33	60	25	74	26	45	201	5	30	19	238	147	45	189	23	191	10	42	88	12	22
hsa-miR-422a	6	6	10	1	6	5	9	12	16	12	35	12	0	0	0	4	3	14	6	0	5	2	4	0	8	0	2	0	0	7	0	0	0	0	9	0	0	0	0	27	0	9	16	7	1	2	4	7	6	5	4	5	4	6	1	11	8	1	6	6	2	6	5	2	5	3	0	13	7	7	26	8	0	0	14	4	0	0	0	0	0	0	0	0	0	10	13	0	13	7	1	0	5	13	0	1	3	0	14	0	11	0	0
hsa-miR-423-3p	704	1248	613	425	16786	3093	2924	5652	9654	1131	2682	1621	756	3347	3162	22935	13589	18054	14360	381	7489	3811	1929	1804	3066	1737	9243	610	4799	2001	1583	859	717	1781	2331	758	1190	1693	817	2149	683	6609	800	8503	4101	2565	9654	830	1515	1469	8174	842	6512	3608	1791	1386	1240	1899	160	1074	1371	7135	545	747	8303	5527	10839	414	11553	5509	1708	194	229	1685	6661	140	726	161	113	168	1582	3060	1684	2607	579	3482	711	1535	6867	147	673	668	5372	7362	424	2427	241	1102	192	1225	3243	382	531
hsa-miR-423-5p	13427	9932	3394	1459	27329	8056	7371	10303	17885	8644	8058	4650	6849	10948	8425	44190	19271	49692	21207	1847	22711	17046	16853	13695	10919	7473	19049	8323	39882	17318	23568	15335	12111	27566	11788	5614	7032	10780	8821	15562	5162	24414	12165	27370	25227	21892	39450	7029	7822	7698	31217	9762	13658	18246	16001	15842	6972	7200	1673	6350	8431	17704	4546	7782	19320	30130	21700	2417	23499	44390	14900	8769	2385	9490	19505	1375	9283	3013	2004	1195	4728	20768	7510	9219	1504	14672	6886	14386	22983	1946	5199	5780	16252	33192	7956	19971	8187	9772	6103	19004	29137	4699	5777
hsa-miR-424-3p	15	10	8	2	10	16	16	17	31	7	11	12	4	12	11	17	10	20	11	5	15	5	3	10	3	7	8	0	13	0	0	1	0	0	6	10	3	5	4	9	7	21	17	16	15	22	26	18	28	49	49	31	9	42	33	53	53	14	30	27	26	31	27	42	66	7	18	35	16	26	11	2	0	8	14	1	0	0	0	0	0	0	0	0	0	8	8	12	9	0	10	0	10	12	0	10	13	19	0	0	0	9	5
hsa-miR-424-5p	15	23	46	4	16	40	52	19	197	74	301	89	11	38	43	21	25	15	89	21	19	9	8	12	47	107	20	14	16	20	18	6	10	6	7	16	3	21	24	124	42	97	11	26	25	12	13	21	87	19	31	6	21	35	14	17	14	9	9	15	10	41	6	3	50	13	21	13	12	9	11	21	5	6	7	2	2	0	0	0	15	10	8	5	91	33	11	33	36	5	16	11	49	24	47	115	12	189	23	16	23	7	21
hsa-miR-425-3p	113	136	84	49	2001	301	332	426	1856	175	609	426	63	588	277	4506	2000	3000	2483	27	796	382	80	175	428	259	2129	300	893	297	309	168	90	330	313	86	169	247	194	348	145	1077	66	820	1492	262	1568	101	265	180	2194	96	1466	1030	468	337	295	144	21	64	120	1376	320	262	2261	656	2085	55	3987	1489	243	33	66	363	1890	27	399	41	15	23	586	547	402	590	134	372	89	162	1066	33	113	89	1507	3229	268	2834	146	1532	71	287	476	109	227
hsa-miR-425-5p	2938	4212	1651	1061	29060	6239	5327	9636	29810	4457	8484	5522	943	10541	6004	38370	29764	35922	22347	711	11354	6484	2439	2651	5687	4925	18622	1227	6984	2717	3449	1450	752	2184	6068	2123	3223	7017	2783	5003	1838	15012	1580	16315	9690	5062	13054	2241	3840	4708	28071	3266	18542	13199	7874	4663	3805	5099	462	2579	3137	29098	4435	4774	42103	6591	13875	1042	15903	9516	3075	942	516	3381	14620	298	1303	404	179	289	3270	4018	3943	6320	705	9593	2212	5729	14387	554	5488	1261	19130	13376	837	2440	426	3875	317	3023	7409	884	929
hsa-miR-4251	8	10	2	0	3	318	793	10	377	217	377	323	15	4	20	3	0	2	2	17	1	5	0	57	5	44	1	6	10	13	5	17	8	14	171	162	19	4	5	4	12	293	114	100	115	238	240	335	562	1517	455	524	225	513	665	592	1103	286	367	545	390	448	504	922	1022	27	19	32	8	14	133	13	17	12	10	8	8	5	3	0	0	17	2	8	1	9	43	0	0	0	3	3	5	9	12	0	15	11	14	5	20	15	4
hsa-miR-4252	26	20	14	2	6	10	14	54	14	1	15	8	8	1	7	12	3	13	13	5	9	10	7	7	10	10	11	7	0	0	0	0	0	0	0	4	12	7	5	2	9	12	17	7	4	6	10	8	8	11	10	20	2	11	13	12	24	10	6	16	9	5	3	9	10	12	0	27	0	13	10	12	0	0	0	0	0	0	0	0	0	0	0	1	0	38	0	12	0	0	19	0	1	11	0	0	15	0	5	0	4	1	5
hsa-miR-4253	11	5	6	0	1	18	22	9	19	9	13	15	6	1	6	9	1	4	5	13	4	0	3	9	3	17	6	8	0	6	5	0	12	13	15	0	0	0	0	3	0	21	17	12	9	10	15	21	25	40	16	49	12	27	31	24	45	11	17	38	20	4	13	32	27	15	6	16	0	13	12	8	0	0	0	0	0	0	0	0	0	0	0	3	0	12	0	15	0	0	2	11	5	13	26	0	32	13	11	10	10	4	7
hsa-miR-4254	40	17	14	9	13	135	391	50	158	235	368	620	35	11	28	16	6	20	9	24	24	5	8	34	16	32	15	46	47	52	16	18	31	47	158	105	18	27	21	18	20	240	100	96	99	251	184	284	564	1524	1462	1309	191	432	1225	599	1605	629	1384	962	671	449	1196	2249	3455	94	31	100	13	78	57	55	42	41	59	36	34	27	15	5	8	31	14	7	13	71	41	49	33	24	30	29	23	34	26	21	28	37	26	23	51	22	29
hsa-miR-4255	18	8	4	0	2	11	4	10	10	7	8	0	1	11	3	4	1	2	0	5	0	0	0	2	2	12	2	3	17	0	0	0	0	10	3	0	0	0	0	1	0	0	0	0	0	0	2	4	3	9	3	10	2	6	6	17	16	2	5	7	8	4	3	15	5	15	0	0	2	8	0	0	1	0	0	0	0	0	0	0	0	0	0	2	0	7	0	0	0	0	5	3	3	0	7	0	14	0	0	0	0	0	7
hsa-miR-4257	8	11	6	2	11	59	75	17	46	22	39	29	23	5	14	12	3	21	11	12	15	2	1	44	6	44	38	15	31	19	13	4	18	11	16	17	7	11	5	9	21	35	33	18	29	32	25	23	27	90	44	39	14	113	40	74	68	27	28	31	37	39	22	30	47	37	18	25	2	21	18	16	18	5	13	4	0	1	0	0	4	22	6	3	8	28	22	37	5	8	10	3	12	19	29	6	22	11	9	13	24	10	14
hsa-miR-4258	14	12	2	1	8	26	47	15	24	18	25	21	9	8	23	7	0	6	8	3	5	9	7	26	2	31	8	13	25	15	11	13	4	10	51	49	4	5	10	8	17	75	16	10	17	8	19	35	38	44	57	48	11	108	19	30	38	21	39	49	38	26	56	38	25	27	2	44	2	17	104	9	11	7	5	16	9	9	6	10	2	14	2	5	7	24	75	24	0	0	14	21	14	10	14	0	21	8	1	6	32	24	10
hsa-miR-4259	43	19	11	7	18	49	32	58	70	18	30	24	16	26	16	55	27	41	21	11	24	21	12	19	16	24	22	25	21	25	13	8	17	24	15	17	7	6	17	10	20	43	39	28	9	6	15	23	21	14	10	11	9	26	10	24	18	15	5	17	20	14	8	18	9	40	12	54	9	53	84	16	9	6	38	11	3	7	0	3	0	32	7	6	5	44	43	44	12	12	4	16	10	16	45	8	18	6	31	16	28	20	28
hsa-miR-4260	17	13	7	2	4	11	13	14	49	3	5	12	6	6	13	6	2	4	5	4	10	10	2	8	8	24	0	12	15	19	6	9	5	6	12	5	7	4	5	2	10	19	36	11	0	6	10	6	17	11	7	8	4	27	5	18	18	11	15	9	17	10	4	21	2	26	3	61	0	15	30	4	22	7	0	0	5	3	1	0	0	20	5	8	1	42	35	22	0	0	19	16	4	12	8	0	24	3	15	9	26	18	10
hsa-miR-4262	17	16	10	6	14	10	9	48	11	8	8	0	4	12	4	18	4	19	5	4	20	5	1	1	7	8	6	3	11	5	0	0	0	7	3	0	0	0	0	3	0	8	10	9	4	1	1	3	14	12	8	10	3	10	5	16	7	8	4	10	13	8	6	6	7	10	0	16	3	0	14	10	0	2	0	0	0	2	0	0	2	15	0	3	3	0	14	0	0	0	5	0	2	0	14	0	9	0	15	0	15	0	6
hsa-miR-4266	1	8	2	0	2	13	15	8	17	7	22	10	0	0	0	5	3	6	1	0	0	0	0	0	1	0	2	13	0	10	0	0	0	0	10	6	0	3	3	1	8	14	8	4	6	4	14	9	8	11	10	5	8	14	4	20	16	4	9	12	4	17	3	21	18	6	2	42	1	13	0	4	4	0	0	0	0	0	0	0	0	0	0	1	0	12	11	7	0	0	0	0	0	0	11	0	0	15	0	0	0	0	0
hsa-miR-4267	5	10	1	4	4	14	15	6	22	8	13	6	0	0	0	6	0	2	2	0	3	8	4	0	2	0	0	12	17	0	0	4	19	7	0	7	1	6	1	4	16	31	11	10	7	8	2	5	13	12	9	18	3	17	11	33	14	11	12	21	13	13	5	11	14	9	3	24	0	7	14	11	2	2	3	14	4	0	0	3	4	13	0	0	5	24	13	18	0	0	5	15	7	12	18	0	12	22	8	14	12	4	11
hsa-miR-4268	20	22	13	5	4	17	20	45	46	16	29	14	20	13	12	19	5	14	10	4	15	3	9	12	6	22	3	13	20	10	10	10	8	14	12	6	5	8	4	5	10	27	21	10	10	11	8	22	30	42	23	22	12	51	16	34	33	30	23	27	34	19	12	46	45	42	9	64	0	34	27	15	8	6	4	13	5	3	5	0	2	22	0	1	4	23	31	14	13	7	20	10	8	14	29	7	13	11	10	15	28	9	11
hsa-miR-4270	7	3	0	2	6	12	5	14	8	4	0	5	0	0	0	6	4	3	4	0	13	2	3	0	5	0	4	4	0	6	0	1	0	13	0	0	0	0	0	3	0	12	5	4	4	2	0	0	6	9	4	8	3	10	3	7	4	4	3	15	5	0	0	6	2	10	3	14	0	8	0	5	2	0	0	0	0	0	0	0	0	0	0	2	0	13	12	0	0	0	5	12	5	0	0	0	21	7	0	16	4	0	0
hsa-miR-4271	12	11	9	4	9	12	18	26	21	7	16	12	4	11	4	15	7	26	5	6	12	2	9	13	3	15	4	9	0	7	0	21	6	0	13	10	4	4	3	4	4	15	16	4	12	6	20	10	19	30	19	19	12	40	32	32	25	42	14	42	40	36	26	38	36	16	26	67	10	26	19	13	0	4	0	0	0	0	0	0	0	10	0	4	2	27	12	10	8	3	0	6	0	12	14	14	0	10	5	11	0	4	6
hsa-miR-4272	6	85	0	0	5	1	8	12	15	2	0	0	5	4	6	4	4	1	2	4	0	0	0	7	0	17	3	6	0	6	0	2	0	0	0	0	0	0	0	1	0	15	9	4	3	1	8	10	5	3	12	5	3	9	6	11	3	0	4	11	4	1	0	3	0	10	0	12	0	0	0	8	4	0	0	0	0	0	0	0	0	0	0	1	0	13	0	0	0	0	5	0	2	0	0	0	2	3	0	0	13	10	0
hsa-miR-4273	13	13	6	2	10	2	6	8	10	4	0	0	3	2	9	7	0	6	3	7	5	6	12	10	10	15	6	8	0	0	0	1	6	0	13	10	3	2	5	2	5	20	10	6	6	1	1	8	17	1	5	1	6	16	9	10	7	4	6	11	4	1	9	1	1	5	3	13	0	18	62	4	0	6	2	13	0	0	0	0	0	0	2	2	0	19	41	15	0	0	0	4	0	9	0	0	0	5	0	7	11	5	10
hsa-miR-4274	30	21	12	11	58	18	46	54	174	26	35	25	19	27	17	25	10	28	7	25	13	9	17	14	14	40	4	51	31	36	20	40	39	31	31	32	14	18	15	19	19	59	35	21	18	28	30	27	42	41	35	30	22	322	23	65	35	29	35	62	34	24	19	28	13	68	10	2199	12	89	72	33	14	9	24	25	69	84	68	109	3	57	9	9	8	71	73	82	21	18	20	203	13	28	48	23	30	27	29	48	52	35	29
hsa-miR-4275	61	16	8	5	14	11	33	69	28	6	14	11	17	14	4	25	2	13	20	6	5	11	7	10	12	20	4	12	49	15	9	14	10	19	19	9	5	10	4	9	6	31	23	17	10	8	18	7	15	18	23	8	8	20	10	35	17	14	12	30	27	10	10	21	9	35	14	40	7	31	14	16	5	12	16	7	1	1	1	0	2	34	22	8	9	32	23	19	9	10	53	7	17	18	20	9	9	3	10	12	24	14	6
hsa-miR-4279	18	17	7	8	19	12	20	24	16	7	23	13	7	17	11	10	9	19	9	9	9	3	2	6	5	31	21	13	12	7	0	13	0	0	17	6	6	8	12	13	9	27	19	8	17	9	10	14	11	15	8	13	7	25	18	19	17	12	11	26	14	16	6	15	16	16	3	52	2	23	20	17	4	5	12	8	4	0	0	0	4	15	7	6	4	19	24	16	12	2	6	7	8	11	18	8	6	8	9	0	16	7	16
hsa-miR-4280	0	0	4	3	0	4	5	9	26	7	0	9	1	11	3	3	4	3	3	2	4	3	3	2	6	6	1	3	26	3	10	0	1	0	0	0	0	0	0	2	0	10	4	3	2	9	3	6	4	7	4	7	1	5	5	12	7	7	0	9	5	0	1	4	5	13	0	14	2	4	6	7	0	2	0	0	1	0	0	0	0	12	0	0	4	6	0	0	0	0	7	11	1	3	0	0	11	0	0	7	0	0	6
hsa-miR-4281	7	8	3	2	3	19	53	8	50	31	83	46	9	4	5	3	3	15	6	6	2	2	3	24	13	65	4	5	11	0	0	0	0	0	25	13	5	1	6	32	18	26	11	8	8	19	14	17	46	47	23	43	12	16	40	18	51	18	45	60	19	13	28	57	31	12	0	15	1	0	12	7	0	0	0	0	0	2	4	0	0	0	0	0	0	15	0	11	0	0	5	8	1	0	0	0	9	0	0	0	0	10	3
hsa-miR-4282	9	17	5	3	4	12	8	10	6	1	11	7	12	4	7	6	2	5	1	7	8	2	4	8	2	13	4	7	13	11	0	6	11	0	9	9	2	3	5	4	14	16	16	8	0	2	2	5	15	5	1	4	4	4	6	12	5	5	8	5	7	6	8	7	3	11	1	14	0	6	33	12	3	2	0	0	3	0	0	0	0	0	5	0	0	21	19	7	0	0	10	5	3	17	13	0	5	3	15	8	11	14	6
hsa-miR-4284	24	11	8	4	12	2	12	14	19	5	10	6	15	8	10	8	4	16	2	12	13	2	4	10	15	12	3	20	14	32	0	12	6	18	10	11	4	9	7	6	5	20	12	11	8	8	5	16	11	11	8	11	2	56	12	73	20	8	14	21	9	5	8	16	6	7	8	23	2	15	20	6	4	2	3	10	3	0	2	4	0	24	0	0	4	18	24	25	10	3	6	10	1	14	16	0	16	6	12	15	8	5	10
hsa-miR-4285	8	11	2	3	8	17	14	39	17	7	23	23	9	5	7	11	2	12	5	10	8	3	4	8	10	12	4	2	10	10	0	7	13	0	10	7	2	4	2	3	10	17	13	9	4	10	7	5	12	24	29	11	4	47	9	19	16	15	18	23	15	10	9	24	23	10	3	15	3	18	11	1	0	4	0	0	0	0	0	0	0	0	0	5	0	18	17	0	10	4	11	0	1	15	12	3	5	0	0	5	0	0	0
hsa-miR-4286	65	62	46	43	511	446	325	424	1164	129	330	198	37	301	201	1244	1353	502	1214	33	324	259	80	110	224	206	643	35	116	99	62	45	23	33	94	34	35	52	25	27	30	200	33	117	125	55	131	29	63	38	225	22	141	200	51	35	37	38	8	34	19	107	27	26	145	61	121	37	133	141	31	8	9	30	90	9	16	10	4	4	43	91	27	41	69	81	26	40	198	12	20	23	259	332	48	160	28	85	13	47	91	14	25
hsa-miR-4287	7	8	2	0	4	4	5	12	8	1	6	4	2	2	10	2	1	7	2	3	0	0	0	10	2	11	0	6	10	0	12	0	0	0	8	0	0	0	0	2	0	14	12	7	6	1	3	9	14	6	11	6	3	15	2	17	13	10	4	8	7	8	17	5	3	0	5	20	3	17	27	8	0	3	0	0	0	0	0	0	1	8	2	1	10	18	20	0	5	2	0	0	3	11	17	5	7	16	6	0	16	2	8
hsa-miR-4288	20	10	9	3	7	39	16	16	22	12	34	29	12	4	11	10	4	10	5	26	16	3	2	48	12	64	2	41	27	25	24	20	20	12	32	17	8	5	17	7	28	49	66	18	13	17	12	15	31	29	17	17	17	46	25	37	24	17	27	27	34	25	9	17	13	48	8	69	7	33	63	14	9	15	19	18	4	11	7	1	3	39	10	9	10	99	72	131	13	11	12	19	7	26	21	12	29	20	68	21	28	21	33
hsa-miR-429	14	9	32	1	10	122	62	6	250	245	1137	157	39	3	37	12	14	14	17	22	6	5	2	31	71	50	14	0	10	10	8	0	2	6	26	23	11	5	10	379	206	107	14	15	6	16	18	22	137	6	10	7	14	17	9	13	12	9	6	8	5	7	1	0	9	0	10	19	0	0	10	3	0	0	3	0	0	0	0	0	0	0	0	0	0	8	9	0	7	4	7	13	10	18	0	4	13	10	0	12	0	9	4
hsa-miR-4290	29	24	11	1	20	13	30	43	64	9	48	17	13	19	8	26	6	31	9	16	28	4	7	20	12	58	7	26	26	14	18	12	14	36	29	31	12	8	16	18	18	62	28	16	17	18	21	28	35	22	24	17	8	44	33	33	29	31	24	29	31	19	33	49	43	35	9	103	13	43	104	31	6	17	11	25	8	3	3	0	4	18	13	8	9	46	180	64	23	11	20	17	9	25	26	10	19	9	18	39	51	20	7
hsa-miR-4291	14	8	0	0	9	7	4	19	10	1	0	5	0	0	0	6	1	8	0	0	0	0	0	0	3	0	5	8	0	0	0	0	0	0	0	0	0	0	0	3	0	5	11	7	4	1	0	0	0	9	5	7	1	7	7	11	6	4	12	15	4	4	3	9	5	13	5	13	1	3	13	18	0	0	0	0	0	2	4	0	0	0	0	1	0	15	0	0	12	1	0	0	0	5	10	5	0	0	0	0	0	0	3
hsa-miR-4292	6	12	3	2	20	7	20	23	48	10	14	7	4	5	8	14	6	26	12	4	13	5	2	6	11	16	7	6	0	0	0	0	0	14	11	0	0	0	0	4	0	15	11	5	5	4	8	9	14	25	17	17	6	17	14	23	22	22	14	29	19	8	4	7	12	13	0	160	1	0	0	7	0	0	0	0	1	0	0	0	0	0	0	0	0	0	0	0	0	0	3	0	1	0	3	0	12	0	0	0	3	0	0
hsa-miR-4293	11	9	11	7	15	18	33	21	130	10	34	26	14	3	8	11	8	17	8	7	9	5	3	9	8	25	5	16	13	13	3	0	1	5	13	16	11	11	6	5	15	34	12	11	14	10	8	14	18	22	19	14	9	14	12	26	24	17	16	25	12	7	12	10	13	20	5	41	2	16	8	10	10	2	11	7	4	0	0	4	1	12	0	4	1	17	20	14	0	0	7	14	7	6	0	0	21	7	11	9	0	9	16
hsa-miR-4294	1	7	7	1	3	35	14	20	25	14	21	10	5	8	6	5	2	17	8	8	7	6	3	1	2	22	6	0	0	15	6	0	5	0	19	15	0	3	3	7	5	37	9	3	3	5	10	6	23	8	8	11	6	31	7	12	7	8	3	31	15	2	7	9	8	6	1	375	1	0	0	1	0	1	2	11	0	0	0	0	0	0	0	0	0	0	10	23	19	0	7	0	4	0	0	1	5	5	0	12	0	14	0
hsa-miR-4297	9	6	0	2	5	5	6	44	7	3	14	4	3	2	11	6	1	10	1	1	3	2	0	5	1	7	0	12	0	6	0	4	10	15	2	0	0	0	0	2	0	6	6	4	2	9	0	0	9	10	3	12	3	5	7	11	5	9	5	16	8	5	6	1	5	13	9	19	0	11	15	9	2	0	0	0	0	0	0	1	0	0	0	1	0	17	10	18	14	3	2	8	3	3	0	4	3	0	0	8	12	6	6
hsa-miR-4298	10	13	1	0	7	13	12	12	14	4	17	5	0	0	0	4	3	6	6	0	0	0	0	0	4	0	3	4	13	0	0	17	0	0	0	0	0	0	0	2	0	13	7	1	6	3	20	18	12	24	15	11	5	13	6	17	17	9	11	16	16	6	7	14	7	26	4	38	3	12	15	3	0	1	0	0	0	0	0	0	1	10	0	3	5	9	0	12	0	0	7	0	2	0	0	0	11	0	3	0	13	2	0
hsa-miR-4299	8	10	2	2	5	22	6	10	23	3	0	13	0	0	0	5	4	8	8	0	10	1	9	0	0	0	1	0	0	0	0	0	0	0	0	0	0	0	0	0	0	0	0	0	0	0	0	0	0	5	7	4	3	16	7	4	7	7	8	13	4	4	6	10	4	10	1	17	2	11	0	3	10	0	0	0	0	0	0	0	0	0	0	0	0	0	10	0	0	0	0	0	0	0	10	0	0	0	0	0	7	0	0
hsa-miR-4300	22	23	11	4	16	10	21	18	20	3	12	12	2	13	7	13	5	8	22	2	22	4	11	5	14	10	11	3	14	10	0	4	2	10	11	0	0	0	0	3	0	23	6	5	12	15	7	13	17	15	15	23	8	22	17	22	29	16	12	28	12	3	11	19	17	14	1	18	3	9	0	6	2	5	0	0	0	0	0	2	1	11	0	0	4	17	0	0	0	0	7	13	3	3	0	0	4	0	11	12	0	0	0
hsa-miR-4301	37	19	10	2	26	156	131	22	168	37	75	111	53	8	64	46	22	26	37	63	19	17	7	93	10	168	22	122	163	151	74	53	115	99	70	60	34	104	28	39	64	183	145	80	35	55	78	61	103	52	56	49	40	145	65	109	64	232	154	360	323	75	25	41	66	182	101	163	58	174	106	90	52	66	70	57	14	35	26	8	41	183	55	38	20	183	175	220	109	49	151	89	76	126	282	111	188	283	125	97	214	73	83
hsa-miR-4302	19	31	27	5	25	54	70	35	60	17	54	38	33	18	44	24	8	32	16	25	37	16	8	31	16	83	16	39	55	43	21	13	30	40	34	36	7	16	20	18	32	86	72	36	24	25	35	53	47	33	44	46	51	93	45	65	55	41	44	81	66	34	35	39	25	68	20	85	20	83	209	27	19	8	11	36	7	6	6	3	3	59	19	14	10	61	122	71	32	21	30	30	16	42	47	32	30	46	40	31	51	34	50
hsa-miR-4303	30	24	16	7	10	227	372	32	239	93	132	135	34	20	35	22	9	23	13	46	15	6	11	66	10	75	9	8	19	13	0	10	4	0	111	88	7	8	5	7	12	146	48	52	75	93	110	127	188	483	250	259	73	236	324	249	474	189	239	335	296	199	214	453	514	37	6	107	5	35	18	25	22	12	14	14	8	8	6	0	4	27	0	9	2	28	37	24	12	11	5	12	13	20	11	8	8	13	10	17	24	21	9
hsa-miR-4304	14	9	5	2	40	46	160	35	629	14	60	32	17	38	38	88	87	96	50	11	48	32	6	13	45	145	11	17	23	26	12	14	7	12	31	12	10	9	15	18	13	49	9	49	88	6	56	11	32	12	22	15	11	26	12	22	13	14	11	29	15	33	17	14	49	21	22	54	71	51	37	8	7	6	29	9	20	5	3	2	18	48	11	36	7	18	13	18	41	2	4	5	39	18	38	34	8	54	3	11	23	4	20
hsa-miR-4305	29	26	6	15	18	6	19	76	44	13	30	33	9	17	16	21	5	17	7	8	11	4	6	9	7	15	3	17	16	9	15	16	9	14	16	17	5	11	7	4	7	42	51	25	8	18	12	16	18	16	25	24	8	46	22	125	16	26	33	50	28	12	21	20	5	18	8	30	5	27	33	17	8	1	7	7	5	4	5	1	1	20	0	2	2	21	21	25	16	7	18	13	7	21	5	10	10	15	5	11	19	8	9
hsa-miR-4307	164	13	5	0	7	4	15	101	11	4	16	3	6	7	4	3	5	10	9	7	0	0	0	10	8	12	1	4	11	11	0	0	0	0	6	6	4	0	0	3	5	15	18	3	6	8	0	5	7	5	6	7	7	12	6	55	10	9	15	3	4	8	11	4	7	0	2	14	0	13	10	10	3	0	0	0	3	0	0	0	0	0	19	0	0	12	0	0	10	7	87	0	2	0	0	0	14	0	0	0	6	0	4
hsa-miR-431-3p	29	24	5	5	108	25	45	53	51	71	61	169	9	31	14	161	26	30	18	4	38	9	2	18	17	20	93	12	23	3	7	10	6	11	55	26	5	3	9	5	8	78	12	54	41	64	125	68	78	185	208	214	50	115	159	78	220	110	118	263	89	103	176	180	214	53	68	23	95	24	21	19	6	6	21	4	16	3	7	3	21	20	14	19	2	16	12	9	28	8	19	10	25	46	25	21	10	23	9	14	23	6	5
hsa-miR-431-5p	42	33	67	116	2297	257	438	205	1665	194	400	118	42	1102	549	5435	1182	979	384	69	248	469	195	150	574	539	2731	59	414	29	124	67	66	68	246	146	94	153	423	153	107	1715	52	1286	564	440	2546	111	268	237	4053	128	1404	1010	201	328	113	201	34	81	202	1730	112	75	3248	621	1514	41	1956	161	283	24	24	116	323	18	238	25	6	15	318	255	359	421	50	488	74	88	958	21	5	73	641	507	58	152	12	185	17	213	557	57	57
hsa-miR-4310	10	6	1	4	11	0	0	4	0	0	10	13	0	0	0	3	2	5	5	0	3	4	2	0	0	0	3	0	0	0	0	0	2	0	14	10	0	3	7	4	6	22	11	1	3	6	0	0	5	6	7	2	1	5	4	6	10	0	5	5	4	4	0	2	0	0	0	25	0	0	38	4	11	0	0	0	0	0	4	0	0	0	0	1	0	11	18	13	0	0	4	0	4	0	0	0	6	0	10	7	0	4	0
hsa-miR-4311	10	4	1	3	7	7	10	15	13	5	18	6	4	4	7	4	3	5	1	4	9	3	3	3	6	20	2	7	0	22	0	8	4	12	3	6	3	2	3	6	10	14	7	1	5	8	5	14	0	6	5	9	1	17	7	14	0	8	9	10	6	2	6	5	2	12	1	34	4	13	36	12	5	2	15	4	1	0	0	1	0	0	0	2	0	10	27	12	0	0	0	0	0	0	16	0	0	12	0	5	10	0	2
hsa-miR-4312	15	10	9	4	15	18	12	120	18	18	23	19	5	6	8	11	7	16	8	9	5	13	8	7	9	19	11	11	61	13	15	8	0	9	8	16	5	6	8	7	5	26	23	12	7	18	13	14	23	30	23	24	9	29	13	29	26	25	20	37	22	15	11	30	34	66	6	39	16	30	30	6	16	5	15	6	2	2	3	1	1	23	0	7	21	13	22	13	12	3	5	6	7	13	19	9	26	18	22	0	25	8	6
hsa-miR-4316	8	8	7	1	6	8	20	14	20	10	16	11	10	1	19	7	2	11	7	16	7	0	3	8	10	26	9	23	31	27	5	15	16	32	13	6	11	4	17	8	10	29	24	13	3	11	12	14	20	11	9	13	9	15	17	30	11	20	8	13	20	14	11	10	3	29	17	32	2	58	36	9	13	9	0	0	3	1	3	0	6	40	0	4	3	39	23	19	18	7	14	24	11	24	29	18	24	19	26	17	23	18	17
hsa-miR-4317	14	19	10	11	19	19	25	24	157	18	47	55	13	22	22	25	24	33	26	4	33	21	10	13	9	40	26	9	11	7	4	5	4	0	18	10	1	6	8	11	14	29	17	12	3	5	6	10	17	8	7	4	7	12	5	23	7	7	3	9	8	3	5	4	1	19	3	25	5	11	31	21	6	1	4	11	0	0	0	0	0	0	5	0	0	20	104	17	0	0	5	2	5	11	5	0	0	10	22	8	22	17	9
hsa-miR-432-3p	7	10	9	3	11	7	14	13	13	4	12	8	10	7	11	13	2	7	7	10	4	0	5	9	0	11	13	8	14	0	0	0	0	3	0	9	3	2	4	5	10	19	5	17	22	4	11	6	10	11	22	9	4	20	5	11	30	16	8	15	11	7	4	13	20	7	9	18	7	8	7	8	0	2	0	0	0	0	0	0	0	0	3	1	0	17	18	0	0	0	14	0	4	10	0	0	4	2	5	0	0	6	0
hsa-miR-432-5p	311	201	160	199	4791	1116	2034	1256	2966	1175	1759	770	839	1158	1668	10236	1795	1575	779	402	981	1323	1141	1339	1370	1371	4432	1003	2820	199	1308	1031	1227	951	959	791	509	687	1912	893	820	4451	376	2923	2603	2511	11374	785	1238	1406	7036	1106	1951	4853	1475	3209	1199	1354	516	1690	2946	5666	2058	1270	5357	9365	6510	258	6342	2314	3339	237	153	1373	1247	135	2913	340	158	89	882	3522	2275	1640	171	2031	621	675	4760	90	38	757	2945	2491	1263	2612	298	1518	305	1649	3077	395	707
hsa-miR-4320	11	14	0	1	3	0	0	12	11	2	0	0	0	0	0	0	0	0	0	0	14	0	1	0	0	0	0	0	0	0	0	0	2	0	0	2	0	3	2	3	3	0	0	0	0	0	0	0	0	0	0	0	4	10	0	0	0	0	0	1	0	0	0	0	0	0	0	13	0	0	0	4	0	2	0	0	0	0	0	0	0	0	0	0	0	10	4	0	0	0	0	0	0	0	0	0	0	40	0	4	4	0	0
hsa-miR-4322	20	19	7	5	12	27	39	33	28	10	25	20	5	12	21	8	4	17	9	15	37	11	3	12	13	44	14	15	63	18	10	12	9	11	34	14	5	10	11	7	19	43	24	16	22	10	24	18	29	27	20	39	8	30	16	29	34	22	19	21	21	17	9	19	18	55	14	100	5	32	34	10	9	7	18	12	3	8	2	2	1	23	13	2	4	70	26	43	19	14	26	16	9	13	53	5	25	14	14	14	25	23	10
hsa-miR-4323	16	20	10	3	8	9	6	37	8	8	16	13	6	12	13	4	0	8	8	1	14	0	5	1	2	13	4	10	10	8	0	6	4	14	14	2	3	4	11	4	6	15	10	3	5	9	5	6	6	8	7	6	8	77	7	18	8	13	10	13	11	8	4	9	2	21	4	15	2	22	11	8	9	6	0	0	1	3	4	1	1	12	0	8	1	17	14	0	0	0	15	11	9	7	7	0	12	0	0	11	12	0	5
hsa-miR-4324	5	16	12	7	11	20	15	15	38	37	86	29	20	11	13	19	5	10	9	11	13	6	6	12	25	55	8	14	15	34	18	9	11	21	18	14	2	10	7	46	29	36	13	6	11	18	9	8	34	8	17	10	15	41	13	31	11	7	16	14	15	16	24	26	14	30	8	31	11	26	86	19	5	9	6	23	6	3	1	3	1	17	8	3	1	31	101	41	14	5	19	3	10	14	53	8	21	23	16	18	27	11	8
hsa-miR-4325	5	18	15	7	10	7	7	8	12	15	14	5	8	15	11	12	2	11	4	1	12	7	5	9	11	8	1	12	0	9	11	5	0	0	9	8	7	14	13	5	5	21	4	12	5	5	8	6	10	6	7	9	5	11	4	8	16	4	4	9	6	12	0	10	8	0	0	15	4	17	3	14	0	3	0	0	0	0	0	0	3	16	0	5	4	10	11	19	0	0	19	8	12	9	27	0	19	32	19	0	0	0	0
hsa-miR-4326	28	31	12	8	51	23	125	62	110	27	50	44	46	53	71	11	59	73	126	44	35	38	13	58	18	50	49	18	56	14	33	13	21	32	46	29	16	20	14	32	19	88	29	47	62	38	55	29	67	85	56	49	64	112	94	90	57	66	22	65	61	29	27	52	97	41	46	89	85	79	24	15	14	35	86	8	5	7	5	3	23	41	16	8	8	72	27	49	15	11	25	17	100	41	43	2	18	19	12	14	66	26	14
hsa-miR-4327	32	18	13	6	27	27	42	39	56	13	23	30	14	13	12	14	3	39	15	16	30	7	14	10	13	25	14	16	25	13	6	17	6	10	23	22	1	12	9	4	7	45	11	5	21	22	17	27	27	38	32	31	12	640	13	35	32	24	16	36	24	10	11	12	27	29	6	165	2	26	17	9	4	10	42	11	5	0	0	4	1	11	0	3	3	27	23	21	10	5	3	14	8	11	25	15	22	14	19	26	22	17	11
hsa-miR-4328	5	6	0	1	4	8	6	5	12	9	15	31	11	7	7	4	0	5	3	17	4	1	0	7	1	12	0	43	158	38	32	14	12	20	21	10	11	10	10	8	23	34	19	5	2	7	14	3	21	5	7	10	2	41	12	24	19	23	13	18	18	8	7	42	13	112	7	28	4	29	44	49	52	6	12	25	3	9	15	0	2	37	12	16	7	56	31	27	10	6	32	40	8	29	14	0	28	11	14	32	69	80	31
hsa-miR-4329	28	12	5	4	14	15	22	31	27	12	17	15	9	10	15	9	5	20	8	23	9	3	6	21	6	13	6	4	0	0	0	0	0	5	22	0	0	0	0	3	0	24	5	7	9	8	7	17	13	15	13	7	7	16	27	24	22	18	7	5	12	12	6	15	27	6	0	27	2	0	19	3	6	0	10	3	0	0	0	0	3	15	0	0	4	12	10	0	0	0	0	10	0	0	15	0	0	0	4	0	15	0	0
hsa-miR-433-3p	16	6	18	5	34	27	50	20	54	22	24	27	6	16	21	86	12	19	13	3	12	8	7	15	9	27	32	9	20	11	5	3	9	11	21	10	3	4	9	10	6	52	12	29	15	14	110	17	32	35	52	23	23	67	13	41	23	9	9	29	22	30	17	20	29	32	46	24	39	16	67	9	8	8	11	13	4	2	1	4	2	21	7	2	2	27	26	25	24	4	6	13	14	19	10	4	26	17	17	11	29	11	10
hsa-miR-4417	13	10	6	0	11	22	35	15	25	12	20	18	27	12	15	9	4	9	3	7	9	5	2	18	5	28	4	22	35	23	12	9	9	26	20	16	4	11	17	13	16	34	23	20	12	10	6	15	24	11	21	19	8	29	11	18	15	17	15	28	26	19	12	15	7	35	4	65	3	23	34	19	23	7	11	16	1	4	2	2	3	14	7	9	7	59	85	45	12	15	38	13	12	22	44	3	35	24	11	7	30	13	22
hsa-miR-4418	6	8	7	0	1	4	6	10	12	3	8	11	0	0	0	1	1	3	3	0	0	0	0	0	3	0	3	0	0	0	0	0	0	0	0	3	3	2	2	7	11	0	0	0	0	0	1	1	9	0	0	0	4	5	3	6	5	0	3	7	13	2	0	2	0	0	0	23	0	0	12	1	4	0	0	0	0	0	0	0	0	0	0	0	0	0	11	0	0	0	0	0	0	0	3	0	0	0	0	0	0	11	6
hsa-miR-4419b	10	20	9	0	10	1	9	19	12	5	7	3	2	7	5	25	2	10	9	3	0	0	0	3	6	23	4	8	0	18	0	0	8	13	13	7	6	1	3	2	13	15	4	8	9	3	4	1	13	5	4	6	5	14	8	13	6	7	7	17	6	10	4	7	7	17	7	31	0	25	24	11	0	5	0	0	0	0	0	0	3	13	0	0	5	10	12	21	0	0	3	11	6	15	17	0	9	0	6	16	0	7	0
hsa-miR-4421	4	9	0	2	9	12	12	13	20	3	16	11	25	2	20	14	4	13	4	35	10	6	7	10	3	25	3	27	42	31	18	27	22	25	15	10	2	10	6	11	17	37	36	29	15	10	20	13	24	15	24	20	21	37	18	38	18	25	18	33	26	27	13	25	15	53	24	46	23	95	26	13	15	8	15	7	1	0	10	3	8	31	14	7	23	54	27	35	21	10	21	21	14	28	50	24	33	48	36	30	40	12	22
hsa-miR-4422	10	10	0	4	6	5	11	12	9	3	9	10	0	0	0	0	0	0	0	0	1	0	0	0	1	0	0	1	0	0	0	4	0	3	0	0	0	0	0	3	0	0	0	0	0	0	0	0	3	11	13	6	3	16	7	14	1	6	12	12	11	15	6	8	13	5	0	14	2	11	0	0	0	3	0	0	0	0	0	0	0	0	0	0	0	0	0	0	0	0	4	9	1	0	14	0	12	3	0	0	0	0	0
hsa-miR-4423-5p	22	16	10	0	18	9	11	22	82	1	12	9	15	13	16	6	3	25	7	6	16	4	4	14	13	29	4	7	41	16	6	3	14	9	14	9	6	5	1	7	12	17	17	12	1	7	11	10	11	8	5	5	7	43	11	28	14	19	6	21	13	11	9	13	6	65	5	38	7	45	26	14	9	3	5	11	1	0	0	0	0	26	10	1	8	30	20	21	13	6	11	0	7	31	22	10	12	10	16	13	20	8	4
hsa-miR-4425	10	19	5	8	12	42	64	21	59	31	40	43	13	9	9	8	4	10	6	20	10	7	2	3	9	21	5	10	14	3	6	7	12	14	39	30	2	5	6	7	11	64	27	22	13	51	29	38	53	173	126	108	18	87	82	75	167	71	91	87	73	45	15	79	192	5	14	20	6	21	18	11	6	6	10	5	1	2	3	1	2	18	0	2	4	23	19	12	5	7	17	17	6	23	21	4	6	17	14	19	16	9	14
hsa-miR-4427	11	13	0	0	8	8	9	23	12	2	12	11	2	2	6	5	1	5	7	2	0	0	0	1	6	11	5	3	16	0	0	0	0	0	11	0	0	0	0	2	0	17	12	8	7	14	3	1	14	10	13	16	8	15	6	17	6	9	8	13	10	12	5	19	5	12	0	31	0	5	0	4	0	1	0	0	0	0	0	0	0	0	0	0	0	20	11	11	0	0	0	0	0	0	0	0	0	0	0	0	0	0	5
hsa-miR-4429	24	38	14	7	32	25	44	36	60	33	33	32	46	40	38	22	11	85	36	23	74	26	39	60	15	43	21	26	93	49	40	46	31	41	44	22	27	39	28	35	18	67	30	41	61	41	56	28	44	24	48	30	35	55	35	47	39	42	26	44	44	49	12	28	29	72	44	46	22	94	33	34	21	21	26	18	16	7	2	4	4	91	15	20	14	62	45	49	61	27	39	34	30	80	28	34	30	16	14	40	80	25	34
hsa-miR-4432	4	10	0	0	2	6	6	0	9	1	3	4	7	1	3	0	0	0	0	3	0	0	0	7	1	8	0	7	0	0	0	0	0	0	0	0	0	0	0	0	0	12	6	4	2	3	0	2	0	5	3	8	3	4	3	4	10	10	1	9	9	9	3	2	6	11	3	17	1	6	0	3	1	0	0	0	2	0	0	0	0	10	0	5	0	7	19	15	0	0	10	0	2	0	0	0	3	0	0	0	0	0	9
hsa-miR-4433a-3p	7	104	23	61	240	156	178	184	121	68	113	130	104	134	96	218	255	347	58	16	242	167	139	279	93	58	94	67	281	158	214	200	270	141	276	37	182	115	74	86	74	271	47	343	218	127	771	102	111	30	235	69	56	131	63	73	39	94	24	225	69	213	53	44	82	776	130	70	157	209	182	39	22	147	128	6	43	15	6	8	57	1259	111	118	60	145	52	104	508	3	12	151	420	154	39	317	38	26	19	113	291	24	86
hsa-miR-4433a-5p	18	4	3	4	301	47	17	20	48	84	115	31	4	17	105	358	6	38	305	7	17	69	9	7	26	81	130	37	16	10	5	81	60	82	21	7	51	38	52	14	15	153	9	196	259	6	501	9	18	32	21	9	11	38	599	12	140	14	9	70	83	9	141	229	284	16	10	18	770	681	618	5	14	11	214	16	76	99	68	130	4	21	0	0	67	120	38	8	13	2	10	62	240	451	12	55	7	71	9	59	25	13	46
hsa-miR-4433b-3p	41	15	21	15	123	39	86	147	138	16	53	23	9	146	29	196	187	241	33	4	47	14	24	50	46	20	72	47	86	36	56	28	44	29	62	19	13	30	18	61	23	124	14	50	139	28	136	18	43	18	204	10	44	46	18	32	7	73	15	55	34	178	37	15	139	174	61	67	32	38	28	25	7	90	124	12	63	9	1	9	59	94	44	44	36	47	25	33	157	9	15	15	126	85	23	549	20	38	8	42	72	12	28
hsa-miR-4433b-5p	89	664	152	320	2652	1321	1528	2572	1107	298	850	390	405	1002	634	3945	3335	3106	802	55	1464	615	604	1033	892	331	1629	481	3015	1151	1226	1016	1075	697	1841	337	657	513	336	481	609	2317	225	2340	1220	631	5171	540	634	274	2175	368	687	1072	516	729	263	840	215	1041	814	2700	406	332	1109	5757	1050	502	1362	1233	1118	129	139	1901	2424	80	351	112	47	39	722	4013	1172	1329	267	1547	616	831	4662	73	86	445	3489	1157	180	2021	218	192	98	714	2475	153	334
hsa-miR-4435	23	13	11	1	34	16	19	12	25	3	13	9	9	4	4	38	12	19	24	5	21	11	9	6	10	18	32	17	18	14	10	6	6	21	4	7	8	5	2	10	10	20	8	13	6	14	17	9	12	5	24	12	22	23	13	21	14	8	9	16	17	8	3	8	24	20	21	13	41	35	19	8	5	7	18	6	13	0	0	2	4	17	13	6	3	15	10	0	30	8	16	6	23	12	24	19	7	0	17	12	19	6	13
hsa-miR-4436b-3p	12	9	2	7	8	8	7	44	17	2	14	14	8	4	14	9	2	12	10	8	7	4	3	5	5	11	6	13	12	11	0	21	13	12	12	7	11	8	9	5	6	25	42	11	0	9	11	13	12	14	10	12	6	19	11	26	11	10	12	25	18	10	6	12	16	17	8	27	4	33	23	12	4	4	14	11	4	0	0	0	0	0	5	2	0	21	16	11	12	9	13	14	9	13	18	5	12	14	19	16	15	7	11
hsa-miR-4436b-5p	17	17	2	0	6	10	17	26	22	6	26	22	8	8	7	12	10	8	5	6	9	7	2	18	11	14	3	9	0	11	4	11	14	3	14	15	2	6	7	5	15	30	16	12	4	18	8	20	25	15	7	15	9	19	7	17	7	13	4	12	17	12	28	8	7	22	8	31	4	33	161	19	5	6	1	25	3	5	3	3	0	13	7	6	3	16	86	27	10	6	8	9	2	8	0	1	5	6	0	8	30	11	6
hsa-miR-4437	10	7	1	0	2	7	5	20	261	7	13	5	6	9	3	6	0	5	7	8	7	0	0	2	15	16	3	3	0	5	0	0	6	0	0	0	0	0	0	4	0	11	10	5	5	7	0	0	15	8	7	10	0	14	4	5	8	4	0	2	2	0	7	2	6	14	2	25	2	12	22	3	0	2	0	0	0	0	0	0	0	0	0	2	0	23	0	0	0	0	0	0	0	0	0	0	0	0	0	10	0	0	0
hsa-miR-4438	13	9	0	0	5	0	0	21	32	1	0	0	5	5	2	1	1	4	6	8	0	0	0	3	5	17	5	8	0	0	0	0	12	0	2	0	0	0	0	3	0	5	10	6	3	5	0	0	7	6	4	3	2	14	5	11	3	0	4	10	0	3	0	5	0	4	0	40	0	13	0	7	1	3	0	0	0	0	0	0	2	16	0	0	0	0	0	11	0	0	5	0	2	0	6	0	5	0	0	7	0	0	0
hsa-miR-4440	128	213	74	20	60	21	28	113	50	18	41	25	42	47	20	74	24	102	89	20	55	18	53	23	44	39	63	19	21	30	14	13	26	23	18	8	3	12	13	13	27	37	26	18	11	10	20	22	32	22	16	25	13	44	21	36	15	17	27	30	24	23	11	12	19	31	14	67	5	48	32	20	8	19	21	16	4	2	4	1	3	20	0	5	4	46	29	33	32	10	7	20	13	22	41	14	26	46	11	20	33	20	15
hsa-miR-4442	13	10	4	2	5	9	19	9	47	9	15	12	3	2	7	6	2	8	1	7	3	4	0	2	3	14	1	8	13	17	6	8	6	11	10	0	0	0	0	3	0	13	13	8	6	4	6	3	14	18	5	9	5	15	18	16	16	15	14	23	10	19	14	25	10	20	4	25	5	10	4	7	9	3	21	11	3	2	6	2	0	17	2	3	5	18	19	19	0	0	2	11	4	11	0	0	12	5	7	6	15	5	0
hsa-miR-4443	12	15	9	4	12	32	27	34	25	16	30	42	30	11	27	39	11	29	24	27	16	9	15	21	4	22	13	41	62	27	9	16	42	30	35	17	13	22	13	7	23	67	38	37	15	30	39	22	38	23	17	29	26	88	27	52	18	37	28	46	32	25	16	46	25	81	45	51	22	91	54	33	11	18	23	12	4	7	5	5	6	53	15	12	7	75	50	48	31	5	8	27	27	52	23	22	38	15	17	34	45	38	26
hsa-miR-4444	6	11	0	1	4	3	11	11	11	7	13	9	9	3	4	3	6	4	2	8	14	4	6	6	9	17	2	6	0	0	0	5	0	12	12	6	1	5	2	11	6	19	5	6	3	3	7	3	10	9	6	12	13	12	5	18	17	9	7	15	3	9	12	5	5	11	0	14	2	12	42	12	3	4	0	0	3	0	0	1	0	0	0	4	0	10	45	0	0	0	0	0	0	8	13	0	0	0	0	0	22	0	7
hsa-miR-4446-3p	16	44	14	8	363	26	42	92	92	38	88	46	30	27	54	279	148	158	268	9	224	207	102	75	82	30	131	75	436	82	168	91	190	256	43	18	17	64	48	77	28	222	20	247	173	150	397	35	42	28	172	24	184	229	167	181	116	70	13	76	72	107	50	40	129	257	261	22	655	857	83	11	23	87	179	2	108	12	21	21	51	190	72	70	18	50	23	29	158	4	5	38	129	270	47	481	32	70	34	84	116	21	73
hsa-miR-4446-5p	46	33	18	12	23	95	198	57	220	72	124	71	65	14	106	30	18	34	22	98	40	16	13	189	17	154	16	157	48	101	55	35	56	82	48	82	17	27	31	19	20	182	66	79	85	92	157	109	113	218	300	130	111	272	251	264	243	132	76	209	156	202	77	257	451	72	62	118	54	305	105	34	62	50	49	88	12	12	14	4	19	83	37	24	11	103	36	168	95	46	10	62	56	93	51	19	33	44	44	56	124	55	53
hsa-miR-4448	46	34	9	9	13	18	23	72	472	22	41	30	7	26	16	18	7	34	19	12	16	3	8	14	22	24	13	26	31	15	15	21	18	26	32	17	7	10	7	9	23	36	23	19	8	10	12	8	38	18	26	13	10	29	13	27	27	22	14	27	18	16	12	22	18	36	15	101	10	37	67	9	8	7	39	18	6	4	2	3	2	27	15	7	2	39	33	34	12	10	56	18	10	19	15	10	24	19	21	16	36	19	26
hsa-miR-4449	13	10	4	1	9	58	56	24	41	10	34	37	17	11	3	19	11	13	10	14	8	4	6	26	7	42	15	33	37	48	13	7	11	6	31	23	10	11	13	8	16	45	26	14	13	16	23	26	34	51	38	37	16	38	21	23	51	33	36	42	48	32	21	52	65	52	11	254	3	26	60	5	8	20	18	17	3	13	10	9	4	21	6	4	3	51	49	46	17	10	21	33	10	14	31	13	17	13	10	22	28	16	17
hsa-miR-4451	16	30	13	7	11	211	400	34	240	143	200	296	46	11	47	14	3	17	5	85	13	4	9	79	4	62	5	8	35	16	0	8	9	19	122	110	12	7	7	6	15	223	149	109	167	280	326	290	408	753	751	645	153	444	873	465	1111	378	523	537	431	308	395	887	1441	30	14	154	5	21	31	29	30	15	27	9	12	12	3	4	2	46	7	7	5	23	31	29	14	9	16	16	6	20	15	6	23	8	17	14	29	8	18
hsa-miR-4452	19	21	9	0	7	62	81	22	74	14	80	60	125	7	55	7	4	3	8	62	8	1	7	66	18	63	7	94	203	122	71	29	49	50	37	56	12	53	47	37	88	101	117	52	36	31	26	44	66	37	25	56	34	131	42	160	149	55	46	82	99	37	22	64	9	116	18	160	4	37	118	102	42	48	23	63	5	28	7	13	14	186	38	48	20	148	193	117	40	102	68	112	26	91	64	12	66	15	80	145	185	163	105
hsa-miR-4453	0	0	0	0	0	5	7	11	0	0	14	3	0	0	0	0	0	0	0	0	0	0	0	0	0	0	0	6	0	10	0	1	0	12	4	0	0	0	0	2	0	12	11	8	4	3	3	6	11	18	5	6	5	19	10	12	13	11	11	20	8	6	10	19	17	9	0	17	3	12	11	11	4	4	0	0	0	0	0	1	0	0	0	0	0	9	0	0	0	0	0	0	0	0	0	0	0	0	0	0	0	0	0
hsa-miR-4454	55	26	28	11	135	198	316	69	899	151	409	202	12	87	44	339	318	205	207	14	84	66	11	32	54	86	136	21	65	34	42	20	11	40	124	80	25	47	35	54	34	269	37	144	261	130	216	105	223	632	759	167	266	367	303	209	298	137	127	254	166	296	255	257	953	80	179	59	298	182	32	7	13	43	205	14	35	8	14	7	36	55	32	36	18	71	31	40	94	8	41	23	176	148	54	119	17	143	17	24	46	23	24
hsa-miR-4456	37	102	37	8	46	12	4	89	11	3	21	6	6	27	3	31	23	58	37	6	58	22	25	3	27	17	11	6	0	0	0	0	2	0	11	0	0	0	0	1	0	11	11	5	4	2	12	5	9	9	6	3	9	13	4	4	3	8	5	8	5	5	9	5	1	9	2	0	0	12	15	0	0	1	10	5	0	0	0	0	1	14	0	0	3	10	16	16	0	0	6	0	2	13	12	0	5	9	0	9	17	0	0
hsa-miR-4457	42	24	11	7	17	15	18	57	12	1	5	11	10	12	12	14	9	13	14	1	17	7	5	3	7	16	6	4	0	10	0	6	12	11	15	10	5	5	5	6	7	20	8	8	3	14	10	9	15	6	8	9	6	15	9	18	8	4	6	14	12	7	4	6	3	13	4	30	7	10	11	9	3	2	0	0	1	0	0	1	1	11	0	3	4	26	0	0	0	0	14	7	9	6	16	0	8	6	11	7	32	3	5
hsa-miR-4458	89	84	25	17	19	15	17	112	35	8	26	24	15	22	12	37	2	41	23	19	17	12	13	14	11	28	28	29	26	15	11	9	6	14	12	15	14	4	10	11	9	29	13	19	14	17	8	20	18	10	13	11	4	35	26	21	18	26	10	23	23	19	8	26	19	38	14	91	3	29	23	17	3	5	15	14	3	5	4	3	3	31	8	1	11	32	18	26	11	15	28	18	5	22	12	14	12	13	23	28	33	6	24
hsa-miR-4459	37	35	13	7	19	36	57	49	59	23	44	39	22	22	19	18	7	24	20	18	17	11	9	32	22	67	5	36	40	41	12	14	21	26	49	37	8	15	13	14	22	90	43	35	44	40	34	53	59	127	104	81	38	88	43	92	95	67	77	99	81	88	133	86	132	61	17	71	12	62	291	22	35	18	16	33	14	19	9	3	1	70	13	11	13	63	196	52	32	12	33	28	15	33	34	21	20	22	32	38	44	32	37
hsa-miR-4460	20	18	12	1	12	0	8	14	13	5	13	4	11	6	18	7	2	9	9	3	6	19	15	5	10	12	7	11	11	14	2	2	1	14	10	7	3	3	7	0	10	17	13	2	9	6	6	1	6	8	1	3	4	19	10	27	9	3	12	7	5	5	3	6	4	7	0	12	0	19	73	6	0	0	4	4	0	0	0	0	4	13	0	1	2	11	10	12	0	0	3	2	3	12	9	0	14	0	0	14	6	8	12
hsa-miR-4461	32	14	13	1	13	4	11	35	23	6	20	6	16	12	7	16	6	14	13	3	8	0	6	10	7	17	10	13	44	23	0	2	9	14	8	7	2	6	11	6	9	17	11	13	9	8	13	9	27	9	16	8	7	24	20	16	8	16	6	12	9	10	6	9	10	27	7	136	2	34	10	11	11	5	10	8	3	1	0	0	2	36	6	3	3	31	15	19	0	0	15	5	9	20	14	0	28	26	9	15	17	12	17
hsa-miR-4462	16	13	8	2	15	9	15	48	25	7	13	4	5	15	7	17	7	13	16	8	10	13	5	5	5	25	6	5	18	14	6	12	4	20	11	4	16	10	5	9	4	23	19	15	12	5	10	9	14	5	10	4	16	15	13	24	7	14	8	15	16	10	3	4	8	36	8	39	24	28	14	13	6	5	11	5	6	0	0	1	3	37	0	4	5	29	17	16	8	4	17	16	6	25	13	16	12	9	3	9	15	14	7
hsa-miR-4463	41	24	10	8	27	7	14	43	16	7	17	7	7	23	8	21	9	32	10	7	26	2	4	15	11	12	21	14	0	0	0	9	0	0	16	11	4	7	6	11	12	29	8	11	10	8	5	12	10	4	14	9	5	29	16	23	19	11	8	21	13	20	9	28	22	26	13	65	4	25	12	15	5	4	0	0	3	5	0	0	1	19	0	3	3	19	13	13	14	5	6	14	4	15	12	16	11	11	15	0	12	0	13
hsa-miR-4464	10	16	7	4	4	7	7	16	9	8	17	16	15	11	9	8	0	8	3	13	4	1	5	11	7	21	3	14	18	16	9	13	6	13	19	16	7	5	6	4	7	28	26	7	3	1	13	18	16	12	4	9	6	28	16	30	10	9	14	15	20	13	13	5	14	16	4	30	11	40	102	16	7	6	24	15	1	7	4	2	1	17	5	5	2	19	20	23	14	6	5	13	8	12	10	12	14	24	27	19	19	13	10
hsa-miR-4465	25	30	8	9	11	5	8	41	4	2	12	9	4	8	6	26	8	18	8	1	30	3	8	2	11	11	9	0	0	0	0	0	0	0	0	0	0	0	0	2	0	8	10	4	0	4	4	6	8	14	12	5	4	4	7	13	13	11	8	15	8	6	5	5	17	5	6	28	2	0	0	5	2	0	0	0	0	0	0	0	0	0	0	0	0	10	0	0	0	0	0	0	0	4	0	0	0	0	0	0	0	0	0
hsa-miR-4466	13	12	2	5	14	39	64	21	29	22	47	50	20	15	29	19	7	13	10	10	19	5	2	22	18	67	6	35	46	44	14	19	16	32	26	20	3	16	23	21	48	50	45	25	21	15	37	31	42	31	21	48	17	51	30	55	77	35	51	55	39	28	20	58	23	115	10	83	6	46	68	22	28	13	16	13	6	13	6	9	6	45	13	13	8	60	68	63	22	7	26	63	10	30	47	18	37	15	24	23	56	19	21
hsa-miR-4467	8	12	3	4	6	4	20	3	8	3	0	13	0	0	0	7	15	12	4	0	4	0	1	0	7	0	5	5	0	16	14	3	0	0	12	4	5	13	4	7	2	16	10	5	1	3	4	6	11	6	3	6	3	20	5	7	2	6	2	3	1	2	2	6	4	12	0	17	0	36	6	11	6	0	17	6	1	0	0	1	0	0	0	1	0	10	12	15	0	0	11	5	5	1	4	0	14	0	12	0	0	0	3
hsa-miR-4469	29	46	19	4	30	11	10	37	22	10	30	10	7	15	17	23	20	22	15	8	19	8	5	3	15	20	24	12	23	18	13	4	11	10	12	9	5	6	4	9	9	17	19	8	8	2	11	11	21	16	7	11	11	23	3	20	17	9	7	14	6	13	15	15	8	24	11	50	6	23	16	16	3	2	8	12	5	0	0	2	2	34	8	6	7	21	19	16	17	9	12	15	4	26	21	9	4	23	2	5	27	16	11
hsa-miR-4470	3	6	0	3	6	14	11	8	13	7	9	24	1	12	4	12	1	11	7	6	11	1	9	8	5	10	2	12	10	13	0	4	5	6	0	0	0	0	0	6	0	19	6	6	3	3	6	7	13	4	8	13	8	12	6	17	13	12	18	39	22	9	14	7	4	5	2	28	2	14	21	6	0	0	5	11	0	0	0	0	1	11	0	3	0	17	13	15	0	0	4	0	11	7	13	0	5	8	13	10	6	13	11
hsa-miR-4472	23	23	11	0	7	19	25	24	52	2	16	12	3	15	4	8	19	8	26	0	52	6	1	6	13	8	21	9	17	7	5	13	5	9	13	10	11	0	2	2	6	21	11	9	9	7	10	7	9	9	39	7	8	14	5	12	11	7	2	16	5	4	9	8	13	7	8	12	6	14	16	8	0	3	0	0	0	0	0	0	0	0	0	0	0	18	7	11	17	2	0	0	0	11	0	11	0	11	0	5	0	6	5
hsa-miR-4473	9	12	2	1	3	17	32	15	26	9	18	20	10	4	2	1	2	3	7	6	7	2	4	1	3	16	5	0	0	9	0	0	10	10	13	0	0	0	0	2	0	23	23	10	8	13	20	13	17	33	30	26	11	23	24	42	35	33	14	30	22	13	7	28	34	15	5	43	3	17	24	3	0	1	0	0	0	0	0	0	0	0	3	3	0	17	14	0	0	0	0	0	0	0	0	0	0	4	9	13	7	0	0
hsa-miR-4474-5p	13	7	13	0	2	3	14	9	0	0	0	9	0	0	0	3	4	3	4	0	0	0	0	0	5	0	2	8	11	11	0	0	0	0	4	0	0	0	0	3	0	15	19	9	3	11	3	5	10	11	4	5	5	15	5	11	3	8	6	7	4	5	5	6	3	0	3	8	1	3	16	10	0	0	0	0	0	2	3	0	0	0	2	2	0	7	0	13	8	11	6	0	5	10	0	0	7	0	0	7	0	0	0
hsa-miR-4476	22	15	3	3	7	6	5	31	6	3	11	4	4	11	5	7	2	9	5	3	2	5	7	1	4	9	2	2	0	0	0	0	3	16	5	3	4	5	1	0	4	12	5	6	4	3	3	5	4	1	3	12	4	10	2	9	11	0	3	7	3	5	0	8	0	12	3	10	0	18	10	3	0	3	0	0	0	0	0	0	0	13	0	0	0	16	16	15	0	0	13	0	2	0	8	0	1	20	0	2	0	0	0
hsa-miR-4479	18	17	10	4	12	40	91	12	77	31	43	28	14	12	8	11	11	11	10	14	10	4	7	20	3	38	9	16	14	14	5	12	13	0	48	28	8	7	9	10	9	62	24	21	29	33	53	62	77	111	103	112	41	77	95	104	155	64	112	110	94	95	82	194	111	29	14	43	12	18	15	22	4	10	5	11	14	7	7	8	4	26	3	4	1	22	29	22	7	10	16	27	13	19	12	5	8	12	12	18	14	13	7
hsa-miR-4480	9	9	6	3	2	12	9	4	15	1	0	0	7	7	1	4	2	5	4	5	14	3	1	4	0	11	2	4	17	0	0	3	4	0	2	0	0	0	0	4	0	10	10	4	5	2	4	5	11	2	1	9	2	15	7	13	18	15	8	4	19	6	3	13	3	0	0	26	4	18	13	8	0	1	0	0	0	0	0	0	1	17	0	2	3	0	7	0	0	0	5	0	3	3	11	0	12	3	24	15	12	9	11
hsa-miR-4481	12	13	0	2	4	11	21	8	10	3	8	14	9	2	5	2	2	4	8	10	2	2	2	10	3	18	6	18	28	5	0	6	2	0	13	7	10	3	12	4	17	22	13	14	5	2	2	12	10	7	5	11	6	15	9	14	10	9	3	7	8	22	2	15	4	39	0	17	6	13	13	7	5	2	0	0	1	4	2	1	0	0	4	3	0	12	18	29	0	0	9	5	8	8	0	0	9	0	1	5	26	16	0
hsa-miR-4482-5p	24	20	7	1	7	3	12	16	3	6	8	0	0	0	0	11	3	10	11	0	11	1	1	0	4	0	4	6	0	0	0	0	0	0	6	0	0	0	0	4	0	10	15	3	2	9	6	10	7	5	4	8	7	11	7	18	5	4	8	7	0	8	6	4	4	0	0	12	0	5	0	1	0	6	0	0	0	0	0	0	0	0	0	0	0	16	0	0	0	0	27	0	2	0	0	0	3	0	4	0	0	3	6
hsa-miR-4484	17	12	16	4	48	24	30	22	89	13	37	21	6	16	11	65	39	86	32	4	13	14	2	20	26	92	42	27	44	24	12	22	9	20	25	25	6	5	9	30	19	39	5	32	30	8	28	19	32	10	28	9	21	22	13	34	22	20	22	18	23	16	10	19	36	45	31	52	51	27	307	12	7	11	23	46	4	4	0	6	7	38	15	15	8	21	145	23	25	6	12	13	21	150	21	41	29	26	51	12	45	27	25
hsa-miR-4485-3p	10	14	1	5	2	59	27	21	10	10	20	14	17	7	4	10	3	15	10	12	14	3	3	10	9	26	5	11	87	25	19	5	6	11	17	10	3	7	6	7	9	18	20	15	9	7	8	6	23	11	6	17	9	35	13	10	31	25	10	19	16	18	4	20	10	54	6	86	1	18	22	12	7	6	15	10	1	5	2	1	2	21	0	3	12	26	38	27	11	10	12	11	6	10	16	2	13	6	7	22	26	19	15
hsa-miR-4485-5p	6	10	1	1	9	14	19	19	23	5	7	12	11	4	7	8	2	11	1	2	13	1	7	6	6	16	3	15	21	13	11	6	9	0	10	1	1	9	5	2	10	14	20	16	7	10	6	3	10	12	12	20	2	14	5	15	27	7	4	9	16	2	4	4	5	18	3	36	2	10	16	10	13	4	0	0	0	2	1	0	3	28	0	4	8	17	12	18	4	16	9	18	4	0	34	3	15	11	19	19	15	18	21
hsa-miR-4487	16	7	3	1	11	6	6	10	20	3	7	15	4	3	5	5	5	8	1	6	8	1	2	6	8	9	3	11	10	0	0	6	10	0	11	7	3	6	5	5	13	21	5	6	2	8	6	6	12	3	0	10	6	12	6	8	5	8	7	14	16	3	1	2	7	13	4	67	0	16	17	4	1	2	0	0	0	0	0	2	0	0	2	0	0	12	0	0	14	3	0	10	0	10	0	4	0	0	0	7	0	16	0
hsa-miR-4488	15	12	12	1	16	20	34	18	33	23	30	19	5	15	11	10	5	9	9	4	11	3	3	13	13	31	8	10	42	10	15	6	10	5	19	10	4	5	4	7	14	28	13	9	5	18	5	6	22	10	17	19	8	16	12	22	22	18	8	29	21	17	8	27	15	37	9	33	4	16	11	11	12	10	5	4	3	0	0	0	0	21	1	5	5	36	12	16	9	3	15	0	5	20	0	12	11	11	1	13	18	6	10
hsa-miR-4489	11	5	9	3	14	22	40	13	24	9	21	23	22	11	19	5	3	7	9	12	8	0	3	19	6	46	3	28	71	32	11	28	22	20	29	26	10	6	13	12	24	51	65	47	27	11	20	15	26	15	22	23	14	136	45	39	58	32	18	27	28	52	13	23	4	71	21	79	7	62	43	17	33	8	36	20	4	5	6	0	3	56	11	9	14	83	48	55	16	26	27	44	9	35	22	24	32	15	24	35	59	45	24
hsa-miR-4491	4	8	2	8	0	15	11	7	7	14	17	13	21	2	12	4	1	4	6	10	3	1	5	6	2	10	3	28	13	14	12	6	18	24	10	15	4	12	11	9	11	21	7	3	1	12	6	19	11	6	4	6	9	144	10	23	8	20	7	7	19	14	5	12	3	14	7	23	4	34	22	31	8	8	3	5	3	9	5	0	2	16	0	2	1	33	30	19	12	8	9	5	9	21	8	22	38	16	5	13	23	15	20
hsa-miR-4492	7	7	5	1	2	39	38	4	43	18	37	15	6	12	7	4	2	7	8	2	3	0	1	8	2	27	4	23	17	24	14	7	15	11	17	17	6	9	8	9	11	24	14	10	6	17	10	10	19	11	12	25	5	29	17	24	36	19	27	38	20	8	12	47	15	30	6	165	1	23	24	6	7	11	8	13	2	4	7	6	5	18	6	5	5	22	36	17	15	10	14	22	11	16	45	10	16	20	33	16	26	23	29
hsa-miR-4494	16	9	3	0	3	6	14	18	10	5	10	2	5	1	6	8	0	3	4	3	7	3	3	4	1	8	3	12	23	0	0	2	6	0	0	0	0	0	0	6	0	10	6	4	2	11	0	0	9	5	5	5	4	17	7	14	6	18	5	14	7	8	6	10	5	17	0	26	1	9	14	2	4	6	3	12	1	0	0	0	1	10	0	3	0	9	11	16	0	0	0	6	0	0	5	0	0	0	2	14	7	1	0
hsa-miR-4495	37	23	10	3	11	11	16	35	15	6	17	9	15	17	9	11	8	10	11	10	21	2	4	15	7	9	10	0	0	0	0	0	0	5	11	0	0	0	0	3	0	17	10	8	5	3	8	7	5	4	3	8	3	15	10	12	12	13	8	9	0	5	1	0	4	0	0	11	0	8	5	5	3	0	0	0	0	0	0	4	0	0	0	0	0	20	0	0	6	10	14	0	3	11	18	4	0	0	0	0	0	6	4
hsa-miR-4496	56	39	12	10	25	17	16	83	35	12	22	20	20	27	39	29	6	49	16	19	29	25	8	20	20	36	11	44	60	33	6	10	11	7	18	18	6	9	8	18	13	34	22	15	20	12	11	12	26	17	15	21	8	52	27	30	32	32	14	44	25	31	16	26	11	81	12	92	9	36	28	28	18	10	24	24	8	17	14	2	3	30	9	8	11	59	38	25	13	15	19	12	7	29	30	6	25	32	6	34	32	25	23
hsa-miR-4497	9	15	3	1	22	17	52	16	25	17	39	27	10	4	12	15	5	46	9	1	23	5	0	3	12	23	3	0	0	0	0	4	6	0	10	12	3	9	5	18	13	24	10	7	9	7	8	6	23	23	16	15	9	12	10	17	22	11	10	22	10	5	13	13	11	13	0	28	4	10	7	11	4	1	0	0	0	0	0	1	2	10	0	0	3	13	10	10	0	0	9	0	2	8	9	0	1	0	0	12	4	9	0
hsa-miR-4499	9	17	4	6	7	23	19	14	29	10	34	13	5	4	11	2	3	16	4	6	8	1	0	7	5	18	3	12	11	8	2	1	19	11	14	11	2	5	3	10	3	18	14	12	12	9	12	15	18	17	14	18	6	23	14	23	14	14	5	9	7	6	10	11	26	13	5	17	0	20	19	8	5	2	0	0	3	0	0	0	1	17	0	1	0	13	17	16	0	0	0	2	0	0	8	0	0	3	14	4	14	4	12
hsa-miR-449a	9	8	11	7	10	20	26	22	68	48	190	36	9	6	18	21	6	13	15	9	6	7	8	12	17	17	14	5	0	6	0	0	0	0	17	13	2	5	8	55	34	34	11	13	8	7	20	15	36	10	21	14	17	27	17	21	16	4	14	16	6	16	15	21	35	20	16	20	25	36	14	7	0	6	11	2	0	0	0	1	7	18	0	1	2	21	10	17	9	1	7	0	14	12	0	12	11	0	2	0	10	2	6
hsa-miR-449b-3p	10	19	6	5	7	9	17	45	19	8	13	27	4	6	9	10	8	8	7	7	8	3	4	5	9	26	7	15	15	14	0	13	5	16	12	5	2	2	6	3	10	32	12	11	7	23	21	29	23	18	15	30	8	28	25	21	24	25	13	40	13	13	20	23	18	12	8	111	5	13	22	7	0	4	0	0	0	2	3	0	4	14	1	2	1	32	20	18	0	0	11	0	4	14	9	0	15	0	8	5	13	19	0
hsa-miR-449b-5p	15	12	6	0	5	11	12	20	17	16	35	18	13	5	7	9	1	12	4	3	8	0	2	6	10	11	3	13	17	14	0	7	14	15	8	8	1	8	4	20	9	20	10	5	5	7	7	15	20	17	18	18	8	15	16	30	21	9	14	34	18	8	2	26	16	8	6	30	2	15	19	6	0	2	0	0	0	3	3	0	3	23	0	3	1	23	15	16	0	0	9	11	5	10	10	0	17	11	10	13	16	11	5
hsa-miR-449c-3p	8	8	1	0	1	7	20	14	22	9	9	7	16	2	6	4	2	3	3	16	11	4	0	17	5	13	3	6	13	0	0	5	0	0	0	0	0	0	0	3	0	9	12	9	1	17	15	13	18	22	19	23	4	21	27	23	39	13	17	30	13	4	8	10	22	13	0	14	2	18	22	7	0	0	0	0	0	0	0	0	0	0	0	3	0	13	11	12	0	0	0	0	0	0	0	0	0	11	0	0	15	0	0
hsa-miR-449c-5p	11	11	0	3	10	0	6	15	8	2	28	21	12	7	5	12	5	10	10	6	5	7	2	3	3	5	10	6	10	0	0	0	6	4	10	4	9	3	13	6	8	12	10	3	1	7	6	10	12	2	11	9	4	20	8	9	10	6	10	5	9	11	3	6	4	19	10	18	5	24	0	5	8	5	2	5	0	0	0	3	0	0	0	7	0	9	22	10	0	0	0	0	0	10	9	0	0	16	12	6	11	0	10
hsa-miR-4501	49	50	19	8	58	57	51	100	115	40	84	82	42	34	33	37	15	44	27	31	57	65	9	80	46	215	24	51	96	50	46	35	26	30	58	77	9	48	28	32	60	177	70	64	31	31	21	67	91	36	76	56	53	131	63	136	92	46	40	59	55	102	205	67	36	124	28	99	37	86	516	45	49	36	24	158	13	22	14	6	8	119	36	39	12	127	527	170	45	36	66	48	36	91	47	36	74	49	102	63	120	46	64
hsa-miR-4505	8	19	4	5	9	125	431	11	169	76	85	160	14	5	14	6	0	1	5	16	10	0	1	23	9	15	6	11	35	6	0	3	3	12	72	75	7	17	9	0	12	125	52	37	50	95	56	170	165	652	411	400	74	426	368	386	724	184	298	437	315	132	79	250	474	53	6	56	5	15	33	14	25	13	25	11	4	9	5	2	1	18	5	0	2	26	33	16	11	5	14	7	6	9	26	4	28	4	10	16	20	12	11
hsa-miR-4507	9	16	3	2	24	8	16	78	11	2	10	3	8	10	9	11	6	13	7	3	13	6	5	6	13	13	6	8	0	0	0	6	12	10	11	7	2	8	3	4	8	18	14	5	9	2	8	5	12	7	7	5	5	25	7	15	4	7	4	10	9	8	6	4	3	22	3	16	3	12	19	9	6	5	0	0	2	0	0	1	0	0	0	4	0	14	15	19	0	0	6	9	3	0	0	0	9	0	5	10	15	11	5
hsa-miR-4508	13	32	26	0	44	21	27	26	28	21	16	19	16	23	10	41	16	43	18	6	21	15	5	11	19	15	26	20	26	31	12	5	16	20	16	13	12	18	12	10	14	27	17	9	20	8	25	12	14	19	18	15	37	26	19	24	24	22	16	25	21	48	11	53	31	24	24	147	21	54	25	17	4	8	38	2	8	8	4	8	12	23	4	5	4	35	43	42	60	9	73	19	31	21	32	12	7	16	6	20	40	3	9
hsa-miR-450a-1-3p	9	11	0	0	4	2	6	2	13	5	10	22	4	7	10	3	5	7	9	11	0	0	0	12	4	5	7	5	11	11	0	5	9	5	6	10	4	6	11	4	7	14	11	10	1	6	11	2	12	6	3	0	2	16	4	9	5	7	10	10	8	13	7	7	11	0	10	12	15	4	0	10	6	3	3	12	0	0	0	1	1	17	0	4	3	12	17	0	15	19	9	12	5	11	12	8	5	5	0	6	17	9	9
hsa-miR-450a-2-3p	0	0	2	0	0	8	8	18	10	3	7	2	5	6	5	7	3	6	5	4	0	0	0	10	2	9	3	3	28	0	0	0	4	0	7	0	0	0	0	1	0	9	13	4	4	2	4	2	8	2	2	1	4	7	12	13	8	1	6	19	10	4	2	10	2	13	0	36	0	8	0	7	0	7	0	0	0	0	0	0	0	0	0	3	0	19	0	0	7	3	7	6	8	22	12	12	4	13	9	11	10	17	0
hsa-miR-450a-5p	9	14	3	5	0	5	6	19	26	18	50	6	1	10	6	6	4	8	5	6	8	5	0	5	6	23	6	3	0	5	0	5	0	0	13	7	2	10	2	14	10	20	7	6	3	5	9	5	6	4	2	8	4	5	10	7	7	10	3	5	4	2	4	3	8	0	0	20	0	12	27	9	0	1	1	11	0	0	0	0	0	0	0	4	0	15	24	0	0	0	7	6	10	0	0	0	0	10	14	0	0	0	12
hsa-miR-450b-3p	9	11	2	0	2	4	2	19	14	5	8	12	13	2	4	1	1	6	0	10	0	0	0	3	4	9	3	0	13	0	0	3	2	5	7	0	0	0	0	2	0	19	10	8	7	2	6	6	11	4	3	9	3	14	10	10	4	4	6	10	12	10	6	5	2	11	5	26	0	0	11	17	4	1	0	0	0	0	0	0	0	0	1	0	0	24	13	11	0	0	8	6	3	6	18	0	12	0	10	10	15	15	14
hsa-miR-450b-5p	5	18	11	3	6	7	3	13	36	9	27	20	3	14	11	20	14	19	11	5	10	2	0	5	11	6	8	5	0	15	0	0	8	0	14	6	6	10	5	6	8	24	9	9	0	11	5	6	18	6	6	4	9	12	7	10	4	4	4	11	3	17	0	4	11	0	0	11	5	0	9	3	0	2	0	0	0	0	0	0	0	0	0	2	0	0	7	10	9	2	10	0	7	10	18	12	8	12	6	9	0	4	5
hsa-miR-4510	72	61	30	19	40	22	14	91	54	76	47	75	56	21	39	39	15	52	26	21	49	81	43	67	33	24	18	58	57	42	103	76	45	92	70	26	72	101	69	47	22	55	31	67	57	54	88	26	18	20	51	19	21	59	33	48	22	30	12	33	32	38	33	37	44	82	53	21	57	191	96	55	13	13	18	10	14	6	11	4	4	71	25	6	1	44	27	23	36	8	13	31	39	33	35	64	17	34	8	60	98	26	32
hsa-miR-4511	13	11	3	1	8	5	12	14	18	3	12	6	4	5	8	9	7	10	5	3	1	4	2	1	3	10	6	5	0	4	0	0	1	7	2	0	0	0	0	7	0	6	10	5	1	12	3	3	6	3	3	3	5	10	7	14	8	13	3	8	1	12	4	2	8	4	0	0	9	14	11	0	4	0	7	1	2	0	0	0	3	15	0	0	4	15	0	0	9	15	15	0	6	8	12	1	1	23	16	5	7	10	7
hsa-miR-4512	34	25	11	5	8	16	21	34	33	10	23	6	9	22	5	10	4	20	9	8	19	5	14	11	21	24	11	19	13	12	0	12	8	19	25	13	6	5	9	5	11	35	18	13	4	7	7	19	16	20	9	11	7	50	22	24	16	23	4	36	17	10	2	11	9	19	8	999	3	27	29	19	6	4	7	6	1	5	5	2	0	11	2	4	1	32	22	38	18	7	8	12	12	12	20	5	14	17	9	21	23	20	9
hsa-miR-4513	15	10	14	3	5	19	7	17	21	12	20	19	9	22	6	10	4	11	15	5	9	5	4	6	8	12	7	0	0	10	0	4	0	3	13	0	0	0	0	4	0	22	5	2	5	3	4	7	19	6	13	14	6	28	12	16	11	9	7	11	8	17	8	16	23	9	1	148	2	12	0	2	6	0	12	6	0	0	0	0	0	18	1	0	2	11	0	0	0	0	20	0	4	0	0	0	4	0	0	0	12	0	7
hsa-miR-4514	36	11	1	1	5	6	25	22	19	9	9	17	4	4	3	9	1	12	4	5	22	3	6	8	4	9	8	9	13	0	4	10	6	12	16	13	3	8	1	5	4	29	17	14	8	15	16	5	17	8	15	15	9	14	7	16	6	12	17	14	14	8	3	7	12	12	3	28	0	12	42	7	3	1	0	0	0	0	0	1	1	14	0	6	2	22	10	20	0	0	16	12	0	10	16	0	5	12	16	6	10	10	10
hsa-miR-4515	16	15	10	1	16	44	42	24	147	11	36	25	24	17	27	21	20	19	17	8	23	7	7	21	10	47	5	25	35	47	12	13	17	21	24	13	11	13	10	16	22	46	31	23	22	10	22	7	26	25	7	25	13	38	18	20	37	16	16	28	23	13	7	12	18	26	6	72	9	25	29	25	13	10	12	16	2	10	6	0	1	58	12	19	5	43	40	30	25	17	11	20	22	9	53	12	15	15	8	30	59	18	28
hsa-miR-4516	11	9	23	4	24	14	23	24	69	22	35	12	5	8	13	11	7	17	13	14	19	10	15	7	17	79	9	13	10	14	7	13	12	20	37	16	1	1	15	23	10	51	14	8	10	15	15	13	21	10	15	8	9	202	8	22	8	10	10	29	15	13	10	5	7	28	9	256	4	20	61	13	3	10	20	11	5	0	0	0	2	12	6	1	1	16	32	14	18	5	3	17	5	11	18	12	13	3	8	10	14	9	10
hsa-miR-4518	12	7	7	1	2	11	10	16	24	14	18	6	4	4	7	6	1	7	7	12	12	16	0	15	7	55	1	7	15	20	9	12	10	0	27	18	3	6	7	3	9	50	11	9	6	5	4	17	28	9	15	12	4	24	6	17	21	13	28	10	15	14	9	3	7	10	5	19	10	20	87	20	8	14	3	24	5	9	5	1	0	27	4	5	1	17	46	25	0	0	8	6	10	12	14	0	32	11	11	11	20	11	14
hsa-miR-451a	21607	24100	21847	1580	8061	11678	6583	2924	44053	11712	12000	7021	1175	15866	9191	13493	7222	7588	13354	1397	6962	5750	1222	2083	7321	7586	11172	2274	5620	3352	4807	1378	825	1879	6761	3085	3495	19927	3975	4687	2679	16925	6439	5871	1008	6812	2533	3111	10305	17182	4892	5902	8556	9091	3207	2138	1266	6483	967	1934	2181	22981	1320	1171	46670	2329	4420	3824	2923	3479	1343	4405	1014	754	6520	647	690	548	187	88	2090	1950	1094	2731	5038	20314	4613	17605	5282	1694	13891	2407	13489	1487	7513	2109	2448	35213	1142	5504	10380	2258	1500
hsa-miR-451b	47	100	61	7	26	29	26	19	85	51	29	33	7	42	34	39	20	35	29	11	31	43	5	15	25	39	30	14	33	17	25	14	23	23	26	19	32	87	34	42	14	71	29	24	7	23	33	19	31	33	11	24	16	39	17	21	5	22	6	13	19	53	13	10	61	23	35	18	43	54	51	27	7	8	22	11	6	0	0	0	18	28	5	10	13	63	35	39	25	7	55	21	66	31	55	27	29	92	29	36	50	12	21
hsa-miR-452-5p	11	13	3	2	49	19	13	24	31	11	25	8	20	35	16	65	9	198	108	3	45	3	6	6	21	10	19	12	18	19	10	6	3	14	17	11	8	5	7	23	12	32	18	20	37	8	23	3	12	12	70	15	32	21	20	37	15	8	6	12	9	97	10	15	47	42	81	16	34	49	15	11	4	5	26	3	5	0	0	5	8	22	16	10	14	19	11	10	26	9	6	13	30	25	11	48	1	10	14	24	19	18	13
hsa-miR-4521	8	6	0	0	8	3	11	11	19	7	7	13	19	1	3	14	4	7	6	6	0	0	0	3	2	11	15	9	33	7	0	17	3	3	9	2	5	13	2	2	9	25	5	8	6	10	14	8	9	4	10	5	7	9	7	16	8	16	6	10	12	15	4	13	8	43	7	16	13	29	10	6	1	4	10	8	2	0	0	1	1	20	10	2	6	18	17	24	4	3	3	10	8	14	6	24	4	16	1	12	21	7	10
hsa-miR-4522	10	4	2	0	1	7	11	18	12	2	11	8	6	0	5	5	7	7	7	5	5	0	0	6	5	25	5	3	0	0	0	1	0	0	0	0	0	0	0	4	0	8	7	10	2	1	0	4	6	11	7	14	1	9	4	5	9	3	4	10	11	1	1	2	4	9	0	24	0	10	0	4	2	0	0	0	0	0	0	0	0	0	0	1	0	0	0	11	0	0	7	0	3	0	10	0	12	0	0	0	0	0	0
hsa-miR-4523	9	7	7	7	11	16	30	12	337	10	23	12	3	9	7	9	1	27	11	4	12	1	4	12	13	23	9	6	45	4	0	8	9	10	13	9	2	7	2	11	25	28	11	7	12	6	6	3	18	19	12	6	8	20	11	18	25	5	6	11	20	10	5	13	18	27	3	50	12	16	14	7	4	5	5	8	13	37	23	32	3	9	2	3	14	18	17	16	7	5	8	48	4	11	0	11	6	8	1	8	12	5	7
hsa-miR-4524a-5p	15	23	15	3	11	11	11	10	15	2	12	4	10	16	10	9	1	20	5	5	24	3	6	5	10	10	2	13	15	11	0	9	14	15	13	12	14	6	3	6	7	20	13	3	8	5	6	10	8	14	8	10	4	23	10	15	19	10	9	16	9	5	3	13	6	10	4	50	7	19	14	8	1	2	0	0	0	0	0	0	1	22	0	2	4	13	0	0	4	5	5	13	4	10	12	11	17	5	18	19	11	0	14
hsa-miR-4526	12	4	1	2	14	3	14	13	15	6	15	5	4	4	8	7	2	4	4	4	7	5	0	4	5	13	10	0	0	0	0	0	0	0	8	0	0	0	0	0	0	16	10	2	10	17	6	7	7	12	11	18	5	17	14	12	21	7	12	20	18	11	9	19	20	3	0	45	3	0	0	4	0	0	1	4	10	14	12	16	0	0	0	1	0	19	15	0	0	0	10	30	1	5	2	0	5	0	0	0	0	0	0
hsa-miR-4527	0	0	5	1	0	8	24	14	37	13	27	29	0	4	6	4	3	1	6	1	2	6	0	6	13	10	4	12	0	0	0	0	0	0	12	0	0	0	0	4	0	16	20	22	7	9	10	16	23	18	21	18	11	16	13	19	24	19	16	29	25	6	12	11	6	5	3	35	4	11	0	4	2	0	0	0	1	0	0	0	2	16	3	0	1	16	15	14	14	5	0	0	0	0	18	2	0	11	0	0	0	6	11
hsa-miR-4529-5p	8	8	0	1	3	4	12	25	14	2	15	17	10	5	8	8	5	9	4	4	8	9	2	13	6	11	2	10	0	26	2	11	7	8	18	11	7	9	5	9	4	33	20	15	8	10	9	7	19	8	11	5	7	11	6	20	19	11	12	19	13	7	9	6	8	14	4	20	7	15	42	13	0	4	5	10	3	2	4	0	2	17	5	4	2	9	26	22	0	0	20	12	3	8	9	0	12	6	31	10	18	16	14
hsa-miR-4530	23	15	5	1	19	11	15	26	31	2	22	12	6	15	8	9	6	21	18	12	14	0	4	2	16	27	5	8	0	0	0	6	10	0	19	10	0	5	3	13	6	26	5	8	11	8	5	12	16	13	9	12	3	331	6	16	8	9	9	15	19	9	9	11	17	15	0	34	6	13	18	4	3	0	23	3	2	3	2	0	2	12	0	3	4	24	19	17	0	0	18	0	3	0	0	0	14	12	0	7	23	0	7
hsa-miR-4531	175	77	18	25	75	17	14	197	57	12	27	17	9	82	10	81	21	68	54	20	55	20	27	11	53	33	25	23	25	17	5	18	13	20	10	24	18	4	20	5	19	35	11	5	14	8	15	13	18	13	17	42	8	280	17	46	28	22	19	27	32	17	21	46	11	61	15	59	3	59	51	29	13	4	14	8	6	7	5	6	1	91	5	4	4	40	46	26	19	12	54	24	14	30	30	13	35	13	27	21	36	14	17
hsa-miR-4532	15	8	21	10	18	16	17	29	93	50	122	37	10	11	8	6	2	19	10	8	20	1	3	7	23	89	11	5	14	7	7	0	5	0	22	9	5	6	9	41	37	42	12	8	8	10	14	18	27	16	16	32	7	16	14	12	14	11	6	27	16	5	7	10	12	10	0	18	1	9	9	7	0	0	6	4	0	3	4	0	0	0	0	2	0	17	28	16	10	0	2	4	4	3	18	2	19	12	4	9	0	2	0
hsa-miR-4533	40	46	23	7	26	28	33	61	88	11	21	41	18	25	16	51	22	57	42	16	22	10	16	14	20	27	23	10	26	20	5	11	16	12	17	15	13	22	6	13	13	38	27	18	9	28	22	13	13	20	28	22	15	104	21	34	31	16	25	25	12	15	49	23	20	41	9	49	34	52	20	6	5	12	19	9	1	8	5	3	4	44	5	8	1	33	27	21	28	8	9	10	8	28	22	17	14	12	11	7	20	8	10
hsa-miR-4535	7	12	0	1	9	27	24	17	28	18	28	23	6	4	4	4	6	11	5	8	11	0	8	7	4	29	8	9	12	0	0	6	7	12	27	22	4	8	4	3	10	43	15	13	12	2	3	30	26	21	28	17	15	27	18	23	38	22	18	24	21	24	65	32	24	12	0	26	5	8	40	7	2	5	0	0	2	0	0	0	0	16	2	5	4	25	74	14	0	0	19	0	5	5	11	0	20	11	14	7	15	0	8
hsa-miR-4537	31	17	5	2	13	16	14	16	17	3	16	9	4	15	10	10	5	11	5	6	15	4	6	7	9	14	9	13	17	12	0	2	5	16	13	16	4	5	6	2	6	21	16	8	8	7	6	13	15	29	20	14	6	13	23	26	22	21	11	23	12	6	6	14	16	13	2	54	2	12	12	4	1	8	8	12	2	0	0	1	0	17	0	1	5	25	7	13	10	6	6	17	4	11	12	3	13	9	9	8	13	5	11
hsa-miR-4538	17	11	7	2	5	13	37	14	30	6	16	14	8	13	8	2	2	12	6	15	5	1	4	10	8	13	4	22	37	11	10	10	17	16	11	9	5	8	3	5	10	16	15	6	9	9	7	8	16	11	5	5	8	28	20	32	19	17	16	32	13	17	12	21	14	26	8	35	5	42	37	14	4	6	9	9	6	5	2	1	2	27	4	5	9	25	15	23	14	11	16	14	3	17	12	6	13	14	24	14	19	11	16
hsa-miR-4539	13	16	6	2	8	12	23	19	10	12	21	20	15	8	14	16	7	18	5	13	9	3	1	7	6	11	7	21	19	16	14	7	13	16	7	15	10	5	6	8	11	31	17	16	6	13	12	17	18	20	5	6	6	23	14	29	10	25	13	18	24	7	7	11	4	23	6	74	2	33	15	27	3	2	13	8	0	3	3	0	1	29	6	7	4	29	24	31	15	11	9	10	7	9	37	5	14	19	17	9	18	19	5
hsa-miR-454-3p	101	106	123	77	832	342	122	437	2508	223	819	650	42	220	700	3436	1167	1054	1111	61	403	333	145	145	383	401	1177	206	547	203	341	153	79	374	510	109	213	304	258	537	144	1869	64	1962	391	449	3055	133	243	87	806	39	921	632	253	187	154	300	24	90	186	1673	316	169	2613	881	3634	50	8401	2027	475	26	53	311	2026	44	125	37	32	33	774	850	358	630	171	343	56	78	1450	19	73	99	1566	194	179	2155	24	710	37	212	589	68	158
hsa-miR-454-5p	15	13	14	7	50	19	7	26	130	6	42	15	1	37	17	92	129	28	43	9	32	19	6	6	37	21	94	13	28	19	20	12	5	13	28	6	7	16	13	18	8	63	6	46	11	21	50	4	16	23	98	21	73	45	33	16	15	18	3	5	12	74	7	7	174	25	81	15	82	60	19	2	2	8	54	3	7	0	0	0	17	14	12	23	1	41	4	19	67	2	12	9	66	57	0	42	0	47	5	26	42	0	7
hsa-miR-4540	0	0	6	0	0	14	7	9	8	4	5	3	1	2	7	1	0	2	5	1	0	0	0	8	4	10	1	8	10	18	4	0	4	0	12	10	3	4	3	4	3	15	11	6	3	5	6	7	5	3	5	2	7	8	5	13	8	3	6	16	4	2	5	2	3	15	0	21	0	11	61	8	3	2	2	12	1	0	0	1	1	15	4	3	2	12	23	12	0	0	0	8	0	0	5	0	0	10	0	9	19	9	0
hsa-miR-4632-3p	15	8	8	3	4	23	27	21	27	10	26	33	11	5	9	11	2	6	6	15	3	4	1	7	4	17	7	18	19	17	4	9	10	14	12	12	2	9	2	2	16	22	19	21	10	7	16	20	24	20	11	24	14	37	15	30	29	25	42	36	21	12	4	11	10	18	9	56	4	20	34	13	2	4	9	18	4	7	5	2	0	35	14	3	2	24	20	28	14	12	14	12	9	12	11	3	17	3	4	20	33	13	13
hsa-miR-4632-5p	13	19	4	1	14	7	20	17	17	3	19	7	7	15	7	8	6	16	14	5	13	2	5	17	12	23	10	10	13	13	7	10	6	15	16	12	5	2	13	17	7	30	21	8	8	9	9	9	13	8	6	18	8	163	11	24	8	12	8	22	18	14	3	9	4	21	5	81	5	24	71	7	9	7	6	15	3	0	0	1	3	19	6	3	4	16	29	21	0	0	13	14	9	9	24	0	13	6	16	6	18	4	10
hsa-miR-4634	17	20	12	2	48	42	89	75	57	23	58	84	23	14	23	19	13	44	13	12	29	9	17	19	22	44	22	14	11	8	9	8	4	0	19	25	4	6	3	13	5	53	37	16	19	40	35	25	80	98	89	105	16	28	59	62	86	43	72	85	72	28	21	59	66	15	10	54	5	16	9	16	4	5	17	4	10	36	14	42	2	15	0	3	2	21	21	12	0	0	10	56	9	14	18	0	5	6	17	14	14	17	15
hsa-miR-4635	30	41	8	14	13	41	23	57	21	9	22	16	10	18	10	18	8	25	10	12	7	2	10	12	15	26	11	26	20	27	5	9	11	12	27	19	5	7	13	11	24	31	26	6	10	16	11	13	19	35	29	32	7	33	31	34	19	23	13	27	36	24	3	22	28	29	10	52	6	22	33	9	6	5	15	9	3	4	2	2	3	18	4	3	6	39	36	18	15	9	14	25	7	27	18	8	25	21	20	16	30	9	13
hsa-miR-4636	10	5	2	4	3	9	24	24	45	6	23	17	11	7	7	9	2	10	7	6	15	11	1	13	5	17	3	15	25	11	0	9	19	0	13	15	2	8	8	8	4	26	8	12	6	14	7	10	29	16	28	38	9	34	16	36	30	31	30	57	27	12	12	24	10	18	5	35	2	26	31	9	7	2	19	14	0	0	0	0	0	0	8	1	0	25	36	15	6	2	17	0	5	25	0	5	12	9	13	17	14	9	11
hsa-miR-4638-3p	12	15	13	5	25	21	58	40	48	22	39	20	20	12	9	30	14	31	18	13	29	7	3	11	18	30	13	32	21	45	15	10	18	20	30	30	6	10	11	15	9	58	36	17	14	13	20	18	43	33	21	35	9	37	16	40	53	16	23	46	39	13	8	44	16	49	11	294	9	26	26	10	4	3	6	12	2	8	1	0	5	51	8	5	6	23	37	31	27	8	19	25	16	18	33	19	21	23	18	21	30	19	26
hsa-miR-4638-5p	11	8	3	3	8	10	30	22	13	10	15	9	7	4	16	21	3	25	10	4	10	7	9	11	7	24	9	3	18	0	4	2	7	10	10	8	4	6	15	4	8	19	6	7	1	14	11	13	10	8	11	7	3	17	10	13	16	6	4	13	10	8	8	12	1	15	2	19	7	25	39	12	6	2	8	5	4	0	0	0	0	0	0	3	0	18	23	12	7	7	19	0	7	0	17	12	1	12	22	12	10	12	9
hsa-miR-4639-3p	0	0	3	0	0	6	8	9	8	4	0	7	2	2	5	3	0	15	1	3	0	0	0	10	4	8	2	14	0	15	0	0	0	0	10	0	0	0	0	3	0	14	15	3	2	11	3	12	9	3	6	4	2	10	9	25	9	9	7	9	9	4	7	7	7	0	0	18	2	0	0	3	2	4	0	0	0	2	0	1	3	28	0	0	0	19	4	0	0	0	0	5	0	0	10	0	0	11	0	0	17	0	0
hsa-miR-4639-5p	8	8	0	5	5	3	8	10	13	6	19	14	2	2	4	9	1	11	8	4	8	2	3	5	0	9	4	0	0	0	0	0	0	0	9	5	2	3	8	2	4	18	8	5	2	6	2	8	18	12	19	10	7	19	9	16	16	14	15	10	17	7	27	20	5	14	0	30	4	18	0	5	0	0	0	0	0	0	0	0	0	0	0	1	0	0	9	0	0	0	2	0	5	0	12	0	21	0	0	0	12	0	3
hsa-miR-4640-5p	7	6	2	4	6	9	26	4	23	4	8	12	5	2	5	3	0	11	5	3	4	0	1	6	3	21	3	0	0	12	0	0	5	8	0	0	0	0	0	2	0	18	8	2	11	3	3	6	14	12	8	7	3	13	7	15	13	9	11	11	6	7	5	8	9	12	0	234	0	11	10	3	0	0	0	0	0	0	0	0	0	0	0	3	0	12	12	0	14	2	4	0	6	4	7	3	14	11	11	10	0	0	0
hsa-miR-4642	14	9	4	0	7	18	29	14	21	11	14	24	13	17	7	10	2	27	9	3	16	7	2	10	5	22	11	13	23	31	8	6	9	4	14	12	6	6	11	7	15	33	21	15	18	12	10	11	18	22	11	30	4	22	12	19	21	8	10	29	12	4	8	13	9	37	9	37	4	16	8	7	10	7	2	12	1	0	0	2	1	23	0	7	11	26	25	37	0	0	10	19	7	7	30	0	9	9	20	15	25	23	12
hsa-miR-4644	50	44	27	13	8	11	5	64	104	7	7	3	6	8	12	12	6	11	11	7	14	9	6	5	19	28	9	9	12	6	0	6	7	0	12	10	4	2	8	12	6	27	6	1	19	3	8	8	30	5	11	9	4	12	4	10	15	9	6	16	6	6	8	12	4	13	0	19	10	19	8	17	1	0	10	3	3	1	3	4	2	13	0	3	4	29	18	0	14	4	3	0	3	12	11	1	8	10	0	13	23	5	0
hsa-miR-4645-3p	6	13	1	0	24	2	1	21	23	0	13	9	3	8	11	89	33	21	28	2	17	16	4	4	4	8	22	0	0	0	0	8	0	0	9	2	2	3	1	2	3	19	5	15	16	8	32	0	4	6	23	6	17	10	6	10	11	1	5	11	4	11	5	0	20	17	34	15	97	18	0	6	0	5	23	1	0	0	0	0	9	18	0	0	6	0	6	0	13	1	3	3	26	22	0	23	0	0	0	0	0	1	0
hsa-miR-4646-3p	19	12	5	7	29	16	15	87	16	13	21	17	8	9	13	20	11	15	25	14	15	2	6	14	14	19	12	24	13	11	14	12	10	18	18	11	4	7	7	8	12	32	14	15	16	16	29	11	17	10	10	9	7	24	16	24	12	11	6	14	15	11	9	17	7	23	13	59	5	27	22	19	10	7	13	10	5	6	1	1	2	25	8	10	10	34	20	35	14	12	15	13	13	16	18	14	6	5	12	17	19	15	14
hsa-miR-4646-5p	15	7	9	1	15	23	30	13	37	16	39	33	11	4	11	11	8	10	12	9	12	4	4	12	3	19	4	10	0	0	0	0	0	5	15	10	11	6	2	12	5	24	13	14	17	26	29	42	38	155	119	98	29	59	33	40	72	59	81	107	85	41	9	48	129	17	12	21	8	18	0	7	3	0	0	0	4	0	0	2	0	0	2	0	0	14	6	6	7	4	0	0	0	11	8	8	0	16	0	0	13	2	0
hsa-miR-4647	11	20	4	2	5	17	14	18	21	15	15	21	8	8	10	8	1	14	4	9	6	1	6	14	5	36	5	9	11	13	8	9	6	4	18	12	9	3	8	6	11	39	13	7	7	5	7	22	9	22	22	18	10	19	15	20	20	16	13	24	18	13	31	24	22	26	6	17	6	29	197	15	6	4	33	24	0	0	0	0	2	23	4	3	3	20	47	23	9	2	8	6	3	15	12	20	17	11	5	10	16	6	5
hsa-miR-4648	5	10	2	2	0	0	0	5	16	0	4	2	7	6	2	1	0	5	2	3	0	1	7	1	1	13	0	9	20	0	0	6	0	0	0	0	0	0	0	4	0	10	4	7	6	2	0	4	4	5	2	7	2	20	6	10	6	0	5	6	1	8	0	0	0	14	0	14	3	17	10	0	0	7	0	0	0	0	0	0	0	14	0	3	7	10	15	0	0	0	4	10	3	10	9	0	9	17	6	0	8	0	0
hsa-miR-4649-5p	21	14	7	4	15	35	61	28	36	9	33	44	20	8	18	14	5	11	8	16	10	8	6	26	9	49	6	36	54	58	21	9	32	11	28	25	9	19	15	12	25	45	46	14	15	9	21	15	21	10	10	14	15	50	9	29	38	15	12	34	15	16	16	28	6	29	7	117	3	25	92	29	16	12	7	17	2	10	1	2	4	92	19	10	7	57	84	57	20	23	39	25	21	27	69	17	37	29	58	39	86	31	35
hsa-miR-4650-3p	10	2	4	0	6	0	0	0	14	1	3	0	0	0	0	5	2	1	3	0	0	0	0	0	0	0	2	3	0	0	0	0	0	0	0	0	0	0	0	2	0	0	0	0	0	0	1	3	2	4	2	5	1	3	4	19	9	1	0	4	4	0	2	0	7	5	0	11	0	0	0	11	1	0	0	0	2	0	0	0	0	0	0	0	0	0	0	0	0	0	0	0	0	0	10	0	0	0	0	0	7	15	0
hsa-miR-4650-5p	31	24	7	12	13	2	7	40	21	11	12	11	3	10	10	9	5	12	13	7	14	6	7	5	12	13	6	8	0	7	4	7	4	18	12	7	6	2	7	4	7	22	11	8	11	3	9	1	8	2	1	3	3	8	5	20	3	6	4	10	4	3	1	0	2	7	3	45	1	12	10	7	0	0	0	0	0	5	2	0	5	14	0	9	1	18	11	15	0	0	18	16	5	8	13	0	11	0	11	12	18	12	14
hsa-miR-4651	30	22	16	10	10	26	27	45	21	10	26	13	8	9	9	9	9	17	13	9	18	4	13	7	22	16	15	20	11	19	0	10	7	0	27	23	6	9	19	6	16	43	15	12	10	9	7	30	14	13	17	20	8	63	14	17	12	20	11	15	12	8	5	10	12	19	6	35	8	18	18	19	7	3	12	7	5	10	5	4	5	17	0	4	3	32	24	15	11	14	6	5	4	6	14	1	6	11	17	12	8	10	17
hsa-miR-4652-3p	30	18	16	9	20	28	18	26	41	18	38	41	14	17	26	28	5	45	29	9	16	19	8	19	8	61	15	28	24	39	10	11	18	18	35	18	20	15	15	17	20	56	15	65	14	25	59	17	30	20	18	21	11	77	26	29	33	22	14	26	21	32	28	29	29	40	29	58	65	74	111	15	13	4	31	26	4	9	3	6	11	38	11	16	6	35	96	23	32	13	19	16	27	20	34	30	22	24	25	16	40	25	23
hsa-miR-4652-5p	35	30	6	0	9	16	6	29	20	9	17	18	13	4	12	13	3	14	3	9	8	13	4	9	12	42	7	13	23	13	13	8	9	15	21	13	5	12	11	5	12	38	17	13	12	6	7	10	15	8	13	10	6	17	9	12	8	9	10	5	8	15	15	7	5	24	12	32	9	25	80	13	5	5	11	26	1	9	4	3	1	20	5	3	3	31	59	26	16	8	16	16	4	9	19	10	14	12	11	15	30	21	16
hsa-miR-4653-3p	18	14	9	7	7	6	6	36	13	5	18	7	8	11	24	7	8	13	6	11	11	7	11	3	11	16	7	5	0	2	0	5	0	0	5	2	4	3	6	2	3	21	8	4	2	2	0	0	11	8	10	6	9	44	14	9	5	5	4	14	6	2	5	6	5	11	10	31	8	19	11	12	7	3	0	0	0	0	0	1	0	0	0	0	0	13	5	12	9	3	14	0	6	0	6	5	8	6	0	0	12	7	8
hsa-miR-4654	9	27	7	2	21	18	15	21	21	11	12	30	17	9	22	24	9	20	12	19	19	8	9	13	10	15	11	35	68	26	13	9	12	14	23	12	15	7	9	5	19	29	25	18	7	15	22	19	18	8	15	13	15	54	16	33	16	18	13	19	27	14	6	19	9	58	18	98	10	42	27	19	6	9	36	17	5	8	5	8	4	31	12	9	5	40	41	28	26	15	17	15	9	20	23	6	14	11	24	25	29	31	32
hsa-miR-4655-3p	21	18	9	4	19	22	52	21	53	15	28	35	7	7	12	14	4	18	10	12	21	3	6	13	7	21	9	11	17	9	0	7	10	5	19	19	8	9	6	11	4	27	18	14	18	22	16	26	32	62	55	72	21	42	57	39	73	45	47	74	37	39	29	83	59	21	5	63	2	17	16	13	11	9	16	6	10	0	0	5	2	16	2	4	3	31	22	16	0	0	13	13	15	11	0	0	24	4	9	16	15	12	15
hsa-miR-4655-5p	47	39	11	7	37	961	1343	90	684	485	779	625	41	29	45	37	15	44	20	53	46	15	19	61	22	65	32	155	53	76	13	13	20	11	569	467	34	20	31	28	76	899	223	250	383	574	744	589	977	1501	1369	1539	400	1148	1929	1867	2628	764	1031	1396	1277	919	1157	2435	2013	74	36	169	17	100	232	52	55	40	76	56	22	20	24	14	5	38	19	10	7	72	39	73	21	44	25	33	16	26	85	40	22	25	35	47	50	46	82
hsa-miR-4657	6	10	0	2	14	7	6	39	9	5	19	12	7	10	5	12	4	9	0	3	9	2	1	5	2	6	7	5	0	0	0	2	0	0	0	0	0	0	0	3	0	16	6	6	2	5	11	5	7	3	14	5	3	5	6	69	6	5	5	4	5	8	3	1	6	12	13	10	0	18	0	3	0	3	0	0	0	0	0	0	0	0	0	2	0	12	11	11	0	0	0	0	0	8	12	0	0	10	0	0	5	0	7
hsa-miR-4658	16	17	3	5	8	25	28	17	57	15	29	28	9	16	27	9	3	32	9	7	18	12	0	17	9	53	9	22	16	20	13	13	16	12	21	28	11	7	14	8	12	53	27	14	10	6	15	28	29	20	25	17	12	28	26	59	28	19	18	22	33	32	37	27	14	26	9	66	4	36	137	16	10	16	9	33	3	6	2	3	7	30	8	8	2	30	151	42	16	7	24	7	10	16	17	7	21	18	14	25	38	50	19
hsa-miR-4659b-3p	6	2	4	0	6	10	8	7	29	7	15	6	12	4	10	38	10	16	22	1	0	0	0	3	1	15	10	4	18	10	9	0	10	11	6	3	1	8	0	5	4	23	5	10	3	7	15	12	13	4	25	4	16	15	7	8	5	6	2	12	9	13	3	0	14	12	11	0	37	11	12	0	0	0	12	1	0	0	0	0	0	0	0	1	0	17	16	0	13	1	9	3	10	12	19	10	6	0	0	6	0	3	0
hsa-miR-466	9	10	4	2	1	24	30	32	17	6	12	11	18	1	4	2	3	7	1	7	3	1	3	5	5	12	0	7	18	14	14	8	9	16	9	1	4	9	12	1	13	20	15	9	8	14	12	18	23	14	15	23	7	17	9	24	14	8	15	30	19	17	4	9	11	21	11	29	2	14	20	21	6	11	10	10	3	0	0	0	0	10	0	4	0	27	20	14	21	8	12	16	8	10	0	5	9	5	7	15	18	5	5
hsa-miR-4660	13	20	6	6	14	11	10	18	19	6	31	3	8	21	15	17	4	21	10	4	16	2	3	9	5	32	8	22	15	12	15	9	9	17	20	16	2	8	8	6	8	36	14	9	11	14	7	15	21	7	13	14	10	16	19	20	9	11	12	10	15	9	9	9	14	14	10	43	7	28	29	8	0	4	7	9	0	1	2	0	2	32	1	3	7	34	31	19	7	6	8	14	10	23	20	13	19	22	18	17	30	22	14
hsa-miR-4661-5p	22	23	12	8	16	13	14	125	27	15	29	13	6	13	10	14	8	10	9	5	14	5	12	12	16	13	11	14	14	20	6	7	12	0	18	17	4	4	10	7	6	35	20	7	12	9	10	6	7	17	12	8	5	27	11	15	18	9	12	19	10	10	15	17	8	16	8	115	6	11	8	17	5	4	4	3	0	2	2	8	0	16	11	7	2	42	19	21	11	14	25	21	4	17	26	11	16	17	20	19	14	19	19
hsa-miR-4662a-5p	13	14	9	3	14	70	160	13	106	33	73	79	29	6	37	23	31	7	10	33	16	14	3	40	8	42	23	12	0	0	7	0	3	12	30	30	0	16	6	4	13	85	33	29	42	71	66	54	91	187	178	122	56	96	117	81	167	91	69	120	95	83	68	207	355	11	14	20	39	27	10	6	4	8	21	4	3	3	1	4	0	0	0	0	0	12	8	0	13	3	2	0	18	18	4	27	0	34	0	11	8	6	6
hsa-miR-4663	3	6	0	2	8	11	16	14	17	6	10	13	5	6	12	7	2	2	3	9	4	3	1	10	3	20	3	16	22	19	12	5	4	12	5	11	3	6	7	3	9	22	9	7	8	10	8	12	20	20	12	14	10	29	10	19	19	11	9	22	24	21	6	14	19	23	5	34	4	17	20	15	4	3	0	0	4	0	0	0	1	22	0	3	10	21	17	26	6	11	14	14	5	16	23	5	8	15	13	7	31	3	13
hsa-miR-4664-3p	26	22	11	5	33	94	158	43	127	67	102	133	30	17	22	19	13	22	10	31	28	12	5	61	17	97	14	25	43	47	33	24	26	22	93	72	11	9	9	24	20	144	53	49	36	92	85	88	116	192	174	180	57	140	205	156	278	108	142	202	151	132	197	431	278	70	21	541	12	49	260	33	17	15	22	32	6	11	6	1	4	54	13	15	11	64	144	62	28	17	30	28	19	36	41	11	21	21	27	14	37	19	24
hsa-miR-4664-5p	7	14	4	3	48	37	29	34	120	14	39	19	7	13	12	117	75	104	55	6	43	15	4	14	13	16	37	0	0	0	10	0	3	19	0	5	11	3	6	10	8	20	9	8	13	7	6	8	16	10	8	11	0	61	12	15	27	10	8	17	17	10	10	15	9	6	0	12	20	15	0	4	0	3	0	0	0	0	0	0	0	0	0	6	0	12	4	0	15	2	0	3	0	7	8	5	0	0	0	8	15	9	3
hsa-miR-4665-3p	32	19	12	12	26	22	42	67	27	19	26	23	13	42	16	20	15	35	27	4	19	4	6	17	18	28	13	15	19	11	0	9	14	9	14	13	2	3	8	2	15	37	18	4	10	11	8	16	36	40	17	33	14	33	21	30	48	14	17	36	22	23	11	21	27	22	6	55	4	19	30	9	6	4	0	0	4	0	0	2	1	15	7	8	8	31	17	15	0	0	6	16	3	9	31	0	13	19	20	13	19	12	11
hsa-miR-4665-5p	7	9	4	5	32	13	31	30	33	11	25	16	14	16	9	27	15	52	16	15	26	5	3	23	10	27	25	33	60	35	20	11	32	19	15	20	10	14	11	14	12	35	28	24	47	14	41	14	24	17	31	21	16	868	24	36	53	18	31	24	25	31	8	17	26	71	34	76	23	62	42	13	14	12	26	16	18	13	16	14	11	40	16	15	8	39	29	30	25	2	16	47	19	28	22	81	32	17	21	20	41	16	23
hsa-miR-4666a-3p	10	9	0	0	9	4	10	88	9	3	15	15	1	5	6	2	1	6	2	8	9	1	3	1	0	7	1	9	0	7	0	4	7	0	0	3	0	5	10	1	3	12	16	4	0	8	3	10	8	9	5	10	9	13	17	18	18	5	16	9	6	9	10	7	3	0	0	19	2	12	12	9	0	1	0	0	2	0	0	2	0	0	0	3	0	16	0	0	0	0	13	0	2	0	0	0	2	0	0	17	0	0	7
hsa-miR-4666b	12	16	6	2	3	8	6	14	11	4	12	8	10	10	8	3	2	11	6	12	4	6	3	7	4	17	5	3	0	14	5	10	5	5	8	10	3	7	9	7	5	17	14	10	5	3	2	4	9	7	3	10	0	10	6	9	15	0	0	3	1	0	0	0	0	8	3	28	0	0	13	6	0	1	0	0	0	0	0	0	2	14	0	6	1	15	10	7	0	0	7	10	7	9	16	0	15	5	0	11	19	21	5
hsa-miR-4667-3p	17	15	5	2	6	13	12	20	31	6	16	9	2	7	5	8	8	9	11	6	8	2	1	8	5	11	6	2	12	0	2	2	0	6	11	0	0	0	0	4	0	14	6	6	5	2	11	3	10	6	5	10	5	16	8	20	10	9	8	9	10	7	4	5	7	9	0	24	2	11	14	8	5	0	7	4	3	16	16	12	2	12	0	0	7	11	11	13	0	0	14	41	3	6	11	0	10	0	6	0	11	7	2
hsa-miR-4667-5p	40	16	9	5	11	9	13	55	18	11	14	14	14	13	10	31	8	24	8	4	20	8	9	15	7	20	13	14	19	5	9	8	4	7	17	16	3	13	9	11	6	16	15	14	9	11	5	12	18	7	16	10	13	25	7	23	14	7	6	14	15	4	8	22	7	25	2	119	7	23	13	10	6	0	6	12	0	3	1	0	2	15	0	1	4	18	23	20	10	5	8	0	4	13	10	7	11	4	21	10	15	9	12
hsa-miR-4668-5p	7	15	9	3	13	4	9	15	20	0	10	6	8	8	12	15	1	6	4	1	8	3	1	7	2	21	4	9	21	4	0	0	12	0	6	0	0	0	0	0	0	12	9	7	10	8	6	5	3	8	8	11	4	12	7	9	7	15	7	14	6	12	12	11	6	12	4	20	6	14	10	7	0	6	0	0	0	6	0	0	3	18	0	0	0	40	10	11	0	0	8	0	3	9	2	0	10	0	0	10	0	3	0
hsa-miR-4669	24	11	11	3	19	25	44	24	38	18	29	23	30	18	21	20	6	31	11	30	4	4	12	46	7	57	9	38	76	53	25	28	18	21	26	15	5	22	17	15	21	58	31	18	19	19	20	18	46	50	25	34	16	3053	25	54	73	33	31	45	37	28	19	31	26	84	24	46	8	84	30	24	11	15	16	12	9	12	8	1	3	33	11	12	20	57	46	41	13	16	11	36	29	31	37	13	49	20	43	20	49	45	27
hsa-miR-4670-5p	0	0	0	0	0	8	11	8	0	0	0	0	0	0	0	7	5	9	6	0	0	0	0	0	1	0	1	0	0	0	4	0	0	0	0	6	7	3	4	0	3	11	5	4	4	4	5	7	0	5	4	3	1	17	3	7	12	0	0	23	0	0	0	7	0	0	2	14	0	0	0	6	1	0	0	0	0	0	0	1	0	0	0	0	0	0	0	0	0	0	6	0	4	0	23	0	4	11	9	0	11	0	0
hsa-miR-4671-5p	3	9	3	0	4	19	30	10	25	15	36	25	6	3	4	8	3	9	7	13	9	4	3	18	10	13	7	7	26	21	0	5	13	15	9	13	2	5	5	3	7	35	20	19	13	29	31	35	55	119	47	56	20	63	91	52	102	44	46	79	47	29	30	58	73	18	3	40	3	19	12	12	2	2	0	0	2	0	0	2	2	17	0	8	5	9	14	13	0	0	11	0	10	11	0	0	21	6	10	14	12	3	7
hsa-miR-4672	9	11	0	0	6	0	0	15	11	4	14	8	0	0	0	2	5	10	2	0	0	0	0	0	2	0	4	9	12	0	0	0	0	0	0	0	0	0	0	0	0	12	12	6	2	8	0	0	0	3	3	6	7	10	5	8	3	4	0	5	5	0	6	3	2	7	0	18	0	12	0	2	0	0	0	0	0	0	0	0	0	0	0	0	0	0	10	0	0	0	2	0	3	0	5	0	10	0	0	0	6	0	0
hsa-miR-4673	22	8	9	4	17	14	19	62	16	10	24	28	2	7	14	10	6	20	11	4	8	5	3	11	4	14	11	10	12	9	16	0	9	10	13	0	0	0	0	6	0	26	19	9	7	20	19	20	44	102	57	55	20	42	30	40	71	26	43	52	27	28	23	39	87	17	5	58	4	6	18	8	2	7	5	9	1	0	0	3	2	15	0	5	0	19	23	11	0	0	23	0	4	10	16	0	6	5	0	12	18	5	8
hsa-miR-4674	9	5	6	0	11	20	21	18	38	5	16	20	7	7	4	5	4	9	5	8	8	2	2	10	6	16	1	9	11	0	3	13	5	0	11	0	0	0	0	4	0	21	14	9	5	4	9	4	7	7	8	19	3	16	9	15	22	8	6	24	9	15	8	17	17	11	5	76	4	16	6	6	0	2	0	0	0	0	0	0	2	15	5	4	9	17	18	13	0	0	9	8	5	0	39	0	8	5	19	12	28	19	2
hsa-miR-4675	15	8	0	1	18	4	13	13	9	5	6	2	2	5	4	3	3	9	6	1	4	3	0	3	8	6	4	11	10	8	10	0	7	0	4	0	0	0	0	3	0	16	10	7	3	7	7	3	8	3	10	7	4	8	6	5	11	10	5	9	9	3	3	5	13	9	0	19	1	0	0	7	0	1	0	0	0	0	0	0	1	10	0	3	5	0	16	0	0	0	5	0	3	0	19	0	11	12	12	11	6	16	0
hsa-miR-4676-3p	11	9	3	1	10	10	15	20	24	1	12	5	5	3	3	16	6	7	9	11	10	0	4	6	3	9	9	4	17	0	0	11	5	0	11	0	0	0	0	4	0	16	22	6	3	1	9	8	8	9	15	11	13	38	6	11	6	9	7	10	8	6	3	7	20	19	13	21	21	16	0	5	0	3	0	0	0	0	0	0	2	19	0	7	5	17	13	0	0	0	8	5	11	14	0	0	9	0	16	4	15	13	0
hsa-miR-4677-5p	13	11	3	6	6	11	16	12	39	16	23	29	21	20	19	6	3	9	9	17	7	3	4	16	2	36	3	44	107	29	24	15	8	13	24	17	14	22	14	7	27	48	31	19	9	12	13	9	34	20	10	16	26	70	34	44	30	26	27	43	27	33	24	45	12	70	14	98	16	60	82	29	26	11	18	15	5	7	10	1	3	92	14	15	3	68	78	48	32	21	38	17	20	64	33	5	19	15	15	37	46	48	20
hsa-miR-4678	8	14	0	0	7	0	0	7	0	0	0	0	4	4	10	4	2	4	4	0	3	2	3	3	5	1	0	2	0	13	0	0	0	0	0	0	0	0	0	4	0	0	0	0	0	0	0	0	6	4	3	4	5	9	0	0	0	5	5	9	2	4	4	0	3	11	3	16	0	0	0	5	0	3	0	0	0	0	0	0	0	0	0	0	0	7	0	0	0	0	5	0	3	0	14	0	11	0	1	2	0	0	0
hsa-miR-4680-5p	16	20	15	10	0	15	16	22	26	13	21	17	6	4	10	14	2	9	6	7	19	10	4	5	16	30	10	12	44	26	16	5	9	0	19	15	5	7	7	8	15	33	19	7	5	8	12	13	27	18	7	10	8	27	5	44	14	11	14	23	13	10	20	12	7	32	12	40	9	19	33	14	8	7	13	16	1	10	8	2	3	26	9	7	5	26	60	30	14	25	21	25	6	29	40	7	19	16	22	17	32	7	15
hsa-miR-4681	13	11	4	1	5	8	10	11	15	0	11	25	14	3	14	9	3	8	2	10	9	2	4	7	4	12	4	22	27	18	0	1	3	3	12	13	1	8	5	9	10	32	13	9	6	9	6	8	17	11	9	14	6	25	13	22	14	21	12	14	21	10	4	5	3	22	7	29	7	25	34	16	9	2	7	9	1	5	5	2	2	22	0	2	7	26	30	20	11	12	15	14	6	15	0	2	11	11	4	24	28	15	17
hsa-miR-4683	38	16	17	7	23	31	22	33	33	9	30	27	15	14	12	25	8	20	16	10	7	6	17	2	13	17	11	17	18	9	0	10	9	8	11	8	3	6	12	9	12	21	25	19	6	17	5	11	25	10	24	29	10	23	16	29	16	26	14	42	22	19	15	17	17	13	6	48	4	33	22	4	8	10	32	6	2	5	1	6	2	17	6	7	3	25	26	38	16	2	16	0	11	6	8	6	5	5	6	18	18	11	16
hsa-miR-4684-3p	23	12	8	3	5	8	12	28	35	10	14	16	6	4	8	5	3	11	7	6	8	4	3	14	0	18	6	6	13	14	0	0	17	4	9	6	8	10	3	3	6	13	6	6	6	7	3	6	10	10	7	19	3	18	10	17	13	8	9	12	17	10	7	19	8	21	2	30	1	19	8	7	3	6	0	0	0	0	0	0	0	0	2	2	0	14	7	13	0	0	4	9	5	5	19	0	11	0	9	9	0	0	7
hsa-miR-4685-5p	24	22	3	8	14	13	28	25	260	13	11	14	7	16	11	17	9	19	18	9	15	4	8	20	13	23	13	16	16	8	11	14	11	10	19	17	3	6	8	8	9	31	30	7	6	8	11	13	20	29	10	19	8	10	15	20	20	13	5	29	13	7	9	10	8	22	10	39	4	29	31	12	6	3	42	7	2	10	5	1	3	13	0	5	8	18	22	22	11	4	6	8	6	11	35	6	37	16	25	10	22	6	19
hsa-miR-4686	10	12	5	4	8	20	20	19	16	25	59	61	25	5	16	11	4	11	6	28	11	4	7	6	4	24	3	26	35	27	25	12	11	25	25	31	13	15	6	18	16	47	67	34	10	19	11	44	40	62	33	26	14	56	43	41	23	132	120	110	106	21	7	24	16	23	5	55	13	20	12	13	15	6	12	7	5	3	5	5	5	27	6	2	2	35	44	37	18	10	21	20	8	30	26	7	12	15	8	22	36	11	16
hsa-miR-4687-3p	10	9	8	0	13	7	23	27	23	7	16	14	5	8	8	12	5	18	13	9	9	3	4	3	5	17	9	11	13	7	4	10	0	0	12	11	5	5	4	6	6	14	8	9	13	6	9	4	6	8	16	7	2	12	5	13	11	8	8	19	8	6	12	13	11	25	11	40	11	16	21	4	8	2	11	14	3	0	0	2	2	19	3	6	2	24	19	16	19	2	3	0	7	6	5	9	0	17	2	0	16	5	11
hsa-miR-4687-5p	31	24	12	11	27	25	48	50	36	10	25	41	21	14	25	22	10	22	39	12	30	5	6	14	16	35	12	54	36	45	15	30	24	30	27	20	14	23	18	14	17	63	29	28	22	14	39	20	28	25	13	27	16	642	24	52	33	24	15	47	41	22	16	19	16	47	20	75	9	66	60	34	12	12	12	9	6	6	7	5	6	50	7	8	9	48	50	50	29	14	22	34	12	21	50	19	48	14	37	26	52	51	48
hsa-miR-4688	9	4	3	1	20	16	48	16	24	5	17	10	4	3	5	35	6	26	15	3	13	7	2	11	9	22	17	8	19	0	1	11	11	0	11	7	4	4	4	3	8	25	6	16	14	9	22	8	6	10	18	14	11	28	23	24	16	6	6	19	13	25	12	12	21	18	28	11	11	44	28	10	8	5	15	4	4	0	0	2	0	0	4	5	0	23	10	8	16	1	5	5	9	15	0	3	1	1	0	3	15	6	6
hsa-miR-4689	13	15	5	7	1	25	24	12	20	9	15	16	5	4	5	8	2	7	7	10	4	0	2	16	5	15	5	6	0	11	0	0	0	0	12	0	0	0	0	5	0	19	11	3	6	13	14	12	13	20	13	13	3	23	8	16	22	7	7	26	12	7	8	11	15	7	2	45	1	0	16	6	6	1	0	0	0	0	0	3	2	13	0	2	0	12	12	0	0	0	5	10	5	10	12	0	12	0	15	0	0	5	8
hsa-miR-4690-5p	9	15	2	0	10	10	14	16	36	1	9	12	3	5	9	11	3	15	11	9	9	1	3	9	3	18	6	13	10	12	0	5	11	1	0	0	0	0	0	6	0	13	9	4	5	4	8	8	11	13	3	7	4	25	14	13	9	13	10	19	14	11	3	7	9	14	0	17	3	22	8	2	0	0	12	2	0	0	0	0	0	0	0	1	0	20	16	17	0	0	7	0	6	0	17	0	13	0	7	7	10	10	0
hsa-miR-4691-3p	24	31	31	3	6	18	30	37	75	22	50	28	10	7	12	23	11	28	17	7	15	7	5	5	27	33	16	10	11	0	0	1	0	0	15	0	0	0	0	18	0	22	19	6	11	26	20	40	62	176	66	69	36	69	85	62	81	35	59	59	48	31	18	45	178	4	0	19	2	0	0	2	5	0	0	0	0	0	0	1	0	0	0	0	0	17	0	0	0	0	0	0	0	0	0	0	0	0	0	0	0	0	0
hsa-miR-4691-5p	8	17	10	3	16	30	51	31	39	13	24	35	17	14	15	22	3	16	18	12	10	3	12	18	6	43	11	27	38	19	29	25	37	34	18	14	9	12	10	10	14	44	37	20	11	9	10	20	23	29	19	28	16	40	33	48	36	37	30	76	39	33	13	34	25	52	14	54	9	61	43	17	28	14	20	14	5	8	7	7	6	55	14	5	4	65	56	38	46	22	37	26	26	46	43	10	24	28	30	33	63	22	23
hsa-miR-4692	11	13	5	1	6	0	0	9	32	3	0	15	8	5	8	4	4	5	5	5	7	3	1	7	0	11	5	11	11	0	7	8	0	0	8	7	6	6	1	5	8	15	11	7	1	3	10	5	6	0	4	7	4	17	8	12	2	8	2	13	6	7	2	0	5	10	2	21	12	25	5	5	0	6	0	0	0	1	4	0	0	0	0	0	0	11	10	0	5	7	6	0	4	0	0	10	6	0	8	0	5	2	4
hsa-miR-4693-3p	15	19	3	2	11	9	16	35	17	10	27	17	18	17	30	11	6	13	8	22	13	2	6	12	6	29	12	32	35	32	9	22	19	28	32	22	8	9	17	11	30	54	53	26	11	12	19	37	41	7	10	18	10	41	26	33	19	14	20	25	13	8	13	8	6	44	10	52	4	59	43	32	15	5	15	13	2	5	6	7	3	34	9	9	7	43	35	31	20	16	16	13	13	24	38	22	68	46	53	28	44	28	27
hsa-miR-4693-5p	16	21	10	5	13	11	13	67	26	8	21	5	17	16	12	13	2	10	6	19	19	4	4	20	10	22	2	27	81	32	23	13	16	15	16	15	14	9	10	3	19	30	20	20	4	9	10	9	31	14	11	6	14	34	17	34	23	21	8	31	19	24	24	31	6	49	6	61	7	21	48	21	11	9	11	22	2	8	5	1	2	73	14	10	16	61	72	42	29	18	14	26	16	43	47	16	41	24	21	25	38	48	35
hsa-miR-4694-5p	13	16	2	0	5	4	3	22	7	4	18	6	0	0	0	8	5	6	6	0	0	0	0	0	1	0	4	7	10	8	0	0	0	0	0	0	0	0	0	4	0	12	4	2	4	1	4	9	6	7	4	3	4	11	9	16	4	2	3	7	3	9	1	0	1	10	0	78	0	11	11	1	0	3	0	0	0	0	0	0	1	13	0	0	0	10	0	0	0	0	6	2	5	0	0	0	12	0	16	0	0	0	0
hsa-miR-4695-3p	34	34	14	9	272	199	213	167	324	53	146	84	36	58	76	540	386	390	524	32	219	121	38	66	106	73	293	25	21	11	11	8	9	22	18	18	7	10	8	15	13	42	33	19	9	19	22	28	35	35	44	26	9	58	26	43	50	26	26	38	52	11	10	19	16	34	21	63	8	40	23	18	5	8	4	13	2	11	1	1	5	33	8	13	10	38	36	32	19	13	24	24	10	22	25	12	23	41	57	30	26	16	23
hsa-miR-4695-5p	14	12	6	2	17	24	24	13	23	13	19	20	7	4	9	9	5	7	4	8	17	9	3	12	7	37	6	10	13	13	8	7	10	10	24	23	2	7	13	6	7	33	9	12	12	8	8	18	25	13	17	17	12	14	13	28	21	14	11	24	13	16	16	12	18	22	5	30	8	20	110	15	3	6	6	13	15	9	8	13	2	14	6	9	0	19	121	34	0	0	12	13	8	12	7	0	7	7	11	7	29	18	10
hsa-miR-4696	0	0	0	0	0	0	0	11	7	7	0	0	0	0	0	2	2	2	3	0	0	0	0	0	0	0	4	8	0	13	0	0	0	4	0	0	0	0	0	4	0	6	3	0	1	2	2	3	7	3	2	8	3	14	4	2	8	4	4	10	5	6	0	5	2	10	0	15	0	0	0	5	0	0	0	0	0	0	0	0	0	0	0	2	0	48	0	12	0	0	1	0	3	0	12	0	9	0	0	0	15	0	0
hsa-miR-4699-3p	1	9	0	0	1	11	1	13	5	0	0	3	3	5	7	4	1	3	7	8	0	0	0	1	2	4	6	4	0	0	0	0	0	0	0	0	0	0	0	3	0	7	9	2	2	6	3	11	11	2	3	5	2	4	10	6	8	3	3	8	2	13	1	2	2	0	3	22	0	0	12	5	0	0	0	0	0	1	1	0	1	14	0	1	3	19	15	0	0	0	8	0	1	0	0	0	2	0	0	0	16	0	0
hsa-miR-4700-3p	10	13	4	3	7	16	22	26	20	7	25	22	16	7	11	9	0	7	6	11	6	6	2	22	7	23	4	20	89	16	10	13	15	17	6	10	3	5	8	7	32	32	26	19	12	22	12	13	26	14	13	20	7	29	30	25	23	22	15	23	30	65	11	34	7	73	12	42	5	46	27	27	28	13	18	34	7	5	2	2	3	26	9	9	7	63	31	26	20	7	15	43	6	22	18	4	12	10	13	13	39	12	14
hsa-miR-4700-5p	30	39	15	3	20	20	15	54	27	17	21	20	18	17	17	15	4	37	10	11	17	5	5	18	13	25	6	9	10	18	10	15	10	0	16	7	2	9	8	7	6	23	20	13	15	9	17	13	19	19	19	34	7	90	19	44	26	23	27	37	33	18	14	25	10	23	13	100	3	38	18	9	0	7	0	0	0	0	0	0	1	14	0	7	0	23	19	20	6	5	11	14	11	14	7	12	14	23	14	15	22	6	12
hsa-miR-4701-3p	13	31	6	5	12	23	11	21	35	6	13	21	9	6	6	7	4	13	12	8	26	16	13	15	13	19	12	17	20	25	11	18	12	15	16	18	5	11	7	6	7	38	21	14	10	15	18	11	22	17	9	24	10	43	18	35	30	18	14	25	27	14	6	28	11	21	9	82	8	34	25	29	5	6	8	7	10	4	3	4	3	29	5	4	0	37	17	25	15	6	5	19	6	8	40	12	28	17	7	18	27	20	18
hsa-miR-4701-5p	18	7	11	5	9	17	16	44	28	5	11	9	8	6	14	17	17	9	17	14	20	1	3	6	8	15	12	12	20	14	0	10	10	11	11	3	1	4	9	3	6	20	9	11	9	11	16	13	15	17	20	15	10	30	13	20	21	7	6	19	18	15	11	11	4	15	6	21	6	20	25	16	7	6	21	10	2	0	0	0	0	0	10	2	0	36	14	12	11	6	16	2	10	19	14	10	36	8	11	16	22	9	11
hsa-miR-4703-3p	0	0	0	0	0	0	0	10	16	5	10	3	0	0	0	5	2	2	2	0	0	0	0	0	0	0	3	0	0	7	0	0	0	0	2	0	0	0	0	1	0	5	14	5	1	5	0	0	3	0	0	4	2	4	1	10	6	4	5	5	10	5	5	0	2	10	0	10	0	0	11	3	0	0	0	0	0	0	0	0	0	11	0	0	1	18	10	0	0	0	0	0	0	0	0	0	0	0	16	0	0	0	0
hsa-miR-4703-5p	3	8	0	0	12	0	0	16	0	0	0	0	5	10	2	28	3	12	6	1	8	0	1	8	0	7	5	0	0	0	0	0	0	0	3	0	0	0	0	0	0	17	24	0	7	0	0	0	1	1	5	1	3	8	0	0	0	2	0	0	0	0	4	0	18	13	0	0	0	13	0	0	0	3	0	0	0	0	0	0	2	13	0	0	0	10	0	0	10	3	1	0	4	17	0	3	2	0	0	0	0	0	1
hsa-miR-4706	16	10	10	7	13	27	25	23	38	12	25	24	17	9	10	12	2	34	15	18	7	10	13	13	8	28	10	18	26	23	11	17	11	14	16	12	10	6	14	7	23	28	24	10	13	11	17	13	20	22	19	44	4	764	13	31	24	19	20	34	27	23	20	36	15	28	10	55	6	30	62	18	11	11	36	23	46	59	32	63	5	33	5	9	7	28	28	30	12	11	6	88	6	16	34	5	10	21	15	10	24	22	10
hsa-miR-4707-3p	65	137	15	11	67	61	108	131	86	27	83	101	58	44	41	49	14	66	35	38	51	38	17	50	60	81	32	80	87	88	38	33	37	45	86	74	27	41	18	30	44	138	119	43	29	47	53	54	64	40	49	68	18	101	38	101	74	69	43	85	60	68	27	51	24	160	25	164	14	107	154	52	53	24	43	54	11	10	21	1	7	93	39	25	14	157	173	210	41	47	52	80	39	51	32	13	44	13	11	92	233	77	58
hsa-miR-4707-5p	15	12	7	4	20	55	98	32	109	21	55	63	24	14	29	15	5	22	9	24	17	3	9	29	18	61	13	29	38	23	17	20	23	24	52	36	13	16	19	17	15	73	41	32	22	26	41	34	42	47	45	73	20	41	35	49	94	42	42	59	37	24	16	80	50	43	15	309	12	52	25	23	11	18	23	14	10	12	2	5	6	48	12	1	12	67	25	39	15	17	16	26	15	14	60	11	38	8	21	34	37	29	19
hsa-miR-4708-3p	6	6	0	0	4	8	15	15	13	7	6	10	0	0	0	9	10	4	2	0	0	0	0	0	0	0	6	0	11	0	0	0	0	0	10	0	0	0	0	6	0	17	6	6	6	1	10	3	9	9	5	9	9	9	4	4	7	2	2	7	10	10	5	5	16	9	0	20	4	11	0	7	0	0	66	5	0	0	0	0	0	11	0	0	0	14	11	11	0	0	0	4	0	8	0	0	0	0	0	0	9	0	0
hsa-miR-4709-5p	17	14	3	6	5	7	6	28	26	2	16	14	17	16	14	13	1	10	6	12	17	8	4	7	6	21	5	4	14	8	0	10	9	3	8	10	4	3	5	3	8	10	19	9	2	0	4	8	5	3	9	7	5	21	8	11	16	5	2	11	10	7	7	7	1	18	4	21	1	13	32	5	0	10	0	0	0	1	1	0	1	10	0	2	2	18	49	16	0	0	13	0	3	16	14	0	10	7	3	7	7	0	0
hsa-miR-4710	12	8	6	5	16	4	10	14	17	6	11	3	1	14	6	21	14	22	13	5	11	4	3	7	5	10	3	4	12	0	6	8	5	0	0	2	5	2	4	8	3	18	4	7	11	3	11	5	6	8	18	0	4	11	7	3	5	4	7	8	5	3	8	0	4	15	14	36	0	25	0	3	0	8	16	0	0	0	0	0	3	17	0	0	1	10	12	0	16	0	3	7	11	20	0	19	29	8	8	7	6	2	6
hsa-miR-4711-3p	32	44	12	2	17	6	11	37	7	7	9	7	0	0	0	19	8	19	10	0	10	6	16	0	12	0	10	0	0	0	0	0	0	0	4	0	0	0	0	5	0	8	8	3	2	3	2	6	9	8	1	6	5	4	5	7	2	3	5	2	0	3	3	0	3	0	0	13	0	0	0	1	7	0	0	0	1	0	0	1	0	0	0	0	0	13	0	10	0	0	0	0	0	0	0	0	0	0	0	0	0	0	0
hsa-miR-4712-5p	19	15	10	2	6	6	10	33	18	1	10	7	4	5	9	8	7	5	5	9	6	9	2	8	9	18	4	7	0	8	6	4	4	4	13	11	4	4	1	7	4	28	7	10	7	4	8	3	23	1	10	10	2	8	3	24	9	11	9	9	8	9	5	13	5	0	3	32	4	10	30	3	0	4	0	0	0	0	0	0	0	0	0	3	0	18	38	17	4	2	12	13	2	7	0	5	13	9	20	13	20	11	6
hsa-miR-4713-3p	25	26	11	3	9	13	31	32	16	9	17	26	22	8	10	8	2	7	4	14	20	4	13	9	5	37	12	42	61	31	19	24	11	28	18	19	9	9	18	5	18	38	19	19	12	13	16	27	26	22	14	13	10	27	10	36	48	34	33	52	45	13	6	19	5	47	11	81	0	50	77	33	10	21	10	37	3	5	10	1	1	67	13	7	32	84	53	40	13	31	40	32	12	51	67	31	51	29	73	46	59	26	70
hsa-miR-4713-5p	10	20	4	2	4	7	14	82	9	4	13	17	11	4	8	6	5	12	5	12	7	5	5	6	6	18	2	13	13	16	0	6	6	10	3	0	0	0	0	5	0	21	22	9	5	9	8	10	8	8	9	12	3	29	9	23	10	6	12	19	6	12	3	8	6	21	5	38	6	21	11	16	3	3	0	0	4	0	0	3	4	18	0	3	3	35	9	0	9	4	3	11	9	12	19	11	32	15	13	19	11	11	17
hsa-miR-4714-3p	12	29	16	2	3	9	12	20	25	4	10	8	7	9	15	12	6	14	11	8	15	3	9	6	11	10	6	16	29	27	17	0	11	13	14	5	11	8	11	7	16	32	18	8	6	11	7	10	14	21	16	17	9	36	12	18	15	10	15	28	13	11	5	14	8	40	9	21	4	24	14	14	4	7	10	7	0	4	7	2	2	13	2	2	1	27	19	20	7	4	9	0	8	20	21	10	3	10	11	21	23	4	12
hsa-miR-4714-5p	4	14	2	1	5	7	13	15	25	2	27	19	17	7	10	10	4	7	6	20	14	8	3	13	1	8	4	16	12	21	7	8	18	18	20	17	13	14	5	4	11	32	45	14	6	13	11	17	19	8	14	15	17	46	20	29	17	14	14	18	11	18	5	11	9	32	10	31	4	30	41	25	7	1	5	10	6	11	9	3	0	16	14	6	2	50	34	27	9	11	14	12	6	9	14	6	27	14	10	11	22	23	15
hsa-miR-4715-3p	0	0	4	0	0	3	9	19	0	0	0	5	2	3	7	4	1	2	3	6	0	0	0	2	0	12	0	0	0	12	0	0	0	0	0	0	0	0	0	2	0	9	4	5	1	7	3	3	0	5	4	5	2	8	0	0	0	5	4	7	1	4	0	4	1	12	0	28	0	10	0	1	0	0	0	0	2	0	0	1	0	0	0	0	0	11	13	0	0	0	0	2	0	0	0	0	0	0	0	0	0	0	0
hsa-miR-4715-5p	10	7	0	0	0	12	8	15	11	6	5	10	6	0	4	5	2	5	2	5	0	0	0	4	5	12	3	11	0	0	1	10	12	10	0	3	5	12	4	3	2	7	8	4	1	6	9	12	8	4	8	4	2	16	6	14	11	10	7	8	6	5	3	3	7	14	3	34	5	18	0	11	0	0	0	0	0	3	1	0	0	15	0	3	1	15	7	0	6	15	10	0	3	6	14	1	1	0	0	9	12	2	6
hsa-miR-4716-5p	8	13	0	2	10	8	8	23	8	4	18	8	3	10	4	7	0	14	5	4	8	1	3	2	5	9	1	21	11	19	0	8	0	10	3	1	2	7	3	4	4	14	3	5	5	8	7	6	6	6	5	5	7	26	4	8	7	7	7	15	6	7	3	5	8	16	10	60	1	21	13	1	4	0	10	8	4	0	0	0	0	10	0	0	1	14	0	12	20	1	0	0	0	13	10	4	0	0	0	0	0	8	0
hsa-miR-4717-5p	15	11	0	0	9	0	0	11	6	0	0	0	0	3	6	15	1	10	6	5	0	0	0	0	6	8	3	5	12	6	0	0	10	0	0	0	0	0	0	2	0	11	6	6	1	4	10	3	4	6	3	3	3	15	8	9	7	0	2	3	6	7	0	0	0	16	6	15	7	11	4	5	1	0	0	0	3	0	0	1	0	0	0	3	0	0	5	0	7	1	3	4	4	0	0	7	2	0	0	2	11	0	0
hsa-miR-4718	12	12	4	5	9	16	31	14	23	6	17	15	4	5	15	9	4	10	2	24	10	2	3	21	7	23	3	14	20	16	8	2	19	24	8	16	3	8	3	3	10	28	9	10	14	22	10	25	26	38	37	15	9	45	27	35	39	21	19	32	26	16	6	17	25	23	5	65	8	21	23	11	14	8	11	5	2	4	1	2	1	31	6	9	1	34	29	31	22	12	14	11	9	14	18	5	7	15	0	16	22	4	15
hsa-miR-4720-3p	8	6	3	0	6	18	22	10	33	3	14	30	19	3	9	7	2	8	3	20	4	1	2	19	7	8	0	8	50	18	10	4	8	4	28	12	5	8	7	3	8	34	35	16	6	20	11	9	34	20	16	15	7	27	20	30	21	24	22	27	23	21	7	23	26	27	0	33	3	25	0	5	5	4	4	5	1	0	0	1	1	16	0	3	3	22	0	0	0	0	6	0	6	14	0	0	6	0	7	10	16	13	16
hsa-miR-4721	61	65	11	7	46	19	31	67	92	5	30	19	7	30	18	26	13	38	27	7	44	13	22	22	15	32	24	9	11	7	8	1	9	13	23	21	3	6	5	12	8	35	17	6	11	3	12	16	14	11	18	9	9	21	10	14	18	10	12	10	14	9	19	12	13	10	4	58	4	8	57	15	7	5	9	14	2	4	1	0	2	15	4	4	2	34	60	17	8	5	11	0	3	17	6	2	13	4	11	5	14	8	10
hsa-miR-4722-3p	17	11	3	0	5	4	13	14	2	4	0	5	2	33	4	17	7	10	6	5	0	0	0	2	0	9	1	10	0	0	0	2	4	0	9	0	0	0	0	5	0	14	10	14	3	4	7	6	8	3	9	5	4	37	17	8	3	0	11	8	8	8	0	8	0	15	0	17	0	10	11	5	5	0	0	0	1	0	0	1	0	0	0	2	0	20	7	13	0	0	6	0	3	0	0	0	1	0	0	9	19	0	3
hsa-miR-4722-5p	7	19	3	5	13	10	4	11	36	6	5	7	3	6	5	13	8	31	5	7	7	1	4	4	6	14	3	0	0	0	0	2	0	0	10	0	0	0	0	3	0	13	7	6	2	6	3	5	7	11	7	13	4	11	4	15	5	16	6	11	9	7	2	7	2	9	2	17	0	0	6	7	0	0	0	0	1	0	0	0	3	15	0	3	2	9	0	16	0	0	7	0	4	0	12	0	3	12	11	0	9	0	0
hsa-miR-4723-3p	4	6	1	2	7	9	14	8	10	5	10	6	0	0	0	4	1	6	10	0	8	1	1	0	8	0	6	9	12	7	0	3	4	0	7	0	0	0	0	4	0	15	8	5	1	3	0	0	10	8	1	4	2	7	6	23	2	4	3	9	7	4	2	4	8	11	1	25	1	10	0	11	3	0	0	0	0	0	0	0	0	0	3	0	0	12	0	11	0	0	4	0	8	6	4	0	5	0	0	12	9	0	4
hsa-miR-4723-5p	3	5	0	0	3	15	15	7	10	5	9	8	7	3	5	2	1	9	2	3	3	0	1	8	1	6	3	10	14	20	11	11	2	10	12	11	2	3	9	3	8	18	12	10	3	8	4	11	10	9	12	8	3	24	10	30	27	13	9	13	15	4	3	6	9	11	4	14	4	12	14	14	4	1	0	0	1	4	4	0	2	41	0	4	3	23	16	0	13	10	5	0	3	11	29	16	10	17	21	17	15	13	0
hsa-miR-4724-3p	9	6	10	4	5	4	12	21	18	10	13	12	3	3	5	11	4	9	7	10	5	5	2	8	21	16	1	0	0	4	0	0	8	0	3	0	0	0	0	7	0	6	17	4	5	3	4	6	16	15	8	7	3	9	8	12	15	10	9	7	7	2	2	6	9	8	0	21	0	0	0	3	0	2	0	0	0	0	0	0	0	14	0	0	2	0	0	0	0	0	0	0	0	0	4	0	0	0	0	6	11	0	8
hsa-miR-4724-5p	17	12	4	0	3	2	4	12	14	9	0	5	0	8	6	5	4	5	10	6	0	0	0	6	6	11	6	4	0	6	0	6	5	0	9	0	0	0	0	7	0	15	7	8	2	4	0	0	9	6	8	6	4	8	8	6	11	9	6	8	7	6	4	8	11	0	0	24	3	7	19	8	2	2	10	15	3	0	0	0	0	11	0	1	1	16	14	0	11	2	1	10	3	0	11	2	11	0	21	8	12	0	2
hsa-miR-4725-3p	24	27	6	10	15	26	54	37	129	16	37	41	20	13	23	21	3	23	14	29	27	5	12	11	15	51	13	25	35	40	13	18	15	35	21	11	1	9	7	18	16	42	29	16	10	24	19	21	33	22	22	38	17	59	21	36	35	38	26	36	41	20	12	35	18	29	8	95	3	34	38	18	15	8	25	13	4	8	3	0	7	32	11	7	6	37	37	42	20	15	12	17	14	26	39	13	25	14	29	21	31	24	28
hsa-miR-4725-5p	15	15	11	5	129	93	102	82	128	20	55	42	19	69	44	262	148	165	279	7	87	50	24	51	41	88	138	16	0	11	10	10	8	0	5	9	3	5	7	5	9	22	12	5	10	2	7	8	9	6	9	7	6	16	6	8	6	6	8	12	14	8	4	4	7	17	0	22	10	20	48	9	6	6	0	0	3	1	11	8	0	12	10	5	0	17	22	23	0	0	5	11	4	10	9	0	19	2	0	11	10	3	7
hsa-miR-4726-3p	28	13	8	5	17	20	37	40	39	12	25	16	9	24	10	19	4	21	17	5	12	4	8	9	16	28	11	18	18	19	9	13	8	19	21	13	1	6	11	4	14	35	15	23	17	8	14	14	17	8	16	7	11	43	10	31	14	14	8	32	12	12	17	14	6	36	11	61	5	23	63	6	4	3	5	17	5	4	5	2	3	18	10	2	4	30	44	28	13	12	8	6	8	21	19	10	20	10	21	7	18	6	9
hsa-miR-4726-5p	10	12	2	5	11	14	39	8	20	14	28	24	18	9	22	9	5	15	8	16	6	0	2	23	8	25	8	14	13	23	10	15	19	18	26	16	5	6	11	5	17	36	16	12	12	26	17	24	39	22	19	35	10	34	23	34	45	20	26	38	33	11	15	35	13	44	13	29	11	29	71	13	6	3	12	6	3	5	2	9	3	23	12	2	0	15	28	12	16	6	17	8	5	12	28	10	20	13	28	17	16	10	8
hsa-miR-4727-5p	2	5	6	4	11	18	6	9	24	4	35	13	2	2	1	3	3	6	6	5	17	5	1	5	2	8	7	13	17	17	4	20	9	5	11	4	5	6	7	12	16	16	10	4	1	8	4	6	12	9	1	6	6	20	6	13	14	8	8	15	6	13	5	7	0	11	11	41	7	16	17	11	5	2	0	0	3	4	2	1	0	19	0	3	3	23	10	0	0	0	1	0	5	8	22	0	15	18	11	15	22	15	11
hsa-miR-4728-3p	20	11	0	2	5	5	9	10	16	5	7	12	5	5	4	10	2	14	8	4	12	0	8	2	4	20	8	7	10	16	0	1	0	0	0	4	10	2	5	4	7	14	3	6	9	4	6	8	12	3	5	4	4	33	6	8	8	9	8	7	6	5	6	15	2	12	0	41	0	13	16	5	5	4	0	0	2	0	0	0	1	12	0	3	5	15	0	10	0	0	4	0	5	0	14	0	9	0	2	0	14	0	0
hsa-miR-4729	27	39	12	8	13	17	9	46	40	11	27	20	8	7	25	16	7	14	11	7	20	13	7	5	15	17	10	9	17	15	10	7	4	10	22	16	2	9	6	22	9	28	13	9	7	11	15	14	18	11	19	7	6	77	17	34	13	17	13	17	17	13	26	9	10	16	12	48	7	37	41	17	5	5	14	11	2	3	1	1	3	21	5	2	2	43	38	29	16	7	11	15	13	13	7	8	20	28	6	19	10	9	14
hsa-miR-4730	9	5	2	5	3	11	14	15	31	7	12	13	8	6	16	9	6	2	10	11	9	6	7	12	8	26	2	24	15	24	16	5	16	14	28	24	11	6	10	9	11	39	15	5	22	5	6	10	20	15	8	11	7	20	6	17	29	11	11	12	12	2	0	6	3	25	5	25	1	16	25	17	9	11	3	10	1	7	7	3	1	21	0	4	6	20	23	13	12	13	9	22	14	19	83	24	37	15	42	17	23	14	21
hsa-miR-4731-3p	40	21	11	6	12	21	17	50	23	6	16	5	2	19	8	16	9	16	25	2	15	0	6	25	9	35	16	6	14	13	6	10	8	17	30	23	2	4	4	6	7	42	15	11	10	13	7	12	17	15	10	6	5	22	7	13	13	10	8	20	8	3	10	13	11	15	2	17	5	18	76	3	5	5	29	11	2	0	0	2	1	19	4	1	2	15	29	12	7	10	9	4	1	6	18	3	12	5	12	7	11	7	7
hsa-miR-4732-3p	224	150	33	12	58	100	76	55	79	102	51	61	45	61	35	76	43	121	40	39	85	50	17	85	43	77	103	149	123	164	158	52	71	56	87	79	53	187	80	51	48	144	164	38	23	74	34	45	70	123	19	94	24	174	41	60	30	30	25	64	50	149	36	56	86	59	89	65	89	142	93	147	53	26	58	23	20	33	38	3	33	119	28	21	8	250	133	357	71	71	722	94	232	114	445	133	381	457	180	162	218	41	82
hsa-miR-4732-5p	485	141	47	9	96	147	72	89	134	138	74	89	66	66	107	154	35	201	59	57	88	49	23	98	69	85	111	217	257	230	371	133	138	213	177	105	83	212	149	122	92	270	191	61	38	139	71	51	95	131	28	108	41	158	54	74	29	51	24	60	77	156	65	102	133	141	131	71	119	347	142	300	26	28	117	39	38	52	30	2	52	185	50	54	53	480	174	508	134	64	336	138	268	144	458	188	332	654	289	278	495	108	157
hsa-miR-4733-5p	16	5	0	0	2	15	13	59	10	7	14	9	7	7	12	4	0	4	9	3	10	0	2	3	4	10	4	14	13	16	0	12	13	14	14	12	9	9	1	5	10	25	16	18	3	11	11	11	17	10	9	12	11	27	10	13	11	10	15	18	13	4	4	7	6	26	6	21	3	26	26	8	4	5	17	4	3	0	0	1	4	19	0	8	2	34	25	14	0	0	13	17	12	20	17	0	13	12	21	23	15	5	7
hsa-miR-4734	11	8	3	2	8	19	19	11	51	7	14	16	15	12	9	11	6	22	8	8	10	6	1	10	5	13	4	7	14	17	8	7	8	19	15	12	8	7	4	7	9	21	19	5	8	5	9	12	20	18	18	23	6	18	12	28	23	26	25	16	10	13	5	11	16	9	11	33	3	13	12	16	6	3	0	0	0	0	0	0	0	16	10	6	3	12	21	13	12	20	9	20	11	17	32	6	13	13	9	17	23	10	19
hsa-miR-4735-5p	7	9	5	0	7	8	10	14	21	1	15	10	4	4	15	4	1	1	2	3	0	0	0	3	4	6	4	0	0	0	0	4	0	0	0	0	0	0	0	1	0	12	11	4	2	4	9	10	12	8	5	9	5	11	8	11	9	5	8	14	3	6	3	8	4	18	2	17	2	11	0	7	0	2	0	0	0	0	0	1	0	0	0	0	0	10	12	13	0	0	0	10	0	0	0	0	0	0	0	0	7	0	0
hsa-miR-4736	4	8	1	0	4	8	11	4	8	3	0	9	6	1	6	1	1	2	4	8	0	0	0	6	0	11	0	9	57	24	11	12	4	8	9	5	0	1	3	5	5	20	17	8	2	1	1	8	10	10	5	8	5	19	9	10	13	14	12	28	14	12	7	27	4	55	10	31	0	31	19	11	4	6	19	5	0	2	6	1	2	24	0	9	7	27	14	19	14	7	12	9	6	18	17	2	11	4	9	13	22	1	7
hsa-miR-4737	34	34	14	12	7	9	17	41	23	5	20	20	13	9	21	18	2	21	10	11	20	5	14	5	8	22	7	10	45	13	0	3	13	13	9	10	4	5	6	10	12	25	13	10	2	7	10	5	21	11	12	8	6	21	6	33	5	11	6	10	8	11	7	9	5	42	9	23	10	17	27	5	0	6	6	11	0	2	0	0	3	18	0	3	7	21	26	9	10	8	7	0	6	19	22	2	8	4	15	13	19	13	5
hsa-miR-4738-3p	13	7	1	0	17	11	8	13	24	9	16	25	5	6	9	20	12	21	16	7	15	4	3	11	3	10	18	9	11	12	3	8	0	8	0	2	6	3	6	6	2	14	13	10	22	3	20	12	14	21	32	13	16	22	16	15	24	11	13	22	13	25	7	17	21	19	19	29	24	24	6	2	0	4	17	4	0	0	0	0	6	11	0	6	6	19	9	17	13	10	7	6	13	17	11	10	5	11	1	0	14	7	14
hsa-miR-4738-5p	24	24	10	1	15	7	10	31	15	2	8	2	8	8	8	6	4	13	5	19	16	8	5	6	6	31	4	14	15	10	0	6	6	0	9	5	1	3	5	2	12	21	12	3	7	5	6	12	14	8	6	10	3	21	10	7	9	21	12	19	16	9	9	8	4	20	3	19	6	15	19	7	5	5	6	10	2	10	7	3	0	16	3	11	2	28	29	21	0	0	9	31	7	11	16	0	1	14	0	15	12	13	11
hsa-miR-4739	36	20	17	7	13	14	20	33	23	13	29	14	16	10	7	6	3	12	14	14	7	3	4	9	8	22	4	20	13	11	2	13	10	15	12	7	5	3	11	13	16	20	23	5	7	13	12	10	19	6	16	25	2	18	17	15	7	7	11	18	19	7	7	15	8	14	5	47	2	17	39	27	16	5	7	13	3	3	4	1	3	16	6	2	5	26	22	34	11	12	13	9	2	13	31	9	22	9	15	21	19	21	21
hsa-miR-4740-3p	17	14	8	1	16	13	13	9	17	3	10	13	7	4	5	7	11	17	12	2	10	3	5	11	8	17	6	12	35	17	10	6	4	6	8	0	0	0	0	6	0	25	15	9	8	5	4	4	10	12	5	17	5	24	9	22	12	8	12	12	11	23	7	21	8	35	12	40	8	24	17	5	7	3	10	7	2	1	1	2	2	27	3	2	8	28	24	7	9	7	11	0	6	9	18	6	24	7	17	14	0	14	7
hsa-miR-4740-5p	13	13	13	9	5	53	20	28	30	4	33	19	21	9	11	11	10	10	13	11	14	5	6	6	2	22	5	22	40	38	12	11	4	12	19	20	5	12	18	19	55	51	35	21	12	10	17	23	27	13	13	10	12	48	33	60	49	26	24	40	54	26	10	24	25	29	11	41	7	27	34	30	8	7	8	21	2	6	2	6	4	55	13	6	3	45	66	39	23	26	28	15	5	23	25	5	11	15	3	29	53	15	30
hsa-miR-4741	19	27	29	7	34	50	299	46	165	32	59	49	28	19	16	17	11	60	24	13	35	15	6	33	32	62	10	25	33	33	9	20	10	29	35	34	3	15	16	16	24	61	27	17	20	15	16	29	51	38	34	47	15	46	31	47	52	21	37	46	33	38	30	35	27	43	18	191	8	42	98	22	12	22	21	29	4	11	0	3	5	37	6	10	5	38	80	67	15	7	12	28	12	35	48	13	34	22	23	17	49	19	26
hsa-miR-4742-3p	15	13	3	2	16	12	10	24	23	10	5	17	1	5	11	44	24	14	22	4	13	7	1	7	8	10	24	0	13	6	11	2	4	11	5	1	2	9	5	5	4	17	6	20	5	6	9	3	12	7	19	10	20	18	9	9	12	9	5	4	6	23	5	8	29	18	17	10	27	24	0	6	7	3	18	2	4	0	0	0	0	0	0	0	0	16	6	18	18	8	10	0	21	17	10	7	1	7	0	5	18	11	0
hsa-miR-4743-5p	10	6	2	3	4	8	11	21	19	2	8	7	6	14	2	11	3	20	8	12	19	3	8	7	4	5	4	9	16	17	0	2	12	0	7	5	1	1	4	5	10	12	9	4	6	5	11	4	5	11	6	5	5	15	4	18	10	5	7	3	2	7	4	10	9	5	5	64	0	13	24	9	0	0	10	1	0	0	0	0	0	0	0	0	0	24	0	0	7	1	0	0	0	0	18	4	0	0	0	2	10	5	0
hsa-miR-4744	7	18	6	3	7	7	6	12	16	5	9	8	9	3	5	6	4	7	4	4	11	1	2	4	6	9	4	6	0	0	0	2	0	0	5	0	0	0	0	2	0	9	19	3	6	0	4	13	3	9	2	4	7	12	5	9	14	6	2	11	6	3	2	7	4	0	0	18	2	6	12	3	1	3	0	0	1	0	0	0	2	16	0	2	1	0	15	0	0	0	0	10	0	0	0	0	0	14	0	0	8	0	0
hsa-miR-4745-3p	55	42	15	5	61	51	51	67	53	39	41	58	27	23	27	46	11	42	21	28	42	27	10	18	21	63	26	55	48	55	23	33	17	19	41	60	14	14	19	17	30	90	38	26	21	27	27	66	48	36	43	49	20	33	38	76	53	43	56	50	55	34	65	68	33	102	23	1049	9	64	425	46	21	17	25	76	9	27	11	7	3	52	21	14	4	86	206	75	26	25	33	41	12	21	47	16	49	22	55	21	113	29	38
hsa-miR-4745-5p	6	6	9	10	29	14	48	22	29	15	43	15	11	10	13	17	10	41	18	8	26	6	4	11	16	38	19	7	29	11	14	8	12	2	20	9	2	18	13	16	16	28	19	12	7	10	15	5	19	20	4	23	4	37	15	40	24	12	13	37	15	5	9	17	7	27	8	32	2	21	13	15	5	4	0	0	6	0	0	3	3	18	0	2	5	17	18	33	15	4	15	12	4	12	33	11	23	19	25	13	12	15	12
hsa-miR-4746-3p	5	5	7	3	14	22	20	11	37	19	22	14	19	7	6	6	6	9	3	12	16	5	0	16	5	38	1	21	29	24	10	10	10	14	24	14	7	9	7	7	9	44	29	13	9	16	9	10	14	27	23	21	12	21	18	24	35	14	21	26	22	12	22	23	9	28	3	68	5	29	132	21	14	9	11	18	1	3	3	1	2	18	6	7	3	30	54	19	6	8	23	17	9	22	18	5	31	6	29	15	38	14	8
hsa-miR-4746-5p	18	14	9	3	62	51	105	56	82	10	41	31	12	8	17	45	18	72	35	16	50	7	3	18	36	31	31	5	16	8	3	7	4	8	24	21	4	7	6	7	9	46	24	14	8	14	21	25	41	66	46	27	18	47	31	52	50	24	19	27	36	34	15	23	33	13	9	28	16	21	73	4	6	3	7	12	4	0	0	2	2	23	8	2	2	16	37	16	10	3	18	8	6	12	13	10	11	10	12	5	11	3	0
hsa-miR-4747-3p	10	16	6	10	12	32	37	41	37	17	20	25	8	7	4	4	6	12	6	8	8	2	2	16	7	10	9	3	0	0	0	0	8	11	28	17	4	0	3	3	4	42	28	12	9	13	7	17	20	28	20	18	4	30	25	30	29	12	20	26	19	13	16	23	31	12	5	38	1	6	25	8	8	0	0	0	0	2	0	0	0	10	0	0	4	14	0	11	0	0	10	2	4	0	0	0	9	0	0	5	0	10	7
hsa-miR-4748	22	10	8	2	10	10	29	22	21	9	16	19	14	3	17	12	6	17	8	9	12	16	5	6	4	21	15	22	11	19	16	16	17	19	20	15	13	16	4	4	9	42	16	9	11	20	22	11	22	36	25	20	13	33	14	29	33	23	11	38	28	15	18	22	31	26	8	32	12	44	52	12	10	15	9	14	7	7	0	0	2	20	11	8	7	24	46	19	16	2	62	14	12	20	10	25	16	24	19	19	17	11	13
hsa-miR-4749-5p	20	9	10	1	7	10	23	33	72	10	16	9	10	7	4	9	2	11	7	8	11	6	9	6	8	21	4	0	0	0	0	0	6	0	14	0	0	0	0	4	0	23	5	5	8	6	12	5	9	10	11	9	9	40	14	14	16	8	9	17	18	9	15	20	23	10	0	88	1	14	5	13	0	4	0	0	0	0	0	0	3	10	0	0	0	13	15	13	0	0	0	0	0	0	0	0	0	0	0	7	0	5	7
hsa-miR-4750-3p	6	7	4	1	12	5	9	7	10	8	17	5	6	8	3	0	0	0	0	4	5	5	3	8	5	9	0	12	19	7	0	2	2	8	14	0	0	0	0	10	0	16	9	7	4	9	6	5	7	4	4	4	3	14	6	15	7	6	0	12	10	0	2	9	2	35	0	32	0	0	12	6	2	6	32	5	4	0	0	1	1	16	0	0	8	13	12	10	0	0	2	0	2	0	12	0	2	0	0	12	13	0	8
hsa-miR-4750-5p	30	22	9	13	24	17	20	32	26	19	30	24	34	15	20	21	15	35	15	14	23	5	12	11	13	19	16	40	124	33	20	17	15	38	37	23	9	18	11	15	13	52	46	27	42	21	32	12	26	15	22	26	20	56	42	55	36	28	11	37	27	14	11	21	19	68	31	124	22	56	43	21	11	24	38	7	5	9	11	5	8	55	18	17	17	40	33	34	27	9	22	22	32	42	57	55	95	45	56	25	35	20	27
hsa-miR-4751	20	17	11	6	20	20	34	32	41	5	12	16	6	9	6	11	3	31	6	7	19	1	2	7	6	14	7	5	0	13	0	6	11	10	22	5	0	8	5	2	12	28	8	12	4	8	8	14	21	63	31	28	9	22	22	24	23	10	19	36	25	8	31	32	39	19	3	39	1	15	35	5	7	0	0	0	1	0	0	1	3	17	1	1	3	13	19	0	6	1	6	4	7	0	3	4	1	13	1	4	12	6	6
hsa-miR-4752	15	15	9	0	3	2	2	132	21	2	10	4	2	5	4	5	1	7	6	6	0	0	0	2	6	13	4	0	0	0	0	0	3	0	6	9	2	1	1	3	3	14	8	6	3	4	1	3	11	3	6	7	2	7	5	12	6	5	4	5	3	3	4	5	4	0	0	13	0	0	11	8	0	0	0	0	0	0	0	0	0	0	0	0	0	10	10	11	6	10	5	0	5	0	9	0	11	8	1	9	0	0	0
hsa-miR-4753-5p	12	13	2	1	6	6	6	18	20	3	10	2	2	6	6	15	4	21	2	2	9	1	1	9	3	17	7	0	0	5	0	5	2	0	10	18	1	8	0	3	4	25	3	2	6	2	8	11	9	13	9	8	10	13	11	18	11	7	11	11	7	7	5	8	10	13	0	79	7	17	16	6	0	3	0	0	0	0	0	0	3	12	0	2	3	8	18	12	6	5	0	4	0	6	0	11	0	19	16	10	5	4	8
hsa-miR-4754	35	47	22	8	29	18	16	60	50	6	28	25	8	22	21	43	10	46	28	13	36	12	6	8	20	47	21	37	131	25	21	14	12	23	19	18	9	15	9	17	13	45	26	26	5	20	18	14	24	17	14	17	19	62	29	26	14	16	11	28	32	44	35	36	20	170	17	105	13	95	113	22	15	15	46	19	5	10	4	2	8	49	6	13	21	74	75	48	24	18	18	24	20	31	32	17	89	29	16	19	28	21	18
hsa-miR-4755-3p	18	4	2	0	2	2	6	11	8	5	8	6	4	10	12	7	3	12	7	4	0	0	0	4	0	5	4	9	0	10	0	0	0	0	5	1	1	2	3	4	5	6	8	3	3	1	2	6	6	3	5	6	2	14	5	13	6	6	6	5	8	5	8	8	0	13	0	30	0	23	7	5	4	0	0	0	0	0	0	1	2	15	0	0	8	0	0	0	0	0	0	0	0	9	20	0	0	0	0	0	0	0	7
hsa-miR-4757-5p	15	16	7	4	7	33	42	12	45	17	51	29	18	5	11	7	2	9	10	10	5	0	7	15	5	27	6	41	50	36	11	15	10	15	19	24	8	12	8	3	9	40	34	38	9	15	26	33	33	62	43	38	20	51	47	69	52	59	31	67	55	51	35	58	48	83	13	64	7	52	35	23	18	7	64	28	8	3	3	2	5	39	17	11	2	48	35	47	12	11	33	34	5	30	13	3	16	6	6	29	44	27	27
hsa-miR-4758-3p	3	4	6	0	12	7	15	14	12	7	14	13	14	5	13	5	1	7	7	9	2	2	0	3	5	12	4	10	27	14	0	0	11	0	7	12	2	7	5	6	2	18	30	4	10	10	6	11	16	46	13	14	5	23	9	22	31	20	18	32	15	4	3	18	23	27	2	18	4	12	2	9	0	0	0	0	0	0	0	0	2	17	5	3	6	39	13	11	0	0	6	10	4	9	14	0	7	6	5	14	12	6	9
hsa-miR-4758-5p	10	20	3	6	19	22	24	56	28	15	29	26	14	10	13	14	3	22	7	17	18	3	3	8	7	17	9	20	47	24	9	11	28	27	18	22	10	12	6	5	13	39	32	37	13	10	16	22	23	20	24	16	7	76	22	29	17	16	13	18	27	11	5	31	7	62	13	68	9	44	24	14	9	11	12	10	3	6	1	2	4	28	0	6	8	43	31	26	7	14	26	11	8	26	19	17	23	10	20	25	25	23	20
hsa-miR-4763-5p	25	23	6	3	18	9	22	45	17	12	19	20	5	10	7	12	5	19	7	7	12	6	5	17	10	25	7	36	13	18	7	17	12	14	26	21	8	1	11	4	10	47	18	6	6	16	10	20	18	10	15	18	12	33	17	77	18	11	14	45	16	7	7	9	12	18	7	850	2	33	21	25	11	6	4	12	7	7	7	2	8	25	2	5	4	52	20	22	16	8	12	9	10	22	23	6	24	18	20	27	22	13	18
hsa-miR-4764-3p	10	15	8	8	10	5	21	35	14	6	19	12	8	4	5	11	7	10	5	12	19	7	11	13	7	20	3	8	0	0	0	0	4	0	17	13	2	2	4	8	4	25	11	7	14	7	13	15	13	49	53	36	18	31	27	33	46	20	39	40	29	16	21	28	53	13	4	32	1	28	15	5	0	1	0	0	0	0	0	1	1	12	0	3	3	0	12	12	0	0	5	4	3	0	16	0	11	7	0	12	15	0	0
hsa-miR-4764-5p	30	9	2	6	4	5	11	11	13	6	0	9	21	10	7	6	7	6	5	1	11	4	8	4	13	13	5	7	0	0	0	0	0	0	10	0	0	0	0	2	0	13	12	3	8	8	3	4	6	8	5	4	2	20	10	17	0	8	8	2	4	7	10	7	4	14	0	44	0	14	10	8	8	6	0	0	2	0	0	1	1	10	0	1	2	6	12	11	0	0	8	17	1	10	16	0	0	0	10	0	3	0	3
hsa-miR-4765	18	25	8	0	9	8	6	18	8	3	13	11	6	6	9	17	3	7	6	7	0	0	0	4	13	16	5	0	0	8	2	0	4	0	6	0	0	0	0	5	0	13	9	6	4	4	6	5	10	9	3	5	2	12	7	4	9	1	5	10	7	1	7	4	8	26	5	35	2	15	13	12	1	3	8	10	2	2	3	0	0	0	0	2	0	12	10	0	0	0	5	0	5	6	0	0	13	2	0	3	0	16	0
hsa-miR-4766-3p	7	9	2	0	4	3	12	9	39	3	11	16	4	11	1	11	8	9	10	4	6	1	0	3	5	14	6	8	11	13	2	9	8	0	11	18	2	4	14	4	8	28	18	4	8	3	10	8	13	15	7	12	9	10	5	12	17	4	4	20	12	15	7	8	8	16	5	26	0	4	29	13	5	0	0	0	4	0	0	4	1	16	0	0	3	13	16	11	9	6	10	5	9	13	16	6	5	6	21	26	12	20	12
hsa-miR-4767	13	18	11	5	13	37	35	22	28	10	29	26	13	15	18	24	6	18	8	16	14	2	5	9	9	19	9	15	86	18	11	6	13	16	23	15	6	2	3	11	13	30	15	7	12	16	22	21	19	32	28	38	11	31	28	33	39	23	17	31	20	17	17	38	46	39	3	94	3	12	14	9	7	5	7	10	8	12	14	20	0	19	8	6	15	24	20	15	11	6	14	22	6	15	30	2	26	12	14	10	19	12	9
hsa-miR-4768-3p	9	13	7	4	8	6	11	10	14	1	15	7	2	8	0	7	3	6	7	5	13	4	5	1	11	24	2	9	0	0	0	0	0	0	0	0	0	0	0	3	0	7	10	6	9	5	0	5	9	3	5	11	5	15	10	17	6	10	5	21	9	9	4	8	4	9	3	17	0	16	12	6	0	0	0	0	0	0	0	0	0	11	0	1	5	18	10	21	0	0	0	0	0	0	0	0	0	0	0	0	0	0	2
hsa-miR-4769-5p	10	0	5	4	7	6	2	11	0	0	13	6	0	0	0	11	1	5	8	0	4	3	3	0	9	0	2	0	0	0	0	0	0	0	0	0	0	0	0	0	0	11	4	3	4	1	2	5	0	1	5	8	2	35	0	0	0	6	0	0	6	0	5	0	3	0	0	12	0	15	14	6	0	4	0	0	0	0	0	0	0	0	0	0	0	0	2	0	11	5	0	2	0	0	0	5	0	0	0	0	0	4	0
hsa-miR-4771	19	17	4	1	5	8	21	33	12	7	41	10	10	3	6	14	3	4	6	7	9	2	3	10	8	12	6	14	32	18	10	3	10	0	9	7	2	4	3	1	15	14	14	2	4	3	10	8	11	7	9	13	6	16	12	12	7	15	6	10	8	9	9	13	4	21	9	33	1	16	15	5	11	2	0	0	1	0	0	1	1	14	0	5	2	25	19	12	0	0	16	14	4	25	28	0	17	16	0	7	21	10	12
hsa-miR-4772-3p	15	18	12	7	8	14	15	195	46	7	32	14	16	12	13	11	12	13	6	10	27	5	9	15	7	28	3	15	15	7	4	8	7	0	26	29	9	4	5	14	8	47	10	21	9	5	8	20	27	8	15	13	12	35	12	27	23	17	7	15	12	22	13	13	16	30	6	43	9	23	51	11	18	7	5	21	1	4	1	3	2	15	9	4	1	147	80	27	13	8	9	13	17	25	15	3	13	63	2	12	24	8	12
hsa-miR-4772-5p	267	24	3	0	1	4	30	143	10	4	16	7	0	0	0	9	5	10	4	0	0	0	0	0	3	0	1	5	0	0	0	0	0	40	8	4	9	1	3	1	0	11	8	6	8	25	2	2	4	20	6	3	0	1	2	37	4	2	29	4	0	0	1	2	5	0	1	14	0	0	0	7	2	7	0	0	0	13	3	2	0	0	34	0	0	26	3	0	0	0	72	8	4	0	0	0	3	0	0	0	0	0	2
hsa-miR-4773	12	5	3	0	4	7	10	22	5	0	0	4	1	0	3	1	1	3	3	12	0	0	0	4	3	7	4	8	11	12	10	2	2	0	2	0	0	0	0	2	0	13	2	3	0	6	4	2	7	2	5	6	7	16	3	12	5	9	6	25	3	4	5	3	1	6	0	26	4	0	7	12	0	5	5	10	0	0	0	0	2	14	0	2	3	27	0	11	11	6	15	0	1	12	2	4	3	15	5	0	10	0	6
hsa-miR-4778-3p	12	11	2	2	10	306	776	7	323	62	93	96	13	10	8	8	4	9	6	17	5	4	3	29	3	40	6	6	18	18	0	9	12	6	107	83	6	4	6	4	4	161	22	29	33	40	53	65	162	449	251	138	62	188	97	104	219	69	64	162	82	34	32	69	161	21	9	62	1	21	21	12	11	14	10	12	2	0	0	2	0	15	0	0	3	21	10	21	0	0	0	0	0	12	20	0	0	8	13	8	16	7	10
hsa-miR-4778-5p	13	23	5	5	7	9	13	23	19	7	17	16	14	6	7	11	2	5	4	9	8	12	15	11	12	35	5	15	12	19	7	11	14	14	8	9	9	5	10	8	12	19	21	13	7	4	10	22	10	7	11	19	9	27	6	26	10	15	11	13	15	17	16	15	7	16	5	40	4	16	39	17	7	13	9	29	2	6	5	0	4	14	3	6	9	43	98	38	12	7	12	10	13	15	10	13	13	12	27	10	36	27	11
hsa-miR-4779	0	0	0	0	0	0	0	10	18	2	0	2	0	0	0	2	2	6	2	0	0	0	0	0	0	0	2	0	10	0	0	4	4	0	0	0	0	0	0	2	0	0	0	0	0	0	4	3	0	5	5	3	0	15	5	13	2	5	3	6	4	5	2	4	3	0	0	22	0	12	12	2	0	0	0	0	0	0	0	0	2	13	0	3	2	12	12	13	0	0	10	0	3	0	13	0	3	0	0	15	12	6	0
hsa-miR-4780	9	23	7	6	15	14	13	30	31	7	25	9	17	7	4	9	7	12	11	7	9	9	7	9	13	50	16	25	29	11	7	14	12	25	24	23	4	9	11	14	9	52	16	20	6	8	6	27	11	3	13	11	11	34	11	11	16	18	14	21	22	8	17	10	1	30	9	49	5	22	87	17	7	5	118	31	73	137	101	119	1	20	10	2	4	45	66	40	20	1	4	81	4	7	9	2	21	7	8	14	41	20	18
hsa-miR-4781-3p	87	47	20	15	63	12	21	134	31	4	20	6	11	55	15	75	16	68	20	21	58	11	14	18	22	15	17	24	20	23	9	16	9	9	12	10	1	8	7	8	4	33	21	21	10	7	16	12	21	18	16	19	6	25	15	67	22	17	24	16	18	18	13	12	13	13	8	57	10	24	15	18	8	1	9	8	7	1	2	1	5	37	6	11	8	25	23	27	10	10	12	14	7	16	14	9	43	35	14	16	26	9	13
hsa-miR-4781-5p	17	20	12	6	17	14	9	32	43	14	13	20	11	8	14	28	5	17	4	11	16	12	5	15	12	50	5	18	12	15	12	10	18	12	22	19	12	5	10	6	23	32	19	15	6	6	11	23	23	10	19	18	10	37	10	26	39	14	14	16	14	12	17	15	9	27	8	107	10	40	111	21	11	14	7	25	1	5	1	1	7	50	11	3	3	46	126	29	21	4	18	4	11	27	24	17	31	24	41	14	46	27	18
hsa-miR-4782-5p	68	80	42	20	13	17	13	72	38	18	33	20	34	22	29	23	7	17	3	25	59	37	15	30	16	28	6	21	86	39	22	14	15	28	33	29	21	14	20	11	26	0	0	0	0	0	1	4	0	0	0	0	0	0	3	4	7	0	0	0	0	0	0	0	0	23	9	62	11	27	43	13	13	6	6	20	2	14	3	1	6	49	8	3	13	54	65	36	15	11	39	20	11	31	61	17	40	21	30	43	49	37	28
hsa-miR-4783-3p	12	15	8	6	29	17	27	36	20	12	17	8	7	8	4	10	13	28	12	5	29	8	2	9	20	13	7	8	13	7	0	8	11	6	7	6	6	4	4	8	3	55	41	23	4	25	9	32	19	8	13	9	5	51	27	48	25	21	17	13	20	11	4	17	8	24	7	39	14	28	10	4	4	2	0	0	1	0	0	1	2	15	0	2	3	34	8	27	9	7	0	0	0	13	13	9	0	2	0	7	13	14	8
hsa-miR-4783-5p	16	19	0	3	9	16	30	23	22	23	38	23	9	15	4	15	8	11	7	6	17	5	5	3	9	23	7	3	0	0	6	0	5	0	14	4	2	7	3	8	7	18	16	6	4	8	8	6	22	24	20	18	5	33	23	17	17	12	14	12	19	6	14	28	20	7	3	24	6	10	7	12	4	2	0	0	2	2	0	1	0	0	2	1	0	15	11	8	0	0	0	3	0	10	16	0	0	14	8	10	10	0	0
hsa-miR-4784	63	49	30	14	157	297	302	145	1065	33	152	47	41	59	125	403	252	306	329	30	119	117	19	57	110	208	41	99	174	105	120	96	43	66	154	54	89	62	52	107	60	237	40	232	472	110	347	31	85	47	57	37	65	85	27	45	41	101	24	66	81	108	28	85	146	75	141	258	429	313	83	25	22	56	183	18	56	13	8	7	80	423	98	166	77	102	59	91	159	19	29	55	283	50	124	264	70	123	59	64	149	37	88
hsa-miR-4785	17	18	9	16	44	51	75	35	57	30	54	55	14	34	29	52	34	56	42	27	24	9	11	20	23	51	42	19	78	29	19	21	28	30	45	38	10	11	21	12	27	91	52	23	28	39	30	29	43	50	58	62	34	50	44	58	69	59	42	81	54	42	30	69	56	48	17	79	14	47	36	10	22	15	17	12	5	3	4	4	5	35	16	7	13	78	45	47	30	16	26	25	23	32	41	20	28	25	12	24	30	17	22
hsa-miR-4786-3p	7	3	1	2	2	14	19	17	14	4	11	12	16	1	4	6	1	4	5	9	6	1	1	3	5	13	7	12	27	14	1	0	6	5	14	11	1	5	10	6	6	22	12	13	7	11	9	27	17	17	15	14	4	22	11	17	21	15	17	11	17	10	8	18	10	20	7	140	5	13	17	9	2	1	0	0	0	0	0	0	1	16	0	4	3	22	16	10	5	11	15	13	2	9	18	7	4	3	2	19	13	13	9
hsa-miR-4786-5p	6	12	4	1	4	24	39	4	32	19	30	26	12	6	8	9	2	9	7	19	5	1	3	20	7	29	2	20	11	24	0	2	2	8	21	13	5	2	0	5	14	33	17	15	11	11	19	13	34	54	54	50	27	44	32	51	85	37	48	43	34	38	30	64	116	23	5	25	6	21	11	5	0	4	0	0	0	0	0	0	0	0	0	0	0	13	13	13	0	0	11	0	7	14	12	0	4	8	0	11	18	0	11
hsa-miR-4787-3p	20	11	8	5	19	21	45	26	29	9	22	21	13	6	20	16	13	8	4	12	17	5	2	16	9	22	8	20	33	20	9	11	21	18	25	10	4	10	16	15	21	40	21	19	19	16	14	29	28	13	12	17	19	30	23	34	23	20	16	34	30	28	11	27	13	34	12	36	5	38	30	30	6	8	10	17	25	49	31	55	4	20	9	2	10	42	31	52	28	17	24	147	16	25	34	16	20	31	25	21	47	28	26
hsa-miR-4787-5p	20	18	6	6	12	118	253	23	82	70	115	140	33	12	49	9	9	18	8	113	14	6	8	94	8	81	5	16	76	22	21	8	6	0	216	192	9	11	18	8	29	265	100	61	99	195	166	219	258	347	315	501	44	163	309	420	920	165	286	324	311	68	83	204	130	90	3	55	4	17	18	16	37	18	14	4	3	6	7	3	6	45	8	9	32	29	31	27	11	15	6	20	11	15	43	9	28	13	21	20	35	29	17
hsa-miR-4788	19	9	9	1	7	6	15	208	163	5	13	6	11	8	11	9	3	4	4	5	4	2	6	7	10	15	3	15	16	11	0	8	0	0	4	4	1	5	4	2	10	18	9	6	3	2	2	13	17	11	9	12	6	20	3	11	12	8	5	12	5	10	5	7	5	11	0	43	0	15	18	7	0	2	3	11	0	0	0	0	0	0	0	5	0	15	22	15	10	2	10	7	9	25	16	2	4	9	13	0	13	6	0
hsa-miR-4789-3p	10	3	3	0	7	6	4	5	7	1	0	13	8	4	5	1	1	4	8	2	10	1	1	12	0	30	3	15	13	14	8	12	9	0	11	8	2	5	3	4	4	17	11	12	2	6	4	12	9	3	4	0	10	6	5	23	7	8	5	14	6	7	8	5	4	20	2	15	9	35	149	6	3	7	18	20	3	0	0	1	0	21	8	11	1	22	47	16	10	8	16	10	2	16	16	8	26	10	14	10	19	9	10
hsa-miR-4790-5p	0	0	0	0	0	7	8	4	0	0	0	0	0	0	0	2	2	1	1	0	0	0	0	0	0	0	0	4	56	0	22	0	0	0	0	0	0	0	0	1	0	16	3	3	0	3	4	3	5	3	2	7	0	6	1	9	2	1	2	7	2	5	2	0	2	58	0	10	0	9	0	4	0	0	0	0	0	0	0	0	0	0	0	0	0	7	0	0	0	0	4	0	4	0	0	0	8	0	15	0	11	10	0
hsa-miR-4792	5	9	6	2	5	23	33	15	27	7	18	16	12	9	3	8	2	6	6	6	9	1	4	15	7	13	3	13	12	15	10	12	11	14	24	18	5	6	11	1	5	40	8	13	5	16	9	16	21	25	22	31	5	23	11	38	31	19	30	49	37	9	16	19	19	17	7	27	4	18	47	12	6	7	0	0	1	5	3	1	4	20	3	4	7	39	25	19	22	7	11	20	7	21	45	10	30	20	26	13	23	18	16
hsa-miR-4793-3p	23	23	7	4	8	13	18	52	10	12	16	25	9	11	9	10	2	14	12	9	11	6	4	8	6	16	2	8	12	11	0	7	10	10	28	12	13	4	4	8	8	32	13	14	9	14	10	11	19	19	15	18	6	27	22	45	25	18	27	34	20	13	10	20	20	13	8	26	3	21	14	13	9	7	0	0	1	8	2	0	0	0	0	3	0	20	19	14	0	0	15	5	5	17	0	0	10	14	1	13	14	6	8
hsa-miR-4793-5p	50	46	31	9	19	23	19	46	29	16	20	18	14	32	19	28	7	27	21	17	37	12	25	19	14	33	10	7	21	19	17	14	12	31	22	22	7	6	8	10	10	48	12	13	11	15	15	16	13	19	28	17	12	33	6	22	22	17	14	26	24	36	42	13	10	30	12	136	13	32	81	15	3	8	14	20	3	2	2	1	1	21	13	6	3	27	89	27	13	4	10	11	10	12	22	11	2	6	20	10	32	9	8
hsa-miR-4795-3p	17	33	5	12	8	9	6	23	24	11	12	8	10	9	1	11	9	13	2	4	10	12	6	5	10	20	7	11	0	4	6	4	1	0	9	19	4	4	3	5	12	28	4	12	0	8	6	7	8	7	7	5	9	10	3	12	4	9	10	7	5	7	6	6	5	11	3	23	3	11	84	12	12	1	1	47	0	3	0	0	2	10	1	1	2	17	65	14	0	0	0	0	0	10	11	0	0	5	0	27	19	0	11
hsa-miR-4796-3p	19	13	2	7	13	10	12	37	21	6	12	11	10	9	15	18	6	17	5	11	13	5	3	12	5	18	11	24	19	24	6	12	18	12	6	3	6	10	5	5	8	39	22	13	8	9	7	6	11	7	18	13	13	36	19	28	16	13	19	33	17	9	6	15	5	22	12	51	12	38	23	9	4	12	0	0	1	3	5	0	1	22	10	2	1	26	23	28	17	5	16	12	4	23	6	7	15	9	17	11	21	27	15
hsa-miR-4798-3p	11	7	6	4	7	7	3	28	10	7	7	9	6	10	7	10	1	7	4	4	10	3	0	4	4	16	6	15	14	7	0	10	0	7	10	0	0	0	0	5	0	20	15	6	3	4	10	3	9	8	15	10	6	15	12	14	8	17	4	8	14	9	3	21	9	24	9	141	2	29	9	11	3	4	0	0	2	1	1	0	1	18	7	5	2	20	13	10	0	0	4	15	6	10	12	0	12	0	12	0	27	0	11
hsa-miR-4798-5p	35	25	7	8	13	4	14	41	21	6	12	11	7	15	6	17	5	20	7	13	18	5	4	11	9	14	7	7	0	13	0	1	3	6	4	6	0	10	8	5	3	16	20	6	3	12	2	8	13	10	7	8	5	14	10	19	12	9	8	21	7	4	2	3	7	13	6	29	5	13	3	4	4	5	0	0	0	0	0	3	0	16	0	2	5	31	10	10	14	3	19	8	3	10	8	4	6	6	13	7	18	0	8
hsa-miR-4799-5p	3	4	0	3	11	11	9	11	96	4	12	10	5	7	5	14	4	6	16	2	10	2	0	4	0	10	6	0	10	10	0	1	0	0	0	1	0	3	2	0	4	12	3	8	7	2	8	2	8	8	17	8	9	19	9	14	8	3	3	12	8	5	5	11	12	10	0	10	25	14	0	2	0	2	10	4	0	0	0	0	0	0	0	3	0	0	0	0	5	1	6	1	4	12	10	7	7	0	3	0	0	1	0
hsa-miR-4800-3p	15	8	4	1	17	11	21	19	26	9	23	21	6	11	10	5	7	9	3	7	8	4	4	5	8	13	6	13	0	21	0	2	7	8	17	11	3	7	7	5	13	25	21	6	5	11	11	15	24	13	14	25	10	19	19	13	19	20	18	15	20	16	16	16	6	16	8	16	1	12	27	16	13	5	6	13	4	2	10	5	1	23	3	4	3	16	38	34	0	0	11	10	7	14	11	0	11	0	0	9	25	19	8
hsa-miR-4800-5p	59	33	17	14	76	21	99	91	36	13	47	37	9	30	10	54	16	98	41	23	77	9	12	22	44	26	24	15	13	10	5	13	10	12	31	22	13	14	13	9	9	43	37	17	25	21	24	14	36	21	19	20	9	25	24	33	44	11	23	42	24	16	13	34	20	37	15	48	3	33	24	15	10	10	11	15	8	1	2	1	3	17	0	4	3	62	26	22	14	15	10	23	14	17	25	11	1	13	18	19	25	34	15
hsa-miR-4801	2	9	1	3	3	5	7	10	6	3	0	1	5	4	10	4	4	5	3	3	5	2	2	6	2	12	3	8	0	19	0	5	8	6	4	1	2	1	6	4	5	10	13	10	2	8	3	11	6	12	5	10	1	15	2	13	2	0	11	5	6	3	0	4	0	0	0	22	0	9	0	10	2	3	4	14	1	0	0	0	0	0	0	2	0	12	10	0	0	0	10	0	3	11	15	0	9	0	0	15	22	0	9
hsa-miR-4802-3p	23	14	11	9	16	7	7	25	18	5	9	6	6	12	2	8	4	17	9	3	16	16	16	11	12	13	4	6	10	0	5	13	11	0	22	17	6	4	11	4	5	24	19	12	18	6	6	12	17	17	9	13	10	26	6	19	15	11	7	18	8	1	2	6	9	11	0	36	6	13	15	2	0	5	0	0	0	1	3	0	0	16	0	0	7	11	0	10	1	4	12	0	4	12	13	5	14	1	22	6	7	13	0
hsa-miR-4803	11	30	5	7	13	28	7	26	55	1	20	25	16	3	14	12	10	12	7	8	12	0	8	15	5	18	7	14	66	24	0	10	12	9	15	10	8	8	8	6	4	39	23	14	7	13	11	10	24	11	8	12	4	39	20	45	15	15	20	25	23	17	0	17	8	35	10	40	3	30	8	10	14	2	9	10	2	0	2	0	1	23	12	6	29	22	14	18	12	3	6	20	4	18	37	16	26	14	21	10	22	14	14
hsa-miR-4804-3p	17	24	9	8	6	15	12	33	13	11	14	16	11	7	6	23	1	13	6	12	20	3	5	13	10	15	8	22	38	29	11	11	17	10	15	7	5	11	11	8	9	19	18	15	5	6	16	9	26	17	10	11	12	21	10	32	18	15	11	28	12	13	12	16	7	49	21	74	14	66	28	10	8	8	14	10	5	3	2	3	6	60	7	7	7	38	14	19	18	4	9	22	9	17	12	18	17	11	29	14	28	5	16
hsa-miR-4804-5p	19	22	9	8	6	11	17	36	55	5	19	13	8	9	10	20	8	7	20	5	15	6	7	8	13	16	6	13	12	17	0	8	14	14	7	5	1	8	15	5	11	28	19	10	3	10	13	7	11	10	7	10	13	14	12	13	15	13	10	17	14	10	10	12	3	14	11	27	5	30	34	11	14	7	0	0	2	9	7	0	1	20	0	8	3	42	9	21	9	7	7	8	6	21	11	11	5	6	9	13	26	2	9
hsa-miR-483-3p	86	102	48	26	36	46	34	123	73	27	55	59	24	42	90	49	32	1055	25	47	63	10	30	36	633	87	32	93	85	89	48	74	19	61	64	58	30	33	44	30	64	102	58	53	24	38	52	23	55	50	23	51	21	79	43	53	32	49	25	31	23	27	27	42	22	58	18	128	8	86	52	285	49	21	18	14	12	46	11	3	18	100	13	15	6	124	149	241	44	25	10	52	42	25	293	120	410	28	60	84	134	65	45
hsa-miR-483-5p	151	107	38	19	101	104	72	378	353	62	90	55	91	111	362	117	60	735	59	50	165	54	130	267	265	164	33	362	257	214	267	214	52	343	114	78	79	53	76	78	99	250	100	128	126	127	110	63	107	111	50	122	53	313	207	427	82	143	53	92	65	57	47	152	35	178	44	84	54	429	159	746	50	75	42	26	199	129	33	7	29	198	52	33	41	313	260	562	171	66	18	160	102	192	322	660	878	113	243	274	460	90	223
hsa-miR-484	1839	964	374	185	2232	1941	1074	1461	3676	719	727	625	455	979	639	4213	2792	3663	3119	222	1607	815	323	432	871	623	3216	336	2504	1681	1234	342	601	703	1271	681	522	1707	512	554	265	2412	1707	1685	1147	1363	2191	430	942	1004	2776	1016	1619	1052	462	410	434	532	127	332	422	1415	270	443	2549	847	1477	582	996	848	202	266	209	411	1533	95	98	110	45	16	399	607	309	507	103	3071	1174	3548	1575	336	2888	349	2183	1736	489	251	206	522	151	1058	3577	262	198
hsa-miR-485-3p	145	38	16	38	1027	233	339	274	722	150	243	80	91	204	240	2896	686	270	258	73	166	183	96	183	241	422	1432	171	539	37	140	543	155	116	485	103	108	147	305	118	122	1132	43	765	1295	348	3525	108	290	106	1649	108	474	403	126	279	107	131	16	163	228	747	185	106	650	962	2202	86	2042	318	478	51	23	242	343	38	160	31	11	17	1053	722	430	392	47	331	119	115	554	8	8	77	1161	286	397	676	68	180	57	207	1181	60	110
hsa-miR-485-5p	52	18	13	15	489	59	61	72	181	70	128	30	25	165	83	1085	139	226	85	16	66	68	56	58	95	45	324	30	249	15	42	146	80	28	107	22	14	33	75	49	29	310	15	188	233	108	859	34	68	46	461	61	202	232	85	123	38	63	23	62	126	666	119	70	457	463	656	86	485	133	119	11	10	87	162	12	98	6	7	6	126	190	125	81	3	111	35	46	225	3	5	27	209	253	28	35	7	29	5	70	333	14	18
hsa-miR-486-3p	6984	12263	2571	713	4325	2886	1795	2153	3429	10426	2891	7092	5200	3404	1925	3640	1897	9700	2476	3486	6195	4132	1786	4699	2560	2674	2423	5256	6958	5582	9093	3716	4021	3629	4761	3059	7227	18834	4549	4216	2083	6193	6605	2321	1197	3624	4025	3024	3145	3800	2155	6696	1708	4887	2525	3059	1541	2077	758	3554	2193	8976	6812	4974	3326	3339	3291	2067	3832	9151	2365	8144	3020	1346	2940	761	1116	1125	1119	219	434	7930	812	1028	502	7765	5937	13139	5112	2812	32780	5742	9279	10044	9565	2131	5606	5755	3526	7961	12701	3072	3382
hsa-miR-486-5p	131833	112362	22303	3956	60412	47250	29464	43471	61623	87048	41337	38575	29517	34394	19765	88586	41296	116342	47791	19588	47289	21697	11100	25429	32054	24930	60360	54698	103711	60683	76311	24632	22960	23251	37690	38172	31276	123139	33750	35372	21579	76763	57225	23127	11669	29936	41394	21028	31947	53180	29634	63582	28721	96465	37058	45768	20675	25939	10650	22192	40008	202455	76738	62191	96699	49188	60822	34437	80881	111101	27497	50348	29754	21760	86746	11297	11352	15081	9910	1869	13188	43726	17549	20225	5148	154376	112374	222851	77520	36172	423941	33679	134469	109764	63280	26216	49557	89415	27800	74510	153055	26672	26004
hsa-miR-487a-3p	9	5	0	0	8	0	0	5	0	0	8	0	3	6	3	20	9	3	6	5	2	2	2	4	3	11	22	4	10	0	0	2	0	0	5	0	0	0	0	4	0	14	6	12	12	2	31	2	4	3	47	6	22	6	3	8	4	6	2	11	4	13	2	3	14	20	9	0	13	6	0	0	0	0	0	0	0	0	0	0	0	0	0	4	0	12	0	0	0	0	1	3	2	5	0	0	5	0	0	0	12	0	0
hsa-miR-487a-5p	16	20	13	10	20	6	17	25	18	2	15	8	4	10	4	49	11	23	12	5	15	4	4	2	13	20	12	7	11	7	0	10	14	0	15	2	1	9	2	4	2	25	14	12	11	7	25	5	18	10	27	13	14	24	8	14	22	11	34	15	10	12	4	12	14	16	21	21	17	21	15	11	0	2	0	0	0	0	0	0	11	17	0	3	0	20	0	12	11	1	0	7	0	14	7	11	0	9	2	8	20	2	6
hsa-miR-487b-3p	6	7	34	4	1123	66	123	71	684	74	154	35	10	114	120	3803	350	234	304	7	61	140	42	62	199	96	1216	39	143	9	36	32	20	22	63	18	24	18	44	31	20	776	22	412	533	115	2907	32	96	43	2798	30	604	271	52	97	51	31	9	35	52	576	49	21	1264	497	1699	23	1656	84	57	4	22	96	185	6	140	21	14	9	289	153	201	87	21	55	10	11	168	3	8	16	293	302	36	401	15	188	11	43	107	7	37
hsa-miR-487b-5p	29	35	9	4	41	16	37	37	43	50	51	114	14	14	29	92	8	20	11	20	13	17	9	20	11	21	30	14	18	4	24	8	3	19	30	29	4	5	13	12	12	54	19	32	15	42	76	35	45	103	128	117	33	82	112	76	132	75	92	198	59	115	89	118	112	22	45	31	61	34	23	8	17	4	10	5	6	7	2	3	6	13	0	6	5	25	22	0	13	6	13	6	14	32	8	10	3	19	11	17	15	6	11
hsa-miR-488-3p	5	12	3	0	3	13	11	16	35	2	21	18	8	5	14	7	4	3	3	3	0	2	3	2	6	9	2	8	32	16	4	5	8	12	10	11	2	8	4	7	8	16	5	7	3	9	7	5	13	9	7	13	8	14	6	14	4	13	6	10	15	14	4	13	1	19	6	55	2	16	20	8	10	11	0	0	2	3	1	0	1	18	4	6	5	21	16	22	16	1	20	0	11	14	11	9	20	4	10	10	17	17	12
hsa-miR-488-5p	46	43	13	38	13	13	29	43	14	9	8	8	4	15	10	28	1	17	9	12	23	19	9	8	16	19	14	18	10	12	7	5	9	10	16	6	1	10	9	4	13	15	16	17	8	8	13	17	23	27	33	13	6	29	19	25	17	18	11	27	14	7	8	15	10	18	4	33	3	15	28	26	13	4	0	0	1	5	0	0	2	16	1	2	1	22	24	25	8	10	11	14	9	14	11	9	12	12	37	21	26	13	18
hsa-miR-489-5p	37	11	5	5	5	6	6	31	12	9	25	28	6	10	5	7	3	1	4	2	6	3	0	6	2	4	3	8	0	0	0	0	0	0	0	8	2	0	1	4	1	13	11	11	7	30	18	22	26	0	0	0	1	10	2	11	0	4	0	0	0	0	2	0	1	3	0	34	1	0	0	1	0	2	7	2	0	1	2	0	0	0	0	0	0	0	10	19	0	0	0	0	0	0	0	0	0	11	0	0	2	0	6
hsa-miR-490-3p	5	14	7	1	65	10	11	12	29	6	18	11	4	7	8	97	8	10	29	9	18	9	2	8	8	13	6	16	21	9	0	8	6	14	10	3	6	5	18	7	9	35	19	15	11	0	14	10	14	47	27	38	12	20	39	133	47	25	31	43	20	12	17	23	38	21	21	0	14	27	12	0	4	6	7	5	14	0	0	5	4	22	13	6	6	18	11	27	13	8	5	13	37	106	7	10	3	11	5	8	9	12	14
hsa-miR-490-5p	7	10	3	1	7	9	12	9	31	9	13	9	0	3	4	16	5	4	6	2	2	4	1	11	8	5	5	7	0	15	0	0	0	0	10	6	2	4	6	2	0	15	6	8	10	3	13	2	8	6	4	8	3	11	6	16	10	5	10	16	4	5	1	7	12	16	11	16	3	7	0	1	0	1	0	0	0	0	0	0	3	10	0	5	2	11	4	0	0	0	4	0	11	27	14	0	5	0	1	0	14	0	0
hsa-miR-491-3p	11	9	5	5	4	13	5	19	16	3	9	15	5	4	6	7	5	11	11	11	12	5	8	5	8	3	4	5	12	7	0	10	7	2	7	0	0	0	0	8	0	18	9	11	6	10	6	8	14	4	6	4	1	19	4	10	6	6	5	16	9	7	3	6	5	16	0	84	2	18	13	11	6	5	0	0	5	0	0	0	2	10	0	2	0	22	7	17	0	0	8	2	14	15	0	0	15	11	12	3	0	7	5
hsa-miR-491-5p	25	27	32	12	352	74	120	101	267	23	93	79	17	164	83	685	324	727	339	30	182	90	50	61	79	83	236	24	142	43	31	26	21	24	60	18	19	38	41	66	37	196	30	174	269	52	316	27	48	46	217	29	170	126	70	143	63	40	18	29	43	261	30	46	261	181	407	37	621	278	62	9	19	61	232	8	24	5	3	6	44	114	42	70	18	61	33	27	203	9	18	24	184	114	26	104	22	50	18	35	86	20	21
hsa-miR-492	6	9	8	1	5	59	94	10	57	19	33	38	15	0	7	4	3	5	4	22	4	1	8	14	6	14	5	5	0	0	0	0	0	0	37	21	0	3	12	3	3	58	15	21	16	34	28	36	58	139	82	100	22	48	56	50	97	37	54	69	50	28	24	55	93	6	0	40	1	4	0	12	2	3	0	0	0	0	0	0	0	0	0	0	0	0	10	0	0	0	7	0	1	0	10	0	10	0	13	0	4	0	0
hsa-miR-493-3p	8	7	11	13	590	48	100	45	275	41	83	15	12	191	114	1928	170	296	156	9	78	97	36	51	128	80	612	21	99	8	23	22	14	29	32	12	29	23	69	33	19	358	17	218	180	94	998	42	57	11	753	9	204	217	39	85	26	36	3	11	36	314	41	31	548	282	537	15	947	66	72	5	5	54	80	7	45	6	3	12	98	137	107	101	16	58	9	14	183	0	1	21	204	125	34	135	13	90	24	34	73	10	37
hsa-miR-493-5p	16	21	15	23	328	40	25	35	381	27	59	26	6	70	124	1308	152	114	80	5	56	132	25	36	99	93	585	13	107	9	26	14	18	14	39	10	25	39	39	20	18	443	17	407	101	110	1424	15	31	24	512	9	259	132	41	50	17	44	4	30	41	341	26	8	647	187	641	39	922	57	41	3	9	39	94	13	32	2	3	3	53	64	65	83	11	66	19	25	152	10	12	12	128	30	15	25	1	18	7	35	87	5	9
hsa-miR-494-3p	14	19	9	14	214	58	80	43	579	31	78	26	15	79	74	821	230	99	77	12	46	62	10	40	72	174	576	31	113	25	27	32	26	21	54	17	18	20	51	39	33	284	33	232	139	67	815	21	61	44	584	28	192	183	38	58	36	38	16	34	37	165	38	20	279	151	347	67	596	51	159	17	5	45	65	23	33	13	4	4	122	124	43	67	10	66	233	40	93	8	19	29	146	78	55	170	25	185	32	48	94	29	24
hsa-miR-495-3p	24	13	6	7	73	22	15	71	142	7	33	11	5	22	18	236	38	24	31	8	12	16	4	7	22	24	69	12	17	0	0	0	5	0	20	3	8	7	7	5	8	87	22	58	6	19	150	8	27	43	154	12	61	38	18	31	19	20	10	17	12	80	21	12	124	16	59	12	75	3	10	4	0	8	17	3	0	0	0	0	15	26	10	15	10	18	2	0	28	3	18	2	41	16	0	12	5	33	5	12	13	7	8
hsa-miR-496	7	13	0	1	16	7	22	10	32	9	7	8	3	15	18	37	10	3	9	6	1	4	1	5	6	14	20	10	10	0	0	4	0	0	19	11	7	0	4	6	9	30	6	14	16	6	17	4	5	10	47	10	18	25	3	7	6	4	2	5	6	14	8	0	27	0	8	13	9	11	10	3	0	1	0	0	0	0	0	0	13	13	0	1	2	0	8	0	4	2	4	4	10	10	14	9	1	7	1	0	0	5	0
hsa-miR-497-3p	14	7	5	1	5	26	10	17	26	7	31	23	3	10	8	15	5	10	8	2	9	4	4	7	3	11	4	10	0	12	0	2	7	0	8	7	0	3	3	12	26	21	16	8	7	10	4	10	15	25	37	35	11	25	28	36	40	23	41	39	15	19	22	52	56	7	5	45	2	15	76	3	1	5	0	0	0	0	0	0	0	0	0	2	0	28	6	0	0	0	16	5	2	6	15	0	8	13	11	4	12	3	17
hsa-miR-497-5p	11	20	17	2	26	41	47	21	187	97	405	81	14	19	19	45	22	24	42	8	17	10	6	13	28	49	17	13	12	9	16	5	10	12	31	10	10	11	9	191	83	72	5	16	20	11	34	10	52	10	42	13	17	18	15	18	11	6	8	11	4	14	6	12	76	11	15	0	27	11	11	0	0	5	18	5	0	0	0	0	4	24	0	0	14	0	2	11	19	1	1	7	52	35	31	42	5	92	10	10	18	1	14
hsa-miR-498	14	5	5	4	5	13	24	14	17	9	12	7	12	5	9	6	4	3	4	3	6	0	2	7	3	12	1	9	10	0	0	6	0	0	10	0	0	0	0	6	0	14	5	9	3	3	5	7	15	7	7	11	3	6	5	11	9	7	11	20	8	8	5	14	5	18	5	19	3	0	28	8	0	3	0	0	0	2	0	0	1	18	1	5	2	14	0	13	0	0	3	18	1	4	15	0	4	0	0	0	11	13	5
hsa-miR-4999-3p	24	13	3	1	6	20	25	25	51	18	62	57	41	8	36	6	3	10	9	40	8	4	5	35	11	44	3	137	341	122	95	61	38	65	61	43	16	26	23	19	42	95	55	38	15	32	42	36	60	26	13	27	20	83	31	65	61	46	26	74	72	31	16	78	12	321	29	148	16	112	227	87	106	21	68	70	9	18	20	2	6	157	32	46	30	158	135	59	47	18	56	61	27	60	82	50	256	46	69	76	149	149	109
hsa-miR-5001-5p	25	22	7	3	22	65	101	35	84	22	58	47	49	12	30	11	5	34	10	44	22	7	13	71	17	80	28	71	137	56	29	31	32	47	87	90	16	22	21	23	47	145	84	37	32	48	39	76	83	45	30	52	26	101	41	93	88	63	54	108	66	57	76	111	28	174	50	964	12	106	801	42	63	25	36	65	19	20	14	4	8	90	27	28	13	118	403	132	46	20	37	47	21	48	82	29	96	38	94	63	91	70	63
hsa-miR-5002-3p	8	19	1	2	7	3	12	12	11	5	15	10	2	4	4	5	4	7	5	4	33	4	2	3	7	13	2	12	0	0	0	3	5	0	8	4	3	1	3	4	4	21	12	14	12	6	19	7	12	9	9	8	8	25	13	37	25	5	4	20	10	7	13	12	9	14	5	15	4	22	16	16	0	0	14	3	0	0	0	0	0	0	0	1	0	14	0	0	0	0	0	0	0	8	16	0	0	0	9	10	16	0	6
hsa-miR-5003-3p	16	24	10	5	29	38	44	20	65	14	23	39	17	13	18	20	21	31	17	14	18	14	15	17	11	14	9	30	50	21	13	22	16	48	36	13	6	13	11	5	7	49	29	24	20	16	28	39	29	26	21	27	8	23	17	29	31	22	12	25	21	25	12	11	27	44	21	57	17	48	25	24	22	11	24	10	1	7	5	2	3	38	12	12	6	31	39	37	25	13	14	17	24	23	13	13	27	12	14	32	41	39	30
hsa-miR-5003-5p	28	31	16	7	6	11	21	20	28	13	25	23	21	5	8	16	4	12	9	13	26	13	10	4	8	15	15	18	10	21	11	15	9	9	8	11	5	7	2	10	15	29	18	20	3	11	9	17	14	10	14	15	7	69	17	33	14	11	13	24	15	11	23	12	7	10	4	77	5	30	28	14	3	6	5	13	2	0	0	1	5	25	6	4	5	29	23	14	9	6	11	0	6	12	12	12	21	14	3	19	16	6	15
hsa-miR-5004-3p	66	51	9	24	46	10	11	96	56	5	22	17	10	40	16	48	19	65	24	6	44	22	13	7	16	45	19	14	31	29	12	13	15	7	16	14	6	10	4	8	15	30	15	9	8	8	7	13	17	22	9	13	8	56	11	27	8	18	14	21	14	11	16	15	10	28	1	563	12	40	43	29	8	9	4	15	6	3	4	0	0	10	8	5	3	37	114	35	11	16	17	11	9	30	17	8	16	24	17	19	37	8	14
hsa-miR-5006-5p	13	16	5	4	4	5	11	24	13	6	11	0	3	6	6	6	4	13	6	6	7	5	2	2	1	13	6	0	0	0	0	0	0	0	0	0	0	0	0	6	0	5	4	2	5	3	4	6	5	5	4	16	3	24	4	7	7	2	3	6	5	2	0	5	2	10	3	27	2	13	0	1	0	2	0	0	0	0	0	0	0	0	0	0	0	13	11	0	0	0	0	16	0	13	16	0	0	0	0	0	0	7	0
hsa-miR-5007-3p	22	9	14	1	6	16	11	43	44	7	31	29	5	6	16	12	5	17	6	13	17	6	11	9	11	16	5	8	12	13	0	13	16	13	25	9	8	4	3	9	12	28	33	6	2	6	6	10	12	10	14	7	5	22	7	18	11	13	19	12	21	8	9	9	9	15	4	28	3	16	11	12	2	5	0	0	0	0	0	3	1	10	0	5	0	26	25	9	0	0	11	13	5	13	13	0	2	12	0	7	9	0	6
hsa-miR-5007-5p	10	14	0	3	6	3	8	25	16	4	7	8	0	0	0	1	5	4	8	0	14	3	2	0	4	0	3	5	0	0	0	1	0	0	0	11	5	3	3	0	4	16	9	7	3	4	3	9	9	12	8	5	7	31	6	8	11	6	4	10	13	6	0	9	3	9	0	0	1	0	0	0	0	0	16	3	0	0	0	0	0	0	0	0	0	11	10	10	0	0	0	8	0	0	0	0	0	0	0	0	11	11	0
hsa-miR-5008-3p	4	10	4	4	13	20	22	10	58	7	17	14	15	8	11	10	17	5	1	3	8	2	0	17	6	25	5	10	21	18	10	5	11	0	12	12	2	2	6	5	17	25	10	2	3	5	5	14	9	13	18	6	5	32	7	27	13	8	9	17	15	8	13	10	10	19	2	19	3	13	121	9	5	3	0	19	6	10	3	8	3	19	2	3	2	18	57	25	14	8	0	15	0	13	10	5	0	8	11	5	21	9	8
hsa-miR-5009-3p	21	13	11	1	10	5	3	17	17	10	8	0	8	6	5	7	1	7	2	3	12	10	5	5	5	18	1	0	13	20	0	0	10	0	15	12	2	5	6	4	9	15	7	7	1	4	0	0	5	5	4	8	2	9	7	8	10	10	4	6	6	5	4	5	2	9	1	0	3	6	16	0	0	2	0	0	0	0	0	0	0	0	0	2	0	0	0	12	0	0	0	0	0	0	13	0	0	0	10	6	8	14	7
hsa-miR-5009-5p	45	27	21	11	24	12	4	97	17	12	22	14	9	10	13	41	9	24	12	17	32	12	9	9	13	15	16	28	24	19	11	17	15	15	5	5	4	8	12	14	6	11	1	13	6	5	9	17	17	4	10	5	6	18	13	13	5	9	12	11	8	15	11	17	3	31	22	31	15	41	27	10	6	8	17	2	6	0	3	7	1	16	10	5	4	34	18	21	6	4	15	0	15	28	0	20	4	16	14	12	35	13	23
hsa-miR-500a-3p	31	34	15	11	273	45	47	76	209	37	102	65	20	50	34	515	222	302	158	14	90	70	29	29	52	84	141	36	72	58	38	20	17	33	50	31	15	36	41	39	29	135	30	64	99	26	150	17	42	32	129	18	163	166	71	72	49	27	13	30	30	495	87	66	228	112	262	26	685	224	113	19	13	40	267	18	44	10	9	2	52	95	42	54	2	79	98	60	155	18	41	14	204	201	62	61	30	116	32	31	86	29	36
hsa-miR-500a-5p	3	1	4	1	5	0	0	10	18	2	7	0	2	5	6	11	10	20	7	1	6	2	0	2	3	10	10	0	0	0	0	3	0	0	0	0	0	0	0	0	0	11	6	7	7	5	6	1	5	0	0	0	6	6	2	5	4	8	0	3	0	0	1	0	8	11	10	24	10	9	0	3	0	0	0	0	0	0	0	0	0	0	0	0	0	11	0	0	0	0	0	5	0	10	0	0	0	12	0	0	0	2	0
hsa-miR-501-3p	143	107	36	12	334	86	96	143	235	111	132	74	53	63	71	506	268	358	252	25	233	129	65	61	82	70	296	46	204	100	96	56	44	67	89	50	58	114	50	69	44	242	87	158	116	108	245	31	67	116	231	79	242	202	107	148	94	89	24	51	72	708	103	81	282	242	454	97	625	348	99	47	27	102	345	22	69	25	12	10	45	119	74	73	23	244	138	211	240	41	115	45	229	512	108	77	49	154	39	98	181	48	44
hsa-miR-501-5p	10	13	12	7	40	34	41	32	122	18	66	26	11	12	19	58	37	77	41	10	27	27	4	20	18	46	31	32	26	23	12	16	4	21	25	13	2	18	9	19	18	54	22	40	65	31	35	17	30	28	55	32	29	40	19	31	36	49	43	42	46	29	31	35	88	27	22	32	42	52	23	16	4	10	44	10	13	4	5	2	11	59	15	29	7	30	19	32	20	5	14	12	28	31	24	33	25	59	17	27	27	4	19
hsa-miR-5010-3p	25	14	8	5	27	16	27	21	58	19	25	22	11	13	10	54	20	27	26	14	29	3	6	22	12	30	31	35	64	21	19	15	21	16	26	18	6	13	10	4	19	44	18	24	17	17	25	11	36	22	22	15	26	73	23	56	27	19	11	35	24	29	27	44	32	101	28	49	19	51	30	10	20	15	33	15	7	4	4	0	7	46	22	12	9	46	37	30	34	15	27	11	24	29	18	25	6	20	3	17	31	25	16
hsa-miR-5010-5p	88	77	36	18	29	21	23	96	40	13	17	7	9	28	10	61	14	59	31	4	51	21	15	23	19	24	28	31	14	27	32	27	27	25	26	14	16	15	12	14	19	38	23	21	28	19	26	19	15	15	16	11	15	28	22	20	7	18	12	16	17	10	5	11	15	36	17	54	29	51	35	23	3	12	21	4	13	8	3	3	9	39	10	8	4	29	19	29	22	14	10	10	25	37	39	41	19	41	7	27	30	20	22
hsa-miR-5011-5p	39	27	13	2	17	10	12	38	13	12	18	14	6	14	16	13	7	24	13	18	18	14	8	3	11	13	16	17	21	17	4	10	11	8	8	9	5	7	7	8	11	22	29	6	2	9	16	18	13	23	6	15	13	57	11	22	16	9	6	20	6	7	10	19	10	19	8	94	6	25	14	22	13	10	0	0	2	5	4	3	1	24	4	3	4	42	17	19	11	5	13	10	6	18	19	6	1	16	1	18	18	26	16
hsa-miR-502-3p	43	30	24	4	149	44	49	53	156	40	52	28	8	31	29	287	104	167	108	9	57	67	15	23	31	30	116	12	48	25	23	9	13	32	37	11	16	35	13	36	19	95	26	72	67	31	113	7	36	37	131	22	88	98	37	32	19	31	5	17	20	80	8	15	162	73	129	36	177	85	29	12	9	16	93	2	25	6	7	0	23	38	30	28	5	66	26	44	57	10	28	24	126	132	18	43	2	100	11	34	54	21	13
hsa-miR-503-5p	57	74	31	18	61	46	48	77	191	52	156	99	19	45	63	112	130	103	154	16	102	56	18	41	63	56	78	51	143	34	73	22	29	21	21	24	25	83	54	89	49	126	19	114	76	49	125	41	61	45	120	31	50	115	83	86	42	36	14	22	23	118	54	13	167	56	244	37	351	280	85	34	23	18	208	19	27	13	2	17	47	95	42	43	30	91	55	74	162	9	34	35	199	134	68	301	41	273	24	62	87	40	60
hsa-miR-504-5p	4	9	2	3	24	13	25	12	31	13	31	15	14	10	11	20	15	15	33	11	10	11	2	7	9	22	15	26	32	27	12	16	6	19	15	14	7	6	11	10	13	34	34	25	10	11	20	10	19	16	20	9	11	26	15	30	15	17	8	10	11	18	12	16	29	41	12	46	62	50	30	13	5	8	24	19	5	3	4	4	11	34	10	18	8	28	31	38	26	12	18	28	27	20	51	25	17	24	20	16	25	12	18
hsa-miR-5047	15	13	5	4	3	8	10	22	12	2	13	6	4	10	7	11	3	6	5	6	17	2	6	9	9	10	6	10	0	13	0	5	10	15	12	13	4	7	8	5	10	17	17	9	9	7	5	4	6	10	6	4	9	16	12	16	9	9	8	16	16	28	9	12	4	26	5	20	7	58	33	7	7	4	15	8	5	0	0	0	3	12	0	2	0	15	15	10	0	0	0	0	0	14	0	0	0	11	0	6	14	7	4
hsa-miR-505-3p	15	25	4	5	119	48	59	55	331	15	116	54	14	51	47	361	200	180	325	7	56	36	11	37	41	58	108	35	104	57	37	25	12	30	68	16	26	29	10	49	28	126	16	80	112	37	127	21	48	32	150	23	49	105	33	42	33	34	10	31	17	84	27	27	122	69	108	30	286	114	75	15	11	27	121	9	19	5	4	1	44	78	28	39	41	77	62	30	133	12	14	22	119	94	60	240	47	166	12	35	52	23	22
hsa-miR-505-5p	19	29	10	6	73	46	26	49	208	24	51	37	12	17	59	199	98	115	110	8	93	46	31	44	37	48	86	62	86	72	81	54	40	70	47	27	30	38	43	42	27	127	34	157	52	80	206	23	45	35	150	20	70	97	31	28	31	40	7	38	30	43	26	22	72	139	187	17	234	240	85	23	7	49	107	1	19	9	2	3	47	117	35	50	83	73	17	24	106	4	20	21	137	70	121	440	102	226	37	49	77	21	40
hsa-miR-508-3p	10	12	6	4	7	5	10	21	8	3	14	16	6	8	11	13	8	17	16	11	12	6	1	9	6	23	5	7	0	10	4	3	7	0	17	11	1	6	3	8	13	23	17	11	6	4	8	13	6	7	8	8	5	11	9	12	11	5	0	7	5	0	6	5	11	12	6	11	9	18	24	5	5	3	0	0	1	0	0	3	1	10	0	3	0	25	15	12	5	13	16	6	7	18	0	6	0	5	2	11	5	11	5
hsa-miR-508-5p	7	12	1	2	9	11	10	13	43	6	11	14	12	7	5	4	8	7	7	5	12	4	8	13	4	33	8	5	14	20	4	0	3	0	23	12	2	6	2	1	6	23	8	4	3	5	11	12	12	10	14	6	9	22	5	24	11	12	13	19	15	24	25	23	11	11	0	18	7	21	93	5	10	5	8	13	0	0	0	1	2	14	5	5	3	16	56	0	0	0	0	0	0	13	8	0	0	13	9	5	17	22	17
hsa-miR-5088-3p	17	11	5	3	12	18	36	18	26	10	33	24	12	5	5	11	2	13	11	9	16	5	3	8	6	30	6	21	60	25	10	15	8	19	15	10	3	10	7	14	9	33	31	21	10	8	15	15	30	22	10	19	23	35	13	37	22	15	15	32	21	27	23	28	8	39	8	53	2	35	14	17	8	5	22	11	0	1	0	0	5	23	10	2	13	40	21	23	10	5	18	9	10	26	13	7	26	11	16	22	36	13	12
hsa-miR-5088-5p	24	14	6	9	5	10	13	99	17	4	10	10	17	11	8	6	5	24	8	3	20	6	3	0	11	21	6	12	13	11	10	3	7	10	8	14	3	16	9	1	7	29	19	20	11	13	8	15	13	12	3	14	2	27	13	13	7	8	11	15	13	3	8	6	7	14	4	25	6	18	28	15	9	4	0	0	2	5	1	2	0	0	0	5	0	18	18	13	12	5	0	13	0	0	23	4	0	9	15	12	16	4	21
hsa-miR-5089-3p	59	27	13	12	27	31	47	75	66	16	50	40	12	13	26	30	9	37	15	32	30	20	15	28	16	49	17	47	108	47	25	19	20	33	31	20	8	23	18	11	25	78	57	18	20	13	31	18	24	25	15	23	17	54	23	55	38	39	23	50	47	18	8	31	15	71	19	135	12	48	55	31	5	13	300	23	6	9	5	6	2	54	17	18	9	86	75	45	26	10	35	20	24	47	56	22	51	24	42	28	38	29	46
hsa-miR-5089-5p	18	32	10	2	9	7	10	21	12	4	13	0	16	12	3	2	4	4	5	6	9	5	6	9	3	22	9	13	0	9	4	2	0	0	0	0	0	0	0	7	0	9	5	10	6	3	4	2	8	2	0	6	4	17	2	7	1	0	0	6	4	0	1	0	2	11	4	14	0	10	5	8	0	0	0	0	0	0	0	0	0	0	0	3	0	18	0	0	0	11	5	0	2	5	11	3	11	0	0	0	13	0	0
hsa-miR-509-3p	10	13	13	7	20	12	13	23	20	8	15	24	16	5	13	17	8	31	5	10	11	12	7	6	8	11	9	8	22	18	7	13	14	19	22	16	3	8	7	10	11	38	16	22	10	7	20	14	14	5	13	6	10	81	20	22	13	13	7	13	15	29	15	22	10	35	14	38	20	45	30	15	9	19	19	9	6	9	2	1	5	10	0	1	2	41	23	31	27	4	12	0	9	12	10	7	13	3	9	17	35	12	12
hsa-miR-5090	47	21	4	11	17	11	16	37	34	12	30	19	22	17	31	19	8	25	17	20	22	21	7	23	20	48	10	21	20	26	12	18	14	32	22	20	6	7	6	7	11	49	12	16	8	14	21	23	22	16	23	13	11	29	14	26	25	17	15	33	27	30	60	19	23	36	9	36	9	57	156	32	9	26	14	39	9	4	2	1	6	28	10	9	2	60	102	57	16	6	26	19	20	31	15	8	32	15	15	17	40	9	10
hsa-miR-5091	17	12	4	1	4	7	8	23	17	10	16	14	5	8	13	14	6	9	2	7	5	2	6	6	5	10	6	3	33	7	0	7	0	0	15	11	4	4	10	5	14	21	15	5	5	10	8	10	20	16	10	17	7	8	8	20	14	17	9	12	8	9	12	23	15	20	2	13	1	10	21	7	0	1	0	0	0	0	0	0	0	0	0	1	0	32	18	11	0	0	2	13	5	0	16	0	11	3	3	0	3	3	9
hsa-miR-5095	20	26	14	3	7	44	63	56	49	36	54	57	34	11	15	13	6	15	9	38	12	6	10	32	13	70	12	38	93	39	41	16	29	34	43	31	13	20	17	20	19	78	47	32	20	37	27	30	74	37	13	42	10	66	32	67	62	28	43	50	73	23	15	58	36	90	9	94	3	41	64	24	35	13	14	28	11	12	5	5	4	63	23	25	30	92	85	47	24	20	37	33	34	25	65	16	39	33	45	51	63	50	37
hsa-miR-5096	6	5	7	6	13	16	15	13	16	5	23	10	6	13	10	32	12	25	14	2	10	5	6	8	7	12	14	0	10	6	5	5	0	0	9	9	3	5	5	3	10	15	6	16	15	9	32	4	13	33	42	18	16	25	20	15	31	12	6	28	19	22	5	18	26	11	15	18	44	32	15	8	0	4	28	5	0	0	0	0	0	0	0	0	0	4	7	11	19	2	5	5	10	18	0	11	16	13	5	0	14	7	0
hsa-miR-510-3p	47	42	49	17	36	212	149	80	949	422	1297	219	65	55	67	41	171	83	40	37	21	10	11	47	111	473	18	26	33	24	14	32	16	14	98	77	14	26	58	516	270	269	26	25	109	20	46	41	229	24	56	8	27	59	50	52	28	29	17	20	45	62	37	57	195	130	108	79	121	159	32	15	13	19	60	11	47	12	10	6	18	112	17	16	14	37	63	51	78	18	42	12	55	75	80	62	16	229	20	21	45	7	18
hsa-miR-5100	24	44	11	6	21	32	20	36	23	6	26	23	19	9	23	37	13	27	17	15	26	6	10	8	20	27	12	19	33	16	14	10	10	13	13	18	4	17	15	12	18	37	15	19	11	10	16	19	14	15	16	20	15	18	15	27	8	19	13	34	20	18	19	23	15	29	19	113	16	50	44	17	14	8	21	21	9	4	4	6	5	27	14	10	7	46	39	47	16	11	11	16	10	19	42	17	14	25	14	18	18	12	21
hsa-miR-512-5p	11	26	10	10	20	31	40	35	49	8	28	33	28	17	11	7	8	12	4	6	25	12	0	30	6	74	9	30	27	36	22	25	19	22	28	27	5	12	22	12	25	58	37	25	11	14	16	21	27	17	9	22	17	35	18	45	37	35	18	41	40	24	20	21	6	32	14	52	3	19	79	18	20	23	18	34	5	10	4	2	5	82	19	8	3	65	135	43	23	44	50	38	20	45	12	11	14	10	35	35	49	41	42
hsa-miR-513a-5p	22	28	6	6	12	5	8	24	14	3	0	5	7	11	3	6	13	13	12	2	14	5	5	5	6	5	12	12	13	7	0	8	5	0	0	8	14	6	1	2	2	17	9	4	3	6	5	2	7	1	5	13	7	23	3	18	6	13	0	12	8	8	2	5	2	13	9	34	0	17	27	5	0	7	0	0	0	0	0	0	0	13	0	0	4	18	9	12	0	0	0	0	0	7	0	0	0	7	0	7	14	9	0
hsa-miR-513b-3p	0	0	4	3	0	0	0	0	11	3	0	3	0	0	0	0	0	0	0	0	7	3	3	0	3	0	0	0	0	0	0	0	0	0	10	0	0	0	0	3	0	10	10	2	1	5	0	0	8	4	1	3	5	6	9	5	6	5	0	9	5	0	1	0	2	3	4	18	0	0	0	1	5	0	0	0	1	0	0	1	0	0	0	0	0	0	0	0	0	0	0	0	0	0	0	0	0	0	0	0	0	0	0
hsa-miR-513c-5p	14	10	7	3	5	6	3	24	10	3	7	7	0	0	0	5	2	10	7	0	5	10	1	0	8	0	2	10	15	0	0	13	0	0	9	4	9	5	1	3	5	8	7	2	1	6	3	2	5	8	5	10	3	16	6	8	6	7	6	9	5	4	3	3	3	0	0	10	4	9	22	6	2	0	0	0	2	0	0	0	0	0	0	4	0	19	16	10	0	0	0	5	4	0	16	0	5	12	0	0	14	0	0
hsa-miR-514a-5p	11	16	4	5	9	13	17	14	123	12	15	30	1	8	127	17	0	40	7	15	27	15	21	58	18	32	1	35	32	40	90	42	6	103	5	8	58	34	26	18	5	11	9	20	8	31	14	18	21	20	10	15	8	53	34	25	15	25	6	26	8	29	16	19	27	6	7	10	18	78	24	312	0	0	5	3	0	0	0	0	0	13	1	0	2	12	7	42	11	5	5	44	10	11	127	117	290	95	35	31	60	8	37
hsa-miR-514b-5p	6	14	1	12	4	0	0	24	8	2	8	4	1	6	2	2	1	9	3	12	5	1	5	5	6	20	3	38	26	10	0	3	3	0	3	0	0	0	0	2	0	11	2	6	3	6	1	5	15	8	3	4	3	15	7	4	17	4	12	19	1	2	1	17	5	24	3	0	3	22	0	0	0	0	0	0	0	0	0	0	0	0	1	3	0	0	8	0	0	0	5	0	5	0	7	0	10	0	26	19	7	0	14
hsa-miR-515-3p	14	15	0	0	6	7	14	12	9	4	9	7	8	5	4	2	2	6	3	4	0	0	0	5	2	5	4	6	20	7	13	0	0	0	0	0	0	0	0	4	0	11	6	4	1	5	3	6	7	12	9	4	6	16	3	17	4	7	8	12	10	9	3	8	4	17	2	18	1	10	6	1	6	0	0	0	0	0	0	0	0	13	0	3	4	15	10	12	0	0	2	18	2	0	0	0	8	4	11	0	22	15	10
hsa-miR-516b-3p	22	16	6	4	13	7	10	13	16	3	7	5	6	4	9	8	3	12	4	9	14	1	3	2	5	9	11	9	24	12	0	7	5	0	7	0	0	0	0	8	0	16	7	4	1	6	3	3	11	9	10	11	5	15	1	13	7	11	1	9	4	10	6	11	3	20	0	32	6	12	10	6	6	0	0	0	0	0	0	1	2	20	1	2	2	21	17	14	0	0	8	0	12	0	25	0	18	9	9	10	16	6	0
hsa-miR-5187-3p	25	11	7	3	2	6	10	19	36	4	19	15	5	8	6	16	5	22	3	3	16	0	6	2	6	15	8	3	0	0	0	0	4	0	12	6	2	3	4	5	7	19	17	6	5	6	4	3	5	6	8	4	5	11	4	19	5	9	6	16	10	9	8	10	15	7	5	23	0	17	15	8	0	2	0	0	0	2	1	0	0	11	0	5	4	10	10	14	0	0	2	0	4	8	11	0	3	10	14	0	8	10	0
hsa-miR-5187-5p	71	54	22	11	145	34	36	94	215	21	46	39	37	75	46	182	90	225	107	13	90	71	48	56	45	28	88	50	95	58	54	41	29	65	40	23	25	24	30	48	30	99	22	61	97	31	116	21	25	23	99	18	56	320	58	81	45	43	13	44	39	126	73	78	77	182	121	110	244	303	116	25	12	62	116	16	55	12	8	9	26	111	38	38	24	56	32	29	118	9	16	37	86	106	27	236	11	37	13	49	92	29	34
hsa-miR-5188	11	16	6	6	14	36	35	22	44	22	43	36	25	7	44	21	4	14	7	16	9	6	1	16	5	40	8	75	36	81	24	24	42	35	35	24	8	21	24	17	27	71	64	37	22	28	23	48	57	151	82	85	35	167	69	120	76	68	59	95	71	51	56	100	99	77	25	126	21	101	58	35	24	26	23	10	4	2	7	0	12	65	14	17	13	104	65	113	43	36	56	37	37	72	74	21	54	184	21	39	53	30	38
hsa-miR-5189-3p	173	144	44	29	146	64	64	390	81	36	61	39	39	85	42	137	67	145	85	36	94	41	37	31	47	76	66	81	95	69	37	37	32	23	35	46	22	35	31	15	41	92	67	46	70	29	56	53	48	29	16	42	45	90	56	101	43	48	30	58	58	91	22	76	47	110	43	148	53	102	96	67	34	32	70	54	15	15	8	3	15	71	24	29	17	138	125	88	55	32	39	53	46	64	52	12	29	37	31	40	150	58	46
hsa-miR-5189-5p	12	10	12	1	20	15	10	25	21	15	19	11	7	11	11	24	27	43	22	6	27	12	18	8	7	21	19	12	34	5	10	13	12	25	10	11	8	8	8	7	6	45	10	29	31	14	34	12	22	6	24	8	16	16	17	18	20	18	4	16	17	31	17	20	30	52	39	42	37	43	29	6	4	7	41	9	11	0	0	2	5	22	16	15	3	22	17	12	31	1	4	7	26	37	0	7	14	9	7	16	14	5	12
hsa-miR-518a-3p	24	6	3	3	5	13	12	14	31	3	29	11	7	2	17	6	1	14	9	6	21	14	2	26	7	52	4	34	33	21	10	10	14	10	14	11	2	4	6	10	10	38	16	23	11	12	17	10	13	8	22	11	21	30	13	34	16	21	19	27	22	24	49	21	6	41	11	38	22	49	238	15	2	11	20	41	2	4	6	1	1	54	15	14	3	29	93	26	10	2	11	9	13	20	11	7	27	10	25	8	32	16	18
hsa-miR-518b	37	20	16	18	15	22	28	58	34	13	36	31	18	26	26	14	7	44	22	24	29	22	9	31	25	50	13	22	17	25	16	18	24	12	53	38	11	12	27	19	21	81	35	32	39	15	29	31	32	10	17	25	10	113	12	37	29	12	12	20	27	10	19	13	15	48	12	65	11	51	115	30	12	14	14	27	12	14	2	5	4	32	6	10	10	34	44	45	19	16	14	36	9	22	42	17	29	25	37	18	26	22	30
hsa-miR-518d-3p	9	10	3	1	3	11	28	12	40	8	18	13	8	4	11	5	0	10	6	7	8	9	3	19	3	30	3	12	21	14	0	10	2	0	11	6	7	6	5	9	6	20	20	13	6	21	13	21	30	44	42	30	10	40	25	26	44	19	23	29	21	14	10	20	19	29	8	28	4	23	103	11	3	5	13	10	8	0	0	2	1	26	6	5	3	21	35	21	11	3	5	12	5	21	18	5	27	7	30	14	19	10	7
hsa-miR-518e-3p	26	17	3	9	12	9	16	63	22	12	18	11	3	7	12	18	12	16	6	3	19	17	4	22	7	47	10	8	10	14	5	7	5	0	19	12	1	2	12	9	8	36	9	15	12	5	16	12	10	6	20	4	9	28	14	15	19	10	8	18	13	25	26	22	13	40	10	64	10	36	132	4	7	10	8	13	4	6	1	0	1	26	4	9	2	15	66	16	11	12	11	2	6	17	14	4	2	4	2	17	18	5	6
hsa-miR-5191	39	71	15	22	34	32	31	67	31	31	50	29	32	26	34	17	9	39	18	21	44	15	15	35	16	45	9	21	105	20	21	37	17	7	18	18	11	19	11	16	25	47	27	27	11	17	19	17	27	9	22	22	12	58	38	74	33	38	22	39	37	47	22	55	22	112	11	39	6	52	36	29	3	14	53	17	6	4	3	1	3	39	9	7	20	55	42	23	17	16	20	28	15	32	20	12	16	7	16	22	26	24	24
hsa-miR-5192	25	6	8	7	2	11	10	16	9	4	0	9	2	5	3	13	0	11	2	3	7	4	7	10	8	10	5	16	14	11	9	8	4	13	16	9	10	7	4	9	4	19	18	11	3	13	7	8	8	12	3	13	3	80	7	14	13	6	6	14	6	10	2	7	5	9	3	18	3	20	22	9	0	1	0	0	0	0	0	0	0	0	0	6	0	21	15	15	8	11	10	0	8	11	18	2	0	0	4	14	14	8	0
hsa-miR-5193	11	31	9	7	20	28	45	48	66	15	71	36	36	17	52	60	31	35	37	28	62	23	9	36	23	41	15	62	75	76	29	51	37	69	45	28	28	29	25	19	32	108	58	67	32	28	65	32	51	29	56	26	29	89	45	73	42	46	29	48	45	36	28	46	45	107	57	117	42	154	150	47	20	23	105	40	10	11	7	0	25	95	20	25	15	96	99	78	60	34	45	23	45	72	67	56	46	60	58	52	88	74	50
hsa-miR-5194	14	43	13	4	10	10	14	58	43	6	22	19	10	16	2	6	11	11	5	3	9	6	16	9	6	13	6	11	10	13	0	9	6	8	9	6	2	2	8	5	4	15	8	8	5	6	7	14	7	5	9	7	5	68	3	5	14	7	6	9	7	4	1	9	3	10	0	61	1	18	12	8	1	2	0	0	7	0	0	0	0	0	0	2	0	11	11	12	0	0	0	0	0	10	27	0	0	14	13	7	14	10	7
hsa-miR-5195-3p	14	11	0	4	7	12	16	32	10	2	19	13	7	4	7	20	8	10	4	7	9	5	6	7	8	18	3	13	21	19	9	6	7	0	15	17	4	2	1	5	4	28	15	15	6	6	8	15	12	16	9	11	8	14	6	17	20	10	12	17	12	13	8	14	13	14	4	30	6	25	86	9	5	5	10	9	2	0	0	1	1	22	6	0	7	24	49	25	10	2	12	0	8	9	12	4	9	12	8	22	17	16	12
hsa-miR-5195-5p	7	10	1	1	1	14	10	10	36	4	15	21	5	12	8	3	1	6	4	7	5	5	1	16	5	36	0	7	11	9	1	6	10	8	18	19	2	6	12	7	16	36	15	8	3	9	2	17	15	11	7	19	8	54	14	12	16	3	7	12	14	16	23	7	6	12	1	33	1	17	111	8	5	2	3	15	2	0	0	1	2	24	2	5	1	34	61	28	5	11	5	7	5	16	9	5	16	3	0	9	18	10	20
hsa-miR-5196-3p	64	41	15	10	45	18	21	89	39	11	31	17	15	16	25	50	20	28	37	15	31	8	15	16	16	54	29	17	14	12	12	8	21	14	8	8	9	5	8	12	11	21	27	20	7	16	6	10	28	10	21	24	7	22	12	21	18	18	13	31	16	19	12	13	13	32	4	86	2	25	19	10	4	7	5	16	8	3	7	1	3	28	8	3	9	42	35	27	17	7	22	24	13	19	48	5	19	29	5	20	29	9	11
hsa-miR-5196-5p	72	95	16	17	70	41	49	65	45	15	36	58	25	20	21	33	9	27	33	26	89	37	52	16	33	30	21	21	28	16	16	17	20	15	45	27	20	12	9	14	13	41	30	26	31	33	41	27	48	62	26	313	26	78	32	50	49	23	20	55	35	18	25	64	39	41	20	310	5	36	34	9	12	8	20	18	2	9	7	1	1	46	8	6	11	40	41	52	17	8	31	19	9	22	25	12	25	22	38	29	26	22	19
hsa-miR-5197-3p	14	11	2	4	2	9	13	7	27	2	15	11	10	1	5	1	7	6	0	4	8	4	3	14	6	19	7	9	31	7	4	4	3	13	18	12	6	3	6	4	6	36	19	9	6	4	9	17	10	9	7	8	5	19	16	26	19	10	10	16	12	20	8	19	9	28	0	54	1	11	31	11	16	2	0	0	0	2	0	2	2	19	3	4	11	19	32	12	13	14	20	18	9	25	26	6	16	14	34	10	16	13	8
hsa-miR-5197-5p	10	15	6	1	17	3	6	46	14	7	10	11	5	1	6	13	3	16	4	4	23	7	2	1	5	10	8	8	22	14	0	0	6	0	17	6	3	1	4	2	6	16	11	9	4	5	6	18	7	7	4	3	3	14	6	19	5	2	4	18	9	11	7	4	2	11	1	25	0	7	29	5	1	4	0	0	0	0	0	0	0	0	0	4	0	10	44	10	0	0	11	0	1	8	14	0	20	9	13	4	14	0	6
hsa-miR-519e-5p	8	16	3	6	6	7	10	27	11	7	8	9	10	9	7	4	5	9	6	4	7	4	2	7	3	23	5	7	11	18	0	4	3	0	20	9	1	4	3	6	11	20	13	6	3	0	3	7	7	14	6	4	3	15	5	16	16	6	7	17	12	18	18	9	4	8	0	24	2	10	22	6	3	4	1	7	0	3	0	0	0	14	5	4	6	21	28	16	0	0	18	4	5	15	0	0	7	6	15	14	9	23	10
hsa-miR-520a-3p	19	17	12	3	13	10	9	37	9	2	8	11	9	16	7	14	8	14	13	3	16	2	7	3	10	16	5	18	14	0	0	4	0	0	9	0	0	0	0	3	0	13	11	8	6	1	5	6	7	12	11	10	4	17	13	16	9	8	15	13	8	14	3	7	5	10	0	10	0	11	10	2	0	2	0	0	0	0	0	0	0	0	0	1	0	10	12	16	0	0	0	0	0	0	0	0	0	6	10	0	9	0	0
hsa-miR-520g-5p	0	0	0	0	0	4	4	18	7	1	0	5	0	0	0	3	0	4	1	0	0	0	0	0	0	0	3	6	0	4	0	0	4	13	0	0	0	0	0	2	0	7	8	4	1	5	3	4	4	3	4	9	2	14	5	8	6	15	3	3	2	10	5	11	2	10	8	14	1	13	10	11	0	0	0	0	0	1	0	0	0	0	0	2	0	7	11	0	0	0	4	15	4	13	15	0	21	0	0	10	0	0	13
hsa-miR-532-3p	54	33	24	17	28	63	66	83	167	27	66	37	23	30	32	97	88	108	85	17	57	15	26	36	29	51	66	42	73	77	49	32	21	36	53	19	18	70	39	32	27	101	57	47	35	41	63	31	57	50	66	42	42	117	45	75	31	34	12	29	27	46	20	29	72	38	37	62	40	49	57	36	14	11	41	14	5	10	4	1	14	52	16	18	10	90	59	68	67	11	172	26	99	85	149	92	78	306	48	50	69	22	39
hsa-miR-532-5p	148	167	92	39	628	156	152	164	999	189	547	188	47	167	162	1059	565	753	525	23	301	165	66	82	181	171	535	154	221	117	191	73	32	105	177	82	76	286	150	252	110	491	92	297	232	178	420	82	163	99	299	75	428	551	188	231	116	98	17	58	73	1363	249	123	966	254	657	61	2003	705	185	74	27	114	625	17	86	23	20	10	166	191	108	162	51	288	105	196	289	48	291	70	754	738	323	620	146	1524	108	173	263	65	123
hsa-miR-539-3p	5	9	4	2	22	0	0	5	42	3	26	10	3	11	8	43	12	8	13	5	3	2	3	2	7	15	23	0	0	0	0	0	0	0	5	6	2	5	10	6	6	30	10	20	9	10	31	5	11	2	22	0	30	6	4	4	5	2	2	1	4	26	5	0	46	0	23	0	27	7	0	0	0	2	0	0	0	0	0	0	11	5	0	0	4	12	5	0	12	2	8	0	23	0	0	4	4	11	10	0	0	0	0
hsa-miR-539-5p	0	0	1	0	0	0	0	4	28	2	6	0	8	5	3	12	2	3	1	2	0	0	0	2	3	4	5	4	25	0	0	3	5	0	4	0	0	0	0	3	0	0	0	0	0	0	14	7	5	5	8	0	3	13	5	6	6	5	1	5	0	19	3	5	10	13	0	21	13	6	0	1	1	0	0	0	0	0	0	0	0	0	0	2	0	20	12	0	0	0	12	0	3	0	0	0	8	13	3	10	0	5	2
hsa-miR-541-5p	32	20	4	1	14	10	18	53	24	8	17	14	6	15	9	14	3	14	13	13	12	6	6	4	7	13	2	15	11	0	0	0	7	0	8	7	1	8	4	8	6	20	10	6	9	7	12	10	12	12	8	7	4	10	14	31	13	10	11	11	16	4	4	15	5	8	8	65	5	17	11	11	5	5	0	0	3	0	0	1	0	0	0	2	0	18	9	10	0	0	13	9	2	5	10	0	17	15	7	9	11	6	10
hsa-miR-542-3p	22	20	23	26	9	13	17	52	52	28	94	49	17	26	25	20	11	25	38	14	16	3	8	8	29	34	13	12	0	7	0	6	0	15	8	3	5	16	3	31	19	41	21	33	16	16	18	9	31	4	16	4	16	21	21	17	15	6	4	8	9	36	6	1	14	12	14	39	7	19	11	14	4	5	17	2	1	0	0	2	7	26	0	6	11	15	7	10	17	2	12	0	26	19	19	48	15	42	7	11	19	10	12
hsa-miR-542-5p	23	26	17	15	21	16	18	34	58	22	61	33	13	12	13	32	32	39	43	7	27	6	5	15	21	25	9	15	22	0	5	5	11	8	9	8	7	6	15	24	16	43	12	22	25	17	22	14	27	21	39	13	16	20	24	38	16	18	8	16	16	18	16	41	39	39	26	43	26	39	12	19	2	8	22	5	2	0	0	2	6	13	12	0	10	19	14	0	18	6	13	9	19	31	11	70	4	59	9	12	19	6	12
hsa-miR-543	13	15	4	3	81	24	29	23	96	6	37	23	4	32	31	255	66	24	35	13	30	14	5	5	22	28	119	8	22	7	9	0	11	6	21	9	8	7	7	9	13	83	2	44	19	16	160	10	22	10	87	3	35	33	12	30	5	7	4	21	18	31	4	5	93	37	81	57	87	11	45	2	0	4	21	4	0	0	0	0	19	15	14	0	4	30	10	10	71	7	7	13	52	28	29	22	7	21	3	8	31	4	17
hsa-miR-545-5p	6	13	0	3	5	3	5	17	30	2	13	9	7	9	11	5	6	5	11	3	4	3	4	1	6	6	7	8	0	0	0	0	7	0	14	0	0	0	0	5	0	14	15	10	6	7	8	7	9	8	6	3	8	13	2	10	8	3	0	12	11	0	2	5	8	3	0	16	0	11	0	7	0	0	0	0	0	0	0	0	5	18	0	0	9	17	8	0	4	1	10	7	9	11	12	22	10	12	20	10	11	5	11
hsa-miR-548a-3p	13	5	6	3	41	10	11	12	130	10	34	29	0	31	10	51	34	35	80	3	12	6	2	3	13	7	35	4	0	0	11	0	0	0	18	6	6	8	1	5	6	37	8	17	22	6	8	2	18	8	34	2	35	12	9	25	3	12	6	8	10	30	4	4	19	0	16	0	36	8	0	0	0	4	22	1	0	0	0	0	14	9	0	0	11	10	1	0	24	0	0	1	38	8	5	37	6	0	0	0	2	0	0
hsa-miR-548ac	32	45	42	16	11	23	23	79	19	11	24	23	25	22	21	17	5	42	27	16	38	8	17	16	18	17	13	11	13	10	0	12	10	20	18	22	13	7	13	6	19	35	28	25	11	20	9	19	31	26	18	23	12	41	27	38	33	17	14	22	22	16	6	10	15	22	14	104	3	19	15	9	1	6	12	3	1	10	5	4	0	25	0	1	3	33	17	14	8	9	13	10	14	12	8	21	71	10	11	20	29	22	6
hsa-miR-548ad-3p	55	48	21	1	24	232	405	55	233	225	292	463	23	14	20	17	9	25	12	32	21	2	25	44	11	33	10	10	0	5	0	4	5	0	285	213	9	3	12	3	14	381	98	102	99	198	181	284	467	803	432	580	158	408	694	430	1036	276	436	350	265	453	336	827	963	16	10	54	3	12	10	24	10	15	16	8	2	7	6	4	1	13	3	2	1	25	15	13	0	0	3	20	8	3	0	0	0	3	0	10	13	15	13
hsa-miR-548ad-5p	67	27	3	8	21	3	16	362	17	8	13	10	6	8	18	15	7	13	11	5	14	26	1	3	14	15	12	8	0	14	0	0	0	15	8	8	2	6	5	0	3	14	9	6	1	5	6	7	10	8	17	4	9	9	3	10	11	4	16	8	2	12	5	6	6	10	1	9	10	9	18	6	4	6	5	10	0	0	0	0	0	0	12	3	0	14	51	16	8	4	68	2	9	8	0	13	7	17	0	0	0	9	0
hsa-miR-548ag	0	0	0	2	0	0	0	6	10	2	4	7	0	0	0	14	6	3	8	0	3	3	3	0	0	0	4	0	0	0	0	0	3	0	1	0	0	0	0	1	0	17	3	11	4	6	5	2	3	5	7	5	2	6	0	0	0	3	5	12	0	4	4	3	7	0	0	0	10	11	0	0	0	0	0	0	0	0	0	0	2	10	0	0	1	11	13	0	6	10	0	0	0	0	0	2	0	0	0	0	0	1	3
hsa-miR-548al	0	0	0	0	0	4	9	0	0	0	0	4	0	0	0	3	4	2	3	0	0	0	0	0	0	0	2	0	0	0	0	0	0	10	8	0	0	0	0	2	0	11	7	1	5	1	2	1	4	10	6	9	4	11	8	4	9	1	4	7	5	8	3	6	6	7	0	0	6	18	0	0	0	4	0	0	0	0	0	0	1	10	0	0	1	19	7	14	0	0	0	0	0	0	0	0	0	0	0	0	0	0	4
hsa-miR-548an	1	10	1	0	16	5	7	12	13	8	14	8	16	9	12	22	5	22	17	15	0	0	0	7	8	4	6	25	26	31	18	6	27	38	19	5	14	9	8	7	9	30	31	19	12	18	17	19	22	9	5	13	8	30	11	26	8	13	10	20	21	26	10	11	19	34	16	26	37	83	39	33	6	15	22	18	8	7	7	3	5	28	5	11	1	33	23	26	21	8	6	17	14	22	9	7	16	8	9	27	33	25	15
hsa-miR-548ao-3p	14	13	7	0	10	48	131	15	90	32	65	52	3	7	6	6	9	17	8	11	12	2	2	14	4	15	5	0	0	0	0	0	0	0	39	27	7	5	8	2	3	57	35	22	24	51	54	64	107	280	89	119	61	57	83	70	167	61	88	157	75	57	27	58	138	6	0	10	18	0	0	8	12	3	12	3	0	0	0	0	0	0	5	0	0	0	0	0	0	0	0	0	0	2	10	0	0	10	0	0	0	0	0
hsa-miR-548ao-5p	10	14	6	8	28	13	5	34	89	3	32	20	9	24	15	32	18	25	26	8	17	4	2	8	23	30	43	23	45	15	10	9	11	7	18	8	8	8	6	12	10	44	3	37	9	12	12	14	14	4	31	7	19	20	11	23	12	10	8	14	12	15	3	11	27	21	7	22	12	12	17	5	1	3	14	6	0	0	0	1	18	24	10	11	18	20	12	9	13	11	9	13	53	19	15	53	12	17	16	15	20	19	12
hsa-miR-548ap-3p/548t-3p/548aa	18	28	16	6	40	20	18	82	90	15	29	33	6	57	25	72	26	59	49	3	25	23	10	5	22	24	38	9	14	18	13	9	5	20	14	9	10	14	14	19	12	57	19	30	16	20	47	5	15	16	58	5	35	22	18	15	14	12	4	12	11	47	12	9	53	15	39	9	78	37	30	10	2	7	15	3	4	0	0	0	23	15	12	15	15	39	14	7	46	4	8	9	35	20	19	54	4	37	18	21	20	8	16
hsa-miR-548ap-5p/548j-5p	11	65	37	27	841	104	105	213	494	77	221	109	34	240	125	1560	1106	2009	612	17	445	235	95	94	194	78	434	53	241	80	64	45	22	76	136	30	62	103	59	162	37	371	18	371	160	130	779	41	56	31	474	20	837	333	436	159	48	90	9	62	55	1570	158	136	624	483	1002	26	2596	1213	196	20	25	185	727	12	96	8	15	16	160	176	133	245	31	150	29	54	492	3	4	38	506	290	50	314	19	68	14	83	214	17	34
hsa-miR-548as-3p	11	7	3	0	15	0	3	77	20	4	9	18	6	5	11	16	12	20	7	1	10	11	2	8	5	14	4	3	13	11	0	0	5	0	9	4	1	3	2	8	1	24	7	16	3	3	20	4	4	3	22	5	4	3	10	9	6	7	2	4	0	20	5	6	12	25	23	10	28	19	28	0	0	3	24	6	0	0	0	0	0	0	0	0	0	11	30	0	8	2	0	0	0	14	0	2	0	12	0	1	12	6	1
hsa-miR-548au-5p/548c-5p/548o-5p/548am-5p	15	13	12	6	58	19	23	29	243	12	26	26	2	107	38	129	50	137	82	1	39	13	1	2	20	14	83	0	13	4	12	2	0	11	29	9	4	14	11	14	5	77	14	61	28	7	27	6	12	8	50	9	39	23	15	13	11	9	4	10	10	51	6	0	68	7	35	18	27	7	9	1	0	3	21	1	3	0	0	1	6	19	0	15	37	24	8	0	52	2	15	3	50	26	13	21	3	21	2	0	12	2	6
hsa-miR-548av-5p/548k	17	21	9	4	47	19	12	22	56	9	26	17	6	40	11	72	25	65	52	7	29	21	6	11	20	30	37	0	0	10	0	2	7	0	12	13	4	8	6	8	6	39	14	13	19	14	35	21	15	31	51	30	31	30	26	29	23	23	13	23	24	35	15	30	50	14	42	66	57	26	10	3	5	0	16	5	3	0	0	2	2	14	0	0	3	21	11	0	15	1	3	0	25	0	12	8	1	7	8	10	16	10	4
hsa-miR-548ay-3p	28	19	6	7	10	96	232	35	88	98	149	165	41	6	34	21	8	20	12	42	8	3	0	61	7	49	6	25	20	25	6	4	9	13	53	47	8	9	12	9	22	78	27	38	28	81	62	81	149	353	340	274	65	148	292	143	327	147	225	208	121	124	423	498	670	28	22	56	7	29	23	23	19	11	19	3	4	2	5	2	4	33	0	8	6	29	18	26	10	14	22	15	14	21	33	11	12	25	11	21	26	22	14
hsa-miR-548e-5p	9	14	2	0	21	9	7	14	23	2	12	7	2	33	5	18	18	34	16	1	15	5	6	2	3	13	22	0	0	0	0	0	0	0	4	0	0	0	0	4	0	7	3	13	6	4	7	6	2	9	22	9	22	15	11	5	4	3	0	3	1	0	8	7	25	0	0	19	6	0	2	1	0	2	0	0	0	0	0	1	2	11	0	0	1	0	0	0	3	0	1	3	21	8	0	14	0	0	0	0	0	5	0
hsa-miR-548f-3p	5	15	8	2	6	3	7	5	12	13	17	5	10	6	9	2	0	7	1	5	14	26	2	9	8	32	1	3	14	7	4	15	4	0	11	14	4	7	4	3	10	35	17	21	7	2	15	32	18	3	4	5	4	12	12	12	9	3	8	2	7	4	5	2	2	15	0	9	8	10	83	8	0	4	5	28	0	0	0	0	3	12	2	4	2	25	126	26	0	0	22	5	2	13	9	0	15	0	27	6	28	17	5
hsa-miR-548h-3p	2	4	1	3	25	7	5	4	25	7	12	26	2	19	13	33	28	64	18	1	32	20	4	12	5	10	11	0	0	0	0	2	0	0	9	2	6	10	4	15	1	12	2	19	10	8	25	3	5	3	14	2	23	9	12	2	0	5	2	3	7	27	10	0	18	13	33	0	61	36	13	0	0	0	13	1	0	0	0	0	8	21	0	0	9	10	7	0	20	1	3	5	18	22	9	19	6	8	6	0	0	3	6
hsa-miR-548h-5p	11	18	7	5	9	12	7	15	99	12	11	31	11	9	5	27	9	23	15	5	13	7	7	6	9	13	14	0	0	0	0	5	0	0	23	0	0	0	0	6	0	18	7	9	5	14	13	6	14	20	25	14	13	13	14	9	14	13	10	18	7	9	10	22	30	15	10	0	21	15	0	0	0	0	15	2	0	0	0	0	0	0	0	0	0	7	0	0	12	0	4	2	11	0	0	6	0	0	0	0	0	1	0
hsa-miR-548l	14	28	18	6	73	33	12	80	71	17	56	14	12	25	19	194	64	65	57	16	39	46	12	18	22	32	76	32	76	38	21	10	20	28	21	20	17	26	21	15	30	86	34	86	24	37	141	20	30	17	86	10	53	55	26	55	28	38	15	28	22	88	33	28	111	72	151	24	205	140	198	32	10	19	89	19	6	7	4	4	14	34	28	25	10	72	55	42	94	8	5	19	68	61	33	44	14	31	10	29	48	36	18
hsa-miR-548t-5p	14	14	6	8	24	3	8	25	22	7	18	12	8	24	8	37	11	17	9	11	12	7	9	11	21	10	11	23	32	6	10	6	6	0	15	10	0	2	6	5	12	20	10	9	5	8	23	8	15	9	14	14	12	24	13	14	25	17	7	19	22	32	14	14	15	33	13	17	15	34	19	5	3	4	11	8	4	1	1	0	3	21	0	8	2	28	28	0	12	0	6	20	12	34	19	3	3	10	9	15	15	5	11
hsa-miR-548w	10	13	8	2	7	44	71	15	93	56	69	59	25	6	43	5	4	11	5	47	9	2	2	56	9	40	4	6	0	0	0	0	0	0	19	32	5	3	3	0	18	59	57	28	49	78	71	91	98	245	124	60	47	223	469	318	530	75	92	95	119	107	89	160	249	6	5	15	6	0	21	3	7	0	0	0	2	0	0	0	0	0	3	0	0	0	0	0	0	0	0	9	0	0	19	0	0	0	10	0	11	0	0
hsa-miR-548z	2	5	4	6	36	5	6	8	26	7	11	18	3	15	9	48	23	92	23	1	44	26	8	8	14	10	18	5	12	10	0	1	0	0	15	0	14	15	3	8	1	19	7	23	12	12	49	4	10	0	20	3	22	16	14	6	4	6	2	11	4	43	6	0	15	23	39	0	79	57	12	0	0	7	12	0	0	0	0	0	5	25	0	0	5	13	0	5	24	1	2	7	28	14	0	17	0	14	1	0	10	1	0
hsa-miR-549a	10	13	7	1	15	19	4	21	14	4	11	11	4	2	15	10	2	9	4	9	13	3	6	6	7	12	4	11	13	11	0	3	11	2	11	8	2	2	3	2	4	14	13	7	5	9	5	7	10	7	9	8	6	20	5	9	14	9	14	15	8	11	12	11	11	10	3	78	7	9	16	5	0	5	0	0	0	0	0	0	0	21	0	4	1	25	22	20	0	0	10	9	6	8	25	0	15	12	0	11	8	10	5
hsa-miR-550a-3p	14	16	4	3	16	23	15	13	16	3	5	8	3	11	6	12	16	16	8	5	13	4	1	6	7	5	15	0	15	19	0	1	0	2	4	3	4	12	2	7	1	18	10	0	6	5	8	7	10	15	14	9	1	14	6	5	6	12	2	14	9	5	0	4	7	13	0	25	0	8	10	3	2	4	0	0	2	0	0	0	1	10	0	4	2	17	0	18	11	3	31	0	12	5	0	3	5	0	10	0	10	4	0
hsa-miR-550b-3p	4	12	0	0	5	5	14	5	0	0	0	1	6	1	13	2	1	1	2	10	0	0	0	1	0	5	3	0	14	0	0	1	0	6	9	0	0	0	0	0	0	13	5	2	6	2	5	2	3	2	8	4	0	26	3	7	2	5	6	11	3	2	4	0	1	10	0	0	0	10	10	0	0	1	0	0	0	8	11	0	9	5	0	0	23	9	43	0	0	0	0	0	0	0	25	0	0	65	0	0	0	0	4
hsa-miR-551a	25	11	12	3	2	15	16	21	51	14	20	13	11	5	11	11	10	16	17	15	12	1	4	13	6	57	6	15	36	37	7	7	14	12	13	18	7	7	13	14	13	21	11	20	8	15	8	14	24	6	11	18	22	42	17	28	18	9	8	11	23	16	8	15	9	36	9	288	8	29	63	19	7	6	23	13	0	6	6	0	6	21	6	2	11	35	25	32	10	13	18	10	3	26	32	11	38	42	14	23	24	12	25
hsa-miR-551b-3p	8	5	2	2	15	12	14	7	97	4	22	14	3	19	5	43	27	17	42	1	11	6	2	3	3	12	10	0	0	13	9	3	0	0	14	0	9	10	4	7	3	41	8	14	18	10	19	3	7	8	47	1	14	22	6	9	2	4	2	6	0	15	2	4	25	0	11	12	13	17	5	4	0	0	10	4	0	0	0	0	9	12	0	0	19	0	0	0	12	5	3	5	26	14	12	23	4	16	1	0	0	3	13
hsa-miR-551b-5p	37	12	9	0	10	40	45	40	51	9	23	16	12	4	18	8	1	21	9	20	10	0	4	21	10	29	5	16	16	16	10	9	5	12	26	12	9	11	8	3	6	36	14	17	13	20	18	21	32	32	49	29	16	29	29	49	34	22	27	40	35	22	29	41	53	14	4	23	9	26	51	9	3	5	10	4	8	0	0	3	2	16	5	2	3	20	12	19	5	10	16	17	5	8	10	4	13	15	15	15	22	4	5
hsa-miR-552-3p	7	15	12	1	8	2	1	18	15	4	0	5	1	6	3	5	3	12	5	3	5	4	2	0	0	8	4	0	0	0	0	0	0	0	0	0	0	0	0	0	0	7	2	6	10	1	0	0	4	4	5	3	4	5	6	2	4	0	3	3	4	3	0	0	0	0	0	16	0	0	0	5	0	0	0	0	0	0	0	0	1	11	0	0	2	7	0	0	0	0	0	0	0	0	0	0	0	0	0	0	0	0	0
hsa-miR-552-5p	14	16	3	4	9	54	79	24	83	49	47	63	15	6	12	24	16	34	28	15	20	9	8	14	9	23	9	3	0	14	1	4	0	8	46	28	3	2	11	2	6	64	37	26	45	64	60	65	96	194	165	127	51	159	203	172	262	60	105	135	129	67	39	116	164	18	5	25	11	16	9	20	6	7	0	0	6	4	0	0	0	0	0	8	0	16	12	14	0	0	9	0	21	13	3	0	17	0	6	0	16	6	8
hsa-miR-553	9	26	4	3	11	20	22	14	21	8	21	14	4	4	7	6	5	2	5	6	8	6	4	3	4	23	0	3	0	10	5	12	4	9	20	6	5	2	4	5	13	29	9	6	4	5	10	9	20	71	45	32	4	26	28	52	52	19	23	31	23	13	18	48	41	6	4	27	3	11	23	10	4	0	0	0	1	0	0	1	1	11	0	3	2	14	17	14	0	0	9	11	3	17	11	0	5	0	0	5	14	0	7
hsa-miR-554	6	17	3	3	8	7	20	20	24	8	13	16	1	2	11	10	1	15	8	1	7	12	5	8	13	28	4	7	12	15	4	5	4	0	15	0	0	0	0	5	0	18	11	5	6	4	5	11	8	11	7	9	4	20	3	20	18	13	6	15	10	7	9	10	6	22	0	20	0	14	53	8	9	6	22	11	1	0	0	2	0	15	4	4	1	15	39	9	5	10	4	12	2	8	18	7	4	7	7	4	9	7	7
hsa-miR-555	10	10	1	1	5	9	10	30	7	6	5	7	8	5	8	11	6	8	5	3	10	5	0	11	5	9	0	6	0	8	0	0	14	7	4	5	4	2	4	1	3	16	11	3	2	8	10	10	7	9	6	4	2	15	13	15	12	9	6	7	13	2	2	5	6	16	6	17	0	35	27	15	0	0	5	7	0	5	0	0	0	0	0	4	0	18	24	0	14	6	0	0	0	18	11	3	0	3	0	6	10	9	0
hsa-miR-556-3p	8	8	4	3	11	11	5	10	57	6	19	28	14	5	13	17	19	3	10	9	9	5	3	4	6	14	19	11	26	9	11	0	0	11	12	8	2	11	7	2	10	20	12	17	6	7	10	3	13	8	28	7	18	15	12	14	7	7	8	13	14	11	3	7	31	13	10	35	13	19	13	7	0	3	12	4	0	0	0	0	1	17	0	4	4	15	26	13	22	1	9	0	11	13	12	19	12	19	0	0	10	1	8
hsa-miR-557	10	8	6	2	2	10	17	7	54	3	16	9	9	7	7	5	2	7	2	9	7	2	4	8	2	18	8	10	19	11	0	0	6	6	8	0	0	0	0	3	0	18	8	9	4	10	10	8	14	31	15	14	9	11	18	20	25	10	6	15	17	12	7	7	31	12	0	93	1	15	18	6	5	6	0	0	3	0	0	1	2	11	0	4	2	16	7	12	0	0	7	0	0	0	11	0	2	0	19	10	8	11	9
hsa-miR-5572	16	12	3	8	14	9	11	43	5	1	6	7	4	21	6	21	3	20	11	9	17	6	7	10	9	14	2	6	0	9	0	4	0	0	17	5	3	6	19	7	6	16	10	9	10	6	14	16	7	7	9	5	2	15	6	6	15	9	3	17	5	5	2	7	5	16	6	15	3	16	35	6	2	7	0	0	5	0	0	0	1	18	0	3	2	20	14	6	0	0	2	10	11	5	17	0	2	0	8	0	18	6	7
hsa-miR-5581-5p	0	0	3	0	0	5	5	4	10	3	13	7	6	4	1	0	0	0	0	4	0	0	0	8	0	12	0	4	0	0	1	4	0	0	5	14	3	3	0	3	13	15	3	4	0	2	3	11	8	16	15	7	2	3	9	5	11	8	8	7	4	1	8	12	6	8	0	10	1	0	35	5	0	0	4	12	0	0	0	0	0	0	0	0	0	0	26	16	0	0	5	6	1	0	0	0	10	0	0	0	16	0	0
hsa-miR-5583-3p	6	16	0	0	7	0	1	14	16	3	6	0	0	0	0	31	8	6	12	0	1	11	8	0	0	0	7	0	0	0	0	0	0	0	0	0	4	8	1	0	1	8	4	13	3	2	28	2	1	2	12	0	10	7	1	35	1	4	1	0	1	17	7	0	17	0	16	0	21	31	0	0	0	0	12	1	0	0	0	0	0	0	0	0	0	0	4	0	0	0	1	0	22	0	0	0	5	23	0	0	0	2	0
hsa-miR-5583-5p	3	20	0	9	3	0	0	17	6	6	0	0	0	0	0	9	4	12	7	0	8	2	4	0	0	0	4	0	0	6	0	0	0	0	0	0	0	0	0	2	0	0	0	0	0	0	0	0	3	4	2	3	3	9	0	0	0	4	3	5	7	9	7	0	10	11	5	13	0	13	0	2	2	0	0	0	2	0	0	0	0	0	0	0	0	0	0	0	0	0	0	2	0	2	0	0	0	0	0	0	7	0	0
hsa-miR-5584-3p	16	13	0	2	1	8	13	15	27	2	0	9	4	4	11	6	3	11	3	2	9	6	6	3	3	19	0	12	0	18	0	0	0	3	10	0	0	0	0	5	0	17	7	6	0	3	6	1	7	5	4	6	0	13	4	6	5	9	1	6	4	5	5	10	7	17	0	113	0	7	0	2	0	2	10	3	0	11	4	0	0	0	0	0	0	14	4	0	0	0	0	0	0	0	16	0	0	0	0	0	12	2	0
hsa-miR-5584-5p	91	92	22	20	56	21	22	99	21	13	19	18	8	38	9	73	23	55	29	11	54	8	14	5	26	39	24	14	33	19	14	8	11	9	16	7	4	5	14	10	7	39	28	21	11	12	30	13	19	23	21	25	20	35	16	41	23	32	19	34	27	23	10	32	23	39	37	41	63	85	47	22	6	12	20	10	3	3	8	0	10	56	11	15	13	60	24	26	24	12	42	11	12	36	19	43	19	17	12	32	35	15	20
hsa-miR-5585-3p	12	3	2	0	3	17	12	19	18	2	9	7	8	3	3	5	3	7	5	4	0	0	0	9	2	8	5	3	16	0	0	0	7	0	8	7	7	4	4	4	6	24	32	17	21	62	67	88	105	248	204	150	33	90	175	103	324	98	160	115	113	38	50	145	420	9	6	15	1	21	13	22	17	2	15	1	6	6	2	0	0	17	0	4	1	63	13	0	0	0	0	0	0	0	12	0	0	0	10	10	11	12	12
hsa-miR-5585-5p	16	21	11	3	5	17	16	34	26	5	17	20	16	4	10	8	6	25	11	7	9	1	2	11	10	17	7	22	130	15	21	9	7	15	26	17	7	11	8	9	17	33	15	16	2	7	8	12	23	15	7	17	2	34	9	21	17	15	8	27	12	10	7	24	8	84	12	69	6	20	32	14	11	6	7	10	3	4	5	4	2	30	9	6	20	44	25	26	18	3	26	16	5	11	48	4	13	12	5	16	17	29	16
hsa-miR-5586-5p	6	19	9	7	14	10	6	8	55	9	32	38	7	18	13	11	7	7	13	3	11	13	4	5	5	36	5	2	0	6	0	12	7	0	19	13	4	9	6	6	6	31	7	19	3	5	9	20	13	10	19	6	15	14	4	8	13	9	18	6	10	31	51	8	46	19	7	12	18	19	34	12	6	13	9	15	1	0	0	0	6	10	5	7	7	32	90	24	9	6	4	0	16	7	6	16	5	2	9	5	26	3	4
hsa-miR-5587-5p	2	16	5	3	13	17	12	16	27	6	15	17	13	7	11	3	12	18	11	2	10	4	8	10	10	20	3	11	10	9	7	0	6	13	19	0	0	0	0	4	0	23	17	8	8	9	3	12	15	6	13	7	5	43	9	20	11	5	6	18	16	8	1	11	11	17	8	25	2	19	42	2	6	3	5	11	4	0	0	0	0	23	12	6	0	32	17	16	0	0	10	9	12	13	13	0	18	10	19	6	15	5	10
hsa-miR-5588-5p	11	14	6	11	15	0	0	40	46	4	14	3	7	9	6	21	6	14	11	7	13	3	5	7	5	10	5	4	0	11	0	4	8	0	10	5	1	5	4	6	5	14	11	11	5	6	10	2	10	3	6	2	6	10	15	11	6	4	7	15	3	7	6	5	8	12	10	31	12	20	13	8	13	0	11	3	1	0	0	0	0	0	2	4	0	16	13	14	11	4	0	7	0	12	12	6	0	0	7	12	6	6	8
hsa-miR-5589-3p	0	0	3	0	0	0	0	13	6	1	0	6	0	0	0	2	1	6	1	0	0	0	0	0	7	0	0	10	17	14	0	4	0	0	5	0	0	0	0	2	0	0	0	0	0	0	3	4	2	3	1	4	3	10	3	6	5	9	0	0	2	0	2	3	1	10	0	15	0	12	15	8	0	0	4	5	0	0	0	0	4	29	0	2	1	5	17	13	0	0	18	0	1	7	16	0	13	7	0	8	16	9	4
hsa-miR-5589-5p	6	12	0	3	6	2	9	12	11	7	14	0	4	8	4	10	6	6	3	0	5	4	3	4	4	21	4	8	12	0	3	3	0	14	0	0	0	0	0	7	0	17	11	7	4	2	2	10	5	9	4	6	4	11	10	22	7	34	14	35	23	2	2	7	3	0	1	14	4	16	7	2	5	1	0	0	1	0	0	2	0	15	0	0	4	8	0	0	10	3	10	0	2	10	8	3	10	0	2	0	13	11	4
hsa-miR-5591-3p	15	6	0	0	6	0	0	13	13	1	0	4	0	0	0	4	3	5	2	0	0	0	0	0	1	0	5	7	0	5	0	3	0	5	0	0	0	0	0	3	0	0	0	0	0	0	0	6	3	3	6	5	0	10	7	5	3	8	3	10	7	11	12	9	0	10	0	16	0	17	16	1	0	2	0	0	0	0	0	0	2	12	0	0	4	11	7	0	0	0	0	0	0	6	5	0	0	3	0	0	0	10	10
hsa-miR-561-3p	7	19	5	2	6	3	10	15	25	4	16	10	10	8	12	6	3	3	3	6	12	5	1	13	12	22	4	5	0	15	0	0	0	0	20	11	4	2	4	5	6	27	13	13	5	2	4	10	13	0	0	0	2	3	0	0	0	0	0	5	0	0	0	0	0	0	5	20	0	6	26	8	0	2	0	0	0	0	0	0	0	0	0	1	0	15	37	11	0	0	14	7	2	0	6	0	0	10	0	0	0	6	6
hsa-miR-562	10	15	6	0	3	0	0	64	13	2	0	6	3	10	2	7	3	14	6	4	0	0	0	1	0	9	1	0	10	0	0	0	8	0	0	0	0	0	0	3	0	12	9	4	5	7	0	0	7	8	9	15	1	14	4	8	6	4	8	6	2	2	3	4	9	9	0	43	3	0	0	4	1	4	0	0	1	0	0	0	0	0	0	0	0	10	0	0	0	0	0	0	0	0	11	0	0	0	0	13	0	0	5
hsa-miR-564	3	3	1	2	9	18	40	27	22	6	20	14	12	6	3	8	5	9	6	6	10	3	3	3	5	17	5	0	0	0	0	0	4	0	16	10	4	2	1	3	4	19	8	6	11	10	18	13	27	51	55	42	8	11	29	12	43	16	21	11	17	4	9	33	77	6	0	16	2	0	0	6	0	3	0	0	0	0	0	0	0	0	0	0	0	15	0	0	0	0	5	0	3	0	10	0	13	7	24	4	11	12	0
hsa-miR-566	14	24	15	9	11	10	9	19	19	11	29	18	10	16	11	5	8	9	9	8	8	17	5	9	16	13	6	6	11	12	0	7	7	10	20	14	4	4	11	7	14	31	17	18	5	7	14	11	8	14	12	17	8	20	14	13	25	11	8	8	10	10	9	9	5	22	7	26	6	12	42	14	13	4	10	13	2	3	5	3	0	0	2	3	0	25	56	31	8	7	12	23	11	17	19	6	6	11	8	22	27	21	17
hsa-miR-568	15	9	3	1	6	2	6	31	10	0	0	0	7	3	6	0	1	4	3	4	5	2	0	5	0	17	3	0	0	0	0	0	3	0	8	0	0	0	0	2	0	17	8	2	2	2	3	4	10	2	7	1	2	14	2	13	9	5	8	7	4	5	3	4	6	6	0	36	0	15	50	8	0	0	3	13	0	0	0	0	0	0	3	6	0	13	19	0	4	0	0	0	0	4	10	3	0	2	13	1	14	0	5
hsa-miR-5680	10	13	11	3	5	8	12	6	22	4	33	20	12	4	12	3	5	3	2	8	19	11	1	20	3	35	3	14	22	20	4	15	6	28	24	17	5	10	7	3	14	54	16	13	4	3	9	29	29	9	11	16	9	25	14	13	16	21	10	24	23	26	36	18	5	23	4	26	7	34	229	22	9	9	19	47	0	5	6	0	0	21	7	5	0	36	229	46	15	11	4	4	6	15	5	4	24	7	27	11	27	13	17
hsa-miR-5681b	13	18	14	13	6	5	3	16	23	4	22	13	12	11	6	8	3	13	9	4	15	15	20	2	19	21	5	4	23	4	0	3	0	3	9	10	8	10	8	24	44	21	11	5	6	11	8	8	18	5	1	4	11	16	4	19	4	11	2	5	1	15	6	13	5	35	6	74	10	12	15	2	4	3	14	33	3	0	0	0	0	12	2	0	4	20	15	14	14	4	5	11	6	21	7	3	13	11	0	0	4	10	8
hsa-miR-5682	8	13	5	4	4	26	48	12	29	6	18	17	4	8	8	3	0	5	4	7	6	3	0	12	8	24	5	16	13	12	2	1	0	0	27	23	3	2	9	4	3	31	18	18	19	25	13	25	34	42	17	39	20	54	38	75	108	21	32	47	31	7	7	24	29	10	0	21	3	7	36	13	7	7	5	2	0	3	2	0	1	14	5	1	1	19	43	0	0	0	8	11	3	6	22	0	13	17	28	0	12	7	8
hsa-miR-5683	9	23	3	5	6	14	9	16	13	3	22	15	14	9	20	15	4	19	5	7	10	1	1	6	9	15	4	24	20	6	0	3	4	10	7	11	2	6	4	4	6	15	16	11	7	11	11	6	8	9	6	9	3	10	9	11	7	14	7	24	13	11	26	19	8	29	6	43	5	13	38	16	0	5	0	0	0	3	2	0	0	0	0	5	0	12	20	11	0	0	17	9	5	10	0	0	13	9	27	12	23	11	0
hsa-miR-5684	9	8	5	3	4	19	13	15	26	8	12	9	4	6	5	10	10	14	11	1	6	3	0	9	9	12	7	6	0	0	0	0	4	0	19	10	5	2	0	2	4	28	9	9	7	12	21	24	30	70	40	41	24	17	29	30	44	14	24	56	26	22	22	32	41	12	8	21	10	8	11	1	7	0	13	2	1	0	0	3	2	22	0	0	2	12	10	10	10	2	3	0	10	0	0	10	1	0	0	12	10	10	0
hsa-miR-5685	21	19	8	6	9	8	12	30	18	4	15	16	7	16	9	19	3	22	13	4	22	3	5	3	7	15	7	0	0	6	0	4	0	0	4	0	0	0	0	0	0	10	6	3	1	3	8	6	12	11	13	14	5	36	16	17	18	6	12	14	18	8	8	22	15	11	0	20	3	10	5	8	0	4	0	0	0	0	0	0	1	10	0	0	1	12	8	0	0	0	13	0	4	0	6	0	3	0	0	0	13	3	0
hsa-miR-5687	0	0	0	0	0	0	0	9	0	0	0	8	5	1	5	3	1	3	0	7	0	0	0	3	0	5	1	2	0	0	0	0	0	0	0	0	0	0	0	1	0	6	5	2	1	4	0	0	0	0	0	0	3	8	4	7	8	0	4	6	6	1	0	2	0	0	0	10	2	0	0	5	1	0	0	0	0	0	0	0	0	0	0	0	0	0	0	0	0	0	0	0	0	0	0	0	0	7	0	0	1	0	0
hsa-miR-5689	15	6	1	0	4	4	13	11	23	7	8	5	13	3	9	1	2	4	5	7	5	2	5	4	2	22	4	14	13	18	0	0	20	2	7	5	5	10	4	5	4	14	15	15	5	9	5	10	11	13	5	6	3	14	9	15	7	5	9	15	10	14	3	5	2	7	9	34	3	17	10	14	8	5	1	1	3	3	0	1	0	22	0	4	6	15	14	22	0	0	12	6	5	14	18	0	15	13	5	9	22	14	7
hsa-miR-569	11	6	3	7	3	7	6	24	7	2	10	11	4	3	14	4	2	5	5	5	10	2	6	9	8	9	5	13	0	13	0	0	0	7	10	0	0	0	0	6	0	0	0	0	0	0	6	4	3	4	6	2	4	8	7	13	6	0	7	5	9	4	0	0	0	0	4	52	4	17	12	13	0	1	0	0	0	0	0	0	5	12	0	3	1	11	6	0	0	0	9	11	4	6	16	0	10	9	1	0	0	0	5
hsa-miR-5690	16	11	5	5	6	4	5	12	16	6	10	11	0	0	0	6	2	2	3	0	5	4	3	0	10	0	4	8	0	0	0	1	4	7	0	0	0	0	0	1	0	0	0	0	0	0	4	7	3	10	10	5	4	10	8	8	3	7	1	8	5	9	4	10	12	4	0	16	5	11	0	3	3	0	0	0	2	0	0	0	0	0	0	0	0	24	0	13	0	0	0	3	0	0	4	0	0	0	0	6	4	0	0
hsa-miR-5691	24	26	18	2	16	6	12	21	14	16	13	9	7	11	5	11	1	15	9	10	16	2	4	10	7	20	7	7	17	17	0	3	7	6	11	9	3	11	5	6	12	18	12	7	4	10	6	7	16	11	7	7	8	14	13	21	13	18	11	16	7	21	11	10	3	15	5	29	5	21	19	5	8	7	19	11	1	0	0	2	0	23	0	2	0	22	20	18	17	4	12	13	6	15	10	5	9	4	0	13	17	18	10
hsa-miR-5692a	43	31	26	7	31	32	27	33	43	6	29	17	9	18	26	24	8	24	19	21	18	13	19	17	21	43	18	34	28	30	11	20	17	26	28	25	8	8	11	14	13	49	32	21	12	7	15	29	23	16	13	15	7	35	26	38	23	10	15	31	27	18	11	14	8	45	7	60	7	49	97	31	18	8	19	14	5	12	3	0	2	34	13	5	7	40	52	29	33	4	13	16	14	36	34	12	42	30	27	39	35	27	25
hsa-miR-5692c	0	0	0	0	0	0	0	5	7	2	0	3	6	4	7	0	0	0	0	5	0	0	0	3	2	33	0	1	25	7	0	0	0	0	0	0	0	0	0	0	0	10	4	3	2	2	1	4	0	2	4	3	3	7	7	12	5	4	0	10	0	0	1	0	1	30	0	14	0	12	10	8	0	4	0	0	0	0	0	0	0	0	3	0	0	8	13	0	0	0	5	0	1	16	0	0	0	0	0	0	0	12	0
hsa-miR-5694	11	14	8	21	16	13	15	10	8	7	18	12	9	6	1	8	9	11	12	4	13	8	6	4	8	15	4	9	29	20	4	13	11	33	52	28	8	33	8	25	11	80	26	80	13	23	40	11	79	25	8	17	16	22	13	27	17	27	8	21	14	15	3	14	8	19	10	58	7	21	9	19	8	7	0	0	0	1	4	0	1	18	5	3	31	39	20	19	67	8	11	20	13	24	13	6	14	5	10	15	30	16	15
hsa-miR-5695	26	33	2	0	15	3	1	61	8	2	10	13	7	13	6	24	3	10	4	7	11	3	3	1	5	10	6	6	0	0	0	0	0	0	5	0	0	0	0	2	0	7	23	3	1	9	3	6	9	2	4	5	2	7	2	15	4	6	5	5	0	6	9	3	3	0	0	17	0	20	15	0	0	1	0	0	0	0	0	0	0	13	0	0	1	29	13	0	0	0	12	0	2	0	4	0	0	0	0	0	2	0	2
hsa-miR-5696	9	18	0	0	4	10	6	31	15	15	48	25	3	4	6	6	2	7	2	11	0	0	0	4	3	13	8	3	17	11	0	1	2	0	17	7	3	2	3	6	3	19	38	27	3	19	12	12	23	29	16	30	11	26	14	33	14	42	15	33	30	18	19	64	8	14	0	24	2	10	13	4	0	1	0	0	0	0	1	0	2	14	1	6	3	12	19	33	6	2	10	0	1	8	4	1	20	10	10	5	0	0	0
hsa-miR-5697	25	24	12	6	15	3	8	34	15	6	10	0	6	11	5	20	2	20	9	0	14	5	8	1	11	22	13	9	0	13	0	8	0	16	9	8	4	1	9	2	6	19	9	9	1	6	9	4	6	2	5	3	32	9	5	5	5	5	7	9	6	5	2	4	5	15	0	75	0	10	0	10	6	2	10	3	2	0	2	3	0	0	0	0	0	12	0	19	0	0	0	0	0	10	2	0	0	0	2	0	12	0	0
hsa-miR-5698	106	11	6	1	61	10	34	81	17	9	16	12	6	29	10	75	5	24	18	4	10	4	8	5	12	16	8	13	14	11	3	18	11	37	17	18	8	5	5	9	6	24	10	10	9	37	15	16	10	17	24	8	24	19	9	80	6	10	14	6	19	10	6	15	9	19	12	34	13	44	27	5	3	13	0	0	24	7	3	0	0	0	26	12	0	20	10	9	17	4	48	12	11	15	29	15	7	25	11	10	11	8	15
hsa-miR-5699-3p	6	9	7	1	13	8	8	18	8	9	12	13	7	3	5	6	3	10	1	4	8	7	6	5	3	13	3	3	14	13	0	0	0	0	0	0	0	0	0	2	0	15	16	6	2	4	2	5	10	10	11	11	2	29	6	15	16	12	10	17	18	2	1	9	7	10	0	30	3	18	9	5	0	0	0	0	0	0	0	0	0	0	0	2	0	13	0	11	10	0	0	1	0	0	4	8	0	0	0	0	0	0	7
hsa-miR-5699-5p	30	33	16	10	16	23	48	32	61	36	76	55	20	16	19	18	6	23	17	8	15	9	8	20	10	42	8	21	76	27	13	23	9	15	27	19	7	7	7	14	15	52	23	18	18	22	29	21	48	86	32	35	41	59	38	55	48	44	22	57	49	49	53	56	35	104	18	234	10	66	37	23	32	16	37	17	6	11	6	2	6	21	7	18	8	46	47	38	18	23	23	33	18	31	10	14	22	6	9	33	39	16	23
hsa-miR-570-3p	8	10	0	3	6	15	13	6	28	5	11	7	2	12	3	17	3	10	11	6	10	7	2	8	0	9	7	11	28	0	0	1	4	0	12	0	0	0	0	2	0	21	12	8	5	5	15	6	11	4	5	3	4	20	7	13	10	7	1	11	3	7	4	9	11	26	0	18	6	18	14	6	0	2	0	0	0	0	0	0	3	19	0	2	12	22	0	10	0	0	6	0	5	0	0	0	8	11	0	12	12	9	7
hsa-miR-5700	12	5	1	5	1	5	1	6	15	1	9	9	6	4	7	2	1	12	0	5	4	5	1	7	6	16	2	7	10	11	9	4	8	13	9	15	2	6	7	6	2	20	10	7	0	7	7	9	10	5	5	10	0	14	14	27	3	10	5	18	6	6	5	5	6	16	2	20	3	14	16	2	0	2	0	0	0	0	0	0	0	17	1	0	4	10	30	13	5	4	0	5	0	7	10	11	0	0	0	14	11	0	8
hsa-miR-5701	9	7	4	8	7	12	14	9	16	9	14	18	7	9	17	2	2	8	7	5	5	3	0	13	2	13	4	4	0	4	0	5	6	0	8	10	2	2	0	4	4	18	4	1	2	8	5	10	10	20	13	12	10	10	5	36	16	11	13	15	10	6	10	12	14	8	2	12	2	7	13	10	2	0	0	0	1	11	0	0	0	0	0	0	0	22	10	0	0	0	53	0	5	18	15	0	13	0	0	9	0	5	3
hsa-miR-5702	11	24	16	2	3	7	17	17	42	5	16	24	8	8	13	7	5	13	8	8	11	7	4	26	4	29	4	19	0	24	7	8	3	15	21	22	9	2	8	6	10	35	24	11	3	5	6	21	21	16	23	11	17	21	21	30	20	20	26	29	25	13	35	27	22	18	2	30	7	24	78	14	10	10	7	31	1	0	0	1	1	12	8	9	5	28	37	18	13	3	13	0	4	11	8	3	6	9	14	16	14	10	13
hsa-miR-5703	22	28	6	4	10	36	52	27	48	17	45	47	17	18	16	17	11	23	14	8	14	4	4	16	6	39	12	26	70	26	14	15	5	11	51	30	4	6	5	13	15	81	17	25	19	41	28	51	57	79	49	59	17	89	49	72	104	41	60	118	61	60	56	65	47	75	15	67	14	57	227	22	17	13	44	30	6	7	5	6	6	37	13	13	7	38	108	44	20	23	20	25	12	35	21	6	15	12	22	20	47	16	15
hsa-miR-5704	6	4	5	0	8	6	5	12	9	8	11	14	5	4	6	4	4	3	2	12	6	4	1	11	3	29	2	15	15	23	2	11	11	15	11	22	5	5	8	3	8	50	23	15	7	2	9	23	14	8	7	7	8	15	10	19	6	11	8	11	13	5	10	7	4	18	6	51	2	27	109	14	0	1	10	12	0	1	4	0	1	21	9	2	7	22	39	24	8	3	8	3	3	15	13	16	18	8	26	11	26	7	8
hsa-miR-5705	19	19	0	5	14	9	10	20	19	3	9	8	7	5	5	15	1	6	11	6	7	5	6	4	10	17	11	11	16	11	5	4	11	0	7	4	10	5	10	9	3	21	12	4	9	3	9	14	17	11	5	7	6	12	10	21	9	11	9	5	11	6	3	9	3	14	0	84	0	18	23	12	7	3	34	6	2	0	0	0	0	14	5	2	4	19	31	17	0	0	3	11	5	0	10	0	19	14	9	10	14	16	9
hsa-miR-5706	18	15	11	0	8	5	14	19	17	4	12	8	2	12	12	11	6	10	5	1	8	7	6	0	10	14	5	0	0	0	0	1	2	0	0	0	0	0	0	4	0	21	11	12	6	8	3	7	12	7	10	13	4	34	8	21	9	14	11	15	8	8	8	4	2	5	0	36	0	0	11	3	3	4	1	3	0	0	0	1	0	0	0	0	0	12	11	0	0	0	5	0	3	0	0	0	18	0	0	10	0	0	0
hsa-miR-571	11	5	1	0	5	2	16	25	11	3	8	11	2	4	3	7	6	3	2	1	3	2	4	2	4	9	6	7	0	6	0	0	8	12	7	0	0	0	0	1	0	10	4	4	2	5	2	6	8	5	2	12	5	6	8	10	8	7	8	12	6	0	1	5	4	10	1	18	0	0	0	8	1	4	0	0	0	0	0	2	0	11	0	0	1	9	10	11	0	0	13	6	7	0	20	0	7	0	0	8	0	10	8
hsa-miR-572	22	18	16	5	10	60	72	25	41	24	53	25	23	5	19	12	4	25	12	14	15	5	5	59	11	50	15	48	58	37	14	18	21	18	44	38	6	8	13	19	28	75	33	21	19	22	18	24	36	35	27	52	13	30	29	57	67	30	36	64	85	21	29	40	28	66	6	79	2	45	98	10	12	15	25	15	7	8	14	3	2	46	19	11	17	74	60	30	16	19	29	15	10	22	56	17	28	21	40	24	44	26	30
hsa-miR-5739	6	5	9	2	6	6	12	26	11	5	2	11	5	11	7	6	0	17	9	10	14	4	2	21	6	25	10	15	0	14	2	13	12	10	27	18	7	7	3	4	11	37	13	9	8	7	10	12	18	2	8	16	3	29	7	14	17	19	9	16	11	7	3	4	5	8	5	60	1	8	73	17	1	4	7	14	2	0	0	1	2	23	5	3	7	16	25	12	13	5	6	7	6	7	13	9	13	0	9	11	17	11	7
hsa-miR-574-3p	45	53	40	15	257	276	306	150	871	154	373	227	117	68	229	522	398	160	450	164	162	132	35	448	91	361	248	139	345	161	103	120	44	156	148	71	79	75	61	126	89	408	97	237	247	169	330	136	248	407	720	209	502	535	392	250	370	194	139	257	174	194	114	190	816	165	263	69	430	432	126	59	8	49	365	24	46	26	7	10	145	176	102	164	115	119	69	136	344	7	45	58	231	315	361	1536	213	660	78	129	190	55	147
hsa-miR-574-5p	17	25	13	11	139	40	35	33	186	27	88	77	8	65	28	269	122	346	237	9	80	75	17	25	57	43	58	50	109	31	27	26	32	94	33	11	16	18	14	27	14	125	12	79	222	40	128	15	34	6	208	4	114	36	55	34	15	17	3	13	27	90	11	18	176	127	156	10	252	242	57	12	4	24	149	2	13	5	4	3	84	60	47	73	96	33	13	23	139	3	4	20	66	99	25	582	11	86	22	46	64	7	37
hsa-miR-575	11	14	10	4	5	6	12	23	30	7	9	14	10	11	4	16	3	11	10	4	9	11	4	7	5	13	9	16	0	10	0	10	8	6	9	0	0	0	0	6	0	14	11	7	5	5	8	5	17	19	3	5	4	18	8	12	13	13	6	13	7	11	2	7	4	16	3	43	5	24	13	10	4	7	35	5	3	6	5	0	2	15	0	4	0	18	14	13	0	0	6	0	9	6	23	0	13	11	0	10	13	5	6
hsa-miR-576-3p	37	38	18	14	31	17	23	30	50	12	46	37	9	24	37	50	19	63	26	21	44	34	12	33	11	65	32	24	37	23	10	36	13	21	36	29	7	17	14	17	8	82	37	31	20	19	31	37	31	16	44	8	33	42	16	37	19	26	17	31	20	48	26	34	30	42	32	32	42	41	122	28	11	13	59	49	9	13	5	2	10	25	6	14	8	53	212	36	28	5	18	16	25	49	12	12	7	26	14	24	40	18	16
hsa-miR-576-5p	135	190	60	26	194	61	28	105	643	75	119	98	14	85	74	437	388	162	122	14	64	63	42	13	96	93	270	39	104	64	66	20	12	37	70	37	48	119	46	38	32	178	28	154	23	59	165	36	77	139	303	42	273	194	101	50	36	50	20	32	39	468	38	41	581	91	203	51	446	182	63	26	16	30	194	17	31	16	8	6	43	49	42	62	12	208	70	146	207	14	112	35	294	275	35	60	25	259	6	71	132	21	16
hsa-miR-578	13	15	0	1	6	14	4	33	9	6	13	25	5	3	3	4	0	1	1	3	3	5	6	2	5	12	3	12	0	0	4	8	2	11	6	5	3	8	4	6	9	15	19	5	6	5	3	7	10	4	3	3	4	15	7	7	8	12	5	11	12	14	14	2	8	13	5	17	6	26	56	12	13	2	6	9	0	0	0	0	0	10	3	5	1	41	45	10	0	0	0	13	0	13	11	0	0	11	13	7	17	8	18
hsa-miR-5787	15	8	3	6	7	21	25	17	36	13	56	29	15	11	18	13	4	13	4	12	5	2	2	20	4	25	5	41	26	36	6	15	12	31	17	21	9	16	7	21	20	41	38	16	13	15	14	18	26	17	15	21	7	31	22	17	20	16	17	34	31	6	7	11	4	70	11	122	5	39	38	22	12	5	16	12	6	9	5	6	1	36	5	5	1	42	42	48	15	7	10	32	18	24	21	8	36	12	11	21	57	19	24
hsa-miR-579-3p	15	16	2	0	7	6	8	4	91	12	13	14	5	4	10	9	2	9	8	8	9	4	5	6	3	44	4	8	16	10	5	10	8	13	14	10	8	8	2	3	12	26	13	10	2	12	6	15	15	13	12	15	17	27	10	16	11	16	14	19	16	12	9	15	18	20	6	29	10	41	36	16	8	3	11	11	4	0	0	2	3	25	5	5	4	33	29	29	26	9	7	7	8	14	20	8	25	19	15	9	13	14	20
hsa-miR-579-5p	7	4	4	3	10	2	12	20	17	4	10	7	4	12	3	15	6	10	5	4	12	7	1	4	9	5	3	6	0	6	4	6	15	4	12	2	1	7	8	4	5	8	8	10	15	7	11	6	4	7	15	9	3	11	6	24	14	5	5	4	7	7	1	7	15	13	4	16	8	4	4	5	3	3	0	0	0	2	3	0	0	0	0	0	0	11	11	11	12	8	7	5	11	0	10	10	9	21	11	10	17	6	8
hsa-miR-580-3p	7	12	6	9	17	0	0	20	7	6	10	10	6	9	11	18	13	20	18	2	15	5	2	6	0	12	8	0	0	10	0	0	0	0	19	8	3	2	7	4	2	9	16	12	7	5	9	10	11	9	8	6	10	13	7	8	9	11	6	9	13	15	9	4	9	8	13	112	13	17	10	7	0	2	0	0	0	0	0	0	0	0	0	1	0	12	0	0	9	4	9	3	11	11	12	6	6	0	6	0	0	0	8
hsa-miR-581	22	36	16	12	28	6	7	37	12	0	10	5	3	11	8	34	8	14	12	3	12	11	9	2	15	10	10	0	11	12	0	7	0	3	7	0	0	0	0	6	0	10	5	12	2	5	13	8	9	9	5	2	9	27	4	7	4	7	3	19	9	13	4	7	9	0	0	0	0	11	7	0	0	2	0	0	0	0	0	0	0	0	0	0	0	12	7	11	8	1	0	0	0	0	0	5	0	10	0	0	7	10	0
hsa-miR-582-3p	32	27	21	11	25	11	12	31	17	14	36	15	12	5	9	26	13	15	17	4	13	8	23	4	13	12	9	20	14	15	6	9	11	17	10	4	10	11	12	14	12	16	18	14	7	15	10	13	22	13	11	9	9	19	7	10	9	3	7	20	9	11	14	8	17	16	11	63	13	35	18	30	7	8	9	13	3	7	4	0	7	12	7	5	5	24	21	23	15	11	4	19	14	34	12	4	11	17	14	21	15	15	24
hsa-miR-582-5p	34	32	12	8	16	8	5	86	18	9	14	7	9	14	13	23	8	11	9	10	30	13	9	5	21	25	4	9	0	3	0	4	8	7	16	12	12	7	8	6	12	35	15	13	6	11	12	14	24	12	15	9	7	29	10	18	21	7	15	24	10	14	16	16	7	14	15	24	7	53	47	10	0	6	5	8	0	0	0	0	0	0	0	1	0	22	30	23	12	6	8	12	6	21	8	8	10	33	7	9	12	12	9
hsa-miR-584-3p	17	10	8	4	17	8	15	20	28	9	17	11	11	10	8	15	9	19	14	6	19	2	7	5	7	22	16	21	14	6	0	6	16	11	10	9	5	4	7	6	9	33	10	17	9	10	22	10	15	11	28	10	8	39	8	28	11	13	10	26	12	24	7	10	16	23	4	21	10	11	16	9	2	4	15	1	4	1	2	0	4	14	0	5	5	19	13	11	10	11	2	15	12	13	2	6	8	13	14	9	12	10	14
hsa-miR-584-5p	426	1258	434	344	8005	1426	1201	3914	6219	1293	3112	1621	635	1726	2144	14544	9169	13361	11537	275	4557	3324	2183	1958	2339	1313	5538	1016	5210	2010	2089	1185	692	2675	2143	675	1444	1113	1483	2450	737	7535	344	7682	3244	2484	11383	727	1187	716	10576	323	8679	6527	5042	3212	2021	1427	92	446	1305	16049	3067	1795	7867	7784	11424	172	19690	10573	3829	218	246	3324	12651	182	1801	182	146	230	2151	3444	2910	3278	551	2435	621	1274	11394	135	399	716	7191	15512	376	7908	264	1340	282	1867	4433	428	875
hsa-miR-587	0	0	2	0	0	10	4	22	23	5	7	8	4	5	12	1	2	2	4	10	0	0	0	12	0	6	3	1	0	0	0	0	0	0	3	0	0	0	0	1	0	6	6	2	2	4	8	11	0	21	21	13	3	13	22	10	11	9	12	18	10	11	9	19	46	15	0	0	0	0	0	0	0	0	0	0	0	0	0	0	0	0	0	0	0	10	0	0	0	0	0	0	0	0	0	0	0	3	0	0	2	2	0
hsa-miR-588	15	12	14	2	10	10	11	22	11	2	14	11	5	11	5	7	3	14	8	9	9	3	6	9	8	12	5	8	0	15	0	0	5	0	0	0	0	0	0	3	0	9	13	8	5	8	0	0	5	3	5	11	6	10	1	13	5	4	6	14	8	3	0	3	4	0	2	25	4	16	0	10	3	2	0	0	0	0	0	1	2	18	0	1	2	14	15	11	0	0	7	0	4	0	17	0	3	0	8	8	10	0	6
hsa-miR-589-3p	8	17	6	2	17	13	9	15	60	8	23	11	8	7	14	18	24	27	16	7	18	2	4	7	9	11	14	9	10	10	9	7	5	0	12	9	4	4	9	4	7	24	8	21	15	7	10	8	12	8	19	4	17	37	8	9	11	13	4	15	9	7	3	9	25	24	15	23	25	19	9	6	0	4	11	2	1	0	0	0	4	18	0	11	5	12	7	0	19	1	4	0	14	9	8	27	3	39	6	5	13	5	8
hsa-miR-589-5p	35	37	26	16	235	53	41	97	279	48	76	65	23	76	52	312	230	238	171	10	110	39	12	50	41	63	145	28	98	61	39	28	25	36	60	35	25	59	29	38	35	140	27	75	109	37	87	40	41	61	232	38	136	170	96	93	52	43	16	44	51	287	147	67	310	95	169	49	254	148	292	18	13	56	167	35	61	13	6	10	49	78	52	55	14	91	187	57	162	19	55	42	212	327	24	100	29	148	29	40	97	13	29
hsa-miR-590-3p	15	30	13	13	102	30	18	24	444	40	310	307	1	46	33	283	93	45	145	1	33	34	11	7	66	37	154	22	36	11	30	12	4	22	59	7	9	43	15	33	31	186	16	163	24	35	174	7	46	6	376	2	306	61	51	21	12	39	6	17	22	532	55	18	798	47	165	11	658	96	24	3	5	15	154	7	18	2	4	4	87	56	19	42	50	22	8	15	127	1	11	8	241	32	36	170	4	78	3	31	28	12	26
hsa-miR-591	11	38	3	2	6	5	6	27	6	8	16	12	5	4	10	11	6	12	9	8	15	7	3	9	5	32	4	8	0	11	5	3	5	0	9	10	1	5	6	6	12	25	14	5	1	9	2	6	11	4	1	11	7	15	13	11	9	5	7	11	8	11	14	7	3	7	3	22	0	15	58	13	7	7	22	21	2	5	1	4	0	0	6	1	0	17	64	21	12	8	11	10	3	0	7	3	19	0	33	11	25	15	5
hsa-miR-593-5p	22	21	12	4	13	33	35	25	28	11	23	29	26	15	16	7	8	20	12	25	12	11	11	22	15	40	9	38	26	29	20	19	30	30	22	18	8	7	12	11	27	50	37	13	14	35	25	23	20	26	20	22	8	81	21	48	42	27	20	45	36	20	12	32	24	87	16	52	8	91	67	58	18	8	16	19	11	14	10	2	3	56	13	9	11	48	54	51	31	14	24	39	15	31	33	11	32	14	21	27	69	24	29
hsa-miR-595	11	7	10	3	6	18	15	13	15	5	7	13	9	13	3	6	3	9	5	7	9	4	4	12	3	23	1	6	0	11	0	0	0	0	6	7	4	6	3	4	13	14	7	4	2	5	8	11	22	21	14	14	3	31	9	46	14	13	7	13	9	7	4	15	17	12	0	69	0	5	16	11	0	0	0	0	0	0	0	0	1	12	0	2	1	10	0	11	0	0	0	5	0	0	0	0	0	0	1	0	0	1	0
hsa-miR-596	23	17	15	5	25	49	47	27	73	40	72	45	10	14	20	11	13	29	17	16	19	3	8	14	36	130	10	15	19	20	10	6	5	20	15	21	9	13	18	22	16	48	26	11	20	20	9	23	35	40	37	58	9	28	17	62	49	36	35	62	39	14	16	33	16	37	11	61	2	22	31	13	4	5	0	0	3	5	1	3	5	26	5	2	5	23	26	25	13	10	9	7	6	6	28	13	15	22	11	14	29	19	13
hsa-miR-597-3p	15	6	0	1	6	11	8	19	11	2	8	0	6	10	1	13	3	12	4	6	5	3	5	4	0	10	7	0	0	15	0	6	6	0	9	0	0	0	0	6	0	7	4	10	8	7	0	0	5	2	10	4	4	12	6	10	7	3	4	10	7	10	2	8	7	0	12	17	8	13	28	4	9	0	10	5	0	0	0	0	0	0	4	3	0	17	17	10	12	10	7	0	5	13	0	8	10	0	0	9	0	2	0
hsa-miR-597-5p	22	22	6	15	13	17	17	23	73	8	26	23	8	11	11	10	8	34	658	8	22	4	8	5	24	15	14	16	25	11	3	14	10	6	18	14	7	11	5	8	15	28	10	8	12	17	12	12	27	16	27	22	14	26	23	33	26	20	26	29	16	24	19	20	14	20	9	31	4	13	10	6	8	4	9	7	1	4	2	1	2	18	9	3	2	13	12	18	9	10	12	13	2	26	16	3	10	17	17	14	17	12	9
hsa-miR-598-3p	63	93	46	15	196	53	48	93	303	68	178	155	33	71	49	315	234	157	121	6	75	57	21	10	62	94	207	41	75	43	43	28	28	24	78	67	19	45	36	51	40	202	27	70	32	43	88	55	80	63	328	29	275	203	78	75	38	44	23	58	49	520	208	74	506	76	93	51	259	154	197	36	17	38	114	81	29	11	15	4	40	75	19	62	21	81	93	95	85	24	51	23	185	155	33	67	20	210	40	44	76	35	37
hsa-miR-598-5p	31	21	9	6	8	20	12	20	27	10	27	10	17	10	13	21	14	18	18	14	15	7	4	8	6	28	13	23	18	13	10	8	13	20	15	10	9	8	10	4	12	24	16	5	9	12	10	15	19	16	11	12	5	47	17	25	10	12	13	20	17	14	8	8	8	17	9	94	5	30	23	19	0	5	0	0	0	3	8	0	3	13	3	5	4	31	26	28	6	7	11	19	11	12	27	13	28	30	27	16	11	16	23
hsa-miR-599	14	16	16	5	8	2	4	35	14	3	11	12	0	0	0	6	1	3	4	0	5	6	6	0	4	0	4	4	0	9	3	0	7	6	7	6	10	4	8	1	2	12	7	10	5	7	6	6	3	4	5	3	4	3	3	9	8	3	6	8	8	6	7	2	2	0	2	0	3	10	14	0	2	1	0	0	1	0	0	1	0	0	0	2	0	3	12	0	9	2	0	13	0	9	19	11	0	9	13	5	15	8	12
hsa-miR-601	22	28	13	9	10	12	24	43	16	12	26	16	18	25	15	14	7	8	12	17	19	9	10	10	8	22	9	28	87	32	11	24	10	27	28	20	15	13	7	10	28	46	29	14	6	17	27	21	31	39	23	23	15	43	30	70	48	20	29	41	32	35	34	56	26	65	7	49	4	52	30	24	53	3	12	15	4	9	6	2	2	56	7	7	10	46	35	27	21	14	26	38	5	29	22	21	59	13	17	26	54	18	16
hsa-miR-602	20	13	4	1	8	19	23	22	19	13	12	15	3	1	12	3	3	7	7	2	7	2	6	6	5	22	4	8	18	0	0	4	13	13	5	6	2	9	3	5	10	18	8	2	4	5	10	12	16	15	14	29	3	18	6	28	27	8	15	27	20	6	7	18	13	15	1	18	0	12	9	11	5	2	4	2	4	0	0	0	1	11	0	3	2	14	10	0	0	0	20	10	2	0	7	0	6	0	21	5	10	0	11
hsa-miR-604	8	4	4	2	1	7	7	15	26	4	15	4	10	2	4	4	2	6	5	5	9	5	1	4	3	12	3	7	14	13	0	5	0	0	1	0	0	0	0	6	0	9	7	3	1	7	5	13	8	6	5	9	7	15	4	10	10	7	7	11	6	3	3	11	8	13	3	34	2	0	16	2	0	0	0	0	1	0	0	1	2	17	0	1	2	12	0	0	0	0	9	0	1	6	0	0	20	0	0	0	0	10	3
hsa-miR-605-5p	11	13	1	0	9	12	19	13	26	12	25	12	7	7	7	20	3	10	6	11	10	5	4	17	8	23	4	10	30	14	0	3	7	10	10	6	10	5	7	9	4	29	7	18	9	7	4	7	12	9	11	9	7	58	11	21	17	19	8	16	13	30	5	14	7	13	7	78	8	29	27	9	7	12	11	9	3	1	6	0	3	25	10	6	3	23	14	12	0	0	7	16	14	7	19	0	5	4	8	13	21	6	10
hsa-miR-606	33	34	12	9	8	11	12	36	24	3	20	24	15	9	21	8	6	10	9	23	25	14	5	17	16	31	5	11	17	19	9	10	26	10	13	13	8	8	14	6	14	24	29	20	6	15	15	18	17	15	9	19	7	34	15	33	21	13	11	26	14	6	6	17	12	8	0	16	1	8	15	6	3	9	1	12	5	0	1	0	2	26	0	2	6	55	56	20	5	14	14	6	8	14	13	8	17	8	17	17	27	10	10
hsa-miR-6068	36	26	8	5	18	28	40	49	73	17	37	32	16	16	9	15	6	20	19	9	17	11	2	9	24	29	13	15	23	20	8	15	11	19	15	13	3	14	2	17	3	42	20	13	11	19	19	18	27	23	25	34	14	26	11	48	28	21	30	42	28	29	17	38	16	32	8	111	6	16	43	17	8	7	21	13	10	12	15	18	4	30	9	4	4	37	107	38	18	12	15	43	13	15	17	1	15	11	28	14	26	19	10
hsa-miR-6070	31	19	12	8	4	12	58	31	61	7	14	14	8	7	11	16	11	11	6	3	14	10	5	6	7	17	8	4	0	10	0	5	7	14	8	10	9	4	1	9	9	37	9	3	12	11	8	7	18	14	18	16	4	16	14	15	22	7	4	12	6	9	11	9	11	10	0	91	3	21	12	2	6	4	0	0	5	5	2	0	1	14	0	1	2	20	22	14	0	0	6	11	6	7	0	0	11	8	7	9	20	3	6
hsa-miR-6072	12	10	3	8	11	11	40	21	64	7	22	13	9	5	5	9	3	3	8	6	4	1	2	13	1	15	4	9	0	19	0	0	8	14	9	0	0	0	0	8	0	28	30	9	10	16	4	9	25	40	23	18	6	30	13	22	33	14	14	29	17	5	5	9	13	8	1	16	1	2	16	1	3	3	16	8	1	0	0	0	1	19	0	3	0	12	22	13	0	0	11	6	2	11	27	0	8	12	24	3	16	17	13
hsa-miR-6074	13	9	7	3	8	9	10	19	10	7	17	11	9	5	13	6	2	8	1	11	8	2	4	2	8	15	4	8	45	18	7	3	5	0	5	6	1	5	5	7	8	22	17	5	4	9	5	6	11	11	11	1	5	17	15	19	19	20	8	18	10	9	7	23	17	20	3	25	1	19	15	8	7	3	0	0	0	0	0	0	3	10	0	2	6	16	8	8	0	0	10	11	7	17	20	0	26	7	20	11	22	7	14
hsa-miR-6075	24	5	5	3	9	37	71	13	61	19	39	34	18	5	19	10	2	9	5	25	10	0	7	20	3	61	7	55	71	54	14	9	8	26	28	17	3	10	11	4	18	53	46	57	26	38	25	46	52	65	51	48	11	76	73	76	116	31	33	74	54	56	23	44	51	61	25	82	3	46	46	34	27	5	29	23	5	5	10	3	5	73	13	11	6	44	45	32	21	5	30	56	7	23	34	19	25	16	27	30	96	37	42
hsa-miR-6076	11	10	1	0	7	11	8	11	8	5	13	9	7	6	5	8	2	10	8	3	12	4	4	3	4	8	8	10	0	16	0	3	13	0	0	0	0	0	0	8	0	10	9	8	4	7	5	6	13	7	20	14	15	18	15	13	12	8	4	30	16	10	6	8	4	15	5	63	2	15	22	3	7	4	0	0	0	0	0	2	0	11	0	5	2	13	22	21	15	8	13	0	3	10	18	3	3	7	0	13	20	8	9
hsa-miR-6077	11	25	42	2	65	6	43	30	21	5	15	12	6	6	6	48	7	63	19	3	31	11	9	9	56	13	11	7	0	0	0	0	0	0	11	0	0	0	0	4	0	17	4	6	3	3	6	6	11	12	6	7	8	14	9	25	16	4	3	25	8	3	5	8	8	16	0	28	2	7	12	3	0	0	0	0	0	0	0	0	0	0	0	1	0	17	18	13	0	0	0	0	0	0	0	0	0	0	0	0	7	0	0
hsa-miR-6078	13	7	7	4	11	194	524	28	216	116	190	227	51	6	46	12	2	7	7	56	22	11	9	79	8	77	5	21	31	19	14	7	8	10	150	97	7	17	11	4	25	243	69	51	91	131	163	158	236	365	358	286	114	326	517	376	512	245	216	310	323	307	444	659	503	45	15	68	5	42	50	18	24	9	22	17	4	7	4	2	2	24	5	6	11	38	35	24	24	13	15	0	14	18	17	8	10	11	18	25	34	0	17
hsa-miR-6079	30	28	8	7	14	67	133	15	93	27	43	38	15	13	37	9	9	11	13	42	16	3	9	29	7	48	6	17	12	10	0	2	5	5	39	37	8	1	6	9	3	72	27	17	33	52	41	58	72	109	78	50	32	60	66	69	91	34	45	56	41	30	32	66	107	11	2	45	1	14	20	8	5	10	4	7	4	7	2	1	3	13	0	4	2	17	13	16	0	0	17	9	4	9	11	0	29	11	0	15	11	7	13
hsa-miR-608	24	21	8	5	19	25	36	30	47	13	21	16	12	11	17	10	6	27	10	7	26	6	9	12	4	13	10	10	13	22	9	16	14	8	19	5	9	6	13	10	11	22	21	13	11	8	31	22	11	16	12	9	8	33	14	15	14	15	9	27	20	11	8	10	15	42	6	32	6	23	11	10	9	2	8	5	3	2	5	1	1	48	2	4	1	26	19	13	15	10	14	12	5	14	0	14	19	12	15	20	19	6	5
hsa-miR-6080	7	17	8	2	11	12	19	14	30	9	16	7	7	6	2	14	4	13	3	5	6	3	4	8	6	17	4	12	27	0	0	2	5	0	0	15	5	6	4	6	7	19	10	5	4	12	6	6	11	7	9	12	8	22	5	15	16	8	10	16	13	7	9	23	7	16	6	30	2	13	10	3	8	3	0	0	0	0	0	1	0	11	0	1	4	16	14	20	10	3	7	0	5	11	0	4	4	0	0	12	14	0	0
hsa-miR-6081	13	12	3	1	15	54	71	13	120	23	53	51	29	14	31	47	29	26	23	18	18	4	6	15	17	33	7	36	74	42	11	18	12	19	27	34	8	14	13	13	16	69	40	35	67	25	38	17	48	31	42	28	21	64	32	56	42	47	25	67	63	56	21	28	56	67	26	83	35	46	77	30	15	9	27	26	10	9	5	5	8	42	18	10	6	60	71	47	27	13	26	34	27	45	38	35	43	41	22	39	49	25	33
hsa-miR-6082	35	14	8	5	19	4	12	62	136	14	16	11	5	10	10	12	4	20	2	7	18	3	2	4	13	25	7	9	0	10	0	1	8	0	11	15	7	5	6	4	2	37	34	10	4	11	5	20	15	15	6	15	10	19	10	16	17	7	4	19	6	8	11	3	5	18	4	21	2	19	17	8	11	0	0	0	3	0	0	0	0	0	0	2	0	27	16	0	0	0	15	14	1	16	15	0	2	3	3	6	3	5	4
hsa-miR-6083	7	38	3	5	7	11	10	22	33	3	5	16	2	4	9	11	2	10	8	6	10	0	2	3	4	18	4	16	21	19	0	6	13	15	14	11	3	8	2	2	11	26	8	14	4	8	3	16	10	6	11	14	5	28	9	20	13	9	4	18	12	7	2	12	8	17	4	31	7	40	25	7	6	4	0	0	2	0	1	2	4	11	0	3	6	23	16	16	10	4	12	0	7	12	9	2	3	3	3	8	25	13	5
hsa-miR-6084	19	11	7	1	3	64	148	15	76	33	53	53	6	7	16	11	2	12	9	10	13	4	4	13	6	22	11	11	26	10	0	4	5	12	62	45	4	8	3	7	9	105	72	32	41	72	61	66	117	273	124	152	35	214	108	151	341	65	83	111	116	58	22	70	145	21	5	100	2	12	20	6	11	6	5	2	5	0	0	2	1	11	0	5	7	31	18	21	0	0	8	12	5	10	16	0	6	2	0	10	15	13	10
hsa-miR-6085	5	12	11	3	8	17	7	14	20	4	13	8	6	5	6	8	0	7	11	6	11	2	3	14	7	15	5	16	13	18	6	6	9	11	7	0	0	0	0	6	0	15	7	10	7	1	13	4	13	5	4	12	4	19	9	17	18	10	5	15	5	6	0	10	7	19	0	59	6	15	17	6	8	3	0	0	6	0	0	5	1	17	5	3	7	16	15	18	11	2	5	0	7	7	16	7	24	11	17	12	17	7	14
hsa-miR-6087	7	3	8	5	10	37	29	13	63	26	78	19	19	11	9	5	4	16	4	21	5	4	3	23	19	69	3	13	19	12	10	3	10	13	19	15	3	6	10	26	19	30	18	16	23	15	5	20	22	5	6	14	7	210	8	27	22	12	4	30	13	5	12	8	8	17	8	48	2	21	54	9	10	11	7	4	3	1	1	2	3	22	8	2	2	25	96	17	7	5	16	13	2	19	27	15	31	5	9	8	24	5	10
hsa-miR-6088	5	7	3	0	13	23	16	25	31	16	29	24	7	4	6	10	2	13	21	13	12	2	3	25	11	44	1	20	27	30	13	16	12	18	48	40	4	10	6	6	17	97	24	20	20	12	16	25	37	5	27	15	9	30	16	15	21	16	23	25	33	20	36	13	19	28	40	30	17	58	316	11	6	15	16	58	6	8	1	4	3	31	7	12	5	24	73	41	8	11	3	23	7	18	40	20	43	13	61	19	29	16	26
hsa-miR-6089	6	5	0	3	11	20	27	10	29	23	35	15	6	5	6	3	5	4	5	7	5	2	1	5	10	24	3	0	51	0	11	5	0	2	17	13	3	5	15	12	13	33	3	5	6	6	14	16	13	19	22	24	3	20	6	6	18	5	14	15	24	3	14	16	23	19	0	21	2	7	10	1	3	3	0	0	3	0	0	0	1	8	0	0	14	17	10	13	0	0	3	0	3	5	13	0	18	12	7	0	10	0	0
hsa-miR-609	25	26	4	12	16	4	4	29	10	7	12	5	2	11	10	10	5	17	8	8	11	6	9	6	12	11	12	0	16	22	0	0	7	0	7	0	0	0	0	5	0	13	12	6	5	2	1	9	7	9	8	5	4	12	4	8	17	8	7	11	11	4	2	8	6	9	0	18	1	0	6	6	8	9	0	0	0	0	0	1	0	24	2	5	5	13	0	0	0	0	2	0	2	0	18	0	14	14	0	11	18	10	0
hsa-miR-6090	29	23	9	4	25	17	23	39	19	5	13	14	7	18	5	19	10	16	16	13	16	8	0	12	12	20	10	13	0	4	6	15	13	0	26	12	5	6	8	3	7	33	16	12	10	8	8	11	17	5	7	15	5	17	9	17	11	7	17	27	12	4	6	13	5	19	3	58	7	15	17	13	9	11	0	0	5	0	0	2	1	31	4	8	14	14	18	24	14	1	14	15	8	8	25	10	11	7	11	10	14	13	15
hsa-miR-610	44	32	0	3	8	4	5	42	15	9	9	0	4	19	5	30	15	28	11	4	17	8	2	9	5	9	9	0	0	9	0	0	10	0	6	0	0	0	0	2	0	11	2	5	7	1	16	3	5	5	5	2	3	6	4	4	1	5	4	0	0	7	1	0	4	0	0	19	8	16	0	2	1	0	12	2	1	0	0	1	0	0	0	0	0	0	0	0	11	2	1	0	7	10	0	6	1	16	4	2	0	0	0
hsa-miR-611	16	11	6	5	1	21	21	8	14	10	10	26	1	8	2	6	2	11	3	9	15	1	7	5	7	21	9	11	0	5	0	3	0	0	8	10	3	3	6	6	9	19	9	13	11	10	16	16	15	31	27	44	10	58	27	60	46	14	18	42	30	15	19	44	45	5	0	17	0	0	6	9	0	0	0	0	0	0	0	0	0	0	0	1	0	11	12	10	0	0	0	0	0	0	0	0	0	0	0	0	0	11	0
hsa-miR-612	11	7	7	3	7	13	14	18	16	5	11	18	7	6	7	8	1	7	8	3	14	1	1	11	1	10	4	13	0	6	0	0	0	0	9	0	0	0	0	8	0	13	15	7	6	6	8	4	10	8	8	8	2	11	12	19	17	11	7	10	11	13	6	6	3	12	0	61	3	17	12	10	10	3	0	0	2	4	3	1	1	11	0	2	2	20	11	11	0	0	8	11	2	9	0	0	17	0	0	0	14	3	5
hsa-miR-6124	74	49	26	10	45	14	21	103	42	24	34	23	18	52	16	43	12	63	26	20	46	17	11	16	35	64	26	28	33	15	16	10	7	32	21	16	12	7	13	12	15	53	27	14	20	13	13	17	33	17	25	16	14	37	13	42	33	23	20	33	24	18	23	27	31	37	12	154	10	51	40	17	12	12	44	6	4	4	7	2	4	39	0	5	10	64	14	35	22	12	28	13	8	15	30	13	21	14	39	13	28	21	18
hsa-miR-6125	22	19	10	4	19	36	30	28	56	20	40	26	15	20	12	12	8	20	15	20	11	2	7	10	18	62	10	24	13	14	7	11	16	3	23	11	4	9	16	14	15	34	21	18	18	11	16	17	18	14	25	30	13	41	19	41	24	17	19	28	24	17	13	13	18	26	9	221	4	32	31	22	6	16	7	17	4	6	10	5	6	33	6	5	1	25	49	38	10	7	21	21	10	15	18	16	22	18	7	24	34	14	16
hsa-miR-6126	27	12	28	8	102	136	229	58	909	82	385	197	24	96	51	191	175	262	161	26	81	56	14	39	70	130	41	46	102	85	31	23	30	34	98	60	19	24	27	102	78	198	43	88	117	67	95	55	143	60	87	92	61	63	51	109	72	101	256	247	241	176	58	82	143	73	99	106	225	111	38	28	41	34	103	22	24	14	10	13	24	113	22	42	25	75	75	91	77	22	35	30	80	123	58	33	58	101	35	36	54	28	33
hsa-miR-6127	10	17	8	7	8	47	98	11	36	25	47	47	13	6	12	10	5	6	4	2	7	4	2	8	4	11	4	6	0	10	0	5	9	11	16	20	10	4	8	7	9	23	27	14	23	18	34	19	45	72	43	58	6	157	15	25	35	27	30	45	33	3	2	12	40	23	0	38	2	15	8	11	0	1	17	2	0	0	0	0	0	0	0	0	0	11	14	11	8	2	4	18	5	0	13	10	10	0	10	11	7	17	0
hsa-miR-6128	48	28	14	0	5	12	9	49	20	14	36	25	14	7	13	8	7	18	12	10	15	8	0	5	11	22	8	11	32	10	13	0	1	9	9	6	6	6	4	19	14	18	15	16	4	5	8	4	15	8	4	8	5	11	12	16	3	3	15	12	4	14	4	14	3	28	0	18	5	28	10	11	5	0	2	4	2	0	0	2	1	22	0	2	2	17	16	0	8	7	8	21	8	0	16	13	29	15	7	7	9	15	15
hsa-miR-6129	11	11	5	1	9	7	8	20	74	9	14	9	0	0	0	6	5	14	9	0	6	7	5	0	7	0	6	13	13	12	0	8	9	19	7	8	7	9	5	6	13	15	13	11	4	2	15	9	5	4	4	7	8	15	8	10	7	7	6	14	10	4	4	2	3	12	5	27	0	22	20	12	0	1	0	0	0	0	0	0	0	0	0	0	0	17	7	0	4	6	0	12	0	5	13	10	0	0	10	13	14	6	12
hsa-miR-613	20	16	6	1	6	4	1	33	9	5	0	8	4	9	0	15	3	11	4	4	17	8	1	1	8	12	7	10	16	0	0	0	4	0	5	0	0	0	0	3	0	6	13	2	3	4	6	12	5	5	2	1	6	21	6	5	5	8	5	4	7	8	4	5	8	0	0	15	0	10	10	0	4	0	0	0	1	0	0	0	0	19	0	1	0	0	0	15	0	0	9	0	4	6	0	0	15	0	7	6	10	10	0
hsa-miR-6130	16	20	4	3	17	7	4	10	23	15	23	25	6	5	14	20	2	22	8	11	18	35	12	5	10	18	22	13	14	11	14	12	7	0	14	5	12	11	7	20	6	19	15	34	6	11	32	17	11	1	14	6	9	18	7	17	8	14	3	14	2	15	11	5	20	22	20	28	39	48	31	18	0	0	8	5	0	0	0	0	6	22	0	4	3	18	5	16	15	4	0	4	0	11	13	16	0	2	2	11	16	8	8
hsa-miR-6131	16	10	7	2	4	20	19	16	38	20	80	21	22	3	13	5	5	15	3	4	13	7	2	10	20	40	6	14	13	16	14	11	13	36	14	13	11	8	7	35	28	31	14	13	11	14	15	11	27	7	9	21	9	47	7	10	7	11	10	19	14	12	3	14	4	30	9	22	5	14	23	23	9	7	3	12	3	5	5	5	3	14	9	6	5	47	36	33	16	6	6	18	5	17	7	4	12	0	22	20	27	17	10
hsa-miR-6132	30	20	5	5	14	7	18	23	53	2	17	10	11	9	9	14	7	19	6	4	7	0	3	10	12	21	3	16	12	0	0	5	10	11	14	0	0	0	0	6	0	22	6	4	4	10	5	10	10	4	6	11	5	8	6	163	2	5	16	8	6	11	3	2	7	24	1	31	0	31	15	4	0	4	4	10	0	0	0	0	2	12	1	0	1	22	29	12	0	0	2	8	4	10	4	0	2	9	6	8	9	0	11
hsa-miR-6133	16	18	11	3	6	14	15	17	25	8	21	22	10	11	19	13	3	10	14	9	5	5	6	11	3	22	8	15	11	13	0	8	7	22	12	0	0	0	0	7	0	27	17	11	6	13	20	24	27	31	11	24	12	64	25	22	25	12	13	20	13	10	15	30	33	36	8	61	10	35	35	30	1	2	10	7	1	2	1	3	2	12	0	4	5	23	24	25	0	0	12	15	5	16	26	0	6	17	12	12	20	10	10
hsa-miR-6134	16	23	7	5	12	12	17	30	14	27	18	35	27	11	17	16	10	23	7	6	15	27	23	16	9	11	9	13	16	17	27	15	10	26	17	18	26	30	6	5	10	42	11	38	16	10	28	8	18	16	20	17	7	30	15	21	14	17	8	18	15	16	17	27	27	23	18	116	14	53	27	13	0	2	11	5	0	0	0	0	4	27	9	0	0	26	10	15	14	4	8	18	28	10	9	28	4	12	14	24	37	2	12
hsa-miR-614	20	12	0	0	7	19	19	7	30	4	13	9	9	3	8	13	2	6	14	9	6	4	1	4	11	18	3	9	23	9	13	8	8	10	12	7	4	1	0	10	4	21	14	10	2	7	9	13	12	12	12	15	2	20	14	24	14	9	15	32	17	6	10	11	7	9	9	44	4	14	9	4	6	0	6	10	2	0	0	1	3	15	0	5	2	19	42	18	0	0	16	8	5	9	20	0	10	10	7	21	23	20	17
hsa-miR-615-3p	11	4	2	4	5	10	18	10	22	4	20	18	41	13	4	12	5	14	6	6	6	1	2	3	9	15	6	3	11	16	0	4	7	0	12	11	3	3	5	7	7	27	15	4	16	12	14	8	20	10	14	34	7	39	20	23	13	11	13	19	13	18	8	16	22	19	6	32	4	23	19	2	2	5	0	0	1	0	0	1	2	16	0	0	3	16	17	10	11	4	11	9	9	10	15	10	9	12	9	13	11	13	5
hsa-miR-615-5p	19	10	4	4	12	18	36	11	27	6	22	38	14	35	7	3	8	13	6	7	11	5	5	5	5	21	11	8	13	5	2	2	3	3	24	20	2	8	4	8	14	36	21	6	13	22	14	29	34	42	27	71	3	62	23	38	64	25	26	44	32	20	16	26	16	45	0	63	0	7	23	4	10	2	0	0	0	5	3	2	2	12	0	3	1	17	19	21	11	3	16	19	7	9	18	2	8	10	10	17	19	13	8
hsa-miR-616-3p	20	19	17	10	20	12	13	35	23	11	19	17	9	8	11	35	15	26	13	14	17	9	3	4	9	21	14	12	39	14	15	9	12	33	15	13	7	6	8	5	9	30	18	20	17	13	24	11	15	12	22	7	15	47	17	19	14	20	14	26	17	25	12	18	12	35	25	41	21	39	94	7	9	5	16	13	4	4	3	0	11	40	9	8	3	38	23	25	34	9	22	15	16	15	20	13	12	18	17	15	34	9	8
hsa-miR-616-5p	14	18	6	5	5	14	39	34	520	10	27	23	4	8	11	8	7	17	11	12	5	1	2	16	6	27	11	14	30	19	16	6	6	15	12	10	5	13	8	2	12	31	18	8	5	6	8	19	20	28	21	7	8	27	12	24	33	8	14	26	14	14	8	11	6	13	7	24	10	18	88	9	1	3	15	13	1	4	6	4	0	20	11	3	4	20	43	23	0	0	9	19	8	14	11	0	6	9	13	17	14	11	23
hsa-miR-6165	16	6	7	0	3	10	9	12	14	3	0	7	3	4	10	0	0	0	0	2	9	0	0	5	2	8	0	5	0	0	0	0	3	0	0	0	0	0	0	5	0	8	8	2	8	4	1	4	5	20	4	11	3	88	6	9	9	3	7	14	7	10	2	17	3	11	0	47	1	17	12	1	1	4	0	0	1	0	3	0	0	0	0	0	0	12	10	0	0	0	0	0	0	0	6	0	0	12	0	3	10	5	5
hsa-miR-617	10	5	6	4	6	5	12	17	12	6	17	3	2	6	11	7	3	4	5	8	9	6	2	6	4	37	6	5	14	18	2	7	4	0	7	0	0	0	0	5	0	23	11	10	2	6	7	11	11	12	9	5	11	4	7	16	9	15	6	14	13	12	4	9	4	16	7	21	3	23	55	4	3	2	9	10	2	0	0	1	2	13	0	0	0	12	32	10	0	0	10	0	3	7	3	0	2	6	16	9	16	13	6
hsa-miR-618	18	28	21	11	24	122	17	36	51	13	37	36	15	16	20	33	7	17	9	12	23	14	6	10	11	50	16	52	236	40	26	15	20	16	30	33	14	19	12	11	120	68	26	14	16	14	23	20	19	17	24	18	15	57	54	83	21	47	18	61	40	60	66	111	64	289	29	81	31	120	136	29	13	22	55	37	6	6	3	6	4	60	17	21	17	75	75	43	32	12	17	21	24	47	30	25	19	38	28	32	42	22	45
hsa-miR-619-3p	16	12	10	6	7	18	34	28	28	16	43	24	12	4	14	15	8	18	8	20	7	5	1	16	8	25	6	12	13	22	11	14	6	8	24	18	2	10	11	2	5	35	26	16	9	9	17	21	27	55	29	31	9	42	29	32	36	52	82	88	66	19	10	33	31	16	6	33	6	17	28	12	21	2	7	10	3	5	5	8	3	10	0	5	3	16	20	10	14	7	7	20	11	21	20	8	23	13	3	17	30	22	15
hsa-miR-621	7	3	2	1	9	158	200	7	153	63	110	118	17	3	41	2	1	1	2	46	5	0	4	50	0	34	1	0	0	0	0	3	0	0	144	94	6	1	6	0	11	184	55	36	75	122	163	122	230	350	312	289	107	234	295	254	386	118	191	247	190	121	145	373	619	12	5	23	1	8	13	7	9	10	6	7	8	0	0	1	0	0	0	0	0	4	10	0	0	0	0	0	0	10	0	0	0	0	16	0	0	0	12
hsa-miR-622	8	18	5	4	1	9	22	14	17	6	9	14	2	4	6	7	1	6	8	5	10	4	4	11	3	14	3	7	11	16	3	4	3	0	14	11	8	4	7	4	8	36	12	6	7	6	6	9	13	31	11	13	8	20	23	25	37	23	29	39	25	10	9	16	24	13	2	22	3	16	31	15	5	2	0	0	2	0	0	1	0	0	1	2	0	15	21	10	3	1	0	7	0	24	0	2	0	2	2	11	8	0	0
hsa-miR-623	13	13	19	5	8	154	212	28	94	41	74	90	18	15	20	9	2	15	6	6	19	4	12	29	9	31	9	11	39	26	15	6	8	27	91	81	14	8	6	7	24	149	85	24	32	94	59	98	139	68	58	88	17	55	69	70	97	51	45	39	47	19	18	80	41	46	11	38	4	37	33	24	10	2	7	12	12	10	3	2	1	24	9	7	6	23	17	28	18	9	10	22	11	14	15	5	24	7	3	25	38	17	17
hsa-miR-624-3p	21	32	7	12	16	6	7	58	17	9	17	9	15	16	6	10	11	9	7	2	16	3	3	5	4	9	9	2	24	0	0	0	13	0	8	5	4	12	9	3	5	23	10	5	3	2	0	0	8	18	4	9	4	17	7	15	5	11	7	6	12	0	1	1	6	6	2	35	1	12	7	6	0	1	0	0	0	0	0	0	3	17	0	2	1	8	0	0	0	0	9	0	2	5	13	0	8	3	12	10	13	10	0
hsa-miR-624-5p	10	17	6	1	3	11	16	11	28	10	16	5	0	0	0	6	8	5	4	0	6	9	1	0	5	0	7	0	12	0	0	0	10	0	19	0	0	0	0	5	0	17	7	14	6	6	16	6	22	21	29	20	5	27	13	6	23	10	10	18	15	13	7	16	31	12	0	11	5	16	0	6	0	2	11	3	0	0	0	0	1	13	0	0	4	12	12	0	0	0	0	11	0	14	5	0	0	25	0	6	11	0	7
hsa-miR-625-3p	255	190	230	512	2912	617	892	1147	2535	621	1737	458	155	301	410	4058	2398	1475	2567	69	909	1298	533	433	1348	574	1014	386	1588	1239	416	321	357	222	663	314	371	355	235	1139	486	1565	177	2731	277	441	1118	254	1446	319	1575	105	3530	755	483	311	241	613	122	427	268	3589	1875	1027	3835	590	998	163	1236	2381	425	147	75	1250	1138	44	105	47	31	31	322	710	616	906	183	634	159	689	3069	52	210	976	4975	4495	296	2898	218	425	354	447	809	208	280
hsa-miR-625-5p	50	55	76	25	930	131	122	189	1078	118	209	207	33	155	153	2796	915	882	1859	26	274	176	52	189	293	236	440	223	602	367	148	106	171	128	232	49	130	112	96	183	103	472	42	1506	564	193	1055	71	145	65	1529	44	1391	230	142	104	72	157	14	152	62	1108	546	305	1671	390	959	33	1204	1277	146	16	36	480	671	16	56	13	11	17	236	411	337	376	166	155	19	130	1287	13	48	89	1980	1260	113	3980	38	349	64	199	241	106	226
hsa-miR-626	21	31	21	12	5	33	36	36	85	25	75	60	51	14	31	19	2	18	13	27	46	24	5	60	20	93	15	36	32	30	17	22	33	12	54	47	20	18	18	17	28	99	59	39	13	14	15	51	43	33	33	22	27	79	44	73	61	49	42	74	75	42	52	29	23	53	15	113	16	55	135	30	18	19	12	44	5	8	7	6	8	42	12	11	6	57	301	47	29	23	20	33	13	40	45	11	37	23	42	20	51	35	26
hsa-miR-627-3p	16	13	4	3	7	17	30	19	18	20	21	29	34	8	21	5	5	4	5	12	6	4	5	13	4	8	5	32	37	47	12	13	20	6	16	12	4	11	16	7	18	19	33	15	6	21	14	9	12	18	23	13	9	32	15	44	20	15	9	38	21	24	6	20	7	36	6	48	4	13	31	24	21	19	10	17	4	12	9	1	1	69	14	7	5	49	67	48	31	23	40	27	13	32	44	16	22	36	50	43	55	41	26
hsa-miR-627-5p	11	10	5	3	17	14	21	55	35	7	17	15	4	24	9	21	11	39	15	6	8	8	3	8	13	19	21	6	19	12	10	6	0	0	18	8	5	5	5	14	3	31	14	12	12	7	21	12	16	16	21	6	16	21	21	6	15	10	1	8	10	19	6	14	14	14	11	11	22	17	9	5	0	13	12	3	0	0	0	0	5	11	3	6	25	23	5	11	26	4	3	6	21	10	19	23	2	28	0	0	9	7	0
hsa-miR-628-3p	55	93	44	52	329	149	87	230	512	106	194	118	48	115	279	958	414	672	519	41	335	252	173	120	164	110	484	108	495	156	198	152	109	303	126	54	88	141	118	203	72	493	67	562	187	253	1151	110	145	71	562	83	453	477	350	249	168	185	42	124	118	338	116	116	622	494	629	90	2885	1245	246	27	36	160	558	33	51	23	17	21	159	411	151	207	57	238	69	105	540	16	20	78	561	487	93	1173	47	305	44	174	338	37	111
hsa-miR-628-5p	10	14	17	18	180	20	36	53	336	25	119	72	5	58	54	531	198	135	238	3	65	71	23	17	60	31	253	18	65	20	22	12	11	28	67	13	20	31	10	36	23	192	6	138	73	32	232	25	29	6	239	6	230	56	53	26	14	32	4	14	16	440	26	15	444	117	334	6	1238	301	44	8	6	33	274	5	26	3	4	6	67	82	40	71	12	47	15	10	198	3	6	13	228	51	9	74	6	51	6	17	52	15	22
hsa-miR-629-3p	20	12	11	5	38	26	19	17	45	17	14	37	25	9	24	44	12	48	18	18	36	24	17	25	13	24	17	31	65	36	21	16	27	43	25	18	18	26	24	24	26	53	32	22	21	19	30	22	26	8	21	19	26	42	16	31	13	27	12	19	28	57	13	37	16	61	32	33	32	84	39	17	7	14	35	7	14	9	7	6	6	85	17	16	12	28	32	24	33	9	14	26	25	73	32	57	40	40	38	49	38	26	31
hsa-miR-629-5p	420	169	148	39	1287	273	238	413	681	329	285	210	181	479	294	1878	662	1816	584	113	589	360	227	343	329	311	872	296	1114	300	371	292	288	534	341	160	186	392	212	524	229	758	211	508	606	370	990	146	246	164	673	133	713	606	487	546	231	229	51	112	188	1237	253	338	738	1153	1218	95	1873	2082	668	238	103	329	1026	43	221	81	56	36	269	700	283	413	97	584	248	216	1000	80	158	214	887	1446	406	1163	265	907	378	576	742	178	230
hsa-miR-631	7	23	4	2	14	11	19	22	16	5	16	16	18	6	13	8	7	13	9	8	21	1	0	7	2	20	4	17	88	25	10	12	9	14	17	8	6	10	6	7	10	31	23	10	4	12	12	13	20	17	8	15	6	21	10	13	9	19	19	37	20	13	7	16	7	81	4	99	6	28	18	7	6	5	3	11	1	0	0	0	2	31	7	7	12	54	37	30	11	5	13	10	7	17	0	2	12	6	4	19	14	15	16
hsa-miR-634	19	6	0	2	6	4	11	23	17	5	7	4	4	6	3	7	3	9	4	5	9	5	2	7	9	8	6	14	10	10	0	3	16	0	9	0	0	0	0	5	0	16	6	8	7	6	3	9	13	6	5	2	12	19	5	12	5	11	7	10	9	2	1	10	1	17	5	32	1	18	8	13	8	2	0	0	1	0	0	1	3	10	6	4	5	12	12	14	0	0	9	0	4	11	4	0	6	10	10	12	12	9	7
hsa-miR-635	29	27	23	20	11	17	28	43	35	18	28	24	14	8	24	16	10	18	18	12	20	6	14	27	11	38	9	18	27	28	15	23	23	22	16	18	8	15	16	17	17	47	51	17	21	15	4	12	22	20	15	15	9	28	28	28	31	17	28	24	15	10	7	5	9	23	6	43	3	30	26	32	18	15	8	9	2	5	2	1	4	41	9	10	6	45	23	24	24	22	30	32	23	27	32	13	13	28	29	39	37	27	27
hsa-miR-636	28	14	4	1	7	20	45	38	33	14	27	17	10	17	14	16	9	24	16	13	14	3	6	16	9	24	11	23	23	25	32	13	19	16	32	23	15	32	23	11	12	58	31	23	17	14	19	12	23	13	10	30	5	38	14	28	28	13	15	28	24	15	11	27	13	25	21	41	6	29	17	33	12	7	19	12	1	4	7	1	3	20	7	6	5	50	33	67	22	17	19	13	14	27	34	19	38	18	17	13	30	11	13
hsa-miR-637	16	21	5	0	12	22	18	70	119	17	40	27	12	22	14	12	8	20	6	7	12	6	4	9	14	36	4	7	16	8	2	11	5	0	35	30	4	8	6	6	8	55	24	12	7	18	24	29	31	25	34	23	11	28	16	29	27	32	31	32	29	21	33	19	24	20	7	70	2	20	27	13	1	4	9	12	2	0	0	4	3	18	1	0	2	22	30	27	0	0	12	2	3	12	12	0	8	11	16	12	15	16	8
hsa-miR-638	26	25	25	5	21	47	70	54	41	23	33	37	28	15	18	7	13	20	17	27	23	12	9	25	13	44	12	40	39	40	17	18	17	29	79	52	23	22	18	8	17	103	44	30	17	28	30	37	61	39	41	58	12	992	47	71	64	26	31	100	50	23	31	34	39	58	8	115	9	36	45	45	22	22	23	25	6	13	8	4	10	56	14	9	3	66	66	68	25	21	24	35	15	15	62	22	39	16	35	32	47	49	32
hsa-miR-640	8	11	2	0	4	6	8	7	13	1	14	15	2	3	9	3	0	6	3	5	7	1	2	2	3	16	1	4	0	7	0	5	3	0	11	6	0	10	0	2	8	8	8	7	5	7	7	8	8	14	17	9	9	17	12	10	14	11	10	11	10	10	12	10	17	7	7	38	5	13	12	10	2	7	6	10	3	0	0	0	0	16	1	1	4	21	22	18	0	0	8	0	8	10	0	0	5	10	8	9	12	0	8
hsa-miR-641	14	7	4	2	12	10	17	21	55	9	8	10	3	9	15	38	34	36	15	7	19	24	6	7	7	24	14	12	18	7	8	8	4	15	28	20	6	5	15	3	8	45	17	9	14	11	24	6	17	7	19	6	10	23	5	17	7	12	15	15	15	13	2	3	35	0	26	9	14	15	28	6	5	8	10	15	2	0	0	0	4	16	11	4	7	24	29	17	31	3	21	8	20	14	13	14	7	14	3	9	24	32	12
hsa-miR-642a-5p	13	9	4	0	4	3	5	9	13	4	0	3	0	0	0	9	6	20	4	0	0	0	0	0	4	0	3	5	0	12	0	0	0	0	0	0	0	0	0	7	0	10	15	13	4	3	1	4	4	8	14	12	3	8	8	7	7	6	9	8	9	7	2	3	13	11	8	22	3	8	12	10	0	1	0	0	0	0	0	2	0	0	0	5	0	34	10	15	0	0	8	0	6	0	0	0	11	30	11	0	14	9	0
hsa-miR-643	4	5	7	4	8	21	42	13	35	4	17	14	14	12	13	9	8	6	7	14	3	4	2	13	5	9	4	18	18	14	10	5	12	11	19	16	9	10	4	5	14	38	16	11	8	8	15	18	20	55	56	27	17	45	30	31	48	27	24	46	30	19	19	21	51	8	17	42	14	23	15	7	9	7	0	0	4	10	2	4	8	38	8	11	5	15	28	23	22	17	15	18	8	45	33	6	29	12	17	18	26	14	15
hsa-miR-646	9	2	3	3	9	8	11	12	15	5	18	10	8	2	9	3	0	6	13	2	4	2	0	6	4	16	3	5	13	25	0	4	5	15	10	0	0	0	0	4	0	14	14	4	4	3	10	7	13	7	18	14	4	15	7	22	18	18	10	12	11	10	4	7	5	31	4	40	0	14	2	18	1	2	12	7	5	0	0	1	3	26	0	3	3	23	16	22	12	6	10	12	6	16	9	8	7	11	10	10	12	11	3
hsa-miR-647	12	15	5	6	5	6	3	14	8	4	14	0	0	0	0	5	0	12	5	0	6	4	10	0	5	0	3	6	0	0	0	0	0	0	6	0	0	0	0	4	0	12	11	4	7	5	10	8	10	5	8	6	6	33	7	14	2	6	4	11	12	5	6	0	2	10	7	27	0	17	12	3	0	5	0	0	0	0	0	0	0	0	0	0	0	17	0	15	4	1	0	0	0	0	0	10	0	0	0	0	0	0	6
hsa-miR-649	14	18	8	7	10	6	8	21	9	2	0	5	2	6	8	5	3	12	4	9	10	4	1	2	5	13	9	10	0	0	0	0	1	0	9	0	0	0	0	4	0	15	5	4	4	6	1	3	7	5	7	4	0	0	10	6	4	0	7	4	0	6	0	3	0	0	3	20	0	0	0	7	3	0	0	0	0	0	0	1	0	0	0	0	0	0	0	0	0	0	0	0	0	12	0	0	0	0	0	5	13	6	0
hsa-miR-6499-5p	8	5	6	0	4	18	8	0	27	5	18	8	15	2	9	8	4	2	1	4	6	3	2	6	2	12	3	0	0	0	0	0	3	0	10	11	0	2	1	4	8	16	13	12	16	9	17	18	39	83	30	30	15	43	38	48	60	21	38	74	34	16	15	29	51	15	0	43	2	0	11	4	11	0	0	0	0	0	0	2	1	10	0	1	1	0	13	12	0	0	3	3	5	6	11	0	17	0	0	4	0	0	0
hsa-miR-650	9	9	9	1	8	22	18	17	36	21	37	39	23	3	15	6	5	7	5	10	14	3	5	19	3	27	7	22	17	47	10	19	9	15	13	14	10	8	17	6	34	35	31	17	9	18	12	19	33	15	5	18	6	38	18	42	42	11	19	31	25	12	6	15	8	16	11	79	1	25	24	26	14	12	19	10	3	7	9	4	6	38	16	5	8	32	33	30	9	12	24	29	6	26	37	31	59	11	61	29	42	9	30
hsa-miR-6500-3p	7	10	2	3	12	10	12	7	14	1	9	6	4	10	10	10	2	7	6	9	20	7	6	5	7	10	5	6	12	3	0	5	0	0	2	6	4	2	8	3	2	10	10	8	4	3	0	0	7	4	10	4	2	17	6	17	7	6	6	10	10	2	6	5	4	10	0	18	0	12	8	2	0	4	0	0	0	0	0	0	1	12	0	1	5	11	0	0	0	0	22	6	7	10	3	0	6	10	5	0	14	0	3
hsa-miR-6501-3p	0	0	0	0	0	5	10	5	11	1	8	7	5	7	0	3	2	0	3	2	0	0	0	3	0	10	3	2	11	0	0	0	0	0	7	11	2	2	2	0	3	12	6	7	10	2	0	0	6	6	4	7	5	9	6	5	8	0	6	8	8	5	0	3	0	9	0	13	0	0	0	7	2	0	0	0	0	0	0	0	0	0	0	0	0	10	0	0	0	0	3	5	1	0	0	0	3	0	0	0	0	0	0
hsa-miR-6501-5p	11	10	1	1	5	17	6	8	45	5	19	12	8	7	4	6	9	13	11	4	5	3	1	9	7	44	3	8	16	20	9	18	16	22	16	18	2	1	3	5	9	35	12	13	4	7	8	15	13	4	21	16	7	13	8	28	21	15	12	13	12	4	13	10	6	13	6	30	8	20	112	6	3	11	3	11	1	0	0	0	6	11	6	10	8	21	97	19	7	9	5	8	12	10	43	7	12	11	11	7	30	13	7
hsa-miR-6502-3p	7	24	1	1	1	5	12	12	14	5	9	6	9	6	9	4	0	7	2	12	0	2	5	5	6	9	1	23	12	32	19	7	9	24	10	12	4	6	7	8	10	28	17	17	5	2	4	16	16	10	4	8	5	17	5	22	13	15	10	19	8	5	8	5	2	18	5	16	1	23	27	20	9	4	11	10	2	3	4	1	1	24	5	4	2	24	18	13	10	6	6	4	7	21	23	10	62	18	34	21	17	10	15
hsa-miR-6503-3p	11	11	3	2	10	14	29	7	22	16	18	35	4	5	8	6	8	10	8	3	5	4	0	7	3	10	7	0	0	9	0	0	3	0	15	11	1	0	0	2	4	32	15	17	11	32	22	38	58	124	108	108	44	63	87	39	93	52	107	120	57	80	131	194	248	7	5	11	5	14	5	4	0	6	10	1	0	0	0	0	0	0	0	0	0	10	0	0	13	3	0	0	0	9	0	6	0	35	0	3	11	10	2
hsa-miR-6503-5p	21	33	15	3	13	12	18	33	25	6	19	22	11	14	10	18	7	16	16	9	15	5	11	9	11	26	8	17	14	23	9	12	9	13	19	8	2	8	14	7	10	22	20	18	8	3	8	15	11	11	5	10	2	16	5	20	7	10	10	18	15	12	11	8	5	18	4	24	0	48	14	6	10	4	7	15	0	4	8	2	1	31	0	2	0	38	15	24	13	5	11	16	8	10	11	1	8	13	21	5	16	10	13
hsa-miR-6505-5p	12	7	6	1	9	51	3	9	21	6	11	7	6	4	4	21	1	12	16	6	15	0	3	5	6	17	11	9	11	18	4	8	3	5	9	4	2	8	6	6	14	23	15	8	7	9	22	3	15	9	12	11	6	21	4	16	7	8	7	9	3	17	8	10	18	31	9	80	31	38	47	8	0	4	17	9	0	2	0	0	4	17	8	5	1	16	13	11	19	7	10	7	15	12	0	8	4	8	0	8	15	4	10
hsa-miR-6506-3p	5	12	3	2	4	5	6	16	10	3	0	4	0	0	0	5	2	2	0	0	16	1	1	0	3	0	1	4	0	0	0	0	0	0	1	10	0	3	2	1	1	15	8	4	1	2	0	0	8	7	2	3	7	10	4	6	5	0	5	4	6	2	0	5	0	0	0	65	0	0	0	5	0	0	0	0	0	0	0	0	0	12	0	1	1	10	15	0	0	0	9	0	2	0	0	0	4	0	0	0	0	0	0
hsa-miR-6506-5p	11	15	5	0	3	24	57	8	30	9	25	43	32	7	27	5	3	8	4	21	8	0	8	20	9	24	3	47	45	42	5	16	11	18	26	37	15	16	21	6	20	62	34	23	18	31	21	23	32	27	33	19	23	63	32	50	65	64	34	58	63	40	18	42	27	47	17	63	8	67	56	32	12	28	26	31	5	9	4	1	3	56	31	15	3	68	102	54	27	18	50	30	21	37	25	4	15	13	19	59	97	38	41
hsa-miR-6507-5p	20	17	6	11	13	26	14	29	20	9	27	18	19	5	21	19	4	23	1	9	14	6	8	25	9	24	7	35	35	42	12	19	27	26	19	15	9	14	15	8	13	39	34	25	9	17	16	16	28	15	19	11	13	30	15	24	24	38	27	20	29	9	16	16	9	36	10	121	9	41	95	25	10	20	85	21	8	6	9	0	6	55	7	7	10	59	60	40	27	5	12	19	6	32	22	6	30	19	12	22	39	9	29
hsa-miR-6509-3p	22	37	17	0	2	7	9	18	21	4	11	7	9	5	5	11	6	16	10	3	8	3	4	10	8	12	8	6	20	14	11	3	10	13	13	0	0	0	0	5	0	21	38	10	9	10	13	13	11	4	13	9	6	16	8	4	16	11	10	15	14	8	6	9	10	31	8	54	2	32	16	10	0	4	0	0	0	0	0	0	5	18	0	1	2	13	16	17	12	2	12	0	9	14	4	7	3	8	0	13	19	16	5
hsa-miR-651-5p	10	10	10	5	22	10	8	6	93	6	14	18	5	10	10	29	13	28	28	13	14	12	0	5	12	20	19	7	0	4	7	1	10	0	14	6	5	4	7	6	4	25	8	10	2	2	23	14	13	9	39	7	26	14	12	62	13	7	2	7	7	67	12	11	39	11	20	15	38	18	12	5	8	3	10	2	1	0	0	0	9	13	7	9	6	15	10	10	31	3	10	3	23	12	0	13	8	25	5	8	8	5	0
hsa-miR-6510-5p	4	6	8	10	10	7	7	8	13	7	11	9	3	2	5	5	2	4	6	3	14	6	11	4	12	22	3	11	0	0	0	2	0	8	16	0	0	0	0	6	0	14	9	6	8	5	16	8	15	7	2	16	4	13	10	9	9	5	11	6	6	4	1	5	7	7	4	51	0	6	0	3	0	5	0	0	0	0	0	0	0	10	0	1	8	9	12	12	0	0	0	8	0	0	0	0	0	9	0	0	11	5	8
hsa-miR-6511a-3p	10	7	9	0	13	7	15	18	44	4	22	11	11	8	12	32	15	28	15	3	24	7	8	9	5	16	18	19	31	19	16	16	25	18	15	6	2	11	7	12	2	33	16	15	11	13	37	10	3	5	16	10	11	38	13	10	9	9	5	11	21	12	3	7	11	25	27	17	33	31	8	14	4	5	22	3	4	0	0	1	14	20	0	10	10	25	3	17	35	4	22	4	20	15	47	20	20	22	3	16	21	10	14
hsa-miR-6511a-5p	16	23	0	4	3	9	7	16	11	12	7	10	7	5	7	7	6	8	7	3	7	2	5	4	3	12	5	10	0	13	0	7	0	4	7	0	0	0	0	0	0	14	7	7	5	3	7	8	5	15	7	14	4	14	5	18	10	10	11	21	17	8	4	5	4	12	5	22	0	12	20	6	6	2	0	0	4	0	0	1	1	11	0	2	3	15	19	15	11	1	14	14	8	7	12	6	11	10	0	0	10	0	5
hsa-miR-6511b-3p	21	13	3	6	17	23	31	19	25	10	27	20	12	11	10	31	17	14	20	12	28	5	4	14	10	15	11	12	19	21	16	12	14	36	22	12	11	4	13	8	11	40	18	23	20	29	26	32	18	40	27	27	12	33	28	29	42	14	20	33	27	15	13	24	32	35	7	43	16	60	23	37	6	6	12	16	5	7	5	3	5	36	6	10	10	18	15	19	17	7	24	21	12	18	44	30	33	34	14	18	43	11	16
hsa-miR-6511b-5p	19	11	0	0	6	16	13	13	18	9	6	14	6	14	7	9	5	5	7	5	10	1	8	3	6	20	7	9	20	18	10	12	5	0	13	4	4	9	1	5	12	17	16	11	4	4	5	12	15	11	15	14	5	17	6	10	7	21	12	17	18	14	3	4	3	23	5	138	2	10	27	10	6	3	4	10	2	0	0	0	3	18	12	5	2	26	20	24	14	4	5	6	7	8	15	2	20	2	15	11	11	23	10
hsa-miR-6513-3p	36	27	10	1	25	17	12	54	52	17	30	23	19	13	12	48	47	25	29	18	16	4	3	29	19	18	24	55	49	43	20	28	15	29	28	13	15	16	28	12	17	54	40	54	25	11	46	17	28	11	31	11	24	57	54	34	22	14	9	22	19	53	8	12	30	81	39	54	76	84	61	35	19	13	43	15	8	13	4	0	9	63	19	19	8	53	73	136	24	7	19	59	29	52	12	30	31	33	16	41	89	52	35
hsa-miR-6513-5p	14	13	13	1	19	4	22	24	34	6	17	15	6	10	8	31	13	25	8	8	9	2	1	5	10	19	12	8	0	4	5	3	17	7	11	2	2	5	14	6	4	18	18	23	9	12	13	11	24	30	19	16	15	45	34	35	26	10	18	15	18	14	4	17	25	11	16	36	29	24	14	7	8	3	10	4	6	0	0	1	4	21	0	5	1	24	13	15	14	7	9	0	13	11	12	14	8	21	10	9	18	7	7
hsa-miR-6514-3p	16	22	23	4	10	23	25	18	48	12	38	35	17	7	16	9	4	15	13	23	18	10	8	33	3	58	8	31	52	36	17	22	12	18	31	34	7	15	7	17	17	55	20	28	16	15	19	39	36	39	30	23	19	62	25	46	34	39	41	41	28	28	56	50	39	48	20	73	11	36	248	32	19	12	8	45	5	5	4	5	3	37	12	8	7	48	92	64	13	8	30	14	14	25	15	9	22	19	35	16	52	22	10
hsa-miR-6514-5p	31	19	3	6	21	9	13	49	19	6	21	23	13	22	11	37	18	27	31	7	23	7	11	5	10	20	19	7	22	9	10	19	6	17	15	14	4	10	8	6	14	34	4	8	17	12	25	8	12	8	26	10	21	28	17	22	19	12	10	18	15	39	5	25	30	27	34	21	52	61	24	14	6	11	24	4	2	0	0	0	6	19	19	9	5	33	11	24	14	9	35	17	14	28	19	23	17	15	4	16	16	4	3
hsa-miR-6515-3p	39	29	10	11	22	23	15	41	104	8	17	17	7	19	7	21	26	17	14	3	24	6	3	11	13	10	13	0	14	13	0	7	8	6	13	10	9	5	6	7	9	32	8	10	8	1	11	16	17	5	9	8	4	48	9	18	10	4	5	20	9	11	4	11	7	20	12	26	5	19	42	0	6	1	0	0	6	1	1	2	0	0	0	0	0	6	10	10	15	4	8	8	14	8	19	15	4	3	11	10	14	6	4
hsa-miR-6515-5p	39	31	20	3	39	16	23	36	36	5	29	17	13	15	25	26	6	43	15	16	17	15	11	11	11	35	22	18	29	16	15	6	11	16	24	12	8	10	10	13	19	49	22	15	16	9	20	17	20	7	18	12	15	30	15	22	11	19	11	22	14	13	25	9	11	34	15	71	17	51	49	13	13	6	28	20	4	5	0	1	5	34	7	5	4	42	45	37	19	11	6	10	11	18	11	24	11	10	13	20	29	13	9
hsa-miR-6516-5p	11	11	7	0	21	8	5	10	14	0	10	2	1	7	12	35	9	30	22	4	0	0	0	9	3	5	17	0	0	0	0	0	0	0	0	4	6	1	5	0	5	20	2	7	3	6	17	2	10	6	18	7	7	8	6	15	6	2	0	0	0	0	1	3	21	13	20	14	24	17	14	5	0	2	0	0	0	0	0	0	0	0	0	0	0	10	3	0	14	1	12	10	5	0	0	2	4	0	0	0	11	6	3
hsa-miR-652-3p	34	76	70	26	796	262	249	275	883	163	385	266	47	202	215	2132	1073	1135	1605	17	511	225	101	159	236	99	844	84	437	131	113	81	39	123	177	39	79	118	53	139	60	683	64	682	541	210	981	69	151	102	1275	45	651	549	295	154	112	138	11	38	73	800	95	90	822	538	951	47	1230	512	127	10	20	139	679	13	44	16	4	12	118	167	104	132	89	196	38	74	675	10	64	36	507	586	81	439	30	231	10	85	180	27	70
hsa-miR-653-3p	6	36	10	8	8	6	6	30	9	4	0	10	4	4	14	8	8	11	3	6	5	0	6	1	3	14	5	6	0	9	0	0	6	0	6	0	0	0	0	7	0	18	9	9	2	7	3	8	8	8	8	3	2	15	23	18	16	8	1	8	9	4	2	5	9	9	1	19	3	0	0	6	1	0	0	0	0	0	0	0	0	11	0	0	1	20	12	7	0	0	0	0	0	13	15	0	0	11	5	3	0	0	0
hsa-miR-653-5p	7	10	7	3	5	10	6	20	18	8	22	8	0	0	0	7	2	9	2	0	6	3	2	0	4	0	6	8	21	10	3	0	3	7	8	6	1	4	13	11	12	19	8	2	4	3	3	4	7	9	10	5	5	18	7	20	13	8	4	12	8	9	3	4	3	0	3	20	5	14	17	7	0	2	0	0	0	0	0	0	0	21	0	4	1	14	0	12	0	0	2	9	3	0	0	0	18	12	0	12	11	10	5
hsa-miR-654-3p	64	91	45	61	872	189	177	161	2100	160	221	83	32	277	267	2345	893	334	226	39	119	204	88	82	238	298	1931	98	449	36	138	171	52	106	193	65	84	99	299	91	85	1336	55	885	533	276	2017	129	245	294	3320	116	1486	1307	201	307	96	144	17	92	141	801	95	62	3112	341	839	48	1560	291	242	30	18	92	215	22	99	18	14	13	337	284	172	243	33	218	57	83	381	15	17	70	764	561	153	447	56	895	40	128	509	49	81
hsa-miR-654-5p	12	4	0	3	13	4	7	7	11	3	10	10	0	0	0	10	3	7	2	0	3	2	1	0	2	0	6	8	0	6	0	2	0	12	6	10	6	3	6	1	1	11	9	12	5	4	13	6	5	4	7	6	4	15	7	11	3	6	3	16	11	5	4	5	5	11	8	15	5	11	22	7	0	7	0	0	0	4	0	0	1	11	0	8	0	20	13	12	13	8	0	15	0	4	0	5	0	1	0	6	8	7	9
hsa-miR-656-3p	13	10	4	1	2	4	11	9	8	1	8	9	3	2	14	8	2	7	6	2	7	3	2	3	0	19	3	5	12	14	0	0	7	0	9	1	3	1	3	9	4	8	13	7	11	2	5	8	6	7	11	2	7	10	4	5	13	4	5	10	7	10	2	0	11	0	3	23	7	11	11	1	10	0	0	0	2	0	0	0	2	25	0	6	6	11	0	0	0	0	5	17	3	0	0	0	12	12	0	10	6	0	11
hsa-miR-656-5p	3	19	2	3	5	4	12	6	27	7	15	12	17	5	14	9	0	9	2	8	6	1	7	13	10	29	2	10	22	16	0	6	8	0	8	3	3	10	11	3	15	18	23	9	6	3	5	10	15	6	5	10	5	20	9	32	25	12	10	11	16	6	4	9	1	18	6	26	4	10	30	9	6	7	5	6	0	0	0	0	1	30	8	1	7	18	22	0	15	11	14	8	8	17	6	10	23	14	18	5	18	11	8
hsa-miR-657	29	20	7	4	16	15	18	45	28	8	23	18	3	15	5	31	5	18	8	6	16	7	4	6	12	24	8	21	19	17	5	7	7	15	24	13	5	10	8	15	10	31	19	12	6	15	17	12	15	9	14	18	11	14	10	26	22	13	13	21	13	15	11	15	17	21	10	564	1	20	13	9	0	3	0	0	0	0	0	0	7	34	3	1	5	25	15	13	11	3	8	2	11	17	41	11	37	17	20	11	16	12	14
hsa-miR-658	36	38	24	8	17	3	9	42	38	9	35	16	14	18	13	7	8	22	17	22	18	8	9	7	16	29	4	10	17	14	11	7	4	17	26	18	4	3	9	8	8	31	15	10	4	7	9	9	21	15	17	18	11	109	11	25	32	16	11	22	21	15	9	17	10	35	7	34	3	24	13	13	3	3	10	12	7	5	4	1	1	10	0	2	2	20	33	24	13	2	11	11	9	15	17	3	19	7	7	14	19	15	8
hsa-miR-659-5p	7	9	8	1	7	19	10	14	40	10	10	10	10	17	9	13	14	20	11	7	38	4	11	4	9	7	13	11	68	20	11	8	15	10	6	9	6	1	1	7	10	24	16	10	5	9	9	8	12	9	12	5	10	26	8	21	8	5	13	18	7	6	5	9	13	39	5	30	6	17	29	5	3	5	12	15	1	0	0	1	5	17	4	2	9	24	13	17	0	0	16	21	10	23	25	0	17	24	12	24	19	16	5
hsa-miR-660-3p	24	11	4	5	7	9	11	10	61	6	12	8	6	5	6	11	5	9	11	5	3	4	1	5	3	30	4	12	35	12	8	2	11	0	7	0	0	0	0	4	0	20	11	10	1	2	5	10	15	7	8	11	6	31	6	24	7	7	5	12	14	5	13	15	2	51	6	27	9	21	62	4	4	5	14	14	0	0	0	1	5	12	3	5	10	27	29	12	6	4	13	10	10	9	17	17	27	11	19	8	18	9	13
hsa-miR-660-5p	261	259	156	60	415	305	244	230	1154	219	240	209	28	436	285	814	495	325	651	30	230	120	127	68	198	168	426	129	325	117	358	132	35	96	281	116	125	539	197	85	72	688	130	299	260	201	311	76	229	157	517	108	490	382	248	229	143	39	13	20	32	763	186	103	845	131	413	101	1166	598	89	56	40	100	603	16	53	26	19	4	315	251	161	189	76	704	186	441	315	97	832	127	1209	1822	208	409	179	999	167	258	760	68	119
hsa-miR-662	99	41	7	8	21	52	18	82	30	6	14	15	9	24	10	15	9	38	17	5	27	9	4	14	6	15	15	22	17	42	3	13	12	13	10	10	7	8	6	8	24	18	20	15	7	12	4	12	16	16	19	18	9	31	8	30	29	22	17	24	16	15	8	13	12	21	5	50	6	32	26	10	8	5	6	9	3	3	4	3	2	22	0	6	4	37	26	26	12	13	17	14	7	13	11	5	19	9	14	16	26	18	13
hsa-miR-663a	10	19	5	2	14	46	64	19	67	42	87	43	10	6	16	8	10	16	5	15	5	0	6	15	27	73	16	12	19	26	0	12	11	5	32	15	4	10	11	35	19	32	18	12	10	13	14	17	37	22	17	16	13	25	13	29	33	15	24	31	31	14	5	26	14	15	12	146	0	14	17	17	5	4	12	6	34	43	34	93	2	35	5	2	6	33	27	30	11	9	11	154	5	7	18	9	7	9	19	8	23	17	10
hsa-miR-663b	8	2	0	0	6	21	20	18	37	12	43	18	11	4	9	6	5	9	3	10	6	1	4	8	17	25	3	11	12	13	0	6	7	0	16	3	8	3	8	12	22	27	21	2	10	3	7	13	15	18	9	17	7	16	12	20	22	11	10	20	8	5	6	11	9	14	8	108	3	18	10	4	7	6	14	16	3	2	3	0	0	13	5	4	1	14	32	20	11	5	14	10	6	9	12	3	5	4	2	8	28	18	10
hsa-miR-664a-3p	52	47	10	11	40	37	23	82	145	22	47	22	11	16	34	122	83	53	46	33	47	30	18	24	27	29	78	24	59	66	40	33	15	52	44	14	24	21	16	17	20	102	14	81	24	25	100	36	41	32	76	25	59	76	29	92	17	33	13	25	21	41	30	33	117	64	75	41	77	94	61	17	7	18	94	15	10	6	5	1	19	26	13	22	14	83	47	45	68	7	16	24	70	58	26	56	22	40	3	38	47	14	19
hsa-miR-664a-5p	89	150	63	30	594	141	93	316	494	165	273	101	55	238	208	1402	516	1306	602	38	455	302	200	193	204	146	392	215	557	167	210	262	103	267	206	62	114	168	131	252	72	539	56	535	360	260	843	86	98	55	739	34	485	635	446	276	120	215	28	113	162	886	401	309	712	1007	1023	126	1595	2035	519	44	30	353	784	40	182	25	11	16	213	448	217	291	85	229	69	134	799	24	57	113	604	1209	64	1300	72	285	26	207	466	59	153
hsa-miR-664b-3p	0	0	0	0	0	6	5	13	16	7	11	3	0	5	2	17	14	6	6	2	5	1	4	3	4	10	11	1	12	11	0	3	0	8	4	0	0	0	0	4	0	0	0	0	0	0	11	1	4	6	4	4	5	10	0	0	0	2	0	3	0	0	1	0	12	0	11	11	15	9	8	1	0	5	10	2	0	0	0	0	0	0	2	0	0	11	0	0	9	2	1	0	11	13	0	14	11	10	0	0	0	3	0
hsa-miR-664b-5p	13	18	10	7	63	11	22	37	39	14	28	15	11	20	24	67	47	71	65	9	43	52	19	28	20	19	30	18	61	31	38	27	17	38	24	15	13	37	22	30	15	70	8	55	54	30	82	10	27	9	50	17	39	60	44	39	9	18	10	36	24	95	53	49	54	104	66	19	102	156	94	11	6	31	36	10	26	9	4	2	12	70	24	24	4	44	17	28	58	8	11	17	46	41	23	103	23	30	10	31	64	8	14
hsa-miR-665	8	4	1	4	13	9	32	8	41	8	25	13	0	13	15	50	10	20	14	6	4	10	3	9	11	11	33	10	11	8	0	0	0	0	12	5	0	1	1	5	6	25	11	17	9	14	38	11	20	34	60	23	20	20	29	22	35	28	27	32	28	21	13	45	77	15	16	34	15	11	0	2	0	4	0	0	0	0	0	0	0	0	0	0	0	0	8	0	11	3	7	5	13	10	0	8	0	3	0	0	0	12	7
hsa-miR-668-3p	17	15	11	4	45	36	49	31	68	20	24	38	35	14	26	78	14	19	12	9	21	8	5	34	22	106	19	35	38	33	16	21	27	33	65	32	6	24	14	19	27	94	53	47	32	22	71	25	43	15	24	19	13	44	18	39	27	47	49	87	54	23	19	20	29	51	38	129	18	38	75	31	13	16	19	31	5	3	9	1	17	58	15	14	5	56	81	42	30	7	39	29	22	28	71	29	55	26	56	30	49	21	30
hsa-miR-670-3p	6	17	1	4	3	10	30	11	12	17	20	44	8	2	6	1	2	2	2	8	8	4	6	10	2	8	2	9	10	25	0	10	0	0	20	16	1	4	4	8	8	20	8	3	6	8	9	21	26	40	14	27	13	22	30	55	35	17	22	40	21	21	12	36	19	24	0	15	2	9	10	10	0	4	11	6	0	0	0	0	1	10	0	2	4	14	5	13	0	0	1	0	2	0	0	0	7	0	3	0	18	11	2
hsa-miR-671-3p	27	26	21	21	481	77	72	213	320	51	141	67	36	77	98	658	396	356	305	21	150	109	53	49	91	73	281	39	194	74	69	71	36	64	88	26	55	75	34	89	37	199	11	211	138	80	340	31	47	40	348	35	217	189	145	93	71	55	7	40	42	399	47	54	304	214	429	27	747	474	147	19	12	123	443	10	78	17	13	12	93	189	102	170	15	119	34	57	306	7	9	22	410	297	39	222	18	76	10	62	133	15	33
hsa-miR-671-5p	34	25	18	13	314	114	169	201	319	63	172	86	37	337	104	440	344	1126	518	33	254	105	62	124	114	91	349	30	141	88	59	44	29	92	88	28	40	54	27	74	63	313	46	269	618	100	348	61	66	55	262	62	172	151	89	140	100	72	15	58	81	337	35	49	177	298	716	37	663	295	196	15	10	69	235	35	26	17	6	5	57	109	102	119	12	162	77	67	380	9	14	22	197	89	15	67	13	36	15	62	151	27	25
hsa-miR-6715b-3p	18	12	6	4	7	8	10	26	11	6	11	11	3	10	6	8	4	8	11	11	15	1	3	5	8	17	7	0	0	0	0	5	1	0	0	0	0	0	0	10	0	6	6	9	7	8	2	8	0	14	13	16	9	11	18	15	12	14	10	16	12	6	11	13	20	4	6	41	0	0	0	9	4	0	0	0	0	0	0	0	0	0	0	0	0	13	0	0	10	8	10	0	1	0	6	0	9	2	0	8	0	0	0
hsa-miR-6715b-5p	77	56	16	17	18	26	45	109	33	12	35	19	16	26	27	19	6	38	18	20	43	24	13	18	24	41	11	11	0	13	8	10	11	12	25	24	8	10	8	13	8	36	24	15	8	13	21	22	31	47	30	31	15	41	33	31	40	29	20	36	43	14	8	22	39	12	6	61	4	16	40	8	6	7	8	20	3	3	1	2	0	0	8	2	0	35	83	15	11	5	24	10	9	16	6	0	4	10	7	16	32	7	6
hsa-miR-6716-3p	23	32	18	12	13	41	44	51	65	12	39	32	14	3	13	18	5	23	13	35	11	7	8	31	3	29	10	20	18	19	0	8	5	18	33	23	7	10	8	5	13	59	24	18	24	22	31	29	41	112	34	55	17	67	33	58	90	23	31	37	28	21	14	23	27	22	13	57	12	26	31	7	6	9	16	9	6	10	5	3	7	22	3	4	4	28	31	29	15	5	18	15	8	23	14	17	16	14	12	23	9	18	18
hsa-miR-6716-5p	16	22	6	6	6	9	10	27	26	10	20	2	4	12	15	14	5	17	9	4	10	3	7	11	5	24	7	19	0	15	9	4	13	17	16	0	0	0	0	9	0	14	15	15	6	8	5	14	16	3	4	4	6	71	8	22	5	5	8	20	9	6	7	8	6	40	11	44	7	32	80	14	12	10	13	24	2	10	4	0	4	17	10	1	1	33	21	15	18	5	10	13	10	9	7	6	6	9	8	24	21	21	11
hsa-miR-6717-5p	129	72	27	28	61	58	69	213	74	37	77	77	36	53	26	75	18	80	42	37	52	27	33	44	58	110	50	65	102	58	37	52	42	56	78	56	34	33	24	33	27	110	66	30	49	33	34	51	67	37	53	47	36	167	59	66	49	43	40	96	60	25	44	55	40	237	30	149	9	97	293	53	34	31	101	54	10	17	10	5	15	85	20	16	14	109	106	86	42	21	24	35	26	39	53	32	93	45	55	51	91	52	49
hsa-miR-6718-5p	15	8	6	1	22	5	13	25	18	6	12	5	0	0	0	6	5	15	5	0	18	7	4	0	11	0	2	9	20	14	0	4	11	0	7	0	0	0	0	1	0	12	7	6	1	2	0	0	10	6	3	4	5	10	8	7	9	6	6	5	9	3	0	2	8	14	7	10	2	14	19	4	0	0	0	0	0	0	0	0	0	0	0	3	0	15	13	19	0	0	18	0	10	10	13	0	12	2	0	6	10	0	4
hsa-miR-6720-3p	12	10	14	6	7	17	12	17	26	10	25	12	5	3	13	8	5	12	10	4	6	2	2	6	20	13	4	7	0	12	7	3	10	8	14	15	4	7	2	11	10	24	10	9	5	4	3	6	14	14	10	8	9	26	15	24	16	9	5	9	15	8	7	13	8	3	4	23	5	13	13	8	0	0	0	0	0	2	1	0	1	10	0	3	2	7	11	17	11	3	14	10	2	15	20	1	5	9	0	6	19	11	14
hsa-miR-6720-5p	27	11	10	6	21	29	28	32	28	19	42	21	14	5	8	13	5	14	12	8	16	5	1	9	10	20	5	2	19	18	0	3	5	0	14	11	3	14	12	6	11	27	19	13	3	10	6	19	25	22	13	27	13	21	22	23	30	26	21	44	23	12	6	32	18	37	4	138	6	16	11	5	7	5	11	6	1	3	0	2	2	12	6	3	7	37	24	27	12	7	4	0	10	10	16	2	4	8	5	15	10	13	7
hsa-miR-6721-5p	30	54	21	9	30	15	16	69	20	20	30	4	21	19	30	30	36	35	38	14	44	20	16	18	13	32	28	30	28	22	41	38	31	56	30	17	19	16	21	47	19	51	16	33	24	35	52	24	27	8	34	14	11	52	30	33	25	22	15	34	27	17	21	30	31	97	24	18	21	119	101	19	14	34	18	10	31	11	10	3	11	50	26	28	5	49	22	27	49	9	16	26	46	32	38	51	27	20	22	51	68	12	14
hsa-miR-6722-3p	3	5	6	1	4	23	15	15	26	12	16	12	6	8	13	8	3	15	9	1	6	1	5	7	11	14	3	16	0	12	0	9	13	10	15	8	5	6	11	10	12	19	11	4	6	16	7	15	15	18	13	15	7	19	8	12	20	10	11	16	11	8	6	19	13	12	2	81	3	11	20	14	4	5	8	8	5	7	4	1	1	17	3	5	0	27	17	22	0	0	3	6	3	11	24	0	11	7	5	19	12	18	12
hsa-miR-6722-5p	12	12	7	6	5	10	25	10	17	10	15	17	8	7	8	5	0	8	3	7	8	8	1	4	3	10	5	5	10	11	10	7	11	0	13	8	3	2	4	3	9	12	13	2	2	8	10	10	13	20	5	9	8	20	8	12	14	6	13	22	30	7	6	12	9	16	6	24	5	16	22	1	2	0	6	11	3	0	0	3	2	16	0	1	4	14	8	20	8	12	7	4	3	7	12	7	16	0	17	19	9	14	5
hsa-miR-6723-5p	10	8	5	7	7	13	12	16	21	6	14	16	6	13	8	4	5	7	6	5	8	2	1	3	4	8	3	13	33	5	10	4	6	2	11	10	6	1	10	11	5	15	13	4	2	4	1	10	14	14	9	14	2	23	13	21	12	12	10	16	9	8	10	13	6	30	4	22	2	9	17	3	2	4	0	0	1	0	0	1	0	13	0	4	5	19	0	14	0	0	12	8	3	11	13	0	17	5	12	15	12	8	0
hsa-miR-6724-5p	17	19	8	10	41	38	44	39	73	14	41	35	8	52	20	46	41	59	30	8	34	11	9	12	21	29	14	9	11	15	8	11	14	10	30	16	17	11	18	27	19	56	35	33	45	22	37	15	32	37	47	25	23	19	28	33	47	19	14	35	25	23	20	24	40	33	22	71	32	52	20	16	6	19	27	15	8	7	4	9	7	33	7	14	6	28	37	34	26	4	4	25	17	17	17	13	14	14	9	20	20	13	13
hsa-miR-6726-3p	29	15	11	4	17	20	37	39	24	6	28	13	9	17	13	18	7	23	13	15	17	5	7	7	15	39	16	12	17	23	11	6	3	12	14	12	5	8	10	4	16	25	17	17	11	4	13	16	19	25	25	19	16	28	16	27	40	20	11	36	21	24	10	24	35	28	8	69	9	30	18	7	4	7	19	3	9	2	3	1	1	17	7	4	8	21	13	21	9	9	19	9	6	6	18	8	11	6	8	14	24	12	12
hsa-miR-6726-5p	19	12	12	3	14	10	24	21	33	0	12	6	3	6	8	8	4	11	11	5	6	3	1	2	3	14	3	5	19	0	0	0	0	0	0	0	0	0	0	3	0	0	0	0	0	0	0	0	7	6	4	8	0	13	2	4	3	2	5	10	5	2	2	12	4	15	0	42	3	0	0	6	0	0	11	4	1	0	0	0	0	10	0	0	2	20	15	0	0	0	3	0	1	11	10	0	5	3	0	0	0	0	0
hsa-miR-6727-3p	18	15	0	0	10	8	6	19	15	5	6	20	7	6	5	6	3	8	13	6	0	0	0	2	11	12	4	0	0	0	0	9	0	0	0	0	0	0	0	4	0	9	8	6	3	1	1	5	7	5	5	9	2	12	7	13	5	7	5	5	11	8	4	10	1	0	0	24	0	11	6	8	0	0	0	0	0	0	0	0	0	0	0	4	0	12	8	16	0	0	7	0	6	15	2	0	13	7	21	0	0	0	0
hsa-miR-6727-5p	12	7	4	1	13	24	33	10	28	5	20	18	8	10	5	5	0	7	5	7	10	3	3	18	7	31	3	32	27	20	5	5	25	15	18	13	2	4	5	5	7	22	16	21	11	10	12	13	22	10	21	10	6	30	13	21	35	25	26	31	20	11	8	10	16	28	13	44	4	23	30	11	4	7	3	5	2	5	3	1	4	32	7	4	3	18	24	16	10	8	21	12	5	19	46	8	20	15	17	19	20	12	21
hsa-miR-6728-3p	0	0	11	1	0	5	7	12	0	0	13	0	6	1	10	3	2	6	5	6	11	1	4	4	4	13	8	10	13	12	0	6	10	0	4	0	0	0	0	7	0	0	0	0	0	0	6	10	4	8	4	6	5	15	11	10	6	11	3	8	3	2	5	7	11	13	1	16	3	10	12	6	0	4	0	0	0	0	0	0	2	12	0	6	3	19	6	14	0	0	5	0	13	23	0	0	3	6	0	8	0	6	10
hsa-miR-6728-5p	137	120	39	41	73	74	74	214	112	58	126	72	132	77	137	98	41	102	45	126	82	22	23	52	54	108	40	168	310	176	100	93	189	168	117	71	67	108	82	52	112	244	202	145	76	69	86	94	120	73	76	104	100	299	150	354	123	100	97	220	183	237	124	162	50	312	130	286	89	474	238	145	119	91	79	84	34	39	24	12	57	202	65	59	55	390	233	216	175	150	205	162	133	289	254	101	205	196	238	229	265	137	164
hsa-miR-6729-3p	33	25	9	11	24	61	111	48	60	35	53	61	33	19	28	23	6	20	16	55	22	4	7	39	8	38	10	56	42	39	23	17	17	34	45	31	20	10	14	19	22	54	52	25	27	40	46	49	53	73	30	68	27	48	47	78	79	54	39	65	54	28	33	74	49	43	18	92	7	69	48	31	25	7	12	35	8	13	13	2	2	30	16	10	11	76	44	69	31	31	44	30	25	28	56	33	39	17	52	37	66	29	52
hsa-miR-6729-5p	7	9	11	5	13	33	40	21	26	10	36	28	15	11	15	10	8	8	7	15	20	5	10	10	2	44	6	21	46	22	10	8	16	11	23	17	8	2	10	12	21	26	11	6	19	17	16	15	18	21	16	16	3	40	25	33	34	16	15	27	21	9	14	27	12	35	5	34	2	26	21	32	10	1	12	15	6	2	1	2	2	31	10	10	18	37	27	19	10	10	10	17	10	19	32	11	14	16	13	14	23	18	17
hsa-miR-6730-5p	11	19	8	4	14	12	28	21	25	11	29	25	24	8	26	13	4	18	11	22	21	8	5	12	8	39	10	57	32	35	19	19	19	41	19	11	12	14	16	10	19	31	47	15	6	17	22	25	23	9	18	15	7	47	19	42	17	26	23	46	51	22	12	24	16	30	16	53	17	63	62	51	19	10	23	34	4	20	7	4	3	61	13	17	6	47	53	50	23	14	18	37	17	36	37	18	36	19	37	44	50	30	41
hsa-miR-6731-3p	42	28	11	6	13	16	11	64	32	7	16	11	13	13	7	20	10	13	18	10	12	11	6	25	9	32	22	18	22	28	15	31	10	20	23	18	7	10	11	10	8	33	22	11	10	15	12	23	23	3	25	9	11	71	15	16	20	14	17	22	31	8	25	14	9	36	16	81	5	36	323	9	10	10	8	67	5	13	3	4	2	22	10	7	3	38	179	54	8	6	10	19	9	21	15	9	21	14	11	17	39	10	13
hsa-miR-6731-5p	31	17	6	6	17	15	14	33	39	8	19	18	15	16	10	16	7	26	15	10	18	6	13	20	19	22	14	26	89	20	9	18	15	13	27	16	5	9	1	12	9	36	20	8	15	10	9	11	17	13	8	12	5	55	12	20	21	10	8	23	15	15	10	15	8	50	5	79	6	26	42	16	8	11	21	14	6	6	0	4	2	25	8	7	11	67	68	30	18	5	7	20	12	9	19	14	20	22	18	21	36	19	29
hsa-miR-6732-3p	48	48	25	5	33	57	92	77	85	34	91	93	76	28	62	25	14	44	21	74	27	14	22	113	10	90	21	27	20	10	11	15	8	20	61	40	9	7	17	7	18	81	32	32	15	59	54	72	81	167	89	77	37	92	90	82	135	49	63	62	60	46	33	85	123	31	12	38	3	51	40	22	11	11	21	13	6	9	4	0	8	27	10	7	7	52	33	26	20	9	22	21	12	20	31	19	30	14	13	17	50	11	26
hsa-miR-6732-5p	8	2	0	0	2	5	9	6	4	8	0	0	0	0	0	0	0	0	0	0	0	0	0	0	1	0	0	7	0	0	0	0	10	0	0	0	0	0	0	0	0	0	0	0	0	0	0	0	0	7	6	3	3	9	4	5	9	0	2	10	0	4	2	0	0	0	0	17	0	9	7	5	3	0	0	0	0	0	0	1	0	0	0	0	0	10	0	0	0	0	3	0	0	0	3	0	7	0	0	6	0	0	0
hsa-miR-6733-3p	10	19	5	3	3	16	25	12	23	9	14	11	5	0	2	6	7	24	3	4	10	6	1	9	3	20	4	8	0	16	5	0	6	5	26	23	6	3	6	6	9	32	12	12	8	10	19	20	19	36	26	16	6	22	23	31	34	16	21	22	25	5	7	18	42	7	2	26	0	13	10	4	0	2	0	0	0	0	0	0	0	10	0	0	2	6	12	13	0	0	11	0	6	4	18	0	3	0	17	3	13	15	10
hsa-miR-6733-5p	21	8	2	0	7	5	8	14	5	3	7	8	10	13	10	7	2	7	5	11	0	0	0	4	3	19	7	4	0	0	0	0	0	2	0	4	2	7	2	5	1	18	5	10	2	8	4	13	5	3	7	2	7	17	8	17	6	11	7	8	4	6	15	6	2	9	7	29	3	16	10	2	0	1	0	0	0	0	0	0	3	12	0	0	3	0	0	10	0	0	3	0	4	0	0	0	13	0	0	0	0	4	0
hsa-miR-6734-3p	13	12	3	4	8	9	21	18	25	11	16	15	4	7	7	8	6	10	12	8	9	1	9	7	4	32	9	21	16	6	0	4	4	9	15	11	7	7	3	18	7	21	14	11	7	12	12	13	7	14	12	11	6	18	13	18	19	12	9	19	18	15	21	20	12	20	5	33	1	15	12	12	5	0	0	0	0	0	0	0	4	20	0	3	7	16	16	16	0	0	9	7	7	5	18	0	7	0	5	10	22	7	12
hsa-miR-6734-5p	45	18	14	5	36	61	49	48	197	20	36	36	27	51	44	46	34	84	39	18	30	19	12	29	16	42	31	52	105	43	27	23	20	51	43	22	15	22	22	24	45	81	29	43	49	32	52	20	40	26	47	33	28	117	30	73	24	36	25	40	44	28	29	42	27	163	48	88	29	111	223	25	7	24	37	57	13	9	8	4	12	53	20	20	26	75	40	40	60	3	11	40	38	60	63	89	40	76	43	48	71	27	36
hsa-miR-6735-3p	5	15	10	1	8	10	7	9	33	5	6	16	9	3	2	9	7	10	8	6	19	14	3	5	5	37	11	3	10	13	0	5	13	11	24	10	2	4	3	5	5	31	7	8	8	7	5	11	16	7	11	11	10	13	6	12	13	14	14	11	15	10	10	13	4	14	5	27	8	19	93	10	6	7	7	12	0	2	1	0	4	18	3	3	3	21	87	27	8	10	10	6	5	11	13	2	1	13	8	6	19	7	5
hsa-miR-6735-5p	13	11	3	2	28	68	103	21	66	24	40	42	24	9	23	42	16	23	15	19	13	10	8	26	16	32	16	14	37	12	0	13	11	14	35	20	6	7	7	5	10	62	14	29	28	31	47	30	54	117	78	54	27	64	59	61	116	46	52	87	63	74	53	75	79	35	37	32	45	47	18	14	6	6	28	8	5	0	0	2	6	35	12	10	12	13	13	0	32	6	9	4	12	25	33	27	18	14	26	17	26	4	12
hsa-miR-6736-3p	6	16	5	5	2	5	11	13	12	3	11	12	5	8	10	4	4	9	6	5	10	4	8	5	3	5	4	32	19	16	0	10	8	10	5	4	15	9	5	5	7	21	21	17	22	7	8	18	15	5	11	14	7	83	12	14	9	9	10	27	7	10	1	6	5	25	8	42	4	45	11	6	0	7	5	8	1	9	1	1	0	33	0	7	0	20	24	29	11	8	5	0	3	20	8	9	10	13	11	8	21	26	14
hsa-miR-6737-3p	53	31	11	3	43	10	15	71	19	6	16	15	18	20	13	58	16	97	39	13	34	18	8	15	35	17	23	20	24	31	0	19	23	37	20	8	5	9	13	10	18	37	22	17	16	9	16	11	16	3	13	18	3	147	16	26	17	21	10	25	22	11	8	11	4	39	9	67	6	71	28	19	6	10	17	18	4	4	4	2	7	23	0	9	14	33	29	27	9	3	7	20	7	19	35	22	23	13	21	17	40	13	30
hsa-miR-6737-5p	51	34	19	9	17	21	37	46	63	24	44	20	20	32	30	29	8	29	18	10	19	10	17	10	27	45	9	29	21	20	22	27	18	19	21	27	7	6	17	12	14	36	43	15	15	28	16	16	34	19	14	28	14	39	22	34	27	17	19	36	24	18	11	27	15	39	12	104	3	43	85	36	16	7	8	24	8	14	7	7	6	38	8	5	5	36	65	49	11	12	21	34	10	19	25	13	24	15	14	32	41	26	25
hsa-miR-6738-5p	26	29	9	7	7	9	14	44	25	11	22	15	13	20	12	6	4	16	11	4	7	3	5	4	9	38	10	20	13	21	14	14	9	11	26	14	4	5	6	7	7	27	12	17	4	10	8	18	13	5	11	8	4	73	10	11	11	16	10	13	9	10	18	12	5	15	9	100	3	24	164	13	0	16	12	29	0	8	4	0	2	21	5	0	3	18	75	22	15	13	17	13	10	16	24	5	13	6	25	3	22	13	12
hsa-miR-6739-5p	19	32	8	4	11	9	10	17	25	19	44	35	3	2	13	3	2	8	12	10	9	3	2	3	5	14	6	9	16	9	0	2	6	22	3	10	3	6	3	5	12	16	10	8	15	11	24	7	32	0	0	0	0	0	0	0	0	0	0	0	4	0	0	0	0	10	7	25	4	22	9	13	7	4	0	0	3	0	0	1	1	17	2	2	1	32	8	16	0	0	9	0	6	8	18	0	5	0	4	14	10	11	6
hsa-miR-6740-3p	6	1	1	0	2	7	13	9	3	1	0	6	2	6	5	4	5	5	4	3	0	0	0	1	0	15	2	4	0	7	0	0	0	0	5	0	0	0	0	4	0	10	0	9	1	6	2	7	5	6	3	5	1	16	7	23	9	2	7	7	6	5	4	0	4	9	0	15	0	11	0	1	0	0	1	10	0	0	0	0	0	0	0	2	0	0	12	17	0	0	0	0	0	0	0	0	0	0	0	0	11	0	0
hsa-miR-6740-5p	9	14	6	3	8	14	21	11	32	30	33	30	14	6	13	3	1	10	3	23	11	0	4	16	3	27	8	89	79	52	28	41	21	26	31	40	14	17	15	14	21	69	93	23	12	28	23	24	35	24	15	22	6	32	43	163	34	29	25	40	40	42	13	58	6	60	15	89	1	70	58	70	27	14	28	29	3	21	19	2	4	63	16	16	13	160	76	70	26	45	45	58	11	38	40	17	62	29	30	44	100	61	59
hsa-miR-6741-3p	20	25	14	7	36	21	22	40	57	16	32	14	11	12	13	72	51	33	40	10	20	11	6	14	5	22	45	23	38	31	19	11	18	24	29	14	16	9	16	14	18	53	11	43	28	12	57	16	20	20	30	16	23	47	19	24	26	13	9	24	20	27	22	20	25	53	53	95	71	67	46	15	5	11	38	9	20	24	12	19	10	56	14	27	3	49	25	37	45	6	11	45	77	26	4	15	14	7	9	21	48	20	17
hsa-miR-6741-5p	14	12	5	5	24	22	28	39	27	6	17	12	7	26	9	34	16	31	27	6	13	12	5	19	9	21	12	19	34	21	13	20	10	15	10	6	7	11	6	13	12	34	14	16	28	13	45	7	13	3	25	10	10	31	12	25	11	10	7	17	24	18	9	16	8	29	27	39	31	49	21	14	4	2	37	4	9	2	4	1	8	45	0	5	5	22	10	26	34	2	2	7	17	36	8	35	9	18	11	20	17	15	9
hsa-miR-6742-5p	8	8	4	4	9	18	28	14	42	14	25	38	10	7	12	7	2	7	4	18	3	6	4	37	4	49	3	18	17	11	6	18	17	12	39	38	13	7	12	11	17	61	22	13	7	10	14	34	30	26	22	25	16	49	21	28	25	15	21	34	25	11	45	39	21	20	6	25	5	22	226	23	8	7	8	55	4	18	2	5	3	16	6	7	2	35	153	37	7	10	14	3	11	27	17	15	26	7	36	5	24	8	9
hsa-miR-6743-3p	65	43	21	7	27	69	148	55	148	68	106	114	150	41	162	27	4	34	23	232	36	7	17	318	33	207	9	20	25	8	5	14	7	22	79	71	11	5	12	16	24	134	49	32	36	81	57	83	94	115	87	115	30	174	88	123	149	46	63	97	76	33	65	182	150	45	5	65	6	37	28	33	12	12	17	20	17	15	6	1	2	23	0	5	5	32	27	36	15	2	18	10	10	11	21	10	15	8	22	17	32	16	9
hsa-miR-6743-5p	7	8	2	6	3	23	23	9	20	12	21	7	12	7	7	15	5	8	6	11	12	2	2	11	3	25	4	39	28	27	15	9	26	25	24	18	13	13	9	15	30	24	16	18	7	16	17	16	23	13	8	20	13	19	11	12	12	12	21	43	40	7	12	14	9	30	10	42	4	31	39	25	5	5	9	19	7	13	1	4	3	27	3	13	5	36	33	36	23	9	20	12	6	7	45	20	46	15	20	22	24	18	19
hsa-miR-6744-5p	10	3	8	3	6	4	13	15	19	4	12	5	3	5	4	6	0	7	3	1	6	3	2	8	2	12	2	6	0	0	1	11	0	0	8	0	0	0	0	13	0	15	6	3	2	6	6	6	8	7	4	9	2	10	2	21	11	5	0	14	7	0	4	5	4	11	0	38	0	18	17	6	2	1	3	3	1	0	0	0	0	0	0	1	0	13	0	12	0	0	6	0	2	10	4	0	10	1	12	0	12	3	0
hsa-miR-6745	25	17	6	4	7	17	33	32	37	10	20	24	9	11	6	17	2	11	7	8	14	3	3	15	5	35	8	5	17	17	13	4	7	0	14	17	6	6	4	3	6	21	19	6	13	12	18	16	33	35	24	26	10	44	17	33	39	22	18	33	22	9	11	19	21	18	9	23	1	18	43	11	5	8	1	4	3	0	0	0	0	13	3	3	3	16	25	18	0	0	12	0	3	9	11	0	11	8	0	5	10	10	7
hsa-miR-6746-3p	41	27	19	3	34	57	43	61	37	9	30	18	12	16	16	26	20	44	30	14	28	10	13	17	24	42	18	22	36	27	5	15	10	32	37	27	6	14	12	11	13	70	22	16	8	11	12	31	12	10	13	19	7	543	22	31	37	30	15	32	30	8	16	20	14	45	10	114	2	46	224	16	15	9	8	33	4	6	3	2	1	35	9	6	2	27	160	49	17	10	16	16	13	26	33	6	21	12	49	19	29	13	20
hsa-miR-6746-5p	18	14	9	2	13	23	30	22	19	6	15	12	9	12	21	13	3	18	5	10	15	6	6	10	4	32	10	14	19	14	0	0	9	0	20	22	7	1	1	11	13	42	11	5	4	11	8	11	21	9	8	11	9	19	6	13	16	14	8	12	17	6	6	6	8	18	2	33	6	26	51	10	6	9	0	0	4	0	0	0	1	11	5	4	3	19	39	28	8	9	14	19	4	12	28	2	13	7	6	17	17	11	9
hsa-miR-6747-3p	24	11	11	4	53	23	22	52	40	5	29	9	11	10	13	67	33	26	20	8	34	19	12	5	16	22	35	5	28	10	15	11	10	24	13	4	25	11	16	14	11	46	18	27	48	14	18	20	12	25	45	18	20	31	15	28	17	12	10	18	11	37	12	8	30	42	41	50	50	50	17	13	4	8	25	5	1	7	6	0	8	31	0	17	6	31	17	19	25	4	8	7	28	23	19	18	15	9	1	23	28	6	7
hsa-miR-6747-5p	14	15	9	6	3	7	10	25	13	5	17	12	7	6	8	15	7	10	12	2	10	2	1	15	6	15	8	11	14	14	4	3	24	16	12	6	1	1	18	8	8	23	17	8	10	4	6	8	16	5	11	9	5	15	12	20	10	12	15	20	17	4	10	7	7	17	12	25	7	24	15	14	4	6	6	11	1	0	0	1	5	15	0	7	3	24	17	15	8	5	12	17	13	25	22	13	15	6	12	17	27	10	15
hsa-miR-6748-3p	8	7	1	2	5	9	11	14	16	6	10	4	1	7	4	7	3	3	5	2	3	1	3	8	2	18	4	17	15	18	9	8	9	13	12	15	3	6	10	13	17	30	14	9	9	9	6	12	12	12	7	10	5	71	9	23	7	8	14	23	21	10	3	6	3	14	10	61	3	35	28	23	10	11	8	8	0	0	0	0	1	22	0	4	5	31	14	43	7	17	9	20	13	4	10	11	15	8	21	12	33	6	9
hsa-miR-6748-5p	47	34	9	15	22	36	81	52	39	28	37	35	18	13	17	14	22	23	7	12	19	1	7	28	13	33	8	9	27	14	11	17	15	28	28	25	10	17	13	7	5	57	34	18	26	26	21	29	40	87	66	56	15	125	44	54	67	27	39	63	51	21	21	56	32	15	10	75	1	28	22	16	15	5	11	10	2	9	2	2	3	15	9	4	6	48	27	44	19	11	22	15	16	20	9	10	20	21	8	25	33	18	16
hsa-miR-6749-3p	13	3	0	0	2	9	28	10	21	8	11	24	8	3	4	10	3	3	1	8	2	1	1	13	1	14	5	10	0	16	0	9	2	4	14	0	0	0	0	3	0	22	11	5	16	5	7	9	16	16	17	21	9	12	13	14	22	12	9	27	13	13	18	17	24	8	5	33	2	9	23	10	4	2	19	3	1	0	0	2	0	0	7	3	0	14	11	0	12	3	7	0	3	0	0	5	20	6	12	4	0	4	4
hsa-miR-6749-5p	70	47	21	4	39	73	150	127	79	39	117	112	68	40	57	32	7	52	15	54	48	20	23	75	17	102	28	181	89	102	77	73	91	176	85	92	31	42	60	42	79	159	123	62	46	71	70	113	116	77	73	97	46	227	120	243	139	230	275	349	357	130	98	179	104	170	44	254	21	192	215	129	77	56	63	106	28	61	45	15	13	174	46	36	16	215	245	209	84	51	69	117	38	129	157	78	192	92	172	149	159	89	115
hsa-miR-675-3p	30	20	4	10	23	10	22	31	29	14	28	10	4	15	6	17	7	14	10	8	15	8	5	13	18	25	10	8	27	15	8	0	5	13	13	7	7	2	6	5	16	19	13	10	8	10	6	12	10	8	6	12	4	29	9	14	17	13	6	15	9	5	2	4	7	13	0	140	6	16	64	13	4	3	0	0	7	0	0	3	2	14	5	2	4	41	20	19	6	0	7	6	4	4	18	11	14	17	20	9	18	17	7
hsa-miR-675-5p	6	12	2	10	14	13	17	18	10	8	20	12	4	9	7	4	5	16	7	5	11	3	2	9	6	22	13	10	14	7	0	7	6	13	11	5	3	6	5	5	12	17	10	12	8	10	10	15	14	13	6	7	6	20	4	9	25	13	6	16	8	8	5	8	4	13	0	32	4	14	79	5	6	6	6	11	1	2	2	1	1	13	6	6	2	14	53	18	10	7	7	12	6	13	10	5	5	0	10	15	16	0	10
hsa-miR-6750-3p	1	6	6	3	6	17	30	20	20	12	29	38	9	13	14	12	5	17	10	4	12	8	6	10	5	16	5	13	13	7	0	7	11	9	15	11	5	4	3	8	8	28	13	4	9	11	6	17	17	8	9	15	7	18	8	17	16	18	44	52	48	13	8	25	11	21	3	26	1	16	19	11	3	6	12	11	2	6	6	0	3	17	0	4	5	22	15	16	18	3	8	12	12	9	30	13	20	0	6	15	22	14	17
hsa-miR-6750-5p	19	9	7	1	10	13	26	12	30	16	17	15	8	7	14	7	1	17	12	11	16	5	3	15	3	23	7	7	33	7	0	1	11	0	10	6	1	2	4	2	3	14	6	12	10	12	15	10	14	38	19	13	7	28	28	19	30	10	7	28	13	14	11	23	28	24	5	56	8	11	13	6	2	3	0	0	1	8	1	0	1	13	0	2	2	29	10	13	0	0	13	9	9	8	0	0	2	19	10	7	8	9	6
hsa-miR-6751-3p	6	7	0	0	8	2	8	4	5	2	9	5	3	8	2	8	1	4	3	6	0	0	0	8	6	6	2	13	15	11	0	1	4	0	0	3	0	10	4	3	5	9	9	6	3	1	0	0	6	7	6	5	5	15	8	34	7	11	4	4	9	7	3	0	2	0	0	15	1	0	11	0	6	4	13	6	0	4	4	0	0	16	0	2	5	12	10	18	0	0	7	0	3	0	0	0	0	0	5	10	16	0	11
hsa-miR-6751-5p	41	43	15	6	20	8	8	27	12	10	17	12	14	17	12	15	6	15	14	6	32	10	11	9	15	18	14	10	18	7	0	1	9	14	24	13	2	2	2	8	6	28	15	4	6	12	12	17	17	13	10	9	1	28	4	16	21	12	13	14	13	9	10	9	7	9	5	22	5	14	27	11	0	5	5	14	0	0	0	0	3	12	0	1	0	17	47	22	0	0	8	11	4	4	20	0	7	11	12	18	14	5	13
hsa-miR-6752-3p	40	16	2	5	10	21	19	54	32	6	17	11	14	22	14	11	11	15	10	14	21	13	4	15	11	37	15	22	51	45	14	24	29	40	19	16	12	15	13	10	23	42	33	22	10	21	15	15	24	14	28	27	14	57	19	53	18	27	23	34	36	12	12	18	9	53	15	40	7	40	58	43	7	9	21	23	7	13	9	1	4	51	11	7	15	54	38	43	15	16	34	28	17	30	71	28	46	33	32	38	60	25	34
hsa-miR-6752-5p	43	40	11	4	11	24	34	42	12	8	11	11	14	5	13	9	2	16	8	43	16	7	8	4	6	24	12	12	18	7	8	11	13	15	8	11	4	5	6	5	7	15	12	7	12	3	11	7	16	6	7	12	3	12	9	11	21	6	8	51	13	7	4	8	3	18	3	24	2	11	16	7	5	0	0	0	4	0	0	1	0	16	0	3	6	17	15	17	0	0	3	13	4	10	20	0	16	11	7	14	27	11	13
hsa-miR-6754-3p	18	17	0	6	6	2	12	50	0	0	12	2	0	0	0	19	11	7	5	0	11	0	4	0	3	0	4	4	0	0	0	0	0	0	0	0	0	0	0	1	0	10	15	4	5	4	4	9	7	5	6	9	4	11	9	7	3	10	5	4	0	2	4	0	4	6	0	33	0	6	0	4	0	1	0	0	0	0	0	0	1	14	0	0	2	15	0	10	0	0	0	6	0	4	0	0	0	19	6	0	9	4	8
hsa-miR-6754-5p	19	27	7	0	12	51	79	24	48	18	37	43	13	11	15	25	6	17	13	12	22	10	9	24	7	27	11	32	103	56	22	23	16	15	33	19	13	17	15	6	16	56	39	10	19	31	18	19	52	28	21	22	11	49	26	50	28	37	15	51	37	39	16	58	20	100	21	63	9	69	74	17	19	9	35	20	5	12	5	0	6	73	23	12	5	79	67	58	27	23	31	37	15	38	27	16	28	15	17	44	76	33	18
hsa-miR-6756-3p	95	53	35	9	80	49	98	145	105	52	74	58	59	55	56	50	22	82	28	55	61	28	27	86	36	87	33	62	39	35	26	31	59	78	86	47	26	10	48	39	44	123	70	44	74	47	45	54	63	79	58	52	22	2268	69	81	83	54	55	80	66	40	46	53	37	86	28	358	14	69	69	57	37	15	35	40	24	28	14	21	12	68	23	11	45	81	87	90	30	20	38	64	14	44	112	73	65	64	79	42	76	32	40
hsa-miR-6756-5p	15	4	10	0	10	6	29	20	24	16	17	12	3	5	8	10	6	12	4	10	8	2	4	16	9	19	12	11	0	11	0	0	8	5	17	7	3	6	6	4	11	17	12	8	6	11	8	5	8	11	5	9	5	20	11	6	8	11	14	16	8	8	5	9	7	14	4	27	5	11	9	8	4	0	0	0	0	5	1	3	2	10	0	2	1	15	25	0	0	0	0	11	0	10	15	0	0	0	3	3	5	0	9
hsa-miR-6757-5p	44	52	23	17	31	18	35	60	67	28	68	45	42	18	35	47	10	56	21	23	36	9	12	15	27	37	16	36	86	32	18	22	38	28	38	24	20	16	16	16	19	64	52	39	20	25	35	43	53	47	33	59	10	65	45	99	47	59	57	59	72	36	21	56	21	75	15	243	11	63	55	21	16	14	22	24	11	13	4	1	8	32	13	16	14	87	73	84	35	19	30	30	15	38	38	18	47	46	24	34	40	54	30
hsa-miR-6758-3p	14	9	7	2	6	12	19	21	25	1	16	7	9	8	4	9	10	9	6	10	4	1	2	6	6	8	2	12	0	10	12	7	4	10	27	13	6	4	9	5	7	31	15	8	8	5	11	9	18	33	9	12	7	12	6	27	24	10	15	12	10	3	2	8	13	10	7	22	1	11	14	17	2	0	0	0	1	10	2	5	2	10	0	0	1	15	6	0	12	5	0	9	0	7	10	9	0	4	23	20	10	12	18
hsa-miR-6758-5p	23	26	11	5	10	11	6	39	22	13	26	18	18	19	27	26	10	25	12	21	17	9	7	9	12	20	9	21	25	33	5	8	19	14	14	3	6	14	20	13	15	40	18	16	14	13	15	11	14	6	15	27	8	154	10	26	12	14	11	24	22	15	8	16	6	41	15	64	9	51	27	12	8	3	7	11	1	4	6	3	6	23	10	6	6	31	30	40	15	2	5	15	4	29	15	18	38	24	22	12	19	14	15
hsa-miR-6759-5p	11	8	0	0	8	8	6	16	19	9	18	1	4	5	5	6	0	3	3	4	0	0	0	9	2	17	4	4	0	0	0	6	0	0	6	0	0	0	0	3	0	10	9	4	5	9	5	1	3	4	10	7	0	17	5	18	9	2	2	8	5	2	9	8	7	9	0	6	3	10	67	8	0	0	0	0	0	0	0	0	0	0	0	3	0	9	19	0	0	0	0	0	0	1	11	0	0	5	0	0	6	0	0
hsa-miR-676-3p	9	29	17	3	13	60	155	24	52	19	30	29	10	7	14	11	8	15	13	17	18	3	7	14	16	13	5	7	13	0	0	21	10	10	38	35	4	5	6	5	9	69	18	13	15	29	45	39	68	117	76	90	28	51	47	53	103	40	42	62	60	18	17	49	82	19	14	33	4	10	14	7	3	5	10	4	0	0	0	1	1	16	0	2	3	30	10	14	12	1	5	0	5	11	12	9	10	7	8	10	15	12	15
hsa-miR-676-5p	12	12	7	4	10	13	15	20	98	9	15	13	6	12	8	9	4	10	2	7	8	2	2	6	14	18	6	15	0	9	0	3	7	7	11	14	2	7	8	8	8	28	15	5	13	4	4	17	14	8	18	15	4	19	11	19	15	11	12	19	11	16	2	11	11	13	7	20	4	14	9	12	8	3	3	11	1	0	0	5	2	24	0	3	3	17	3	11	11	5	11	10	1	14	26	5	21	0	0	6	10	11	21
hsa-miR-6760-3p	34	31	9	5	10	23	21	42	27	4	15	25	15	14	9	16	17	23	8	6	14	2	9	11	10	19	12	12	20	15	11	9	8	22	13	8	4	2	7	8	12	16	23	17	11	9	8	8	15	10	17	16	3	33	6	26	11	8	10	22	15	18	7	13	10	21	7	71	15	24	19	10	13	8	12	9	0	4	2	0	2	10	0	0	3	16	18	27	0	0	8	10	7	15	28	0	15	18	14	10	23	8	13
hsa-miR-6760-5p	11	12	8	4	12	14	11	26	12	1	9	11	4	10	8	7	0	22	3	3	15	7	1	9	8	10	4	0	0	0	0	0	0	11	12	0	0	0	0	4	0	18	3	1	5	3	8	11	10	17	5	10	5	18	3	6	4	5	8	24	9	4	6	10	6	6	0	26	0	12	9	4	4	4	0	0	3	0	0	2	0	0	0	0	0	11	0	13	0	0	8	13	1	3	6	0	13	0	13	0	13	0	0
hsa-miR-6761-3p	12	18	0	4	6	2	7	19	32	3	11	8	16	3	4	4	3	8	2	9	2	0	5	5	6	6	7	0	11	0	0	0	0	0	0	0	0	0	0	4	0	10	8	13	2	8	7	8	6	5	5	10	1	8	8	16	9	3	7	17	6	5	4	10	2	14	5	21	3	12	9	7	3	0	0	0	0	0	0	1	0	0	0	0	0	7	0	0	0	0	4	0	5	3	6	0	10	11	12	0	0	0	0
hsa-miR-6761-5p	11	6	6	1	5	11	10	26	12	12	13	5	5	6	5	9	6	13	5	0	1	6	2	5	8	7	5	7	0	14	5	5	4	0	11	6	3	3	0	4	6	21	13	7	4	2	8	8	13	11	2	8	2	88	9	19	11	7	4	18	12	8	8	10	6	6	0	133	1	6	6	10	5	0	0	0	2	0	0	1	0	16	0	0	5	18	0	12	0	0	5	0	8	0	0	0	7	0	0	10	14	0	0
hsa-miR-6762-3p	5	8	0	2	11	14	6	9	0	0	0	4	2	4	10	0	0	0	0	6	10	1	7	3	6	12	0	5	0	0	0	0	0	0	0	0	0	0	0	1	0	10	6	2	7	4	0	0	9	8	1	5	0	0	1	16	6	5	3	7	0	6	0	5	3	0	0	23	3	13	0	5	3	0	0	0	0	0	0	0	4	10	0	0	1	0	10	0	0	0	4	0	2	4	0	0	0	11	0	0	0	0	0
hsa-miR-6763-3p	9	7	9	1	19	48	55	28	89	25	57	44	9	7	8	20	10	26	20	11	24	15	9	19	7	27	10	7	18	16	7	8	13	0	39	27	22	13	11	15	21	66	26	40	42	42	50	33	49	54	54	76	26	75	63	59	70	35	49	67	40	26	21	58	70	20	13	90	14	34	9	13	10	2	0	0	3	0	0	1	1	52	5	10	3	23	8	12	10	6	9	23	18	13	11	5	12	4	14	17	29	18	8
hsa-miR-6763-5p	14	9	2	2	18	6	10	23	6	6	12	10	5	7	10	15	5	20	8	3	25	6	5	4	5	7	8	12	17	7	11	10	10	10	6	6	4	10	3	6	6	16	4	10	20	7	17	5	6	10	15	11	8	14	6	16	8	12	1	13	10	4	4	9	9	16	8	30	8	26	18	6	4	10	7	3	1	0	0	0	2	17	0	4	2	17	11	16	18	6	7	8	10	9	12	25	3	8	10	8	20	0	11
hsa-miR-6764-5p	4	5	3	4	33	9	17	18	20	5	16	14	5	10	6	41	19	41	18	3	11	5	1	5	6	9	20	0	25	9	8	11	7	0	7	4	9	2	4	10	5	27	10	9	8	6	46	10	15	10	25	11	14	24	20	11	12	10	6	17	11	55	16	16	26	30	28	33	54	51	18	6	4	3	15	6	10	0	0	0	7	10	0	0	2	7	6	8	18	4	3	5	9	49	19	48	13	8	15	6	20	7	5
hsa-miR-6765-3p	9	5	3	1	6	15	13	20	24	5	13	13	6	6	9	7	3	7	6	7	9	7	0	8	11	19	2	6	15	13	10	9	8	11	27	22	2	2	4	2	7	33	11	9	3	9	7	16	17	10	17	16	2	17	10	22	22	7	11	23	7	2	13	13	6	11	5	19	4	20	86	5	5	3	3	11	1	0	0	0	0	20	1	5	0	25	55	24	7	3	13	8	7	21	0	2	10	10	6	9	21	3	11
hsa-miR-6765-5p	8	6	8	2	77	32	20	39	26	9	18	9	10	21	10	83	30	63	60	6	30	31	11	6	16	19	32	19	0	10	0	8	5	13	9	0	0	0	0	5	0	10	5	3	4	6	6	4	6	3	4	3	3	14	6	6	8	5	4	10	7	6	2	5	1	10	5	22	2	18	12	8	0	1	0	0	0	0	0	0	0	0	0	0	0	13	18	11	0	0	12	18	1	5	12	0	11	0	2	10	14	0	11
hsa-miR-6766-3p	9	13	11	0	11	38	85	23	38	12	9	15	8	2	6	7	4	13	4	13	13	5	4	18	7	23	4	6	0	0	0	0	0	10	7	12	5	6	1	2	2	23	22	14	20	28	31	28	45	74	66	43	14	59	60	80	84	32	22	46	40	30	15	39	57	13	0	33	3	12	0	5	0	0	10	6	0	0	3	0	0	0	0	2	0	0	0	0	4	2	6	0	4	3	0	10	26	6	0	0	0	7	0
hsa-miR-6766-5p	21	107	16	13	14	30	59	54	40	10	30	35	16	26	19	12	23	6	14	11	12	22	32	20	16	36	10	34	128	32	16	8	11	18	23	16	10	13	8	5	14	51	20	9	15	29	17	18	32	51	36	31	20	48	27	42	37	31	25	42	43	27	15	50	24	69	14	108	2	26	28	42	14	8	5	16	0	13	10	0	7	28	12	12	5	66	51	45	23	9	19	29	9	38	16	13	86	29	13	15	29	13	17
hsa-miR-6767-3p	11	13	3	0	9	12	5	12	37	8	16	7	5	5	10	8	4	10	8	11	6	4	0	5	6	10	5	8	11	12	1	4	12	15	10	0	0	0	0	1	0	12	17	7	6	1	8	19	14	9	8	8	9	18	7	20	7	17	2	24	9	3	9	13	5	14	5	38	3	11	0	6	3	2	0	0	1	0	0	0	0	0	0	2	0	16	11	0	0	0	4	0	4	15	22	0	15	0	0	6	8	0	0
hsa-miR-6767-5p	19	15	7	10	13	11	33	21	30	10	15	16	11	13	10	33	4	20	16	11	11	8	14	16	11	35	22	22	31	20	16	25	13	11	15	18	5	7	13	10	11	40	15	9	10	17	8	17	28	10	20	17	24	41	22	26	18	29	8	31	18	35	50	18	18	45	11	61	30	64	109	26	11	8	64	27	8	7	2	5	10	36	8	8	5	35	109	44	27	11	23	10	17	24	23	12	19	21	38	14	38	23	19
hsa-miR-6768-3p	0	6	3	2	4	4	17	11	22	2	11	10	4	13	5	8	2	3	1	1	6	1	4	3	3	10	7	3	10	11	0	0	0	0	10	0	0	0	0	5	0	10	8	1	0	0	8	3	0	7	1	6	1	8	2	7	0	4	11	10	5	9	6	0	1	0	0	25	0	9	0	2	0	4	0	0	0	0	0	0	0	0	0	1	0	12	0	15	0	0	0	0	0	0	0	0	0	0	0	0	0	0	0
hsa-miR-6768-5p	9	8	6	3	3	18	18	8	22	7	18	11	7	7	8	4	4	3	5	7	18	6	5	10	4	32	2	11	11	16	9	11	6	9	28	12	5	5	4	17	9	27	16	5	3	4	10	26	19	13	11	13	9	88	10	21	14	11	15	17	16	11	9	12	5	17	0	57	4	24	66	6	0	3	7	9	0	0	0	0	1	15	6	2	1	27	19	17	0	0	5	5	8	13	36	0	28	12	17	11	22	12	8
hsa-miR-6769a-5p	9	14	3	1	11	6	7	22	15	5	15	12	14	5	6	8	3	3	1	7	6	9	2	9	7	28	5	11	21	14	5	8	4	16	18	16	9	9	4	3	13	30	13	10	1	9	10	15	18	5	20	12	9	33	4	10	25	19	10	22	21	9	18	11	6	17	9	34	4	28	41	32	8	8	6	32	2	7	6	1	2	19	7	5	2	32	88	44	12	4	8	20	11	17	4	4	9	1	6	12	33	12	13
hsa-miR-6769b-3p	8	8	1	1	10	92	149	10	113	49	67	38	41	6	52	6	5	10	5	65	6	4	1	87	3	50	8	7	0	10	0	0	5	0	56	36	0	3	5	2	18	82	35	16	35	64	92	59	104	146	109	123	36	95	167	117	245	58	96	131	116	46	39	111	151	10	7	13	4	16	26	13	9	5	0	0	1	0	0	0	0	0	0	0	0	4	15	14	4	3	0	0	0	0	0	12	0	0	0	4	0	0	0
hsa-miR-6769b-5p	10	16	0	0	8	9	9	0	14	7	7	9	0	0	0	5	0	6	3	0	0	0	0	0	3	0	3	0	0	3	0	3	0	6	0	0	0	0	0	0	0	10	4	5	3	1	6	6	5	6	5	5	7	9	4	9	2	6	3	8	9	2	5	4	7	11	0	18	2	12	12	7	2	0	0	0	1	0	0	1	0	0	0	0	0	14	0	13	0	0	4	0	3	0	11	0	13	0	8	0	0	3	0
hsa-miR-6770-5p	3	6	2	2	4	5	6	9	156	5	3	0	5	1	2	1	2	3	5	4	8	5	1	2	3	8	3	3	11	0	0	5	0	0	0	0	0	0	0	3	0	6	6	4	5	3	8	3	13	3	7	5	5	17	5	5	5	5	4	10	9	3	2	11	5	4	0	68	3	13	7	3	0	5	0	0	0	0	0	0	0	0	0	0	0	15	23	13	0	0	0	0	0	0	0	0	0	0	5	0	0	0	0
hsa-miR-6771-3p	40	26	7	16	44	5	9	82	16	3	17	8	5	33	6	49	11	43	13	10	38	8	10	10	17	11	9	11	13	8	4	0	7	0	9	0	0	0	0	8	0	17	10	9	4	5	7	10	10	9	11	12	7	10	7	15	9	6	8	12	11	8	3	9	4	20	14	52	8	29	12	1	7	9	10	8	7	0	0	0	0	28	0	1	5	26	17	18	0	0	15	0	9	7	30	0	4	18	3	10	14	4	0
hsa-miR-6771-5p	8	0	0	0	2	5	11	8	7	2	7	4	3	3	2	8	2	6	2	5	1	1	2	7	2	12	1	0	0	9	0	4	0	0	12	0	0	0	0	5	0	14	12	8	7	0	2	4	5	5	5	5	6	10	3	13	15	7	2	5	8	4	3	2	3	0	1	36	0	12	23	2	0	1	0	0	0	0	0	0	0	0	0	0	0	7	20	14	0	0	0	0	0	0	0	0	0	0	0	0	10	0	2
hsa-miR-6772-3p	10	6	3	2	49	11	15	18	44	10	18	11	6	8	11	69	31	19	22	3	19	11	6	16	6	19	19	7	24	10	11	13	20	13	22	13	7	18	8	15	8	37	7	30	18	25	44	7	10	16	22	13	22	27	23	20	10	8	9	14	12	56	18	14	31	19	55	20	63	71	39	2	4	15	42	4	6	0	0	4	7	25	15	24	2	22	16	18	50	5	0	8	48	40	11	32	1	11	3	23	20	6	7
hsa-miR-6775-3p	5	13	0	0	2	17	29	18	19	7	7	14	7	5	7	6	2	8	3	23	9	1	0	5	4	17	7	10	15	13	3	5	17	14	11	13	9	5	9	9	15	25	26	15	5	8	6	7	10	16	10	17	3	44	13	20	19	8	6	15	12	16	8	20	3	15	9	34	6	26	17	16	9	6	5	7	1	4	12	1	4	34	7	4	2	34	15	22	12	16	12	16	14	13	23	8	5	20	9	22	24	11	11
hsa-miR-6775-5p	10	8	5	2	11	14	15	15	21	9	13	13	3	12	5	3	10	12	10	10	8	3	2	17	8	32	5	15	11	14	6	7	9	12	28	12	1	3	5	6	5	21	14	7	18	8	7	11	14	11	9	4	4	14	6	9	14	5	10	13	7	11	3	9	6	21	7	52	2	13	113	14	0	4	11	18	0	0	0	0	1	10	1	1	1	27	52	24	11	3	8	13	1	4	12	5	8	9	24	8	19	10	4
hsa-miR-6777-5p	71	104	23	13	54	13	18	112	35	9	30	44	12	54	8	73	16	110	26	2	89	15	21	13	44	20	28	3	10	12	0	2	12	0	11	13	3	7	12	12	8	31	12	9	12	16	11	5	19	8	4	17	8	31	11	16	11	15	8	18	8	9	6	8	4	24	7	177	11	15	21	5	7	6	10	13	3	0	0	1	3	13	2	5	0	21	18	23	11	5	6	9	3	14	8	5	13	5	15	9	14	12	11
hsa-miR-6778-3p	7	7	0	0	3	16	8	9	11	0	11	4	3	2	4	8	1	8	2	2	3	2	3	2	7	5	2	8	0	6	0	0	0	0	10	0	0	0	0	7	0	21	6	4	4	1	7	6	9	4	3	8	1	10	10	25	8	0	3	12	7	4	0	3	0	11	0	22	0	16	4	11	0	3	0	0	0	0	0	0	0	0	0	0	0	14	15	0	0	0	0	9	0	0	0	0	0	0	15	0	0	0	0
hsa-miR-6778-5p	22	23	7	1	28	74	119	36	169	58	108	70	24	16	53	24	6	34	17	56	10	7	4	67	10	58	7	22	17	15	0	9	13	12	42	48	8	10	9	8	17	82	34	21	37	71	81	77	92	282	144	99	82	122	161	169	195	109	68	153	127	120	55	157	143	33	13	54	5	42	22	18	5	7	18	17	12	4	4	2	3	26	8	4	8	27	14	17	24	11	11	12	8	13	25	13	9	7	16	19	21	18	11
hsa-miR-6779-3p	26	11	9	6	10	10	23	26	23	14	23	20	6	11	11	7	4	5	7	17	19	6	5	7	9	21	5	17	19	23	6	14	8	21	18	12	6	8	12	10	9	29	21	7	16	7	10	7	24	18	16	16	8	428	9	30	18	28	7	38	22	5	5	21	15	32	12	93	3	29	18	24	4	12	11	13	5	4	13	3	0	14	10	6	13	41	24	16	14	9	12	12	8	17	26	17	16	15	23	19	28	13	11
hsa-miR-6779-5p	111	110	35	14	47	12	16	120	37	10	22	12	14	49	8	36	11	69	47	9	41	17	37	7	17	23	41	12	15	0	4	7	11	6	4	4	2	7	1	7	11	25	9	7	18	6	7	7	12	8	17	7	5	32	11	22	7	10	4	22	13	16	7	14	6	17	7	138	7	21	23	10	2	8	10	10	2	2	1	0	1	11	0	1	2	26	18	18	18	5	8	7	7	7	18	17	4	12	6	14	13	11	13
hsa-miR-6780a-5p	12	13	7	1	15	7	13	25	14	14	10	10	5	6	7	10	8	21	6	7	7	9	2	6	6	12	12	16	21	11	12	10	15	10	18	13	7	18	1	7	5	25	13	18	11	9	14	11	15	7	15	16	8	28	18	15	19	9	18	34	18	9	5	22	8	26	17	31	10	27	12	17	3	9	13	4	4	0	0	2	4	27	0	2	5	25	6	16	15	5	11	10	15	27	14	13	13	27	11	17	30	12	8
hsa-miR-6780b-5p	16	5	0	0	9	24	22	30	32	9	19	20	20	8	16	10	11	6	9	13	10	2	2	15	5	34	8	15	29	40	8	11	14	0	17	16	8	8	10	4	16	26	52	25	15	13	11	14	16	14	12	20	6	737	21	34	35	19	10	38	35	20	6	25	6	47	11	42	6	44	32	18	6	4	15	4	38	39	32	34	5	31	18	9	11	45	36	34	12	7	23	95	12	26	32	22	15	28	24	32	35	22	20
hsa-miR-6781-3p	13	9	3	0	1	9	6	3	30	7	8	10	10	7	7	2	4	5	3	5	0	0	0	8	2	11	3	12	0	9	2	5	13	0	15	0	0	0	0	4	0	12	10	7	6	8	7	8	13	13	7	12	3	9	2	12	15	7	9	12	6	6	9	5	2	13	2	18	0	17	13	4	0	10	0	0	0	0	0	0	0	13	0	5	1	14	13	24	0	0	10	13	6	3	11	0	4	0	19	14	8	7	0
hsa-miR-6781-5p	36	21	2	7	25	36	87	72	49	27	29	33	26	15	20	16	5	14	24	19	16	12	6	21	13	51	12	33	49	36	20	13	36	44	29	27	11	21	17	9	37	60	62	25	16	20	25	24	42	36	24	53	18	84	32	54	44	31	38	80	40	23	20	37	26	49	23	273	8	36	70	34	22	11	20	24	4	12	5	8	5	55	13	5	3	67	79	51	41	15	40	38	20	25	42	20	52	22	44	25	58	30	38
hsa-miR-6782-3p	8	4	3	1	4	25	17	7	11	11	23	13	8	4	7	3	4	3	4	10	13	0	0	14	1	22	4	19	18	21	10	7	6	16	10	10	3	2	5	4	14	15	16	14	6	5	14	10	17	22	15	20	7	20	19	66	20	28	18	25	18	10	5	7	16	8	0	23	4	12	22	6	0	6	3	6	0	0	0	0	5	11	0	2	6	19	11	14	0	0	5	10	7	26	30	0	35	8	16	10	17	11	13
hsa-miR-6782-5p	37	20	6	3	9	8	52	28	20	10	13	12	8	8	10	6	4	13	11	9	20	13	2	1	22	22	12	8	0	11	0	8	5	19	5	4	1	5	4	4	4	12	13	7	11	6	4	15	17	4	9	12	7	54	6	13	3	9	7	12	12	11	6	10	5	20	11	88	4	19	13	10	3	2	11	8	4	0	0	1	2	11	0	2	3	14	14	23	0	0	14	13	5	4	14	0	26	17	9	10	6	16	5
hsa-miR-6783-3p	7	3	12	1	10	8	22	7	29	13	33	9	8	3	3	10	13	13	9	6	8	5	2	6	16	30	8	16	51	21	11	2	6	7	2	4	4	5	8	20	13	22	14	8	6	2	7	3	10	7	17	9	3	31	8	7	9	16	9	24	27	13	6	8	11	22	9	35	8	18	15	7	3	3	13	8	0	0	2	0	5	25	4	10	2	26	23	17	0	0	8	0	10	21	0	0	20	5	13	11	8	15	15
hsa-miR-6783-5p	25	65	11	5	16	16	76	38	27	16	38	17	14	3	11	20	13	27	13	7	55	14	6	8	53	31	11	13	28	6	0	11	8	3	17	19	5	9	14	13	11	43	24	11	5	8	30	5	21	15	16	13	21	24	6	36	24	21	16	22	15	27	16	12	13	30	15	66	5	32	16	16	5	5	10	7	6	8	2	0	2	16	8	6	2	22	26	23	16	13	10	16	11	27	12	5	5	15	12	13	13	15	12
hsa-miR-6784-3p	52	41	61	13	62	12	47	44	13	3	10	9	7	16	5	86	9	27	6	9	19	11	9	7	13	12	7	8	13	5	0	1	5	14	9	5	7	1	6	4	1	18	15	8	6	5	6	11	4	10	7	10	4	40	12	22	14	6	8	16	8	5	4	4	7	13	2	27	4	41	10	11	4	4	0	0	3	0	0	1	0	11	0	2	0	22	0	6	10	5	8	0	2	5	14	6	17	4	13	9	7	9	12
hsa-miR-6785-3p	40	24	20	11	14	85	144	65	118	34	97	57	53	23	63	22	8	34	15	73	26	16	10	124	10	79	8	21	15	17	10	8	7	11	45	41	4	12	13	24	16	98	51	40	66	103	68	90	99	200	119	116	39	460	115	123	194	84	82	164	133	47	42	103	132	18	6	167	3	46	28	24	7	10	10	14	9	9	6	0	5	28	11	6	5	45	15	24	6	5	12	10	8	14	11	9	15	12	27	15	18	7	7
hsa-miR-6785-5p	128	56	34	12	48	45	63	119	40	21	47	48	38	27	39	58	13	44	25	32	37	15	24	31	31	54	23	48	36	43	23	19	41	34	62	54	13	14	12	15	19	97	65	49	26	38	56	46	68	93	44	80	26	76	70	92	103	71	71	92	81	36	40	88	97	69	23	71	13	84	63	28	24	16	38	27	13	16	9	4	7	54	13	14	11	123	63	56	35	17	31	28	42	33	66	31	58	46	46	40	57	47	37
hsa-miR-6786-3p	19	22	8	4	10	33	27	29	26	7	25	23	20	8	36	12	6	9	11	21	26	5	3	15	4	34	11	40	49	40	10	20	30	20	20	14	17	20	15	16	20	47	35	25	14	18	15	23	22	11	14	17	15	38	18	48	23	50	26	54	41	18	18	29	9	48	18	77	10	45	83	31	35	9	21	22	3	12	4	2	13	62	13	12	10	50	62	58	22	30	29	16	18	34	55	14	14	25	36	34	61	25	26
hsa-miR-6786-5p	26	5	8	10	7	15	38	19	31	8	16	29	11	15	9	11	8	11	8	11	14	15	5	13	6	20	10	15	20	19	8	6	20	9	33	21	0	8	4	11	13	38	24	9	3	13	18	13	25	13	6	16	4	11	15	17	19	8	18	24	26	9	10	15	7	20	12	45	4	12	20	5	9	8	2	8	4	3	0	1	2	12	11	4	10	27	20	10	13	8	8	14	6	3	25	11	18	11	12	15	17	22	12
hsa-miR-6787-5p	31	30	12	11	18	157	238	48	171	94	166	124	65	7	81	13	10	21	28	65	14	6	5	124	14	97	13	39	48	29	21	31	34	37	59	61	16	18	20	15	26	138	57	66	70	78	186	102	158	319	389	240	112	332	443	356	408	212	200	333	278	463	555	704	601	85	35	134	14	130	58	49	48	42	38	39	17	22	12	5	8	48	14	17	13	78	57	58	36	23	21	41	36	49	30	21	37	35	11	47	50	24	36
hsa-miR-6788-3p	19	27	11	2	25	81	104	48	95	24	39	28	12	12	11	13	3	25	16	18	18	3	9	33	16	53	13	29	27	20	7	9	18	7	33	32	5	8	5	10	15	64	35	33	40	22	53	34	59	85	79	56	23	311	76	103	109	65	36	63	70	26	33	71	91	42	9	113	3	25	22	6	18	4	12	9	4	12	7	0	2	11	5	5	5	25	22	36	12	1	12	12	7	15	23	12	8	16	17	30	17	9	17
hsa-miR-6789-3p	4	10	0	3	8	11	7	11	14	4	9	16	1	2	1	4	5	11	3	3	10	3	0	3	13	12	5	0	0	0	0	0	0	0	14	0	0	0	0	4	0	14	6	3	4	3	10	0	8	6	4	5	5	5	3	13	6	5	1	8	7	1	1	6	3	6	0	57	0	10	6	10	2	1	0	0	0	2	3	0	0	0	0	0	0	13	0	12	0	0	0	0	0	5	8	0	0	0	0	0	0	0	0
hsa-miR-6789-5p	26	10	10	3	167	30	92	57	85	34	62	46	26	35	30	302	71	155	64	33	34	13	9	16	32	93	21	22	39	35	13	9	18	28	32	23	10	17	21	24	32	67	27	33	30	34	34	25	28	28	34	44	23	98	24	35	30	27	20	41	22	31	22	25	37	33	23	221	22	33	29	20	14	11	33	7	25	22	23	31	18	33	12	12	10	60	38	40	31	3	8	73	46	35	27	14	45	17	8	28	60	27	8
hsa-miR-6790-3p	6	13	3	0	5	34	53	22	17	12	27	22	10	7	12	11	4	15	5	15	8	3	1	8	7	31	5	14	17	16	0	17	16	11	27	22	3	4	2	9	9	35	19	11	15	15	10	16	33	19	17	41	6	25	18	41	41	35	21	34	30	16	9	23	22	29	4	45	4	16	50	11	5	4	13	4	3	0	0	2	3	22	0	3	6	31	29	22	13	5	13	0	11	12	19	13	11	17	17	11	26	11	10
hsa-miR-6790-5p	89	58	13	10	24	41	45	114	55	30	58	39	17	27	12	42	16	36	15	12	42	5	12	23	21	53	19	52	74	36	31	20	34	19	37	33	17	20	24	19	22	61	95	46	32	19	43	26	60	12	13	21	18	35	23	38	33	22	21	44	34	18	14	42	17	60	23	714	13	56	42	33	9	10	29	21	13	18	9	2	4	58	12	10	12	101	44	45	16	12	32	25	26	36	52	48	23	15	41	25	48	46	30
hsa-miR-6791-3p	18	19	6	1	23	11	18	31	38	5	14	5	3	12	11	45	17	27	15	3	22	3	4	9	9	21	18	7	12	4	7	5	6	0	0	8	5	7	8	9	6	21	8	7	10	9	26	11	7	13	30	10	16	18	9	12	11	11	10	13	5	11	6	11	15	14	19	15	29	18	15	4	0	3	13	5	0	0	0	0	2	14	0	5	2	15	10	11	20	4	7	2	9	18	15	22	1	13	0	10	13	3	4
hsa-miR-6791-5p	7	10	4	1	6	6	20	12	18	21	16	15	9	3	3	5	0	16	9	3	4	1	2	3	4	16	0	6	0	0	0	0	7	0	0	0	0	0	0	6	0	16	9	5	5	5	0	0	9	9	5	12	4	9	8	9	13	14	11	15	11	7	5	8	10	12	1	23	2	15	11	6	1	2	0	0	2	0	0	0	0	10	0	0	1	12	16	13	0	0	3	10	5	0	0	0	9	7	0	9	17	0	7
hsa-miR-6792-3p	23	20	8	4	51	15	16	42	21	9	24	30	9	23	16	31	5	23	12	6	33	8	5	10	27	16	33	19	31	13	10	15	19	31	25	10	6	8	11	12	12	33	17	18	35	10	15	24	14	13	18	25	7	26	24	20	14	9	10	23	13	18	13	12	7	61	10	72	11	57	28	16	13	7	21	15	3	7	3	4	7	31	9	10	4	41	27	39	21	7	15	24	17	23	19	7	13	21	12	18	30	24	17
hsa-miR-6792-5p	15	15	5	5	10	10	17	29	11	11	11	18	6	7	12	10	9	14	6	7	19	8	1	8	10	14	6	0	0	0	0	0	0	10	17	0	0	0	0	2	0	20	12	8	11	18	12	11	16	36	13	15	7	11	14	16	23	9	14	17	21	12	9	14	20	11	0	20	1	8	10	4	0	1	0	0	0	0	0	0	0	0	0	2	0	19	8	10	0	0	0	5	0	0	0	0	0	0	19	0	11	0	0
hsa-miR-6793-3p	13	15	12	2	11	45	84	31	42	20	18	34	11	4	13	15	4	15	3	10	11	4	5	4	9	17	8	18	0	7	8	25	11	16	57	44	1	6	8	7	9	79	30	18	19	42	49	68	44	46	25	34	13	36	33	54	80	20	30	51	41	12	15	21	25	18	6	56	3	32	52	9	7	12	7	18	10	7	4	3	1	20	0	3	5	21	23	25	0	0	9	4	6	18	15	0	18	12	11	8	19	6	12
hsa-miR-6793-5p	27	32	4	6	25	25	25	307	44	19	52	34	10	19	26	19	8	21	15	18	19	8	4	23	19	41	18	62	82	33	18	33	20	37	27	30	22	20	10	12	16	57	46	25	18	26	35	23	39	15	19	24	11	45	23	64	40	28	11	44	34	26	22	54	17	83	15	196	6	78	107	47	15	14	32	27	8	22	14	7	2	55	13	8	3	82	69	49	20	21	23	38	14	34	36	22	23	21	22	45	58	37	44
hsa-miR-6794-3p	56	60	19	19	43	21	30	93	177	15	48	22	17	28	16	58	9	60	26	9	51	12	20	17	27	29	25	55	98	28	20	23	30	25	20	11	10	16	13	17	22	52	48	29	10	16	21	27	40	6	12	18	17	59	20	53	18	38	23	37	30	16	12	30	9	98	20	156	12	71	45	27	80	8	32	18	2	9	7	3	6	38	14	12	8	74	44	49	26	12	18	27	17	34	21	19	24	29	35	48	47	34	26
hsa-miR-6794-5p	11	10	0	5	7	11	33	9	24	9	28	22	7	0	10	4	3	6	3	8	7	4	6	7	8	13	2	22	17	12	0	10	15	12	18	9	14	8	2	6	9	34	22	9	9	6	11	12	19	31	20	21	8	32	15	57	27	12	17	37	22	10	12	19	20	25	3	41	1	24	14	10	2	0	9	2	4	8	8	6	1	11	3	4	3	28	20	41	10	6	11	11	3	0	11	8	6	9	19	11	14	15	17
hsa-miR-6795-3p	0	0	4	0	0	18	10	26	8	1	4	4	0	0	0	4	1	3	4	0	0	0	0	0	0	0	3	0	0	0	0	3	0	0	2	0	0	0	0	1	0	0	0	0	0	0	1	8	10	1	6	3	1	15	4	16	3	6	5	14	6	3	6	9	8	0	2	40	0	0	17	1	0	0	24	7	0	0	0	0	0	0	0	0	0	0	0	0	0	0	0	0	0	0	0	0	0	0	6	0	0	3	4
hsa-miR-6795-5p	26	27	8	3	10	11	17	38	9	7	12	9	14	15	9	5	2	12	12	8	27	4	4	3	3	14	8	6	16	7	10	4	10	11	13	14	3	8	3	6	10	28	13	12	6	4	1	13	27	15	12	13	6	24	9	24	16	15	20	19	14	8	6	15	10	13	7	32	0	18	18	4	4	7	0	9	0	3	1	4	1	20	0	2	3	36	18	18	6	9	0	0	0	0	13	5	0	8	5	20	11	12	7
hsa-miR-6796-3p	16	13	4	2	14	21	12	18	19	7	20	21	5	3	12	7	1	12	7	8	26	6	0	31	11	41	4	15	23	16	14	6	9	14	38	29	1	3	1	4	9	53	17	12	11	10	7	11	15	7	16	13	7	39	10	24	23	9	10	20	15	17	23	13	10	20	11	34	14	36	194	14	7	7	5	21	5	6	6	1	1	32	6	7	5	29	91	18	16	7	6	15	2	21	18	6	24	9	22	7	20	15	20
hsa-miR-6796-5p	38	27	11	7	23	23	32	47	43	33	112	31	28	9	18	17	2	19	10	20	22	6	5	15	26	76	8	30	42	27	10	14	17	26	25	12	11	10	17	51	21	39	19	12	11	20	23	21	27	18	20	19	12	39	22	38	17	23	20	28	34	29	16	24	27	40	16	44	5	38	67	31	11	5	27	19	8	6	9	9	1	35	7	4	4	68	102	54	19	9	32	13	14	17	15	11	15	13	13	16	37	25	17
hsa-miR-6797-3p	14	5	9	1	6	15	17	18	60	10	11	18	5	10	9	12	9	19	9	5	17	2	4	11	8	16	8	30	13	0	8	2	9	0	25	30	5	7	1	3	2	43	7	6	12	11	7	8	10	3	14	8	5	23	12	16	8	13	6	36	11	8	20	6	9	20	0	81	0	17	12	10	3	6	7	9	21	38	24	32	3	18	10	4	7	33	5	19	28	2	4	49	18	7	10	12	8	11	13	16	13	0	17
hsa-miR-6797-5p	9	38	12	3	17	21	14	32	250	23	38	37	7	6	11	3	5	7	5	10	22	11	4	20	13	51	6	33	18	26	8	21	8	21	39	35	9	7	13	7	19	78	31	21	4	14	20	38	55	8	18	10	18	34	13	32	23	30	21	31	29	30	62	16	17	38	5	505	17	57	446	34	17	11	22	82	5	9	12	4	5	40	20	10	2	39	245	70	18	13	21	8	11	33	7	9	19	6	15	15	31	18	21
hsa-miR-6798-3p	26	26	6	6	5	6	42	28	29	12	14	6	7	6	8	19	10	5	9	0	9	7	4	15	7	15	15	20	13	18	7	17	13	13	54	29	7	10	15	5	11	78	13	8	8	5	13	9	27	8	5	6	5	28	23	23	14	9	6	17	21	12	3	12	8	33	7	600	11	23	75	2	13	7	9	14	6	7	10	1	1	11	0	5	0	29	32	21	15	4	6	15	7	12	12	8	16	4	5	12	27	6	6
hsa-miR-6798-5p	7	6	2	3	7	14	20	5	27	17	12	6	10	12	13	10	1	21	12	10	11	5	2	7	5	21	9	17	0	7	0	6	4	16	12	12	2	4	5	11	9	22	11	13	6	9	9	9	9	16	8	13	9	44	7	17	16	15	13	23	12	5	6	8	7	17	7	29	4	23	16	7	6	1	4	9	1	3	1	0	2	12	1	6	4	24	15	15	17	11	6	12	7	6	18	7	10	6	18	5	21	8	13
hsa-miR-6799-5p	0	0	3	0	0	7	12	7	3	4	0	7	0	0	0	0	0	0	0	0	0	0	0	0	1	0	0	0	0	0	0	0	13	0	0	0	0	0	0	4	0	11	6	3	4	1	0	0	1	4	3	6	0	0	10	5	7	6	8	0	5	4	0	4	0	0	0	0	0	0	6	0	0	0	0	0	0	0	0	0	0	0	0	0	0	10	0	0	0	0	4	0	1	3	12	0	12	11	0	1	0	0	0
hsa-miR-6800-3p	8	9	8	4	8	12	11	10	20	5	0	12	3	4	9	4	4	7	9	4	15	6	1	5	2	19	8	5	0	0	0	0	0	0	0	0	0	0	0	8	0	16	7	5	3	1	7	10	11	8	6	12	3	2	4	14	13	8	2	6	7	1	1	5	9	7	0	1008	3	16	8	6	5	7	0	0	2	0	0	1	0	13	0	0	2	10	10	10	0	0	0	0	0	9	9	0	0	0	9	0	0	5	0
hsa-miR-6800-5p	41	28	12	9	23	26	43	83	38	28	60	78	14	11	20	15	2	11	13	21	27	9	8	49	7	74	13	27	36	20	16	19	27	31	111	77	4	11	6	14	22	124	41	26	11	23	35	64	60	37	21	37	17	37	40	49	40	42	70	64	35	25	62	46	21	79	11	198	1	45	463	30	18	11	16	41	5	9	7	9	4	40	12	6	2	62	165	67	37	9	33	15	20	23	38	10	41	9	42	26	36	31	17
hsa-miR-6801-3p	57	25	15	12	25	17	15	92	20	9	12	15	8	13	16	23	13	43	24	12	32	13	17	15	18	25	9	27	32	21	8	18	30	22	21	17	2	8	10	10	10	32	13	13	7	15	15	18	15	9	11	12	8	30	8	19	17	23	9	9	23	18	8	19	11	42	10	61	8	46	76	17	14	5	12	24	2	7	8	0	6	27	18	15	6	37	41	30	22	12	11	26	13	10	45	15	29	14	20	9	41	11	24
hsa-miR-6801-5p	15	13	0	0	2	0	0	23	13	7	11	3	7	8	4	13	3	11	5	4	0	0	0	1	4	12	7	5	0	0	0	0	3	0	0	0	0	0	0	3	0	13	7	6	7	5	0	0	11	7	5	5	4	13	6	6	7	6	6	6	3	3	3	4	5	0	0	13	1	0	0	3	0	0	0	0	0	0	0	0	0	0	0	2	0	12	0	0	0	0	10	13	2	0	6	0	2	0	0	5	0	0	0
hsa-miR-6802-3p	20	24	12	1	9	17	17	18	14	8	22	15	24	7	17	17	9	14	13	18	8	7	7	14	3	31	4	7	11	15	16	7	14	25	12	7	6	4	9	8	6	27	23	8	6	9	10	13	20	10	10	11	7	69	16	20	13	15	11	23	16	10	13	15	15	21	10	175	5	33	25	6	8	3	0	0	1	0	0	2	2	13	0	6	6	21	12	16	9	10	0	10	0	22	18	11	0	15	13	21	12	13	17
hsa-miR-6802-5p	197	195	54	38	114	156	547	221	197	80	137	197	28	73	31	112	40	141	107	27	119	15	53	47	50	61	116	42	87	43	23	23	28	31	95	85	13	9	29	21	20	150	80	61	111	82	161	115	176	175	206	120	65	1263	215	229	279	76	86	116	133	97	75	188	225	82	19	199	10	72	54	33	16	21	26	29	5	8	16	3	6	31	13	11	6	66	54	54	26	14	36	23	22	32	67	29	18	18	9	31	43	26	36
hsa-miR-6803-3p	23	12	4	4	22	35	55	26	41	24	30	41	5	15	11	35	23	26	39	6	15	3	9	13	13	14	13	19	22	32	20	24	19	19	34	16	12	13	8	7	9	40	26	26	20	38	74	22	37	49	70	69	19	31	36	46	85	38	61	70	45	35	42	88	92	40	28	58	23	26	28	9	18	5	20	15	5	2	3	0	9	63	0	10	6	42	17	33	34	3	39	6	38	10	36	30	22	18	13	32	44	8	15
hsa-miR-6803-5p	19	13	4	3	9	25	19	34	34	10	22	24	14	12	6	7	5	19	13	10	7	5	5	12	8	42	11	19	24	11	6	3	3	10	16	13	4	11	11	13	10	20	18	8	7	8	16	9	12	14	6	16	8	171	8	214	10	11	8	25	20	3	7	7	5	17	4	39	3	20	21	12	7	8	16	13	8	2	3	1	0	0	0	0	0	24	8	51	3	5	9	8	1	8	27	4	20	15	7	38	17	3	16
hsa-miR-6804-5p	11	8	1	0	4	10	13	11	9	2	8	0	7	6	5	0	0	0	0	6	0	0	0	7	2	10	0	4	0	0	0	0	0	10	4	0	0	0	0	4	0	14	13	0	6	1	8	6	7	7	11	5	2	13	3	16	5	8	7	14	6	4	3	10	3	7	2	18	2	15	11	4	4	3	12	3	0	0	0	1	0	16	0	0	2	12	13	10	0	0	11	11	3	0	8	0	24	13	17	0	11	12	7
hsa-miR-6805-3p	20	14	5	3	7	13	11	16	12	7	10	12	16	12	17	7	7	20	6	16	12	1	3	7	2	10	7	32	31	17	15	18	16	26	19	8	13	14	15	10	9	37	19	10	12	14	15	20	13	11	7	18	12	34	16	34	13	25	6	42	28	20	14	26	7	44	24	36	7	73	40	11	16	17	24	12	2	6	4	1	6	43	15	10	11	56	23	41	33	10	16	19	22	26	27	13	28	21	30	26	30	15	15
hsa-miR-6805-5p	16	16	4	14	15	12	17	42	20	17	19	18	11	10	6	18	6	15	7	11	5	7	4	7	8	16	8	15	0	21	12	4	9	18	14	13	6	10	12	10	24	29	15	9	5	14	14	4	18	5	7	9	6	30	25	19	6	5	11	26	17	7	11	19	24	30	7	46	4	22	21	6	6	5	7	12	2	3	4	1	0	0	1	18	0	34	22	21	22	6	22	14	5	14	20	2	6	7	11	8	22	8	13
hsa-miR-6806-3p	15	14	3	3	6	10	21	8	15	5	13	16	9	15	6	7	5	14	6	6	9	2	3	21	5	15	3	15	16	15	0	12	12	15	18	11	4	8	2	13	6	31	15	8	8	11	16	10	18	10	12	7	6	27	13	14	7	7	2	19	8	8	13	16	5	19	7	29	8	19	48	4	2	6	0	0	3	0	0	1	6	15	0	3	7	19	29	19	10	8	5	9	8	21	20	11	15	11	12	7	18	10	19
hsa-miR-6806-5p	8	4	1	3	5	30	42	11	35	7	22	12	19	4	17	7	2	2	4	22	4	8	1	21	4	28	2	15	28	12	7	8	17	15	15	11	0	0	4	3	6	24	15	9	18	8	16	7	16	41	29	45	6	36	23	47	60	15	26	48	23	13	11	26	44	16	3	45	4	8	19	20	4	3	4	12	2	0	0	1	0	0	8	6	0	35	29	23	0	0	4	14	5	12	18	0	10	6	0	19	28	9	14
hsa-miR-6808-5p	5	7	2	0	7	13	9	21	12	1	0	0	0	0	0	5	8	7	3	0	11	1	1	0	5	0	3	10	0	0	0	0	4	0	2	0	0	0	0	3	0	15	9	2	8	10	5	4	9	7	6	11	2	31	2	7	8	4	1	11	7	2	1	5	5	16	0	48	2	11	0	10	0	0	165	3	0	0	0	0	0	0	0	4	0	11	12	12	0	0	9	0	4	5	0	0	27	0	18	6	0	0	0
hsa-miR-6809-3p	19	11	3	0	16	4	5	20	19	9	23	8	5	2	6	9	2	10	7	9	0	0	0	4	8	20	4	9	0	13	0	10	5	0	9	5	3	3	4	12	5	13	12	9	15	3	9	4	9	8	5	4	5	14	8	13	6	4	4	12	5	4	8	10	5	13	1	46	5	19	12	4	0	6	5	6	0	0	0	0	3	15	0	3	4	19	17	0	0	0	16	3	5	0	0	0	7	0	2	8	15	5	14
hsa-miR-6809-5p	35	25	6	3	11	3	0	37	17	7	13	9	6	17	9	21	15	13	10	7	19	4	4	2	4	10	11	10	22	17	0	2	0	7	0	4	1	8	2	5	4	8	9	8	2	10	13	10	7	14	9	6	4	10	4	9	5	6	7	5	8	11	5	8	9	23	0	16	5	13	12	5	0	4	0	0	0	0	0	0	3	16	0	0	2	18	8	0	0	0	12	7	1	9	16	0	13	0	6	0	13	6	0
hsa-miR-6810-5p	11	10	2	0	4	11	7	19	12	14	18	14	4	13	5	10	8	21	12	7	0	0	0	6	5	13	9	8	16	10	0	8	5	10	9	8	0	4	2	5	10	22	15	5	4	10	9	6	14	8	13	11	11	19	5	20	9	12	7	13	8	5	6	8	8	17	16	29	0	13	13	4	7	7	0	0	6	4	5	0	0	0	0	0	0	15	0	12	13	0	6	9	1	11	4	4	2	0	0	11	7	7	11
hsa-miR-6811-5p	23	21	13	1	11	6	9	25	10	2	12	3	10	12	14	16	7	14	17	8	18	5	2	12	2	17	11	17	0	10	0	10	4	25	0	0	0	0	0	3	0	9	4	3	4	4	6	6	8	3	1	7	4	14	9	12	7	5	8	2	0	4	0	3	1	10	3	18	2	10	13	14	0	0	0	0	0	0	0	0	4	14	0	1	1	18	0	0	0	0	0	0	0	0	12	0	0	14	25	7	0	23	12
hsa-miR-6812-3p	29	25	9	3	26	28	17	69	24	9	31	27	15	19	13	18	6	44	19	17	24	10	17	7	17	26	8	21	21	22	10	14	19	22	13	15	8	12	13	8	17	32	21	20	29	12	17	17	11	18	10	13	11	50	29	41	21	13	10	24	24	14	13	24	17	24	11	55	6	41	47	18	8	5	14	10	6	3	1	3	4	27	11	11	7	41	41	32	32	10	23	19	17	25	40	14	21	21	25	17	33	15	10
hsa-miR-6812-5p	18	13	20	12	10	47	93	28	48	20	34	45	14	14	24	9	9	16	12	10	12	6	8	16	12	25	5	22	17	20	15	8	24	9	39	15	4	13	12	11	18	46	23	15	31	23	18	40	44	87	59	61	21	66	58	52	86	34	40	67	44	32	46	81	108	27	8	71	3	13	24	9	6	7	12	6	3	4	4	4	3	30	7	6	3	38	12	23	15	10	20	25	7	14	36	10	25	21	23	28	25	15	13
hsa-miR-6813-5p	49	22	14	5	37	24	15	138	35	20	29	19	15	17	13	34	18	48	40	10	42	14	10	15	20	27	17	22	29	12	13	14	23	21	22	21	11	2	17	21	14	43	18	15	24	9	26	14	21	20	39	14	14	66	29	23	28	22	11	31	16	28	20	32	35	68	28	66	30	81	33	6	7	17	29	8	3	0	0	1	7	30	8	12	3	22	32	16	36	4	21	18	19	29	14	58	8	16	8	18	29	12	15
hsa-miR-6814-3p	20	13	3	4	11	5	19	27	18	10	19	8	11	5	23	5	6	10	2	7	9	5	1	9	5	17	8	5	10	25	9	9	10	11	15	8	4	9	10	6	7	23	11	7	7	3	2	10	10	3	7	4	2	20	5	15	7	10	9	17	12	8	8	5	6	11	5	27	3	20	35	17	2	3	6	10	2	0	0	3	2	18	0	4	4	15	15	18	0	0	0	0	0	5	19	0	0	8	11	7	17	11	4
hsa-miR-6815-5p	13	13	8	0	14	12	26	30	31	11	30	25	14	6	12	13	3	27	10	10	11	9	1	12	18	29	13	26	28	9	8	7	20	17	42	22	9	6	9	17	10	55	26	7	10	14	11	14	26	23	7	24	14	32	18	35	27	21	19	59	18	15	12	18	14	45	4	300	4	17	15	14	9	4	6	7	7	3	5	4	4	23	8	3	5	44	34	107	26	9	95	17	9	11	22	8	15	21	16	17	22	15	22
hsa-miR-6816-3p	12	7	5	4	5	11	19	7	16	5	10	3	3	4	5	14	6	10	1	6	5	1	3	1	6	9	3	7	12	0	0	8	12	0	10	8	4	2	3	5	10	14	11	7	7	6	6	7	12	11	12	5	1	39	13	14	8	12	7	11	9	6	1	13	6	3	0	220	0	17	0	11	2	4	0	0	1	1	0	1	0	0	0	0	0	10	11	13	0	0	6	2	3	7	0	0	8	0	4	7	0	0	7
hsa-miR-6816-5p	8	12	8	4	10	113	153	9	125	46	77	60	25	15	24	5	0	14	7	40	6	1	1	63	7	61	5	0	0	0	0	0	0	0	66	46	7	4	3	2	6	106	20	22	26	44	71	71	113	140	121	93	26	58	87	76	130	48	53	64	78	46	63	151	215	8	3	39	2	11	6	2	7	0	8	0	0	2	1	0	0	0	0	0	0	15	12	0	0	0	1	0	1	0	0	0	14	0	0	0	0	0	1
hsa-miR-6817-3p	8	9	3	2	17	13	14	19	10	6	20	0	5	8	8	43	11	14	15	3	12	5	1	5	2	15	8	6	17	3	0	3	0	0	3	0	0	0	0	4	0	15	6	5	9	3	8	5	5	7	16	5	7	11	7	13	5	5	5	21	10	55	17	5	19	10	6	40	15	0	0	3	3	6	0	0	3	0	0	3	3	15	0	0	7	0	0	0	20	1	0	0	0	70	9	3	0	0	0	0	0	0	10
hsa-miR-6818-3p	2	7	6	1	10	9	12	4	30	7	16	11	16	6	7	7	8	9	11	9	7	4	1	15	0	28	2	25	34	23	10	19	7	14	12	4	6	8	9	7	8	27	19	14	9	8	10	17	13	7	6	17	7	46	11	32	14	30	15	14	23	18	11	14	9	33	11	74	13	39	33	11	1	9	22	7	0	4	1	0	6	29	12	4	8	86	18	28	13	11	15	6	16	23	15	17	14	8	16	22	20	9	10
hsa-miR-6819-3p	14	3	4	2	18	377	689	17	321	182	281	278	24	6	22	14	4	18	10	41	8	3	6	45	5	56	9	14	12	7	0	7	9	14	175	150	1	8	7	6	17	304	90	102	105	255	335	311	405	992	939	699	228	209	264	252	570	355	489	691	564	291	82	359	1012	46	13	38	11	27	29	25	33	20	30	13	8	7	8	3	0	22	7	4	6	19	26	30	9	4	9	8	12	8	28	10	17	0	17	21	24	5	10
hsa-miR-6819-5p	10	12	0	3	12	4	12	18	8	1	8	10	6	9	6	9	5	14	1	2	10	2	2	6	8	17	6	6	41	0	0	17	2	14	10	4	0	5	2	11	8	18	14	5	10	4	11	4	11	3	4	8	5	32	11	8	8	8	6	6	15	9	3	7	2	45	1	22	3	29	12	4	0	0	0	0	0	0	0	0	2	14	0	0	0	31	9	10	6	2	8	8	2	0	0	10	5	0	9	4	13	9	5
hsa-miR-6821-3p	13	13	5	5	12	22	35	19	69	13	27	24	11	11	9	15	4	11	7	10	19	6	7	5	13	28	5	20	39	27	5	15	6	10	15	16	4	8	11	9	20	31	23	14	10	26	18	14	33	20	21	29	7	39	24	48	32	17	14	27	24	10	7	37	20	53	14	51	7	23	20	14	8	10	23	16	7	5	5	10	1	28	0	6	11	32	20	22	0	0	10	23	5	7	22	0	18	6	17	21	26	17	17
hsa-miR-6821-5p	29	11	4	0	8	26	39	27	27	13	28	38	19	9	16	12	6	11	9	10	8	3	5	14	6	23	2	36	34	33	10	16	15	18	17	20	1	12	12	12	16	47	34	17	10	12	21	19	53	21	33	29	9	90	14	50	30	30	38	41	45	23	19	42	14	46	12	57	6	24	52	18	17	11	22	15	2	8	4	2	3	30	13	13	12	62	57	52	19	7	35	34	9	12	60	9	34	7	24	20	51	29	26
hsa-miR-6822-5p	0	0	2	0	0	5	9	11	26	4	9	2	2	4	5	5	2	6	1	2	14	1	1	5	5	25	0	0	0	0	0	1	0	0	8	0	0	0	0	0	0	18	10	1	0	4	4	1	5	5	6	11	3	8	5	6	5	8	10	11	8	1	12	9	2	7	0	13	0	10	44	5	1	0	0	0	1	0	0	0	0	0	0	2	0	0	22	12	0	0	0	0	0	0	10	0	0	0	0	0	0	0	8
hsa-miR-6823-3p	47	52	10	9	35	13	12	85	18	8	35	19	9	30	12	18	9	34	32	11	41	7	22	8	21	28	10	21	21	12	8	15	11	13	20	12	4	9	12	4	8	41	18	16	24	10	6	14	16	10	6	14	3	20	12	19	11	15	8	20	20	8	7	17	6	36	9	259	6	15	25	18	11	4	4	12	1	4	1	0	0	19	12	3	8	33	37	36	17	5	5	0	7	8	29	6	19	11	6	23	19	6	12
hsa-miR-6823-5p	30	27	14	4	15	10	15	45	19	8	17	12	11	14	7	26	8	14	38	9	23	7	8	4	10	12	11	12	18	11	0	7	10	6	11	9	10	19	8	14	9	33	28	4	10	15	10	21	18	16	13	22	7	13	7	10	14	11	7	13	12	9	11	8	12	17	5	26	3	38	23	19	5	6	12	6	10	2	5	3	2	19	7	4	4	25	10	16	9	20	10	19	5	11	7	5	6	10	15	13	20	17	12
hsa-miR-6824-5p	39	23	11	6	9	17	28	35	19	11	21	12	16	16	15	10	5	12	17	9	16	5	14	12	19	14	8	18	35	26	10	12	13	25	24	15	11	15	11	10	17	33	22	13	13	7	16	16	13	8	12	11	7	139	24	19	11	11	14	19	28	8	6	13	7	30	4	78	4	32	55	45	13	9	14	23	1	14	5	7	3	42	10	11	5	52	51	38	11	12	14	11	14	18	33	6	47	15	20	35	24	24	25
hsa-miR-6825-3p	21	10	9	7	3	12	39	29	56	5	18	19	6	5	9	2	6	13	6	13	11	5	5	13	12	17	11	12	18	10	0	12	8	7	10	9	6	11	2	5	5	32	20	9	13	17	17	17	35	27	14	27	5	21	19	20	40	17	30	26	25	8	6	25	21	27	8	61	7	22	20	6	9	6	6	11	1	0	0	3	1	32	0	1	3	15	16	18	0	0	5	0	9	5	22	0	9	4	14	9	16	7	7
hsa-miR-6825-5p	20	21	6	0	14	14	25	38	41	12	28	15	13	11	27	17	7	19	15	23	21	5	10	22	19	38	7	22	34	4	21	13	8	14	16	18	9	17	9	8	15	33	25	17	14	12	21	28	25	53	44	29	14	64	34	61	33	29	20	59	24	22	23	33	30	57	15	38	14	49	79	16	3	13	10	28	3	9	3	1	5	12	6	10	7	28	24	26	8	8	10	11	10	19	22	13	23	7	20	16	27	6	13
hsa-miR-6826-3p	41	15	8	4	29	13	12	39	13	6	11	8	12	14	9	25	8	17	19	12	23	7	4	12	6	19	18	13	21	26	5	6	11	0	25	19	9	6	9	9	8	28	14	11	15	11	9	13	14	16	14	22	10	55	12	13	12	13	11	12	12	10	8	15	17	10	14	90	10	27	13	10	0	10	10	7	0	0	0	0	3	14	7	3	10	30	12	23	10	2	8	8	8	11	18	27	22	16	7	19	17	5	8
hsa-miR-6826-5p	14	22	16	3	38	13	11	24	38	10	14	22	1	17	8	61	33	35	32	4	22	18	5	13	12	18	29	17	111	9	16	19	12	6	12	6	3	9	8	2	8	26	9	5	2	8	16	10	18	8	7	9	9	14	9	13	17	7	6	11	6	9	10	16	7	90	9	34	11	19	112	10	1	3	9	13	1	0	0	0	0	14	0	5	9	33	38	13	10	5	5	4	6	19	0	15	23	6	6	11	20	14	14
hsa-miR-6828-3p	4	12	3	0	2	4	3	75	0	0	0	6	0	0	0	5	0	6	1	0	9	1	0	0	6	0	7	9	0	13	6	5	6	0	23	26	10	1	6	3	12	33	4	2	1	8	8	19	20	3	2	6	3	14	4	21	7	7	9	9	10	3	4	4	4	9	1	19	1	14	84	11	0	5	2	23	0	5	1	0	3	16	0	3	1	27	67	10	6	11	1	13	8	0	11	3	17	0	6	11	14	12	11
hsa-miR-6828-5p	20	13	5	1	7	21	9	28	9	6	18	8	3	17	5	15	5	13	6	3	25	0	3	5	10	25	8	6	0	4	0	4	14	0	9	0	0	0	0	5	0	10	7	4	3	0	2	10	14	10	4	9	3	11	12	15	12	7	7	13	12	7	12	7	4	12	4	30	1	10	17	5	6	4	5	9	1	4	2	0	0	12	2	0	0	28	24	11	0	0	14	0	7	17	13	0	2	0	12	9	17	16	6
hsa-miR-6829-3p	15	16	3	5	6	11	31	25	47	24	37	25	20	7	10	11	6	16	6	5	27	1	2	17	4	84	5	10	15	11	0	8	12	12	6	8	5	4	5	16	20	20	15	17	10	11	17	13	28	21	23	25	9	34	21	37	37	27	26	30	18	29	18	33	30	22	5	42	6	34	24	24	4	3	12	16	4	4	2	1	6	30	0	3	5	28	13	28	14	4	17	14	9	24	7	8	17	7	1	18	18	13	10
hsa-miR-6830-3p	8	10	2	0	2	1	7	18	0	0	18	4	2	6	4	6	3	7	7	8	0	0	0	1	2	13	4	0	0	11	0	8	0	12	15	0	0	0	0	3	0	21	6	2	15	3	13	12	10	5	5	6	5	9	7	11	14	16	10	5	13	12	8	8	10	15	3	25	0	12	9	0	0	5	0	0	0	0	0	0	0	0	0	3	0	17	13	15	0	0	3	0	1	10	0	0	7	10	0	0	13	2	6
hsa-miR-6831-3p	21	17	7	8	11	6	8	33	49	6	14	11	9	18	8	19	7	21	15	12	15	9	13	4	10	10	4	0	0	4	0	7	11	0	9	0	0	0	0	6	0	11	11	5	1	4	3	3	8	5	5	15	5	13	5	18	5	5	10	16	8	8	9	9	4	11	5	33	5	26	13	12	12	4	0	0	1	0	0	2	1	17	0	4	0	23	15	11	0	0	5	0	5	14	0	0	13	8	8	5	13	10	9
hsa-miR-6831-5p	26	8	4	0	14	8	13	69	15	3	18	20	6	6	7	11	2	24	9	8	7	5	8	12	11	12	10	11	15	12	0	9	5	0	11	5	5	1	6	14	14	28	23	9	4	11	11	15	19	15	7	16	4	39	11	82	22	31	20	25	34	17	16	12	5	24	6	24	1	25	12	10	0	3	0	0	0	0	0	0	1	22	10	4	7	21	14	0	11	4	11	12	4	0	15	12	7	0	18	11	12	8	2
hsa-miR-6832-3p	5	6	2	3	20	8	12	11	52	8	19	16	5	9	10	20	1	10	21	8	8	7	3	8	4	15	9	11	10	0	0	5	0	11	11	6	2	1	5	9	6	21	8	9	23	10	15	10	7	13	9	8	12	13	17	24	16	14	7	17	11	13	10	1	9	15	0	83	11	15	13	8	1	0	0	0	3	0	0	0	0	0	0	0	0	19	0	10	13	5	0	0	0	32	9	4	0	0	0	0	14	9	6
hsa-miR-6832-5p	22	20	6	6	12	10	13	17	18	8	22	3	12	13	13	19	7	14	7	8	15	1	7	6	10	30	11	24	66	15	17	5	17	13	14	8	6	19	8	13	10	30	14	8	5	6	16	12	10	12	6	2	12	20	10	35	7	16	10	19	14	20	14	18	5	87	14	47	20	65	21	5	7	6	17	8	4	0	0	0	5	24	7	9	9	25	23	18	21	3	17	14	10	31	13	15	11	12	12	13	32	12	20
hsa-miR-6833-3p	20	22	6	3	15	6	10	18	13	9	14	15	11	19	6	8	8	17	14	14	15	4	6	7	1	18	6	26	22	0	5	6	13	0	12	13	0	8	7	7	2	15	3	10	13	10	8	3	6	8	10	7	3	343	16	11	17	10	11	12	4	10	9	18	5	21	6	16	4	20	13	8	4	6	12	3	2	7	2	3	2	17	10	9	4	13	13	11	12	10	2	0	8	16	16	8	10	21	14	12	7	8	11
hsa-miR-6833-5p	24	21	5	0	6	5	10	17	47	9	17	11	3	8	5	10	1	8	13	12	7	5	3	5	6	11	6	10	0	7	0	0	6	0	7	0	0	0	0	1	0	12	10	5	3	3	7	8	10	6	10	12	6	12	9	14	11	13	7	16	15	4	4	14	7	10	3	25	1	12	8	11	0	3	0	0	0	0	0	0	4	15	0	6	4	13	9	10	0	0	2	5	7	9	17	0	13	12	16	8	10	1	0
hsa-miR-6834-5p	30	36	14	3	11	6	18	37	15	13	23	10	11	7	12	25	2	8	12	14	10	6	7	4	11	9	12	19	17	22	9	11	24	13	11	10	3	9	12	6	9	24	17	6	1	9	21	7	17	8	7	5	4	24	12	28	9	9	7	15	15	9	10	14	5	16	7	98	2	35	39	13	7	5	5	10	0	6	5	2	2	12	1	2	1	39	21	31	4	8	11	14	10	18	14	8	22	7	14	30	24	21	12
hsa-miR-6835-5p	26	14	4	1	7	5	4	12	0	0	0	5	6	7	6	8	5	8	8	7	13	3	4	2	4	13	4	6	11	13	0	0	4	0	7	0	0	0	0	4	0	20	11	9	11	7	4	8	8	7	5	9	8	38	7	14	6	8	4	9	5	7	4	10	2	11	3	22	5	16	13	5	2	5	10	0	0	0	0	0	0	0	0	3	0	19	15	16	0	0	4	6	8	0	0	0	7	0	6	4	9	10	8
hsa-miR-6836-3p	15	8	0	0	3	20	16	19	38	22	48	13	10	4	7	4	2	7	3	4	0	0	0	8	9	75	4	7	0	3	0	4	0	0	13	9	6	3	11	21	8	25	6	3	11	8	3	8	17	6	4	8	3	10	4	10	13	4	10	11	12	6	4	9	2	11	0	269	3	13	11	11	7	5	0	0	4	0	0	3	1	13	0	4	2	17	12	14	0	0	4	10	2	0	14	0	9	5	0	0	10	6	7
hsa-miR-6836-5p	6	13	1	0	3	39	57	18	55	20	31	17	10	4	12	6	2	11	9	15	7	2	4	14	3	8	3	6	0	0	0	3	8	0	16	12	5	1	2	11	11	30	10	7	17	16	21	21	46	62	42	36	21	29	28	38	66	19	22	36	29	8	4	19	66	16	0	32	1	15	0	7	0	4	0	0	0	0	0	0	3	14	0	0	4	9	0	0	12	2	7	0	3	0	0	5	10	0	10	12	13	2	0
hsa-miR-6837-5p	7	5	0	2	5	4	19	33	18	11	8	6	3	3	5	1	1	7	5	4	6	2	3	7	3	12	2	6	0	9	0	0	3	0	13	0	0	0	0	0	0	10	6	10	6	4	4	5	11	12	14	8	4	12	10	13	13	7	8	15	13	5	5	13	3	12	0	22	4	14	6	8	5	0	0	0	0	0	0	0	0	10	1	2	4	9	10	11	0	0	6	5	3	0	22	0	7	13	0	7	0	0	0
hsa-miR-6838-3p	14	5	3	1	8	25	28	5	31	15	36	29	25	8	54	2	1	6	3	38	5	1	3	13	4	29	3	65	44	79	19	32	48	74	23	16	12	15	31	11	40	55	56	26	15	35	24	19	48	17	15	34	18	52	22	66	32	48	33	92	76	19	14	19	6	59	27	73	7	109	86	57	21	14	31	30	6	15	28	5	8	46	17	18	9	94	80	86	44	27	59	68	22	56	62	19	71	40	52	39	74	53	50
hsa-miR-6838-5p	8	4	5	0	8	6	10	13	21	1	17	11	17	2	10	5	5	6	2	9	2	2	2	10	4	21	4	10	0	0	0	6	0	0	13	0	0	0	0	8	0	14	8	8	2	6	15	3	10	16	11	8	3	11	13	12	15	11	13	18	11	9	5	7	16	15	2	19	2	9	10	11	0	1	0	0	0	0	0	0	0	0	0	5	0	17	11	11	0	0	3	5	6	11	10	0	10	0	0	0	12	4	5
hsa-miR-6839-3p	5	11	2	0	4	8	23	12	12	2	13	10	2	1	12	4	1	7	1	3	0	0	0	4	2	13	1	7	0	14	0	2	0	12	9	0	0	0	0	4	0	12	10	10	8	10	9	11	10	27	15	18	6	12	20	14	21	11	7	23	21	12	6	13	28	16	0	38	2	25	0	6	0	0	0	0	0	0	0	0	2	10	0	1	0	19	9	0	0	0	13	0	6	0	0	0	7	10	15	0	0	0	0
hsa-miR-6839-5p	22	19	0	9	8	11	8	25	7	2	12	9	3	7	9	11	10	11	4	4	10	0	2	8	14	8	3	6	0	0	0	5	9	0	5	6	3	4	2	6	5	15	6	6	7	5	4	8	13	14	6	11	35	15	4	17	14	6	12	9	5	7	3	10	4	11	4	37	2	16	0	8	6	3	0	0	1	0	0	0	2	13	2	0	2	14	14	11	0	0	0	13	0	0	11	0	0	20	10	14	6	0	4
hsa-miR-6840-3p	32	16	11	1	20	13	32	29	15	3	13	15	2	4	5	12	12	28	13	3	9	4	10	3	23	17	6	0	11	7	4	1	0	0	10	15	1	3	4	0	6	13	7	6	2	4	10	4	10	11	10	12	6	8	8	18	13	6	5	17	5	11	10	14	4	10	0	16	1	10	0	5	5	0	13	5	0	0	0	0	0	0	0	0	0	16	14	0	6	1	8	0	5	0	9	2	11	0	11	0	10	0	0
hsa-miR-6840-5p	8	25	6	3	11	62	161	14	62	110	64	96	16	2	18	3	1	12	8	30	13	3	3	26	4	32	5	8	0	0	0	0	12	10	42	46	0	6	7	1	3	70	12	16	42	21	26	33	45	80	70	69	25	65	92	76	123	48	43	52	48	47	65	93	96	18	9	19	4	9	9	7	0	2	5	7	0	0	0	0	1	12	0	0	6	20	11	20	8	14	0	0	0	0	15	1	0	0	0	8	10	0	2
hsa-miR-6841-5p	40	25	4	4	7	6	15	39	12	7	0	7	7	2	7	10	1	2	5	10	3	3	9	9	7	16	3	10	0	14	0	5	8	0	10	3	3	5	2	4	6	12	21	5	4	2	2	4	9	10	6	7	2	11	5	19	8	3	4	8	5	8	2	10	3	8	0	25	0	12	13	9	1	2	0	0	0	0	0	2	0	0	9	1	0	26	8	16	0	0	33	7	2	8	16	0	5	11	8	8	11	0	10
hsa-miR-6842-3p	15	17	10	10	167	21	26	49	84	28	30	28	9	63	17	254	121	168	134	4	68	62	39	22	43	32	88	5	46	14	27	19	7	31	40	7	20	17	7	48	11	77	14	75	66	22	92	12	28	11	92	10	60	66	47	36	18	18	3	14	15	75	19	9	73	65	105	14	185	106	36	8	1	22	69	3	18	7	6	3	21	30	38	38	3	40	20	20	89	0	13	6	78	100	1	15	9	7	1	16	38	11	9
hsa-miR-6842-5p	10	8	3	1	20	19	21	9	113	1	16	12	6	7	8	20	6	24	19	4	4	8	3	24	9	23	8	12	22	22	5	9	5	9	15	7	4	6	7	5	12	28	9	9	17	13	23	22	28	40	34	34	14	30	19	26	39	22	23	37	14	28	21	17	26	21	12	23	17	46	65	14	7	6	17	7	7	0	0	7	2	13	0	9	1	21	31	20	12	1	1	9	13	29	17	33	9	23	8	10	18	15	14
hsa-miR-6843-3p	2	8	2	10	34	9	13	14	26	5	20	7	6	7	5	54	18	25	18	7	9	7	12	2	4	12	22	5	19	0	0	3	5	0	10	8	7	13	2	4	7	21	9	17	13	10	37	6	10	5	34	12	12	16	10	7	6	5	4	15	12	27	4	4	19	19	26	27	55	39	19	1	0	6	21	2	0	0	0	0	0	0	9	14	0	23	17	17	18	1	6	0	26	31	0	17	5	9	9	9	12	5	4
hsa-miR-6845-3p	9	19	6	0	11	12	11	7	11	10	11	13	6	6	11	6	3	3	2	5	6	4	4	4	7	2	4	18	10	13	3	5	9	14	17	8	1	16	4	8	5	24	12	11	3	14	7	3	15	4	8	15	6	30	7	15	16	9	2	19	15	5	6	12	10	21	5	15	4	32	19	11	8	4	8	13	38	32	15	39	4	18	3	5	0	20	15	22	15	10	9	25	9	16	18	6	32	11	3	13	19	10	10
hsa-miR-6846-3p	29	18	11	3	18	11	9	58	33	7	23	20	4	36	4	26	1	40	17	8	17	2	5	4	17	19	13	15	12	10	4	13	0	11	10	8	8	2	10	5	13	18	2	8	12	13	18	4	13	9	9	13	8	147	8	10	7	8	11	14	2	14	5	5	16	27	11	29	6	17	17	5	6	9	19	10	0	0	0	2	0	0	0	1	0	25	11	25	13	3	0	15	0	7	12	6	0	10	4	0	12	0	12
hsa-miR-6846-5p	57	18	8	7	14	18	12	64	53	7	20	17	13	16	17	10	2	11	4	9	9	6	13	7	14	13	8	21	34	21	5	11	4	16	23	12	8	10	11	12	8	35	16	10	12	8	12	14	25	4	11	11	4	23	13	18	12	12	16	19	11	20	14	19	12	24	20	45	3	55	32	13	6	3	73	14	8	5	8	3	7	26	5	8	3	54	34	40	10	4	23	13	9	28	16	5	12	17	14	17	14	25	8
hsa-miR-6847-5p	10	10	2	0	19	3	11	9	24	3	12	5	13	15	11	36	14	14	18	5	12	9	11	7	7	12	8	5	16	10	0	10	9	13	16	5	4	8	8	7	5	27	3	10	9	14	15	12	9	10	10	6	10	14	11	10	14	6	6	8	12	25	9	11	18	22	14	17	21	29	21	9	1	10	14	4	5	0	0	3	4	13	0	8	2	21	14	16	18	5	13	30	3	25	6	26	10	0	2	5	14	10	8
hsa-miR-6848-5p	0	0	0	0	0	6	5	9	9	1	7	5	2	5	3	2	3	7	5	2	4	1	1	0	2	16	2	11	0	0	6	0	0	0	8	0	0	0	0	4	0	0	0	0	0	0	0	0	6	5	5	4	5	15	3	6	9	1	0	10	0	0	2	8	5	0	0	16	2	12	0	6	0	0	0	0	0	0	0	0	0	0	0	0	0	14	10	12	0	0	2	0	1	0	0	0	15	0	0	0	0	0	4
hsa-miR-6849-3p	10	10	10	3	41	8	67	59	8	4	12	8	9	5	2	32	5	77	27	1	49	9	9	4	26	10	16	0	0	0	0	0	0	5	14	13	2	5	6	5	6	18	26	5	5	15	8	7	6	6	6	10	4	9	11	12	3	6	3	9	7	8	1	5	3	24	0	15	3	16	12	0	0	3	0	0	0	0	0	0	0	10	0	0	0	10	0	0	10	1	0	0	0	0	15	5	0	0	2	0	7	0	13
hsa-miR-6849-5p	16	20	2	1	15	25	62	31	30	19	37	56	15	11	13	9	2	12	10	21	16	10	4	4	9	20	7	12	0	10	0	17	10	9	13	7	2	11	10	6	7	34	19	14	18	19	12	15	27	36	33	32	8	194	16	27	31	18	20	32	24	16	6	20	22	21	14	36	2	27	18	14	6	7	6	12	1	4	4	2	0	17	0	1	4	15	16	30	0	0	10	0	6	13	11	0	10	11	0	13	21	7	10
hsa-miR-6850-3p	16	19	13	2	7	21	44	26	64	11	42	20	18	20	11	15	6	16	7	3	18	5	6	23	12	52	9	20	24	19	7	7	9	10	33	25	6	7	10	18	17	48	24	11	17	15	6	25	32	17	19	37	15	39	11	32	23	16	18	41	25	8	3	22	9	22	0	393	5	13	25	14	6	4	7	12	6	0	0	6	3	36	6	3	2	26	26	30	17	8	10	32	8	13	38	4	28	14	20	14	18	18	12
hsa-miR-6850-5p	16	10	12	4	24	35	81	55	61	18	41	40	31	24	27	16	7	30	11	25	22	11	6	26	19	71	11	34	38	25	16	22	8	22	20	36	12	15	15	18	19	59	30	20	14	14	29	32	43	50	32	36	25	57	20	40	65	40	36	51	38	31	16	31	31	50	13	100	3	36	46	9	13	11	10	11	3	7	3	5	2	63	8	9	7	57	71	47	29	11	45	15	16	22	42	12	22	8	30	20	65	27	23
hsa-miR-6851-3p	17	18	0	2	1	8	5	21	11	1	11	0	14	5	8	9	6	19	12	3	3	1	4	10	3	14	0	8	0	19	0	0	9	0	0	0	0	0	0	1	0	8	7	7	4	4	5	2	11	6	3	5	5	26	3	5	6	6	0	8	7	0	1	0	4	12	8	33	0	15	9	9	0	2	0	0	0	0	0	0	3	11	0	0	3	17	12	14	7	2	2	0	3	0	14	5	10	10	0	13	11	1	6
hsa-miR-6852-3p	16	30	19	10	160	31	43	81	288	41	65	70	10	76	84	267	212	201	165	19	95	88	26	20	56	41	200	35	61	49	23	29	22	30	57	33	23	42	49	84	25	188	15	117	116	59	136	34	65	61	217	61	149	127	118	56	68	48	37	59	49	154	35	65	261	63	124	28	231	127	83	29	1	52	137	12	43	11	3	5	55	59	77	94	25	67	23	46	137	10	13	22	241	214	14	222	11	66	15	52	83	12	37
hsa-miR-6852-5p	12	28	15	18	595	44	55	173	185	70	115	39	24	130	64	824	288	803	407	17	217	132	42	55	87	46	337	47	246	48	66	67	52	68	71	19	36	51	43	118	32	229	19	158	215	76	534	18	36	22	367	18	295	198	177	124	61	65	10	42	55	667	178	145	413	626	729	31	1033	729	201	9	12	201	448	18	143	6	5	11	123	228	170	143	20	77	18	44	377	4	9	29	390	463	36	381	9	59	17	46	143	15	41
hsa-miR-6853-5p	12	16	2	3	4	42	130	12	83	29	21	28	17	7	10	1	3	8	4	14	3	3	3	17	8	19	1	5	0	14	0	9	1	14	32	34	3	5	2	1	6	46	16	11	20	25	19	34	44	115	65	76	9	52	53	57	98	39	60	77	39	29	26	51	70	22	5	31	5	11	16	10	6	4	0	0	2	7	6	1	0	0	0	1	0	14	12	0	0	0	12	6	7	9	13	0	10	10	0	8	11	18	0
hsa-miR-6854-5p	13	14	6	0	5	3	4	16	11	6	15	10	3	2	7	6	4	4	4	10	0	0	0	2	1	12	1	12	0	0	0	0	3	0	0	0	0	0	0	4	0	14	9	6	2	1	5	10	3	7	1	11	6	10	7	5	3	1	3	16	2	1	4	4	6	5	0	22	3	11	16	5	6	1	0	0	2	0	0	0	0	0	0	4	0	4	0	10	10	4	0	3	0	3	0	0	0	0	6	5	0	0	0
hsa-miR-6855-3p	115	99	34	21	74	38	47	136	56	35	73	58	41	88	47	86	54	106	53	25	86	26	38	27	42	65	41	81	95	60	34	36	57	60	97	62	24	47	63	37	47	148	64	59	44	44	69	40	61	30	33	50	69	204	66	127	68	40	31	91	72	113	78	80	38	147	52	389	69	231	111	62	35	26	204	36	20	28	10	10	14	90	36	26	16	153	83	97	80	52	72	61	87	106	43	38	40	34	55	78	98	37	77
hsa-miR-6855-5p	16	22	6	3	17	16	16	31	42	11	22	7	7	16	10	14	6	15	5	13	10	5	3	14	10	22	4	18	26	28	9	6	11	17	17	10	5	9	7	16	16	24	19	13	11	10	14	11	14	9	12	15	9	17	9	30	16	10	13	12	20	8	5	15	5	29	5	29	2	26	34	14	17	5	5	12	11	12	10	15	3	28	6	9	6	43	36	37	13	14	13	36	8	14	28	11	17	15	20	23	38	27	17
hsa-miR-6856-3p	9	14	3	1	25	6	5	24	0	0	0	0	9	3	3	5	3	7	7	8	11	0	1	5	2	13	2	7	0	14	0	7	5	0	0	2	4	2	11	4	5	14	5	5	5	2	6	1	7	3	5	7	6	14	4	16	8	5	4	17	15	3	1	6	5	12	4	25	0	21	23	15	2	0	0	0	2	0	0	0	1	18	4	2	3	16	9	11	13	3	8	10	2	20	19	13	12	7	0	4	13	7	6
hsa-miR-6856-5p	6	9	3	6	3	5	9	21	13	5	8	10	2	6	3	8	0	7	3	6	3	0	1	8	9	17	2	9	0	8	4	2	7	0	17	11	1	2	2	2	8	20	7	7	2	9	1	3	11	6	6	3	1	15	7	4	6	9	2	13	12	4	7	7	1	12	8	142	2	22	34	9	0	3	0	0	0	0	0	0	0	0	0	3	0	6	0	0	0	0	1	0	3	0	0	0	13	7	0	5	13	0	3
hsa-miR-6857-3p	46	50	22	12	35	17	51	73	26	22	47	18	24	24	37	40	11	49	42	16	31	9	7	23	28	31	45	76	68	71	62	25	56	105	21	17	20	27	22	10	25	78	48	54	47	24	35	38	26	20	37	44	35	80	37	99	38	28	15	85	40	38	21	39	8	82	37	221	13	134	72	40	17	31	24	30	9	11	9	2	12	54	19	10	17	82	71	106	56	29	39	60	32	51	62	16	64	59	52	45	84	91	43
hsa-miR-6857-5p	13	28	11	6	18	16	17	60	30	11	23	24	16	9	8	5	3	18	9	15	12	1	3	6	12	20	7	16	24	24	17	7	9	11	20	13	6	7	10	12	10	31	20	10	10	7	10	24	15	21	14	13	9	32	8	46	19	17	15	23	21	13	13	18	17	58	12	32	5	31	28	11	7	5	0	0	4	0	0	6	5	15	0	6	8	41	29	23	13	4	10	9	6	7	20	13	16	8	11	22	19	7	8
hsa-miR-6858-3p	3	3	1	7	18	12	20	11	11	6	9	5	3	2	4	6	5	9	5	7	6	1	1	7	4	11	7	8	12	0	0	0	0	0	11	0	0	0	0	5	0	25	6	3	8	6	6	7	9	10	4	11	4	15	6	4	16	7	5	21	9	3	4	6	11	12	0	26	6	7	17	3	6	2	0	0	0	0	0	2	0	0	0	0	0	10	12	10	0	0	0	9	0	0	0	0	0	0	0	0	0	0	12
hsa-miR-6859-3p	8	2	3	1	8	10	18	12	9	9	13	9	4	3	4	5	6	9	7	1	7	7	0	4	9	11	7	0	0	0	0	4	11	0	0	0	0	0	0	3	0	10	10	4	3	8	0	0	5	5	8	8	5	5	6	10	6	7	6	19	9	2	2	6	14	8	10	860	3	13	0	8	4	2	0	0	1	0	0	1	0	0	0	0	0	16	0	14	0	0	7	10	7	3	0	0	13	5	0	15	5	7	5
hsa-miR-6859-5p	21	15	4	3	21	5	5	34	11	3	9	8	10	9	8	20	18	26	13	5	25	1	6	2	5	10	12	8	18	11	7	7	6	10	8	7	8	4	3	5	2	18	11	14	12	11	21	4	5	2	11	8	9	14	8	15	6	12	7	7	4	27	10	11	20	16	29	61	21	23	11	3	0	5	10	3	0	0	0	0	6	14	0	0	5	22	0	11	9	3	4	9	5	11	10	16	10	18	9	15	24	2	9
hsa-miR-6860	9	4	6	2	10	13	9	5	11	9	18	7	5	3	8	2	1	4	1	3	6	1	3	4	6	9	2	6	0	10	0	0	5	10	0	0	0	0	0	9	0	16	6	9	5	0	7	3	0	6	3	8	2	15	5	11	15	9	5	7	6	12	4	3	4	0	4	21	1	10	17	7	0	2	0	0	0	0	0	0	1	16	0	0	1	10	0	15	0	0	2	0	18	0	0	0	6	10	0	7	17	0	5
hsa-miR-6861-3p	33	16	10	3	21	44	73	35	94	31	37	42	12	19	12	22	16	31	21	14	14	8	3	24	7	40	18	11	19	12	5	5	13	10	15	9	10	9	6	11	17	28	13	11	9	20	20	25	31	43	46	28	16	45	37	43	60	15	19	35	20	27	36	51	70	20	11	42	14	32	33	6	12	2	10	11	2	0	0	1	7	21	0	4	7	20	11	23	22	6	11	13	16	12	18	7	5	10	14	14	27	4	10
hsa-miR-6861-5p	7	11	2	3	17	18	15	9	29	1	16	19	10	3	12	7	6	16	12	7	15	7	0	17	3	53	2	12	61	26	12	19	8	12	18	21	3	5	3	9	15	39	13	15	8	6	18	25	25	11	20	6	12	27	15	21	33	17	6	24	17	15	8	14	6	56	15	44	7	36	212	5	4	16	12	37	4	1	4	0	5	27	9	10	5	37	135	33	7	18	15	8	12	10	5	6	14	14	10	12	38	13	13
hsa-miR-6862-3p	14	11	2	5	9	7	17	33	23	10	17	14	7	7	5	13	7	10	7	8	11	1	9	9	3	25	8	25	12	15	8	10	8	20	13	6	6	7	6	8	7	17	13	14	10	15	6	8	18	6	16	14	3	17	18	30	9	11	6	16	9	9	4	13	6	19	9	54	4	16	26	10	5	6	10	9	1	0	0	1	4	20	2	1	5	17	19	18	17	2	2	7	1	7	19	8	9	6	24	12	20	12	8
hsa-miR-6862-5p	16	17	1	7	14	18	32	36	23	8	16	18	15	3	5	31	7	17	9	14	11	3	3	15	9	26	11	6	14	0	0	3	6	14	26	17	5	0	3	7	5	33	20	6	8	20	24	13	19	28	29	12	12	26	12	34	27	22	10	22	24	16	12	24	23	19	18	19	7	28	12	5	1	9	11	3	3	0	0	0	0	0	0	4	0	22	10	11	17	4	23	0	5	19	12	4	9	4	0	9	11	5	5
hsa-miR-6863	33	30	12	10	10	9	10	13	21	6	21	9	11	12	13	17	6	19	7	10	15	0	6	8	7	19	7	17	16	15	0	5	6	14	9	6	2	5	8	3	6	18	26	13	8	6	7	18	14	8	15	16	4	29	8	31	10	14	15	16	16	10	7	15	4	11	6	51	5	33	24	10	3	5	4	9	2	5	7	1	1	12	3	2	3	33	20	12	0	0	9	18	7	17	23	0	27	11	16	15	17	10	13
hsa-miR-6865-3p	19	15	7	3	7	14	21	27	26	7	17	14	10	10	6	6	7	7	6	9	11	4	2	11	8	22	4	35	18	15	16	21	15	22	11	14	3	8	14	9	26	26	13	9	9	6	14	14	22	11	5	16	4	23	14	21	31	8	13	15	13	15	7	21	9	37	5	34	0	36	25	18	20	7	5	11	3	4	3	1	2	34	11	2	5	34	28	25	8	11	9	20	16	7	18	8	8	8	15	25	31	21	22
hsa-miR-6865-5p	14	9	1	13	20	24	34	50	52	12	58	14	18	15	13	27	26	27	36	7	18	14	10	6	11	28	20	32	143	62	47	29	31	47	90	36	22	43	21	83	24	201	22	126	166	57	258	28	61	32	264	28	126	109	77	53	46	52	13	51	40	136	20	30	114	124	171	58	297	187	48	27	18	25	240	11	27	9	2	2	35	102	33	52	42	59	20	43	226	8	22	23	201	165	61	105	37	40	16	41	82	10	25
hsa-miR-6866-5p	11	12	15	3	7	10	14	22	47	7	34	19	8	14	12	10	10	16	7	11	6	1	9	21	20	33	13	19	34	15	14	9	10	16	7	6	1	6	9	12	17	18	14	7	4	6	9	12	13	6	11	6	23	28	15	17	8	8	6	15	12	31	31	13	18	42	11	61	27	57	73	12	15	9	11	26	5	1	11	2	3	31	14	13	3	19	98	33	13	6	17	9	12	28	8	8	16	12	12	19	34	15	8
hsa-miR-6867-3p	19	8	4	3	1	5	8	21	7	5	0	5	6	1	4	3	3	9	5	4	7	1	2	3	3	11	2	10	13	24	3	13	3	8	0	0	0	0	0	4	0	10	7	12	11	4	5	7	10	9	4	14	7	11	6	15	6	8	4	9	3	3	4	23	3	14	0	28	2	12	13	12	7	3	3	5	0	0	0	0	1	39	0	1	5	16	14	22	6	2	10	0	0	0	17	10	10	8	0	10	26	0	4
hsa-miR-6867-5p	36	29	13	1	23	12	29	31	36	12	29	24	16	12	22	19	3	19	16	24	17	15	6	21	11	42	10	33	99	59	20	17	25	26	24	14	16	15	13	10	18	43	34	19	21	26	28	53	45	94	51	58	22	76	58	96	73	50	63	87	63	59	28	117	58	146	27	124	17	79	47	27	69	17	26	27	1	9	1	4	4	66	17	13	24	78	45	53	25	23	25	22	14	27	32	26	32	18	17	26	38	29	32
hsa-miR-6868-5p	8	7	5	0	6	10	9	10	16	5	9	3	1	5	10	5	7	8	5	7	0	0	0	8	4	13	4	5	0	15	0	0	0	0	11	7	7	3	4	9	5	18	6	5	4	2	6	5	9	11	8	7	5	23	8	11	7	4	3	15	8	5	10	6	9	10	0	21	7	12	13	12	0	2	0	0	0	0	0	0	1	16	0	1	4	0	10	0	0	0	0	0	0	8	8	0	0	16	0	0	10	10	10
hsa-miR-6869-3p	19	8	4	2	15	14	23	9	17	9	9	13	13	4	10	5	2	20	8	9	15	1	0	5	7	21	5	7	22	11	11	0	3	0	7	0	0	0	0	5	0	39	6	8	12	7	8	10	20	18	8	33	5	21	15	20	14	12	15	23	8	5	15	9	15	19	5	56	3	11	0	1	0	5	0	0	0	0	0	0	0	11	0	2	6	78	17	15	0	0	12	0	4	0	14	0	12	0	3	12	16	0	5
hsa-miR-6869-5p	38	28	7	6	23	21	45	77	52	18	58	19	11	7	11	13	4	21	22	12	25	2	5	9	22	43	16	22	24	9	3	9	11	33	35	18	6	11	9	9	20	47	22	17	10	9	16	17	42	13	22	17	18	275	15	41	27	14	26	45	17	15	6	24	24	35	8	71	1	19	17	10	3	8	18	7	3	8	5	3	3	29	7	6	6	46	17	24	14	2	27	23	11	10	15	17	19	17	17	21	43	18	17
hsa-miR-6870-3p	30	20	8	8	11	12	13	83	17	8	12	9	7	5	7	17	3	5	21	13	14	7	6	18	10	4	8	30	13	6	12	21	21	24	8	5	3	7	4	6	6	21	18	8	12	8	10	7	9	5	7	21	4	35	11	21	7	9	8	24	12	14	9	13	6	19	3	31	7	29	19	11	4	6	102	12	3	0	0	1	1	13	0	2	1	42	30	17	10	9	18	7	2	8	19	5	35	21	20	16	16	4	19
hsa-miR-6870-5p	24	28	12	9	11	52	20	26	141	12	34	15	15	24	15	13	4	11	13	11	12	3	5	8	8	65	4	24	29	15	13	15	8	11	18	13	5	6	13	11	10	22	16	12	10	10	16	17	18	14	5	16	3	194	7	24	15	13	12	25	25	1	10	10	9	34	4	300	1	24	29	21	13	9	7	16	2	9	6	1	3	36	9	10	8	27	44	26	20	14	17	14	8	3	32	11	44	18	36	21	23	25	24
hsa-miR-6871-3p	14	25	9	7	10	7	25	27	15	4	11	12	9	10	3	14	1	16	12	7	10	4	5	3	8	11	12	9	10	0	0	6	15	0	0	0	0	0	0	6	0	10	8	0	3	2	0	0	4	2	6	7	6	36	4	11	5	7	3	13	4	8	2	5	2	16	0	41	0	7	13	9	0	3	0	0	0	0	0	0	0	12	0	3	3	7	12	13	0	0	3	8	3	4	15	0	6	5	0	5	17	6	11
hsa-miR-6871-5p	24	17	15	9	14	18	15	33	38	26	44	33	11	6	29	8	1	25	14	14	25	11	5	46	16	122	9	26	27	36	11	20	20	34	129	85	6	11	9	5	22	179	24	29	13	15	25	60	84	9	27	23	12	40	20	64	24	17	35	53	31	17	25	19	14	29	7	87	11	61	645	52	22	7	21	64	4	14	12	8	1	32	14	9	4	49	170	54	29	19	24	8	12	15	35	16	42	26	68	25	56	45	24
hsa-miR-6872-3p	15	20	15	11	95	188	318	38	236	58	134	100	26	26	66	187	43	238	101	22	61	101	5	50	36	51	20	44	76	45	33	24	42	41	85	54	13	10	23	38	39	160	66	137	133	101	141	119	155	342	162	191	87	272	269	349	447	115	142	170	160	109	64	180	299	48	44	42	83	94	65	10	8	19	58	4	13	8	5	3	34	129	44	56	26	42	40	48	63	12	10	15	60	20	29	79	49	32	26	30	48	32	33
hsa-miR-6873-3p	17	15	3	3	13	10	5	17	30	15	19	8	3	2	5	23	6	14	15	7	6	4	2	2	3	14	12	7	12	10	0	4	0	0	12	5	2	0	7	9	13	18	7	7	27	7	19	4	14	9	17	10	15	12	9	14	6	11	6	19	5	10	5	11	12	14	13	23	25	24	10	7	0	5	15	0	0	0	0	0	8	11	0	0	4	11	14	11	15	8	4	8	14	8	18	19	19	18	1	0	0	8	13
hsa-miR-6874-3p	9	5	5	6	7	17	20	30	19	28	35	49	6	4	10	7	10	14	10	7	8	3	4	7	5	12	4	7	11	0	0	0	0	0	26	19	4	4	16	0	7	35	17	31	13	48	56	46	47	109	143	139	40	76	163	69	193	78	101	136	74	73	121	236	207	9	1	35	4	22	15	6	12	5	0	0	6	0	0	2	4	11	0	4	1	14	18	16	6	3	2	5	6	4	14	5	3	13	15	0	18	13	10
hsa-miR-6874-5p	8	11	8	2	6	3	4	15	16	2	11	6	4	4	3	7	1	9	11	2	5	3	3	6	0	11	4	0	14	0	0	0	0	0	0	0	0	0	0	7	0	17	7	10	5	2	5	3	9	4	3	3	4	33	8	13	17	12	0	8	8	10	5	4	7	35	13	59	7	30	36	36	16	17	12	18	2	1	1	0	4	10	0	2	2	3	13	0	0	0	0	0	0	0	12	0	0	0	0	0	13	144	0
hsa-miR-6875-3p	10	5	3	3	7	11	19	20	25	1	13	5	5	8	11	7	5	2	6	5	8	2	2	3	1	9	5	11	14	11	0	8	5	16	17	10	7	4	5	0	11	19	5	5	10	5	13	7	12	7	3	4	2	26	11	21	10	12	10	11	14	5	0	13	0	20	8	20	3	10	16	8	2	4	5	10	1	1	2	0	0	22	5	3	1	27	15	15	0	0	6	12	4	10	12	0	10	14	5	7	22	16	10
hsa-miR-6877-3p	9	10	3	0	1	11	25	8	15	10	24	8	12	3	6	2	2	6	3	4	3	1	2	4	1	6	4	6	10	15	0	6	0	0	12	0	0	0	0	7	0	17	27	8	2	9	4	8	11	19	5	6	6	16	12	13	14	6	14	14	8	9	2	5	4	7	0	196	4	11	11	7	8	7	0	0	1	0	0	2	1	20	0	0	4	13	9	0	16	2	10	0	4	0	0	2	9	0	0	0	11	8	2
hsa-miR-6877-5p	18	19	16	0	33	17	23	21	42	9	17	42	7	13	17	41	16	45	24	7	15	7	3	14	12	47	16	16	24	15	16	10	14	22	13	20	12	10	8	11	6	44	14	22	18	16	26	16	21	22	33	15	12	57	17	18	15	9	9	22	18	23	7	13	25	38	27	180	42	40	36	16	2	20	15	3	6	3	3	1	4	19	0	7	4	46	24	19	40	4	12	12	19	28	7	21	12	15	1	12	23	4	12
hsa-miR-6878-5p	12	12	6	3	4	7	11	29	12	3	0	6	0	0	0	8	1	15	5	0	21	4	6	0	4	0	2	0	0	6	1	5	7	5	9	9	1	2	4	4	2	11	3	4	3	10	4	5	13	8	4	9	3	41	11	9	3	8	7	13	8	2	7	8	7	15	2	19	2	22	12	4	0	1	0	0	0	0	0	0	0	10	0	4	4	16	15	17	0	0	2	0	12	7	9	0	3	4	10	2	8	14	0
hsa-miR-6879-3p	73	57	19	4	18	58	42	71	47	10	22	36	28	18	19	17	11	14	33	28	25	2	8	10	15	40	20	31	48	37	14	11	29	29	37	32	11	26	19	17	28	49	39	21	7	10	12	29	34	11	8	32	7	20	5	28	28	24	21	48	31	6	9	18	4	46	10	122	6	20	55	24	12	6	8	33	0	7	8	0	7	59	11	10	15	87	53	66	19	16	25	18	13	15	72	23	71	7	43	51	39	37	36
hsa-miR-6879-5p	35	17	8	4	16	9	6	52	21	1	10	6	4	25	3	16	15	26	18	4	24	2	10	2	10	13	5	13	0	0	3	11	5	0	14	13	4	6	8	11	8	31	19	4	11	3	11	10	14	9	4	16	1	174	11	17	10	8	6	11	12	7	4	7	6	0	4	68	1	20	17	6	3	1	12	8	2	0	0	2	0	0	0	4	0	13	14	11	0	0	11	10	2	3	14	0	8	11	5	6	9	14	14
hsa-miR-6880-3p	0	0	3	0	0	3	11	6	3	4	10	0	0	0	0	3	3	12	1	0	8	1	0	0	2	0	4	0	0	0	0	0	0	0	0	0	0	0	0	0	0	0	0	0	0	0	0	0	5	7	4	4	4	3	4	4	5	3	3	8	9	2	7	0	8	0	0	13	0	6	0	2	0	0	0	0	0	0	0	0	0	0	0	2	0	12	10	16	0	0	0	0	0	0	0	0	0	0	9	0	0	0	0
hsa-miR-6881-3p	29	27	10	13	7	57	108	34	74	21	42	25	7	11	11	18	13	20	8	13	18	7	8	19	4	27	16	25	22	12	9	6	20	10	43	32	11	13	6	5	10	73	24	27	25	34	38	32	49	50	67	48	17	59	51	59	71	39	35	50	35	41	30	57	64	21	12	66	4	35	23	18	5	4	8	13	12	6	3	2	4	14	4	5	6	52	24	28	24	5	14	10	13	8	35	11	12	6	14	12	27	5	14
hsa-miR-6881-5p	14	19	1	2	8	5	7	12	9	10	8	10	4	5	11	8	2	5	4	3	6	2	6	9	7	18	8	9	10	0	0	7	5	13	12	10	1	9	5	6	2	19	12	14	8	6	9	7	4	6	5	8	4	660	5	14	12	13	6	12	13	7	9	7	6	22	0	39	5	31	131	14	5	3	7	12	0	2	6	2	3	24	0	5	1	24	36	20	9	4	15	14	4	24	17	5	12	10	7	6	18	17	5
hsa-miR-6882-5p	10	11	2	9	20	28	36	20	41	11	26	30	13	6	14	34	8	24	12	31	16	9	7	20	6	28	11	24	58	20	17	10	25	20	14	11	9	11	6	8	15	37	27	24	16	14	33	22	31	30	37	33	15	50	40	59	35	65	48	61	54	35	14	24	47	61	21	45	52	48	38	18	8	15	20	10	3	6	3	2	9	51	9	14	15	40	27	22	44	9	19	29	18	22	38	33	9	31	28	26	30	11	25
hsa-miR-6883-3p	27	19	7	1	4	13	16	28	15	6	10	7	8	3	8	15	9	13	10	7	12	1	12	16	4	26	6	16	11	10	6	3	7	10	14	9	6	4	3	7	3	20	18	7	5	12	9	9	10	18	13	9	10	390	10	28	14	10	5	14	19	6	11	23	27	0	6	49	2	16	12	3	0	5	0	0	0	0	0	0	5	12	0	5	3	23	18	17	10	4	0	6	0	12	10	15	0	5	2	12	18	2	14
hsa-miR-6883-5p	15	12	9	3	14	13	19	29	21	9	22	15	5	6	18	5	2	11	5	10	11	3	5	1	9	25	5	18	45	22	14	10	11	28	18	14	10	11	10	12	12	38	19	16	9	14	12	10	19	9	19	8	8	48	12	28	11	19	18	20	20	14	5	32	3	51	6	30	6	53	52	9	9	6	9	15	3	3	4	4	3	31	8	5	6	40	39	34	18	11	16	9	8	22	15	6	30	12	17	16	28	23	13
hsa-miR-6884-3p	22	25	11	4	4	11	9	14	29	11	20	13	10	11	5	19	4	19	13	6	14	1	2	1	8	29	12	11	13	0	0	4	6	11	11	8	5	6	2	12	10	19	6	15	16	2	11	12	21	4	5	9	6	117	10	34	9	14	7	14	7	6	8	9	2	15	3	38	6	13	8	9	6	3	11	4	4	0	0	1	0	0	0	2	0	22	10	0	0	0	8	16	13	4	11	0	11	0	0	13	8	8	10
hsa-miR-6884-5p	26	27	12	4	11	18	45	66	32	21	28	12	17	17	19	30	7	25	9	27	22	3	12	18	10	18	14	17	32	15	14	11	13	16	40	20	4	12	17	7	10	70	30	20	15	21	27	25	40	40	35	48	12	85	35	51	36	31	25	32	27	19	19	39	41	26	12	47	4	52	38	15	6	6	11	4	5	3	3	6	3	17	2	5	2	54	30	37	22	7	17	12	8	21	16	11	21	16	10	26	31	16	19
hsa-miR-6885-3p	9	10	2	0	7	11	15	36	17	6	6	10	0	0	0	11	3	17	3	0	5	2	1	0	5	0	1	0	11	0	0	0	0	0	11	0	0	0	0	0	0	13	6	6	3	3	9	8	20	10	7	6	3	10	6	10	6	7	7	21	9	3	5	0	8	0	0	23	5	13	0	3	5	0	0	0	1	0	0	1	0	0	0	3	0	10	0	0	0	0	0	0	0	0	0	0	0	0	0	0	0	3	0
hsa-miR-6886-3p	12	25	4	3	16	7	5	29	16	12	13	6	5	9	3	17	1	22	10	5	11	6	11	7	7	17	2	12	13	0	5	13	0	10	7	10	3	5	6	15	2	21	7	7	6	3	9	6	8	12	3	8	2	5	4	17	7	8	6	19	2	3	3	15	4	15	4	33	4	16	12	11	8	0	10	5	5	0	0	2	1	19	0	5	7	8	10	16	1	5	6	11	8	17	17	17	7	8	16	0	16	13	2
hsa-miR-6887-3p	70	37	15	9	37	16	24	59	25	16	24	22	11	45	19	24	12	33	26	29	39	6	12	16	20	36	16	35	17	22	12	16	9	23	19	21	5	10	18	10	12	45	29	15	38	13	14	21	29	11	20	20	13	86	56	38	16	14	10	34	17	9	11	15	10	31	13	863	8	32	29	13	8	8	20	15	3	8	2	1	4	19	8	5	6	32	36	22	17	8	20	12	21	15	28	13	16	11	17	18	31	27	24
hsa-miR-6887-5p	29	16	5	3	10	4	5	36	6	9	14	11	9	6	10	7	8	7	11	6	12	1	6	5	4	8	5	8	11	8	0	6	5	0	0	0	0	0	0	3	0	20	5	0	4	5	10	2	13	12	6	6	5	8	7	8	4	8	1	18	5	2	3	4	3	4	0	41	0	12	5	10	5	3	47	6	4	0	0	3	1	17	0	1	1	18	13	17	0	0	0	10	0	8	21	0	0	0	2	7	12	6	10
hsa-miR-6888-5p	47	41	18	4	17	14	13	41	28	9	19	12	4	10	6	20	8	27	3	3	25	3	8	14	23	17	19	8	10	2	0	4	8	0	7	0	0	0	0	13	0	20	11	3	3	2	7	6	9	6	3	1	5	15	9	12	10	10	9	18	9	8	5	11	8	13	2	114	2	14	12	9	0	1	0	0	0	0	0	0	0	14	0	0	2	14	21	0	0	0	5	0	4	0	0	0	1	4	14	15	14	7	0
hsa-miR-6889-5p	22	30	10	6	19	56	158	25	122	33	74	47	19	8	14	6	13	24	9	22	14	6	7	23	6	35	13	23	44	25	11	11	24	12	41	30	13	12	16	18	17	84	62	25	18	21	34	42	55	66	53	71	26	95	76	91	93	60	61	82	58	73	72	168	111	54	9	122	13	59	65	11	9	23	23	17	2	8	7	2	3	30	11	11	6	48	35	42	37	15	25	18	9	19	16	13	18	17	22	23	27	21	13
hsa-miR-6890-5p	16	20	2	1	9	362	529	25	344	213	298	317	81	12	91	12	1	11	7	146	8	9	4	176	6	133	10	11	0	9	6	5	5	11	282	220	4	8	7	9	32	366	110	86	111	224	307	226	368	410	509	400	115	1081	359	258	596	171	286	317	252	152	184	530	804	33	5	55	5	35	18	25	10	13	15	10	3	14	4	5	3	17	0	5	4	32	24	17	0	0	8	5	6	10	12	0	22	5	10	12	14	11	13
hsa-miR-6891-3p	39	29	8	7	14	21	44	43	30	18	36	29	13	17	27	12	5	25	15	16	28	2	14	16	14	35	14	43	38	65	29	30	38	41	21	19	9	29	20	12	14	64	38	45	37	30	26	24	34	21	17	27	20	41	34	107	24	19	24	49	21	14	8	24	12	47	17	91	8	45	47	24	10	11	10	15	13	10	10	13	7	57	11	7	12	93	49	108	33	21	23	26	13	19	62	30	65	45	55	28	45	33	20
hsa-miR-6891-5p	40	35	12	5	17	11	7	55	15	3	11	11	6	16	9	25	6	30	21	5	17	17	11	11	12	15	11	12	16	17	0	13	7	18	11	4	4	6	8	4	15	25	16	6	18	5	7	10	11	4	11	7	7	30	10	13	7	9	7	8	14	9	4	13	5	23	3	54	6	22	20	15	6	6	4	6	3	0	0	0	2	13	0	4	9	24	9	18	6	7	0	6	0	10	27	11	0	4	17	16	20	9	3
hsa-miR-6892-3p	15	17	7	2	12	13	14	31	16	7	15	3	11	5	10	8	1	14	13	4	9	4	5	14	9	28	5	14	12	17	0	6	16	16	15	6	5	5	14	6	14	18	10	3	10	6	7	9	9	5	9	10	2	18	8	23	11	10	9	23	9	13	2	10	5	15	8	40	0	20	16	13	3	4	5	10	1	0	0	6	0	15	0	3	1	15	12	0	7	0	6	18	4	12	10	12	9	0	14	14	12	4	8
hsa-miR-6892-5p	24	13	7	5	30	12	17	54	33	14	20	8	10	18	16	39	7	37	22	6	14	8	15	10	13	28	19	16	68	26	17	10	10	18	18	14	4	12	8	10	12	31	20	6	23	15	22	10	18	14	27	12	7	89	25	23	23	8	12	29	18	43	24	33	20	39	30	126	33	36	35	8	10	11	27	5	7	8	2	0	7	51	9	15	15	37	28	32	22	5	19	17	17	22	35	25	15	21	12	13	21	15	23
hsa-miR-6894-3p	10	5	5	2	5	43	87	12	63	7	34	37	10	14	11	10	10	11	8	10	8	8	3	9	9	29	2	7	13	15	6	11	6	13	37	20	4	2	6	4	9	48	15	21	21	17	50	35	47	54	53	44	25	29	41	88	70	28	29	37	22	22	21	35	52	11	5	30	12	27	66	12	6	3	8	15	3	4	6	2	2	20	6	3	8	31	19	32	11	4	6	8	6	15	3	7	7	10	12	9	17	11	5
hsa-miR-6894-5p	10	9	4	1	9	10	22	11	28	6	19	19	7	8	8	8	3	7	8	1	8	4	2	3	3	10	6	6	20	9	0	8	7	7	8	0	0	0	0	9	0	25	17	9	10	7	9	7	15	13	4	10	3	15	15	39	15	20	7	13	13	14	7	11	6	21	11	32	7	22	12	7	3	7	0	0	1	1	2	0	2	16	0	3	0	22	20	26	11	3	1	7	5	12	11	6	6	10	9	13	14	3	3
hsa-miR-6895-3p	18	13	8	8	10	130	368	21	109	26	35	108	16	14	7	13	7	15	11	16	12	3	6	17	8	19	7	29	23	33	13	3	9	19	82	79	24	8	8	7	4	136	44	30	27	40	35	60	66	83	62	73	18	82	59	124	67	40	49	55	50	30	17	39	72	32	14	37	7	29	19	7	17	7	19	14	3	0	0	0	2	25	7	4	7	33	11	32	29	12	18	11	8	21	27	8	18	9	29	14	18	8	21
hsa-miR-6895-5p	12	3	2	3	2	13	15	10	18	6	5	16	10	7	5	5	0	3	4	6	3	0	2	8	1	23	4	18	30	25	7	22	6	16	7	6	1	5	6	6	10	20	11	13	2	10	2	10	16	5	7	10	5	15	6	13	12	13	7	20	21	6	2	10	6	16	4	32	2	11	33	13	10	4	1	10	5	0	0	1	1	53	9	6	3	20	24	21	12	7	36	16	9	12	29	12	31	14	12	29	30	19	24
hsa-miR-7-1-3p	7	9	6	4	10	16	12	14	82	13	39	27	3	17	17	26	40	15	24	6	13	7	2	3	12	9	13	8	10	6	1	3	6	10	14	10	10	2	7	11	5	36	5	29	18	27	26	9	10	13	116	4	37	37	21	15	10	27	6	5	14	24	5	9	82	13	12	11	21	9	9	7	5	3	0	0	2	0	0	0	7	5	0	0	10	18	3	0	22	5	10	7	10	15	12	27	19	59	12	13	12	3	7
hsa-miR-7-5p	243	584	202	76	1873	140	161	174	1663	329	791	477	35	643	307	3366	593	2628	1389	108	683	496	81	134	497	290	1055	175	333	109	191	81	43	151	307	80	94	378	231	287	153	1034	70	888	371	193	1219	85	214	73	474	50	762	537	304	220	91	238	26	93	178	3998	751	197	2040	582	2215	58	6008	1734	342	45	72	222	1549	42	118	38	33	34	446	286	183	381	293	374	154	189	921	44	169	103	1509	309	201	1833	79	810	136	256	470	93	173
hsa-miR-708-3p	4	8	9	4	12	15	13	10	18	17	25	24	7	9	13	7	12	11	11	4	15	5	6	3	7	22	4	22	14	15	10	9	6	10	7	9	3	5	3	9	4	23	13	16	4	11	13	9	11	4	18	13	6	29	17	13	9	13	10	19	20	16	5	8	12	18	8	29	15	18	28	10	2	3	0	0	4	6	4	0	1	25	0	5	10	35	23	12	14	9	5	13	9	16	22	21	19	9	13	11	16	12	13
hsa-miR-708-5p	6	23	3	3	23	22	16	20	51	34	140	34	16	14	14	26	31	40	15	11	23	21	8	11	16	36	13	10	10	15	3	6	10	7	13	16	6	10	10	60	33	45	22	21	12	15	23	8	31	8	20	7	14	28	13	10	10	5	8	10	10	27	9	18	18	19	21	33	41	41	26	13	4	15	20	9	10	0	0	5	5	33	0	5	4	16	21	16	19	9	3	10	20	28	18	24	19	17	13	13	19	11	8
hsa-miR-7106-3p	12	25	6	5	5	14	37	33	19	10	33	37	19	9	15	10	2	10	3	7	10	6	1	17	9	26	4	34	61	28	14	11	13	15	31	24	16	14	16	18	9	51	50	16	18	10	17	18	30	20	19	20	26	46	17	50	33	27	22	65	39	42	26	69	19	39	17	42	4	48	80	25	15	12	41	37	7	12	9	2	3	75	13	6	16	42	73	31	30	15	21	31	16	42	35	15	34	18	24	37	42	23	34
hsa-miR-7106-5p	6	6	12	1	11	7	8	14	17	2	6	5	18	2	5	6	1	17	10	3	6	4	8	1	7	2	2	7	11	8	0	2	0	6	4	0	0	0	0	8	0	15	12	15	3	9	5	6	13	11	14	10	2	91	9	18	11	17	10	25	16	9	5	6	4	12	0	17	10	16	13	11	2	4	0	0	3	0	0	1	0	11	0	0	1	11	11	10	6	3	3	0	12	6	6	4	4	6	1	0	6	4	3
hsa-miR-7107-3p	31	18	9	6	3	7	5	54	11	5	23	13	5	12	12	8	3	11	5	8	11	3	4	4	9	25	2	9	0	4	13	7	0	11	8	2	4	7	6	8	11	14	13	5	11	2	3	13	5	5	8	7	12	13	7	30	10	8	6	9	6	6	5	4	8	6	2	42	5	25	13	6	0	2	0	0	0	0	0	0	0	17	0	3	1	23	11	15	0	0	14	6	3	8	14	0	7	16	6	0	6	9	10
hsa-miR-7107-5p	36	27	13	12	28	43	48	60	51	29	61	39	38	28	27	44	6	51	24	18	36	17	10	31	16	74	10	65	144	67	19	32	19	13	36	44	8	27	15	19	27	93	25	36	34	23	36	34	43	39	33	33	24	112	50	89	64	64	37	90	85	55	65	127	28	188	31	130	18	129	99	48	88	24	52	52	25	9	8	5	13	78	28	30	8	104	74	68	33	21	45	37	16	56	39	28	33	32	35	40	67	36	42
hsa-miR-7108-3p	51	61	15	17	28	38	44	72	53	16	48	46	32	21	24	31	11	36	27	24	34	5	11	24	22	50	21	36	33	30	16	20	22	22	31	38	12	14	20	20	17	68	41	24	18	38	26	42	50	41	40	48	25	1784	45	78	84	40	51	55	78	36	34	57	57	61	18	190	6	63	73	45	23	18	18	30	14	13	2	3	4	56	17	8	15	56	72	53	18	7	22	26	10	19	34	14	28	14	28	32	43	21	31
hsa-miR-7108-5p	21	42	8	1	25	32	17	114	31	9	31	21	5	8	21	9	6	10	4	6	12	5	13	7	14	18	14	4	0	7	63	10	4	0	27	18	8	7	5	13	9	32	11	9	3	9	16	10	33	9	9	11	4	20	2	11	17	8	10	17	8	7	2	11	3	10	0	48	1	13	4	5	5	4	0	0	0	5	1	0	0	26	1	2	1	21	16	0	0	0	0	11	0	8	17	0	0	8	12	10	4	22	5
hsa-miR-7109-3p	10	26	0	0	5	31	9	12	12	4	17	7	5	4	9	16	2	14	3	6	0	0	0	6	5	21	3	12	26	10	11	2	10	17	0	0	0	0	0	3	0	15	13	2	1	7	5	4	12	7	9	13	7	16	7	16	8	10	15	18	5	9	7	9	11	27	6	20	0	28	13	14	6	8	0	0	0	0	0	0	1	16	0	4	2	25	8	11	4	1	0	16	4	13	9	12	15	13	7	6	12	6	8
hsa-miR-711	14	8	5	4	12	15	25	17	19	12	17	23	27	10	12	2	2	11	10	22	6	0	3	14	7	33	3	39	63	34	11	13	10	19	21	18	6	12	13	7	18	39	19	24	4	7	14	12	26	16	12	20	17	28	21	32	17	34	24	45	32	40	18	45	5	83	18	45	10	59	50	17	28	14	47	32	6	4	6	0	3	53	19	17	7	57	65	48	30	10	28	28	7	37	39	17	27	14	8	22	36	29	20
hsa-miR-7110-3p	24	20	4	12	15	18	19	58	58	6	18	12	5	12	13	14	12	24	13	11	27	4	0	9	3	11	11	24	23	17	7	10	22	20	12	11	2	10	9	7	9	27	26	15	9	6	26	8	12	9	11	11	10	33	15	32	13	15	6	25	14	11	10	10	8	40	17	47	12	36	28	13	0	10	21	17	0	6	1	0	8	22	0	8	12	30	27	23	20	4	14	10	15	16	47	22	34	22	37	9	20	10	18
hsa-miR-7110-5p	21	8	8	7	9	22	25	34	28	17	40	24	10	12	8	5	4	11	10	12	6	1	3	5	4	28	4	19	18	13	10	8	5	25	8	15	2	6	10	20	12	29	14	11	4	10	8	17	23	9	13	14	4	23	8	21	22	15	18	20	13	5	6	7	11	27	0	141	2	15	26	12	3	6	3	12	5	8	7	2	2	31	3	3	5	26	22	32	11	13	7	10	5	3	34	10	12	11	13	10	22	17	16
hsa-miR-7111-3p	11	3	3	1	16	5	11	13	26	7	14	8	0	0	0	5	2	7	2	0	10	12	2	0	0	0	1	0	0	0	0	0	0	0	0	0	0	0	0	6	0	14	15	3	14	5	6	4	4	4	4	5	1	20	0	0	0	6	4	9	4	7	2	6	5	0	2	19	1	14	0	2	0	1	0	0	0	0	0	0	0	0	0	0	0	11	0	0	2	2	10	0	1	9	0	17	3	0	0	0	0	0	0
hsa-miR-7111-5p	5	2	6	5	1	21	37	10	20	14	27	23	7	4	10	8	1	5	3	9	6	3	3	10	4	16	1	8	0	0	0	0	0	0	18	13	4	3	0	4	10	27	15	14	4	20	15	19	47	99	57	72	6	643	22	20	68	34	53	79	45	13	9	38	31	11	0	16	1	29	32	5	4	0	0	0	1	0	0	1	1	10	0	3	1	18	12	0	0	0	0	0	0	6	0	0	0	6	0	0	15	0	0
hsa-miR-7112-3p	2	3	4	0	3	10	4	12	10	2	8	0	0	0	0	3	2	6	3	0	0	0	0	0	2	0	1	9	0	0	0	0	0	0	0	0	0	0	0	7	0	0	0	0	0	0	0	0	5	7	6	4	0	0	5	41	4	0	3	13	6	2	12	0	5	0	0	23	0	12	0	3	2	0	0	0	0	0	0	0	0	0	0	0	0	0	0	0	0	12	0	0	0	0	3	3	0	0	0	0	10	0	0
hsa-miR-7113-3p	14	3	5	0	6	13	10	10	11	2	10	12	10	6	7	0	0	0	0	16	8	3	4	6	6	21	0	9	0	8	2	0	4	0	0	0	0	0	0	4	0	13	11	9	6	8	18	16	11	3	10	16	11	11	8	22	9	8	7	19	15	7	5	7	8	21	3	33	1	6	14	7	0	5	0	0	0	0	0	0	3	22	0	2	0	17	13	10	9	2	4	3	2	0	14	9	17	8	23	15	13	5	11
hsa-miR-7113-5p	20	9	4	0	7	8	13	19	10	7	6	13	10	7	5	11	4	12	9	10	0	0	0	7	4	9	4	5	13	0	0	9	0	7	0	0	0	0	0	4	0	14	8	7	5	3	9	9	10	12	9	6	4	44	7	10	12	11	9	9	15	2	3	9	9	21	6	27	6	13	7	5	5	2	0	0	1	0	0	0	0	0	0	4	0	21	13	0	5	4	2	5	5	16	8	13	12	8	0	0	7	3	16
hsa-miR-7114-3p	12	3	5	0	3	8	11	8	30	1	15	12	8	4	11	10	2	6	7	7	5	1	6	2	2	14	3	15	13	9	0	7	6	0	8	5	2	2	5	0	9	12	10	10	2	4	6	12	13	3	5	9	5	17	3	50	3	3	5	13	15	12	3	4	1	12	3	26	0	26	15	4	8	11	10	8	4	0	0	0	1	19	10	2	4	16	19	13	0	0	7	8	4	6	9	0	8	6	7	11	22	17	13
hsa-miR-7150	11	8	7	4	2	11	8	7	15	7	6	14	7	2	9	2	5	2	5	11	8	0	2	5	7	9	2	20	18	18	0	3	10	0	6	14	2	11	5	11	7	24	11	4	5	7	13	7	13	7	10	9	3	15	9	14	26	15	13	23	14	8	2	11	5	26	7	54	3	26	27	9	9	5	15	16	3	8	2	1	1	11	5	7	3	40	48	21	0	0	5	0	10	8	0	0	5	4	7	20	43	10	10
hsa-miR-7151-3p	13	9	0	3	22	5	3	15	18	6	12	6	0	0	0	49	11	11	43	0	18	6	2	0	2	0	15	0	15	0	0	2	0	0	4	5	7	20	1	6	3	23	2	25	13	10	12	8	12	7	17	10	45	29	13	8	7	5	5	4	8	18	6	14	30	12	12	21	45	47	0	1	0	4	20	0	0	0	0	0	2	14	0	0	1	14	1	0	10	1	2	0	12	21	0	9	2	0	0	0	0	5	0
hsa-miR-7152-3p	21	19	3	2	12	10	21	26	7	11	10	12	4	12	6	10	11	21	6	5	24	4	3	12	5	10	8	7	11	10	0	6	3	0	12	5	4	3	10	3	4	13	14	8	9	4	2	8	6	4	3	9	2	16	6	12	11	16	10	22	8	7	4	9	5	19	3	22	0	7	10	3	0	4	0	0	3	0	0	0	0	15	0	0	4	12	13	15	0	0	8	3	4	0	10	0	25	12	8	10	10	0	11
hsa-miR-7152-5p	245	76	27	15	28	10	34	193	34	9	30	31	16	29	12	35	10	62	33	10	54	20	27	6	30	25	18	20	24	15	5	9	21	42	14	14	3	9	6	9	12	33	34	14	10	18	11	20	16	31	30	25	10	175	8	23	15	19	23	20	17	20	7	17	13	35	6	268	8	31	25	13	8	14	15	10	6	0	0	7	4	25	8	4	4	56	24	22	0	0	38	9	10	15	14	0	29	14	21	15	28	9	12
hsa-miR-7153-3p	4	12	3	3	7	12	9	12	15	1	7	12	6	3	3	3	3	26	3	8	5	7	1	9	5	22	4	7	0	0	0	5	0	4	8	12	4	3	3	3	3	20	3	9	4	2	0	9	11	9	14	9	4	23	7	14	13	11	10	12	6	11	4	5	7	10	0	20	2	10	39	5	0	4	7	11	0	0	0	0	0	0	6	1	0	13	20	14	0	0	0	0	0	11	12	0	0	11	17	0	10	0	10
hsa-miR-7153-5p	7	6	7	3	4	379	1572	11	419	339	572	706	10	3	8	7	2	5	5	18	7	5	2	18	6	26	1	0	0	0	0	0	0	0	216	177	9	3	4	1	18	346	116	96	96	231	202	377	564	1951	545	600	257	488	751	573	1228	346	448	752	444	449	265	635	986	12	8	19	1	6	5	10	17	15	11	9	9	10	2	3	0	0	1	0	0	11	0	0	0	0	29	0	0	0	0	0	0	0	0	0	0	0	4
hsa-miR-7154-3p	8	13	3	0	7	14	13	41	13	4	15	7	3	12	5	7	4	5	2	10	8	1	4	6	7	9	4	6	16	0	0	0	5	0	0	0	0	0	0	0	0	19	7	6	9	6	1	9	6	6	4	9	6	81	11	15	8	5	7	7	6	4	7	8	2	14	0	24	4	19	6	4	5	0	0	0	0	0	0	0	1	15	0	0	3	11	13	0	0	0	3	0	1	0	0	0	13	12	0	12	16	0	0
hsa-miR-7154-5p	3	4	2	2	2	11	10	11	33	9	11	7	0	0	0	4	1	8	4	0	1	0	1	0	4	0	3	0	0	0	0	0	0	0	0	0	0	0	0	0	0	0	0	0	0	0	7	8	5	12	14	4	2	15	7	9	14	4	4	5	8	5	1	6	5	11	1	16	0	11	0	2	5	1	3	1	82	74	61	91	0	0	0	0	0	0	14	0	0	0	4	239	12	0	0	0	2	0	0	0	12	0	0
hsa-miR-7155-5p	87	41	16	6	78	32	36	147	18	12	46	38	21	25	26	105	20	87	27	13	59	13	18	21	22	36	29	34	36	36	18	15	25	35	27	19	9	17	20	34	27	50	43	28	24	18	23	26	27	15	12	33	16	48	27	46	20	32	15	47	71	44	30	48	12	72	26	42	10	79	75	19	36	12	16	33	9	13	6	1	5	41	10	16	6	76	68	79	36	12	26	24	27	36	33	24	37	26	12	29	48	25	22
hsa-miR-7156-3p	12	22	16	16	13	7	10	26	20	10	19	18	6	11	8	7	15	10	21	13	16	7	15	13	7	17	4	4	0	8	0	4	7	1	16	14	5	3	14	18	4	42	19	13	7	10	7	10	13	13	19	8	2	25	9	28	9	5	10	12	14	9	4	13	3	21	3	24	4	14	16	20	4	4	10	3	1	2	3	5	2	12	0	1	1	16	11	12	3	11	10	17	4	2	0	4	12	5	0	24	9	0	3
hsa-miR-7156-5p	61	95	10	6	15	3	12	49	14	4	15	3	8	13	8	14	6	12	10	4	15	6	14	16	8	14	7	8	0	8	0	0	4	0	0	4	8	7	5	10	3	10	21	6	6	9	3	2	7	4	8	12	4	16	3	65	2	4	3	12	5	6	8	4	3	0	0	29	1	22	9	10	3	2	0	0	2	8	3	0	0	0	0	0	0	17	11	20	0	0	13	0	5	3	4	0	16	12	0	7	6	0	5
hsa-miR-7157-3p	7	20	4	6	4	13	12	19	8	3	13	15	6	6	8	2	2	6	2	4	7	0	6	3	5	21	6	7	14	13	6	6	7	10	17	6	5	2	3	6	24	17	7	8	1	8	4	4	8	5	7	7	0	9	6	41	8	10	5	7	7	5	9	3	3	12	2	15	1	17	14	7	5	5	0	0	0	6	1	0	3	10	0	4	1	11	26	16	0	0	20	0	2	13	16	0	5	17	3	10	7	5	13
hsa-miR-7157-5p	0	0	1	0	0	7	3	6	14	2	10	20	4	4	4	6	3	2	5	7	0	0	0	2	1	14	2	22	0	17	0	3	0	6	11	0	0	0	0	0	0	16	14	7	5	9	4	3	19	13	9	9	5	24	11	10	12	15	4	12	14	15	3	16	16	10	2	24	2	15	7	11	14	1	10	2	1	1	2	0	1	23	3	2	5	6	18	0	0	0	17	11	5	14	20	0	28	8	10	0	7	5	17
hsa-miR-7158-5p	7	13	8	8	6	5	5	12	14	10	11	7	13	6	8	12	0	13	3	13	6	6	8	6	3	6	2	6	0	10	0	0	11	3	0	2	1	5	2	7	11	5	10	8	6	2	5	8	9	8	0	6	3	12	7	32	5	3	5	11	10	6	4	6	8	12	3	26	0	7	2	8	7	1	0	0	0	0	0	0	1	12	0	2	4	10	0	11	0	0	0	0	0	0	9	0	0	4	6	8	0	0	0
hsa-miR-7159-3p	14	14	4	3	5	0	0	11	0	0	0	0	3	0	6	7	4	5	2	4	5	1	1	1	3	31	1	2	0	13	5	0	0	0	3	0	0	0	0	4	0	9	8	5	0	3	4	3	5	3	3	5	2	14	6	9	3	0	0	5	0	0	0	5	0	5	0	10	1	9	16	2	0	0	0	0	0	0	0	0	0	0	0	0	0	11	18	0	0	0	0	0	0	11	0	0	0	14	0	0	0	0	0
hsa-miR-7159-5p	8	15	0	1	7	12	3	12	12	5	0	11	5	3	6	4	2	7	4	7	8	4	1	4	6	11	6	19	12	0	0	11	1	5	3	0	0	0	0	5	0	6	9	6	6	2	2	3	5	6	4	5	2	14	4	10	6	4	3	12	9	3	5	9	1	11	6	28	1	11	10	9	0	0	77	8	0	0	0	0	1	13	4	1	2	14	12	11	0	0	3	0	6	0	0	0	11	5	12	8	11	12	6
hsa-miR-7160-5p	10	7	10	0	3	16	12	21	29	8	5	14	3	5	3	7	4	17	5	7	9	3	0	3	0	9	5	6	0	0	0	5	10	0	6	7	0	12	6	5	7	14	6	4	4	6	6	11	11	4	7	13	3	132	10	14	19	8	16	14	8	4	3	12	9	14	1	23	2	14	19	6	0	5	0	0	0	0	0	0	2	13	0	1	1	15	17	16	0	0	12	7	6	0	19	0	5	0	0	8	12	8	3
hsa-miR-7161-3p	19	20	11	7	17	16	31	26	35	15	52	16	7	8	16	8	4	9	6	20	21	9	8	14	15	24	11	10	16	11	8	5	15	9	19	19	8	10	12	15	14	38	32	11	16	10	15	16	36	47	36	38	6	38	21	35	36	27	14	55	28	22	11	35	17	34	12	45	3	24	17	34	10	5	8	10	1	5	2	2	1	42	5	6	16	33	29	19	11	9	15	16	10	25	40	11	21	8	30	17	28	4	14
hsa-miR-7161-5p	14	16	4	6	5	9	8	17	5	8	12	7	5	6	14	9	2	14	4	5	12	5	0	7	9	10	4	6	0	12	0	0	10	0	3	4	11	2	7	1	5	11	6	6	6	5	3	3	8	5	8	4	3	12	10	18	8	0	6	9	7	5	0	13	0	11	3	59	0	12	33	6	7	0	12	5	0	0	0	0	0	0	0	0	0	7	0	0	0	0	0	11	0	15	10	0	0	0	0	4	0	7	10
hsa-miR-7162-5p	8	6	4	4	5	4	6	8	12	4	11	12	7	4	12	6	3	9	6	8	8	2	1	9	7	13	1	21	11	25	7	10	0	4	15	9	7	4	5	4	5	16	13	13	1	6	5	6	13	10	9	11	7	15	12	23	19	10	11	25	13	31	4	15	7	20	3	29	0	20	12	8	4	2	36	6	1	12	9	1	3	52	8	3	13	37	32	19	8	4	10	15	10	10	16	23	79	7	12	0	43	18	13
hsa-miR-718	28	28	25	17	45	79	124	63	167	40	89	47	34	34	31	91	18	68	73	35	57	27	7	21	38	81	21	25	37	25	19	32	23	24	46	23	14	20	14	35	12	99	32	61	60	47	84	43	56	76	66	82	27	310	51	62	102	53	79	99	69	69	37	76	106	56	59	189	76	53	22	22	17	14	63	14	44	31	16	36	20	63	16	23	12	46	23	39	54	7	12	106	39	23	56	93	25	43	8	23	30	22	32
hsa-miR-744-3p	20	34	9	9	8	24	24	26	125	19	33	25	12	12	23	7	6	13	15	26	4	7	12	30	12	24	4	10	11	12	0	3	9	16	12	16	3	11	7	3	9	41	15	8	15	12	22	19	34	36	26	19	13	41	20	20	30	20	17	15	21	15	8	21	35	26	3	85	1	13	18	12	5	6	6	5	7	4	2	2	0	0	0	0	0	9	13	14	0	0	12	4	6	13	6	0	1	5	24	6	18	0	5
hsa-miR-744-5p	328	404	283	322	7961	2021	2806	3688	4518	1140	2487	939	905	2984	2190	13079	7520	9933	8070	212	4225	2489	1166	2943	1755	1705	4534	1869	8503	1997	2938	2982	1524	3868	3039	783	1224	2187	1385	2816	864	6109	300	5929	8240	3294	15534	755	1097	607	7540	630	3360	4115	3051	2662	2315	1675	156	1312	2088	6751	2215	2938	7772	13726	13587	359	14744	17768	5153	197	314	4329	8458	198	2038	270	167	378	2570	7895	3382	3708	578	2424	488	896	7507	106	193	865	7532	4499	737	12733	326	1545	332	2083	5216	543	1433
hsa-miR-758-3p	17	10	11	5	30	13	23	47	67	5	15	14	10	23	21	60	21	13	16	2	23	5	9	19	9	31	26	4	21	5	6	6	2	0	33	20	1	9	6	4	8	67	9	14	14	23	31	18	22	11	47	6	12	25	5	20	5	10	8	5	13	16	11	7	30	23	12	28	12	20	184	13	3	3	3	14	1	5	0	0	7	15	16	15	12	23	24	12	11	4	8	9	10	7	0	6	14	8	7	8	18	3	11
hsa-miR-758-5p	12	11	9	4	28	6	9	10	15	5	13	7	5	6	4	26	5	14	8	1	20	4	3	2	10	14	9	8	11	8	14	7	8	0	7	7	2	6	4	2	7	22	10	9	9	11	7	10	12	13	18	11	7	30	11	6	7	5	5	13	11	11	2	11	18	0	8	31	15	19	11	12	0	0	0	0	0	0	0	0	3	16	0	4	0	11	9	12	0	0	3	0	7	13	7	0	13	10	8	9	0	12	5
hsa-miR-760	28	25	23	12	227	49	62	180	139	55	107	39	36	67	46	270	164	267	306	6	137	138	78	61	54	50	188	72	206	63	74	90	71	116	85	42	22	90	48	66	20	170	23	110	130	73	302	39	41	15	231	28	110	151	178	146	77	37	14	75	80	329	174	179	180	520	243	85	353	694	205	18	9	114	240	8	133	9	7	6	44	306	99	136	25	87	46	70	374	4	17	54	221	538	62	418	30	64	41	91	127	29	63
hsa-miR-761	7	9	7	4	7	14	21	11	19	8	13	12	9	6	11	3	1	8	1	5	5	8	10	17	5	42	4	12	24	23	7	8	8	10	20	13	0	6	8	5	10	27	18	13	10	6	11	15	14	10	25	17	10	29	10	21	24	25	17	29	23	20	52	24	9	25	5	23	8	44	147	12	7	11	9	25	3	6	6	0	3	35	10	9	5	22	86	14	15	12	11	2	15	19	11	13	5	10	4	8	23	15	11
hsa-miR-762	17	25	8	15	14	42	52	30	46	9	33	28	8	13	9	12	7	12	16	9	20	7	6	14	7	44	15	8	26	7	12	5	6	0	23	14	4	3	10	7	4	48	17	11	8	9	11	9	25	20	18	25	7	16	11	28	22	9	18	14	14	7	8	22	14	20	5	99	1	12	66	10	3	8	3	12	1	4	1	0	0	15	0	2	8	27	54	15	0	0	7	7	9	11	0	0	6	6	16	7	16	11	14
hsa-miR-764	9	11	2	2	21	7	6	11	18	3	14	12	3	15	9	32	5	10	2	7	11	1	2	5	6	11	4	9	15	0	0	7	0	0	3	7	2	3	3	4	3	16	18	2	3	6	4	6	18	7	4	10	3	44	5	28	8	4	9	12	8	10	11	8	4	15	7	21	2	22	17	5	0	1	0	0	0	0	0	0	2	26	4	3	3	17	14	14	0	0	6	0	3	0	12	0	18	3	5	0	0	0	0
hsa-miR-7641	28	25	4	5	8	19	20	118	30	10	17	22	17	11	9	28	6	11	6	7	15	3	13	6	11	31	11	14	15	18	1	5	15	20	15	17	3	10	8	8	13	23	24	17	10	14	8	5	16	7	11	15	18	27	14	40	12	23	17	22	24	15	13	17	10	20	7	87	9	23	29	15	18	11	3	10	4	10	2	0	1	17	7	2	5	38	25	28	17	7	23	7	12	21	28	6	21	36	19	9	20	4	16
hsa-miR-765	41	42	13	8	28	17	22	73	37	13	31	18	17	24	14	27	5	50	25	17	46	11	14	27	17	96	13	30	95	19	7	17	24	15	44	35	5	9	12	18	17	70	22	28	11	8	13	31	42	16	19	18	10	48	24	205	20	16	11	36	20	9	20	25	15	137	8	68	8	39	151	24	9	8	11	18	9	13	1	6	6	18	13	14	12	57	95	55	14	7	11	16	4	21	22	15	43	22	27	33	50	16	16
hsa-miR-766-3p	31	76	27	10	288	82	76	149	333	36	151	166	20	91	30	678	557	721	328	8	213	80	55	27	93	37	373	24	129	37	29	26	25	30	46	20	8	21	15	19	21	135	17	74	126	39	144	23	56	35	1295	16	320	215	88	70	35	55	12	37	44	212	14	29	182	78	149	28	524	140	33	13	5	27	298	10	24	15	6	9	19	56	19	32	14	53	27	25	249	7	8	14	127	121	22	59	13	38	6	26	50	18	31
hsa-miR-766-5p	14	13	13	4	23	32	27	29	71	12	28	30	14	26	19	76	31	77	49	18	54	5	8	33	13	26	34	35	51	36	22	34	22	43	21	16	14	16	19	16	23	60	19	49	42	20	89	18	35	24	77	15	33	142	34	46	25	24	14	24	30	29	23	31	38	72	70	30	102	125	44	22	8	18	50	17	8	11	3	3	19	60	16	17	16	40	24	32	66	7	7	10	38	37	29	146	8	43	4	43	49	12	29
hsa-miR-767-5p	42	38	7	20	31	11	8	43	16	13	10	21	6	10	8	20	10	10	9	9	26	5	6	7	15	18	12	7	18	20	0	3	11	11	12	10	1	3	4	4	5	15	11	9	2	4	2	10	19	6	2	4	7	20	11	12	12	6	10	14	8	5	1	8	4	20	5	73	7	16	16	8	5	1	0	0	2	5	8	3	2	13	1	0	3	25	17	20	0	0	10	12	3	8	10	0	17	10	12	4	12	19	11
hsa-miR-769-3p	15	19	9	9	72	31	52	46	58	24	48	38	12	27	20	115	42	137	77	12	46	24	4	19	10	35	44	20	67	30	20	25	18	44	38	23	12	20	17	26	20	70	30	55	49	30	85	13	29	14	49	28	49	63	34	117	29	24	21	28	28	101	46	32	80	100	113	80	175	129	96	20	14	29	88	15	29	5	2	8	20	84	29	38	21	56	100	46	62	9	18	37	50	53	25	98	43	52	30	35	59	23	15
hsa-miR-769-5p	51	41	40	15	1002	92	135	197	406	62	150	114	13	274	69	1317	531	1099	760	20	287	136	28	67	146	87	464	64	192	71	65	72	23	87	103	25	55	69	47	95	41	265	35	254	293	93	414	42	78	43	480	32	510	196	179	133	87	58	19	28	43	681	110	99	521	362	647	68	1558	595	149	20	28	118	529	25	79	21	4	9	118	176	96	145	12	109	49	49	357	4	25	40	532	510	29	348	21	186	22	65	136	28	63
hsa-miR-7702	30	22	5	8	15	23	20	29	235	14	30	28	6	9	4	20	3	21	12	7	19	12	4	5	10	19	5	8	0	12	0	0	12	0	22	10	5	2	5	11	7	32	7	7	6	5	6	13	24	15	18	15	12	19	19	25	30	17	26	31	23	12	32	43	41	19	5	77	3	26	36	8	6	4	12	13	6	0	0	1	1	20	0	5	3	20	19	18	0	0	12	15	4	11	27	0	15	14	13	11	13	12	12
hsa-miR-7704	25	36	19	9	33	29	62	41	33	31	33	47	16	22	14	14	18	43	23	8	16	16	12	17	20	41	21	15	15	19	0	10	12	18	35	18	4	5	11	13	9	42	15	17	22	17	18	24	25	54	53	47	31	55	54	97	60	41	44	46	49	32	32	46	38	19	11	68	2	24	23	3	13	4	13	13	2	10	1	5	3	19	4	5	4	26	21	25	14	6	6	24	2	10	20	5	10	14	9	29	19	17	8
hsa-miR-7705	0	0	0	0	0	3	8	21	9	1	10	13	6	7	3	2	3	7	5	3	0	0	0	2	0	14	2	0	0	0	0	0	2	0	9	0	0	0	0	5	0	14	3	5	2	0	1	3	6	2	8	1	2	4	3	5	5	4	0	8	1	0	2	9	4	0	2	11	1	7	12	4	0	0	0	0	0	0	0	0	0	0	0	3	0	13	21	0	0	0	4	0	2	0	0	0	5	0	0	9	0	0	0
hsa-miR-7706	11	18	10	4	18	14	24	14	29	14	7	8	10	10	4	36	22	38	27	5	15	9	6	11	7	24	19	15	29	16	17	4	14	8	11	14	10	14	10	8	8	27	16	13	6	9	27	9	13	18	27	9	25	22	13	22	23	15	5	17	8	23	9	9	18	18	18	10	29	18	10	14	7	12	10	4	7	0	0	0	7	21	0	6	5	22	13	24	25	7	28	5	22	34	22	29	21	33	14	10	16	9	8
hsa-miR-7843-5p	25	4	5	3	7	21	35	32	31	15	28	26	8	4	8	7	5	9	3	11	16	3	2	15	7	12	2	14	28	11	0	0	0	0	23	12	1	4	4	2	3	30	16	8	10	22	20	26	22	49	38	31	12	40	28	40	53	17	31	39	29	25	13	43	37	24	0	67	4	12	16	14	1	8	0	0	2	0	0	4	0	0	10	7	0	9	16	14	0	0	12	0	3	6	9	0	7	0	14	0	19	14	9
hsa-miR-7844-5p	21	5	4	0	8	11	15	22	11	3	12	11	5	3	8	3	2	2	6	6	0	0	0	2	1	6	1	6	46	18	10	0	3	12	15	5	3	10	3	4	6	14	19	10	6	4	7	6	18	4	7	7	5	16	6	11	4	8	10	22	12	4	2	15	6	23	3	32	8	12	16	8	4	6	3	13	1	0	0	0	2	19	0	1	3	23	0	0	11	3	19	0	5	0	17	10	11	0	4	7	18	6	11
hsa-miR-7845-5p	17	26	7	2	33	12	19	46	25	10	37	24	5	17	21	19	9	36	19	9	10	4	11	8	15	10	13	17	38	24	0	13	15	7	23	12	4	3	9	6	9	32	21	24	11	9	29	14	29	8	11	19	12	104	10	275	5	8	6	21	21	19	8	11	10	41	20	55	9	28	33	16	7	15	16	13	11	9	18	20	2	26	10	5	12	27	18	33	16	7	14	23	7	16	19	11	17	7	14	24	24	12	13
hsa-miR-7846-3p	10	15	1	2	4	10	8	18	15	10	21	15	2	9	8	6	3	10	7	5	8	3	3	9	5	18	8	15	13	14	6	7	8	10	10	0	0	0	0	9	0	18	14	16	5	8	10	6	12	13	7	9	6	10	8	11	16	8	5	6	10	6	3	9	9	26	9	34	1	14	21	17	5	6	0	0	3	0	0	1	0	22	0	3	3	24	19	32	0	0	14	12	3	8	28	0	28	0	7	14	36	18	8
hsa-miR-7847-3p	52	29	12	13	29	44	46	49	73	34	100	43	34	22	52	19	11	42	15	56	29	7	7	35	15	72	11	83	69	50	36	34	40	65	41	52	20	33	40	40	49	102	83	44	36	33	45	54	77	48	36	62	22	113	44	117	48	51	57	82	64	43	36	62	29	115	31	145	16	131	94	53	32	23	41	48	14	24	11	6	9	63	19	19	25	168	76	106	34	29	40	34	26	49	78	42	89	61	54	66	97	43	53
hsa-miR-7848-3p	9	8	1	1	8	6	12	14	5	2	13	8	12	7	13	13	5	18	15	14	17	4	1	8	1	10	5	11	28	10	9	3	8	13	19	8	2	1	6	2	8	26	10	14	4	9	13	6	11	8	11	13	6	28	9	22	21	20	16	10	10	10	8	10	10	30	10	23	13	27	18	7	0	5	0	0	0	0	0	0	3	23	10	10	4	19	15	0	18	5	13	16	11	12	12	20	2	13	6	12	12	11	6
hsa-miR-7849-3p	19	19	7	8	13	22	15	37	38	8	29	28	28	19	18	35	27	34	16	21	22	18	10	16	13	15	7	12	77	28	16	15	13	27	24	9	15	12	11	17	7	46	18	27	12	25	42	11	22	18	20	11	7	39	20	40	21	23	12	23	35	28	14	17	34	28	38	36	43	46	21	0	5	10	28	4	10	0	0	1	6	38	11	16	12	32	17	15	32	6	24	11	20	41	26	37	32	15	16	20	22	12	20
hsa-miR-7850-5p	24	56	13	5	17	15	14	71	20	4	29	16	8	15	9	23	11	15	15	7	31	8	14	6	13	16	13	20	22	20	6	2	8	20	13	10	18	2	4	10	14	28	11	9	3	11	8	6	13	12	8	18	7	34	9	23	10	10	10	13	15	9	3	4	10	19	11	29	7	13	23	12	0	6	10	14	2	0	0	0	1	19	5	3	2	25	30	18	8	4	11	3	11	9	20	3	11	17	6	13	22	9	22
hsa-miR-7851-3p	29	26	18	15	30	15	15	79	24	9	21	22	15	17	19	39	6	38	20	10	45	8	7	17	19	31	16	22	31	37	11	13	13	20	12	9	6	4	8	9	19	41	22	10	18	11	13	10	13	13	12	12	10	28	13	18	11	10	14	22	11	21	10	19	8	38	9	39	21	33	37	16	10	6	13	12	3	10	5	2	3	22	5	6	12	23	32	35	18	17	15	9	13	21	16	18	19	14	19	25	22	12	22
hsa-miR-7853-5p	41	25	4	2	6	3	7	20	17	2	11	12	2	3	2	6	3	10	7	2	7	4	1	6	3	13	4	2	0	0	0	0	0	0	0	0	0	0	0	1	0	10	9	8	3	4	6	7	12	29	15	16	2	14	12	8	15	14	17	19	15	14	7	9	18	13	0	25	3	10	8	6	1	0	0	0	0	0	0	1	1	17	0	0	3	0	22	10	0	0	10	0	4	0	0	0	1	0	0	0	0	0	10
hsa-miR-7855-5p	48	17	7	4	22	16	23	59	23	4	17	15	5	12	7	34	9	32	19	12	23	18	5	6	14	21	6	13	17	10	4	16	14	30	23	17	2	6	7	1	18	33	12	7	8	11	10	19	23	17	20	16	9	17	8	46	13	11	7	11	9	25	9	7	10	17	17	17	21	22	45	8	2	3	23	8	3	15	10	8	4	31	14	7	11	22	37	21	14	7	29	19	10	11	11	6	5	21	19	13	19	14	10
hsa-miR-7856-5p	81	103	41	19	27	8	10	125	11	8	22	11	7	21	8	22	14	23	27	3	13	12	19	6	20	13	35	13	11	18	0	7	6	13	12	6	7	8	3	6	8	18	22	12	7	5	5	8	18	6	10	11	7	16	5	15	19	10	11	18	11	15	2	7	5	19	7	33	2	14	14	6	13	7	7	4	2	0	0	3	1	13	3	6	2	30	20	18	11	12	4	13	5	13	9	4	11	15	14	18	16	12	9
hsa-miR-7974	2	9	4	1	1	12	14	22	22	3	8	11	8	8	6	3	0	5	3	8	3	5	2	22	2	25	1	5	0	6	0	10	13	23	12	11	3	9	8	6	16	20	18	2	8	10	8	4	10	8	4	3	6	21	2	17	7	17	20	21	17	4	5	3	3	18	2	28	2	16	34	23	9	7	5	7	4	8	3	3	1	38	2	0	1	15	14	11	0	0	9	14	2	9	17	0	21	28	39	9	14	21	12
hsa-miR-7975	27	4	1	0	3	17	25	26	53	13	39	46	10	2	4	3	2	2	4	7	8	3	0	6	4	8	3	2	10	0	0	0	3	0	30	19	1	2	3	2	9	33	16	10	9	14	15	32	32	63	58	51	30	41	44	48	59	41	56	80	44	72	128	114	90	8	2	14	0	10	21	3	7	1	0	0	4	0	0	0	1	13	11	0	0	7	18	0	0	0	13	0	2	0	0	0	2	0	3	5	7	0	1
hsa-miR-7976	12	24	9	2	12	15	9	11	39	3	6	3	2	11	8	22	14	26	18	3	12	1	7	5	7	5	19	19	0	9	0	8	2	10	12	2	6	5	1	17	2	25	10	8	7	6	12	3	8	8	6	4	11	24	2	8	2	7	3	6	5	11	5	5	10	5	10	0	8	17	0	0	0	2	11	1	0	0	0	0	0	0	0	4	0	14	7	0	8	2	7	7	10	25	24	28	15	70	18	13	17	15	0
hsa-miR-7977	24	22	10	13	118	105	139	66	454	25	156	62	12	81	41	393	352	138	248	17	66	51	21	24	64	128	97	44	96	46	26	25	18	35	88	47	13	27	23	41	29	176	23	104	129	59	126	32	84	48	339	38	129	140	79	50	39	66	22	64	51	97	21	34	188	63	125	433	199	155	91	32	12	17	159	29	21	15	9	8	30	80	28	48	43	74	58	51	113	10	27	28	176	187	38	160	40	124	15	26	73	20	45
hsa-miR-8052	55	55	14	36	24	62	36	62	29	25	52	34	15	21	13	43	15	41	28	7	28	36	28	22	51	12	6	25	24	41	14	6	15	30	30	25	12	9	5	22	17	59	23	26	4	21	15	22	59	20	35	20	12	36	19	40	33	25	24	39	36	30	29	20	19	51	9	46	4	41	22	26	29	9	6	6	2	9	14	5	4	28	11	9	9	34	37	23	17	10	26	25	9	17	23	2	28	14	31	22	30	14	20
hsa-miR-8053	21	17	11	2	9	15	8	39	20	10	14	16	12	5	9	9	4	15	5	5	13	11	11	1	8	30	4	15	15	4	4	6	4	0	14	20	5	5	6	4	11	27	26	11	7	7	9	11	19	22	16	4	11	21	9	35	23	15	16	20	12	11	12	23	16	12	6	27	6	13	49	17	11	5	2	12	4	5	3	0	1	11	0	6	1	26	34	18	0	0	16	0	3	11	18	0	3	15	6	6	20	6	9
hsa-miR-8054	40	24	17	5	24	10	23	43	22	7	22	25	8	14	4	8	6	23	10	7	27	7	12	3	17	21	9	16	25	16	0	5	5	19	16	12	2	7	7	1	10	25	64	18	7	30	9	20	22	19	13	16	15	26	6	19	15	42	13	49	31	19	9	30	8	36	5	46	3	21	26	10	13	6	11	8	9	9	3	4	0	30	8	3	6	54	32	42	11	5	33	20	4	22	24	7	5	12	18	15	16	22	20
hsa-miR-8055	18	26	11	1	5	24	35	15	44	20	27	24	23	11	14	6	5	11	11	12	13	5	3	16	8	27	4	16	15	0	0	6	3	7	14	16	10	5	7	4	9	28	15	16	17	18	15	13	40	87	73	78	8	34	58	45	71	26	41	42	33	32	40	53	73	10	6	25	5	12	15	13	0	2	0	0	4	0	0	0	0	0	0	1	0	23	14	13	0	0	15	11	4	12	0	0	8	8	0	14	12	14	15
hsa-miR-8056	18	12	4	0	6	6	6	24	7	1	10	12	0	0	0	0	11	4	2	0	0	0	0	0	2	0	5	19	21	10	0	0	6	0	13	13	2	3	2	2	1	24	4	6	4	5	6	10	7	4	5	6	3	8	9	9	6	4	0	5	9	7	4	12	3	17	3	12	0	10	10	12	3	2	0	0	2	0	0	0	0	0	0	5	0	19	10	19	12	5	4	13	5	10	13	5	11	13	0	12	13	12	8
hsa-miR-8058	9	18	13	0	21	11	7	18	15	9	11	6	4	2	10	7	1	7	6	6	10	0	5	1	4	10	6	7	0	0	0	0	4	0	0	0	0	0	0	3	0	11	20	4	4	0	8	8	13	34	14	13	10	14	12	15	28	14	21	17	11	26	15	16	25	10	0	18	1	0	0	7	1	0	0	0	0	0	0	0	0	0	0	0	0	17	0	10	0	0	9	0	6	0	11	0	8	0	0	10	6	0	0
hsa-miR-8059	19	38	13	8	9	12	12	65	11	4	21	26	11	6	14	20	7	14	11	17	19	11	11	7	8	7	5	12	20	23	6	10	10	18	16	12	8	8	5	11	20	30	19	16	6	25	9	11	16	12	11	17	15	83	14	35	16	7	15	31	23	14	71	14	6	34	13	33	6	33	30	14	6	6	10	7	2	3	2	0	3	29	9	1	7	23	26	29	16	9	28	8	6	24	25	8	16	10	20	22	27	17	29
hsa-miR-8060	31	29	23	23	22	23	55	71	54	22	55	50	16	12	16	19	8	21	14	13	31	3	15	19	19	32	14	41	62	51	22	46	33	40	37	42	9	18	22	16	29	68	55	31	17	26	36	37	50	31	28	49	12	124	39	116	57	56	49	66	57	32	28	63	18	88	30	81	3	87	72	32	14	13	12	35	9	16	11	5	7	61	19	8	10	119	63	68	30	15	28	32	14	36	60	18	23	34	16	47	71	27	36
hsa-miR-8062	7	13	0	0	6	5	4	9	11	4	0	6	8	4	5	4	1	6	3	5	0	0	0	2	9	17	4	6	0	6	0	4	0	0	6	1	4	3	4	8	7	13	2	3	0	2	4	9	8	5	4	1	2	13	5	14	5	5	0	4	4	0	4	0	2	0	0	19	0	0	0	5	2	2	0	0	1	0	0	0	0	0	0	1	0	18	15	10	0	0	6	0	4	0	0	0	14	0	14	0	0	4	0
hsa-miR-8063	18	19	9	6	10	18	62	43	26	13	30	30	9	3	10	18	8	13	14	4	9	11	8	10	13	22	12	17	15	0	3	3	7	15	25	15	4	2	5	11	7	34	18	19	14	20	23	35	47	78	52	76	18	62	53	53	97	39	49	70	46	27	20	47	70	15	6	32	8	22	16	8	0	5	4	7	0	11	5	0	2	19	1	1	2	21	10	17	8	12	12	17	6	10	17	6	10	7	9	13	10	24	10
hsa-miR-8065	66	26	15	8	9	23	25	203	40	20	47	34	30	8	28	17	2	14	14	26	23	10	10	27	20	37	5	55	204	64	36	37	5	26	43	42	15	22	16	11	26	63	56	16	5	29	26	19	56	17	21	19	9	52	26	51	28	54	29	43	53	47	35	80	9	180	12	89	12	82	114	85	28	24	104	48	6	12	9	1	4	88	35	14	14	114	110	78	33	31	42	40	14	51	33	14	35	18	22	51	76	51	42
hsa-miR-8066	25	19	3	2	13	25	25	45	27	8	34	27	21	7	22	18	3	7	10	28	14	8	4	13	6	30	5	43	59	42	11	17	47	49	17	8	9	16	25	7	23	35	35	30	7	8	15	19	13	6	10	14	17	55	21	63	18	94	59	84	78	30	9	23	8	51	20	96	14	91	70	45	19	16	29	22	8	14	8	0	4	85	15	13	5	76	57	42	30	16	32	26	32	49	47	20	32	25	18	34	75	34	36
hsa-miR-8068	19	21	16	5	18	5	10	58	11	15	13	31	8	15	7	16	4	11	15	8	12	8	4	12	10	12	4	4	0	0	0	11	5	0	20	0	0	0	0	3	0	19	14	9	7	14	8	20	18	35	16	32	11	46	35	29	42	16	17	50	11	19	44	46	20	11	5	10	0	14	13	8	0	2	0	0	0	0	0	0	0	0	0	3	0	10	8	17	0	0	5	0	0	0	12	0	14	17	0	14	0	0	3
hsa-miR-8069	21	25	14	4	21	38	47	45	46	16	49	50	14	13	18	17	4	16	14	21	14	6	4	10	15	23	15	31	25	29	11	26	20	20	29	28	14	26	22	6	21	68	44	25	23	25	23	25	53	26	26	42	15	54	25	63	22	32	29	41	34	17	18	28	10	36	11	135	4	34	49	20	19	9	102	17	7	9	15	2	3	32	7	2	2	61	73	68	16	15	23	38	14	25	41	10	32	23	30	29	51	35	22
hsa-miR-8070	14	11	8	4	10	7	22	11	19	1	15	10	0	0	0	9	2	6	4	0	11	4	2	0	6	0	2	4	0	15	0	0	5	0	7	3	1	3	1	6	4	9	9	12	14	7	3	5	10	8	4	10	0	13	3	12	12	5	8	15	11	5	3	9	6	9	2	23	1	0	10	7	0	0	10	5	0	4	2	0	0	0	0	2	0	18	0	5	0	0	0	0	0	0	0	0	0	3	11	10	6	0	4
hsa-miR-8071	21	27	7	9	15	24	10	39	57	4	19	21	10	8	9	13	1	24	18	8	24	7	13	6	7	35	16	16	18	26	10	18	11	20	24	12	3	14	8	8	8	30	26	33	8	20	22	26	27	18	6	21	10	154	14	28	20	14	6	17	24	12	9	15	14	22	7	30	5	27	63	20	8	17	74	22	1	11	12	2	6	31	6	6	15	16	42	32	8	7	6	19	10	16	6	4	19	18	16	19	32	18	17
hsa-miR-8072	30	25	6	7	23	36	32	75	76	19	64	44	45	18	25	18	9	20	21	27	28	13	7	40	11	78	12	60	70	42	25	37	38	56	55	48	11	14	30	17	35	109	44	42	32	18	31	61	47	18	20	30	14	141	37	67	43	34	44	90	52	32	56	47	17	89	30	103	13	147	566	58	30	26	98	68	15	20	18	14	8	81	24	25	14	84	174	96	36	25	33	64	29	38	49	27	116	32	34	61	89	37	49
hsa-miR-8073	23	7	3	2	8	12	17	16	27	3	17	10	9	14	6	4	4	1	8	0	8	3	7	6	7	10	9	10	14	3	0	5	6	0	0	1	4	10	1	2	4	10	12	3	7	4	8	6	10	5	4	13	1	14	9	11	13	9	5	19	10	9	10	12	7	11	3	32	2	13	11	3	6	2	0	0	4	0	0	1	4	12	0	1	1	20	15	0	0	0	9	0	4	9	0	0	15	0	0	11	15	3	11
hsa-miR-8074	26	8	8	3	8	31	17	21	29	11	33	7	8	3	9	5	1	12	5	14	15	5	8	3	2	14	11	14	0	39	2	5	4	12	10	10	5	3	4	8	18	24	8	1	9	4	1	4	11	11	10	10	4	20	9	34	5	9	14	16	4	11	8	22	8	15	6	192	2	14	65	8	1	4	3	14	0	3	2	1	1	18	0	1	1	12	16	13	0	0	20	11	8	12	24	0	12	0	15	11	15	18	7
hsa-miR-8075	11	26	15	6	16	13	17	24	17	13	15	21	11	12	7	14	1	18	12	3	17	1	3	10	9	27	10	16	11	14	0	8	5	21	14	8	1	9	6	12	9	23	17	8	7	9	10	9	8	13	6	21	10	22	16	16	10	12	15	24	16	20	6	15	15	32	6	45	3	33	27	9	12	11	3	4	2	0	0	4	1	16	0	4	1	20	19	19	9	4	12	7	11	15	9	13	10	16	10	13	7	9	17
hsa-miR-8077	19	12	5	5	17	4	18	42	13	5	9	4	3	10	4	16	9	11	6	4	10	2	4	4	12	11	1	8	10	7	0	11	11	0	0	0	0	0	0	6	0	12	7	5	4	3	8	4	9	5	7	5	3	15	12	40	4	5	6	9	6	7	1	1	0	12	5	42	0	10	9	6	0	1	0	0	0	2	2	0	2	13	0	2	3	18	0	0	0	0	1	4	8	13	0	0	14	0	11	7	0	0	0
hsa-miR-8078	4	8	8	11	18	8	25	15	21	6	17	23	6	12	13	5	2	15	7	11	2	5	7	8	10	22	3	15	14	7	0	5	10	7	10	11	7	7	6	7	2	21	15	14	11	3	4	14	13	11	11	18	8	11	6	28	10	7	8	15	10	13	7	10	3	15	4	45	1	20	60	11	5	6	6	3	4	0	0	1	4	11	0	3	1	19	11	13	0	0	17	7	9	9	30	0	8	2	17	15	12	8	19
hsa-miR-8079	9	13	5	3	4	12	13	12	20	10	13	18	8	1	3	1	3	2	0	5	6	5	2	3	8	17	3	1	10	12	0	6	8	6	14	10	1	4	3	0	5	24	25	13	4	12	8	24	11	22	10	13	4	14	4	15	9	7	9	17	19	7	4	14	8	13	0	27	2	10	0	2	5	6	4	8	1	0	0	3	2	10	0	0	2	34	18	20	6	10	7	0	4	12	0	1	10	0	16	6	12	5	0
hsa-miR-8080	13	14	15	4	9	15	7	29	14	4	10	4	4	6	3	9	2	6	5	6	9	4	6	2	4	13	9	5	10	0	0	0	0	0	0	0	0	0	0	0	0	15	4	8	5	3	5	8	5	5	10	9	1	9	4	16	9	6	9	17	9	1	4	6	12	10	0	14	0	0	0	1	5	0	14	2	0	0	0	0	0	0	0	0	0	11	0	0	0	0	1	0	5	0	0	0	10	0	0	0	10	0	13
hsa-miR-8082	2	14	4	6	6	5	11	23	18	10	20	12	10	7	6	8	0	14	5	6	5	0	0	7	5	12	6	12	0	0	0	4	0	7	0	0	0	0	0	7	0	16	4	9	2	4	9	13	9	19	8	12	5	41	7	13	3	10	4	16	10	5	6	8	14	8	0	17	1	0	16	4	0	2	0	0	0	0	0	0	0	0	0	0	0	18	15	14	13	2	0	0	0	0	5	4	0	0	0	0	15	0	0
hsa-miR-8083	17	16	9	6	15	18	42	28	17	6	15	19	11	13	6	8	5	20	9	7	12	0	10	18	11	22	11	7	18	16	1	9	7	12	12	5	9	7	2	5	5	24	8	13	15	15	12	10	14	20	23	22	3	69	12	26	17	18	12	12	26	8	3	12	19	25	5	47	2	21	12	9	6	4	10	9	1	4	1	0	2	11	10	1	3	24	20	20	14	5	14	5	6	11	7	6	4	8	1	11	28	37	11
hsa-miR-8085	22	19	18	1	10	42	54	40	30	36	56	67	34	21	27	13	1	14	9	29	27	7	6	38	8	88	6	44	36	19	18	23	37	23	52	35	11	10	18	12	24	81	28	23	24	17	19	46	48	59	34	53	10	46	53	53	57	31	30	71	51	22	26	50	23	60	16	50	3	74	369	55	22	10	8	57	9	15	6	3	5	62	13	15	12	70	119	73	19	16	26	29	11	33	57	24	54	16	63	31	83	36	40
hsa-miR-8086	10	8	7	3	6	7	7	15	7	8	10	7	4	4	8	4	2	5	6	3	14	2	4	1	2	7	9	7	0	0	0	7	0	10	0	0	0	0	0	4	0	9	8	8	7	8	8	10	10	8	5	15	4	39	15	10	4	12	6	11	11	8	4	13	7	0	0	33	1	14	10	6	0	0	0	0	0	3	2	0	0	0	0	1	0	8	11	15	0	0	11	0	4	5	0	0	6	0	0	0	13	4	0
hsa-miR-8087	17	20	7	1	14	11	17	30	26	6	20	7	13	15	17	7	2	13	3	11	23	11	3	3	10	22	8	11	14	10	5	7	12	0	17	8	8	5	9	7	5	27	16	12	4	6	6	16	22	19	20	21	13	26	12	48	17	16	18	15	17	12	28	32	47	14	3	30	6	13	23	4	2	3	0	0	1	0	0	1	0	34	0	3	1	22	34	9	7	8	12	2	3	16	6	1	6	0	14	13	15	9	9
hsa-miR-8088	15	11	5	6	9	23	12	29	11	6	23	27	6	4	7	5	3	13	9	10	11	3	2	9	4	35	4	39	28	8	6	4	13	11	14	14	4	3	8	2	13	20	9	12	3	10	2	14	33	25	18	17	13	32	16	19	42	16	36	48	16	10	13	25	20	25	4	31	3	25	29	16	7	6	14	8	1	0	2	1	3	24	8	5	3	37	29	13	5	11	14	7	6	19	27	4	19	12	24	13	19	11	19
hsa-miR-8089	64	45	22	15	45	13	25	102	30	16	28	20	13	35	22	54	16	46	29	15	62	16	23	14	26	31	24	31	62	19	7	24	7	29	25	19	3	10	19	12	8	57	21	25	23	19	16	14	42	27	17	17	10	39	34	38	33	19	18	38	20	55	15	29	18	77	15	88	8	50	56	17	18	8	47	20	21	26	29	20	5	32	8	10	10	67	21	28	23	7	24	79	7	28	29	24	55	26	30	22	35	28	34
hsa-miR-8485	4	13	10	4	11	4	12	10	21	9	20	6	3	7	13	19	3	15	12	1	15	2	0	2	6	7	9	12	17	2	0	4	8	0	11	5	3	4	2	15	5	19	5	11	9	6	19	5	6	3	14	3	8	16	2	9	2	3	3	2	4	8	2	0	4	17	14	5	31	21	0	8	0	3	0	0	0	0	0	0	5	14	0	0	5	4	5	10	14	1	2	12	23	11	15	38	11	14	11	10	12	4	9
hsa-miR-873-3p	4	12	15	1	5	17	15	33	34	10	13	11	4	8	6	8	5	8	10	7	20	2	4	9	8	23	10	8	20	10	0	3	6	5	12	10	4	6	8	8	8	20	17	6	8	8	2	8	15	16	8	15	4	28	5	16	4	13	6	8	7	4	8	8	5	17	0	29	3	9	19	1	2	2	0	0	3	0	0	1	1	16	0	4	6	17	10	15	0	0	16	7	7	6	30	0	12	34	8	8	14	9	8
hsa-miR-873-5p	18	9	6	5	8	9	8	20	34	1	0	0	0	0	0	15	15	16	6	0	5	2	4	0	4	0	4	4	0	0	0	0	0	0	10	0	0	0	0	2	0	11	8	2	2	3	3	7	5	6	3	6	6	16	4	12	6	3	0	9	1	0	5	0	14	0	0	39	7	10	0	2	0	2	0	0	0	0	0	0	0	0	0	0	0	0	10	0	0	0	0	0	0	31	0	0	0	47	0	0	0	0	0
hsa-miR-874-3p	20	19	15	4	87	52	52	57	122	14	52	44	12	26	39	77	66	118	57	13	68	17	10	28	33	29	64	23	52	39	26	18	13	23	29	17	8	30	18	37	23	67	35	45	52	19	44	21	39	32	81	22	21	101	29	41	30	50	12	33	20	35	26	28	34	45	28	226	42	57	29	16	4	11	50	7	11	7	3	4	17	31	13	13	10	46	34	30	67	11	26	22	34	60	76	73	53	120	24	26	35	13	24
hsa-miR-874-5p	12	10	4	6	14	8	9	17	24	1	14	12	9	4	12	14	12	17	12	10	12	3	6	4	5	9	10	11	23	22	20	6	9	0	7	1	2	7	5	15	4	19	10	15	11	4	7	4	11	8	11	11	12	47	6	52	9	17	7	11	23	9	2	7	9	25	12	39	16	20	8	14	9	2	8	8	2	0	0	2	7	26	12	7	2	24	14	12	16	9	12	11	2	16	17	10	42	21	9	9	20	22	10
hsa-miR-875-5p	27	34	9	7	10	21	22	29	31	22	50	42	36	3	28	17	1	13	5	26	10	4	2	12	8	46	10	118	336	144	91	43	32	49	71	40	25	29	20	7	49	109	52	26	8	25	22	38	65	35	23	19	21	86	44	78	39	44	37	47	55	30	13	93	10	322	24	129	7	85	136	110	48	22	24	75	8	39	34	10	3	113	37	42	27	112	114	119	14	41	80	96	26	52	72	28	101	27	74	90	186	147	88
hsa-miR-876-5p	11	10	7	3	4	0	0	10	28	8	11	7	2	6	19	2	5	5	2	13	4	1	6	7	2	8	1	12	13	13	0	7	0	0	9	4	1	4	9	8	6	22	26	6	2	9	4	12	8	11	6	5	3	20	7	22	10	7	8	14	8	4	7	4	4	23	4	9	1	7	9	8	0	0	0	0	0	0	0	0	1	17	5	1	8	13	11	0	0	0	9	8	3	26	14	0	8	21	24	0	15	7	10
hsa-miR-877-3p	38	28	8	13	66	32	39	46	85	11	52	29	21	29	29	89	32	55	69	23	41	16	15	21	13	30	24	32	43	45	18	23	26	19	36	10	12	27	27	18	30	62	30	47	30	29	37	22	25	7	39	19	20	54	25	24	28	33	22	52	30	25	85	43	27	75	78	130	39	78	42	16	32	22	51	13	17	15	6	4	9	87	20	19	21	52	39	42	39	9	5	34	37	24	30	36	39	14	23	23	47	22	14
hsa-miR-877-5p	14	3	4	9	83	49	28	41	90	18	23	12	11	15	14	131	85	110	134	4	56	32	22	28	10	18	72	41	55	30	15	22	15	20	39	9	17	9	16	30	11	74	5	64	68	34	99	19	23	9	124	12	50	48	20	29	20	15	3	17	15	75	24	24	79	73	123	40	128	95	20	7	1	24	85	4	16	5	0	3	24	47	20	20	30	27	17	16	93	3	6	11	82	147	21	233	13	62	13	17	27	14	35
hsa-miR-885-3p	42	39	9	9	17	24	29	64	57	17	30	29	16	22	45	25	8	46	14	22	18	10	20	23	19	73	17	49	39	48	36	73	29	57	21	13	14	15	20	18	15	45	46	25	17	21	13	25	27	14	11	25	15	73	34	56	20	42	24	44	31	15	14	21	14	55	13	85	8	83	121	110	17	8	24	23	10	7	6	4	6	37	11	3	5	41	58	104	30	11	31	26	18	21	57	32	113	28	26	32	54	28	23
hsa-miR-885-5p	44	40	8	12	24	25	11	172	84	8	18	10	12	12	30	51	4	27	8	8	22	9	3	7	18	25	10	24	25	34	20	19	12	24	16	10	8	13	7	6	19	37	29	22	7	26	10	12	29	25	6	15	9	191	10	32	10	24	12	23	26	11	24	14	14	41	12	89	9	53	45	43	10	11	24	13	9	12	4	3	3	26	10	4	6	50	28	40	21	8	29	8	14	30	45	26	87	43	13	23	30	12	24
hsa-miR-887-3p	124	142	53	37	81	48	40	314	68	23	59	42	27	69	24	98	37	109	44	22	138	51	44	32	40	45	27	26	32	16	9	10	10	23	31	26	5	12	15	14	17	60	36	29	18	39	40	66	73	167	84	129	34	95	100	103	170	59	86	130	107	108	44	120	171	24	12	61	1	32	49	28	9	13	18	15	9	10	6	3	4	23	6	9	6	41	38	27	13	12	23	20	13	26	35	13	41	31	11	22	28	26	18
hsa-miR-887-5p	69	26	8	3	20	7	12	99	12	2	6	6	7	42	2	41	11	31	18	3	47	7	7	5	15	14	21	7	13	21	0	3	0	0	8	5	3	3	5	8	11	12	22	10	7	11	10	5	7	1	4	10	2	12	5	12	17	9	4	6	12	2	2	6	4	20	5	44	1	19	23	7	0	2	6	5	3	0	0	0	0	11	0	2	8	20	16	10	0	0	2	11	3	0	21	0	8	7	7	0	11	7	8
hsa-miR-888-3p	7	11	2	1	4	11	16	8	16	4	19	16	9	2	15	9	0	8	6	6	5	6	1	9	10	25	4	9	12	16	5	12	11	11	21	10	5	2	3	9	6	39	27	11	5	6	2	12	19	11	16	26	7	52	12	14	14	11	6	11	9	5	6	6	5	13	8	27	9	20	45	12	11	4	3	10	5	5	2	1	1	22	5	3	4	32	49	31	10	18	20	5	2	15	13	3	6	13	24	16	38	9	12
hsa-miR-889-3p	21	17	11	12	146	19	16	27	195	23	48	14	15	54	29	351	78	56	47	6	25	38	11	2	36	50	248	6	55	10	14	12	8	17	31	13	11	9	31	32	7	175	15	118	38	34	352	16	32	6	454	6	220	92	36	33	17	14	7	12	12	357	54	22	345	91	237	16	296	36	23	3	7	28	52	2	28	7	1	3	68	58	38	41	10	40	11	10	71	0	9	8	127	107	13	47	8	14	1	12	49	7	12
hsa-miR-889-5p	31	28	10	6	5	9	25	47	32	16	35	26	11	12	37	20	4	17	7	15	13	11	4	24	17	63	4	35	41	68	11	40	23	43	32	24	14	16	22	16	32	64	18	24	7	14	10	25	35	15	16	14	24	55	26	42	20	23	20	48	33	37	31	19	17	59	21	98	25	89	237	49	15	22	14	61	4	10	17	1	3	75	13	11	5	90	149	78	34	19	39	26	12	46	48	17	86	24	25	31	76	30	49
hsa-miR-891a-5p	14	12	6	2	14	45	47	17	35	11	50	67	13	1	15	10	1	4	9	12	12	5	13	15	5	33	8	17	46	39	16	13	19	17	27	17	5	14	13	12	16	54	32	14	13	7	15	20	32	11	19	25	12	34	15	27	23	29	27	39	21	25	27	24	10	29	9	56	6	27	36	9	14	8	10	15	10	5	6	5	4	48	6	9	6	77	57	40	26	30	31	36	13	38	24	8	23	16	21	21	27	14	21
hsa-miR-892b	11	22	7	1	11	14	24	22	17	9	12	19	3	14	13	9	5	15	12	5	7	4	6	5	4	7	5	0	0	0	0	0	0	5	11	6	0	3	5	7	6	19	6	6	6	6	3	6	12	16	5	14	4	24	11	13	12	12	9	13	6	9	8	12	15	18	7	50	2	25	14	11	6	1	0	0	0	0	0	0	2	11	0	4	3	14	11	15	0	0	2	0	15	3	14	0	0	0	0	0	9	0	4
hsa-miR-892c-3p	6	14	4	1	5	3	9	13	10	2	0	1	5	5	6	3	4	4	7	5	11	3	8	1	7	11	4	7	13	0	0	3	4	0	4	3	3	4	3	7	1	12	4	4	1	4	6	2	7	6	3	5	5	9	3	13	8	15	2	8	4	5	5	5	8	14	0	23	0	11	11	88	0	0	0	0	5	0	0	0	2	26	0	0	4	15	0	0	6	1	3	7	1	0	12	10	10	0	0	3	13	0	0
hsa-miR-9-3p	20	10	13	3	3	11	15	11	42	23	57	13	0	18	9	14	5	8	5	1	5	4	3	1	16	43	10	5	0	0	7	0	0	0	10	4	7	2	8	29	9	17	3	4	5	3	6	6	15	11	8	3	10	7	6	13	5	4	0	10	2	0	4	0	7	0	0	12	0	0	10	5	2	4	0	0	0	0	0	3	4	13	0	0	3	17	0	13	4	0	8	0	8	10	0	9	12	12	10	0	0	0	0
hsa-miR-9-5p	26	35	135	13	137	66	65	52	466	164	394	180	35	36	34	93	44	98	83	19	122	53	21	39	352	671	37	24	21	14	8	16	29	12	105	76	50	45	42	274	82	187	33	28	24	20	64	19	88	17	32	9	63	21	24	23	5	19	16	22	15	133	23	27	123	20	49	22	179	49	29	21	10	16	45	14	15	9	3	1	20	16	22	30	7	33	24	17	57	5	8	17	49	19	18	33	3	31	10	39	20	13	19
hsa-miR-920	21	20	14	6	8	8	10	27	20	6	18	7	4	11	5	9	7	12	11	5	7	4	1	5	15	3	10	11	0	0	0	0	0	0	8	6	2	8	10	4	2	13	5	6	12	2	3	3	8	1	5	11	2	77	0	0	0	3	0	0	6	0	2	6	2	11	0	45	0	11	0	3	0	0	0	0	0	0	0	0	0	10	0	0	0	0	0	0	0	0	10	0	2	2	0	0	8	0	2	0	0	0	12
hsa-miR-921	23	15	7	8	12	61	16	36	13	7	17	6	5	2	9	10	3	10	5	4	10	1	3	11	6	32	8	13	10	0	0	0	3	0	9	5	2	3	6	6	16	0	0	0	0	0	4	4	7	15	8	11	9	16	8	14	11	8	8	14	13	7	9	12	11	7	3	45	6	10	35	9	3	1	0	0	1	0	0	4	2	10	2	3	4	14	21	11	0	0	0	12	0	7	12	0	0	0	16	13	7	4	7
hsa-miR-922	12	14	5	6	7	25	7	59	31	19	23	16	12	6	8	7	5	7	3	17	3	3	6	13	5	23	3	10	36	8	10	5	10	0	10	8	5	3	8	6	7	12	6	8	2	5	8	19	21	18	20	22	68	26	13	36	32	18	14	30	17	15	12	14	18	22	4	157	3	28	22	14	10	7	16	5	4	8	1	1	3	31	0	6	2	14	35	0	0	0	5	9	6	0	15	0	10	9	12	11	13	13	8
hsa-miR-92a-1-5p	36	45	21	8	23	23	50	50	49	12	33	23	9	12	22	25	9	43	13	13	30	8	8	26	15	23	15	28	31	37	12	19	22	18	31	19	8	27	20	7	12	59	22	24	18	25	26	25	31	27	29	21	12	41	29	26	27	25	22	25	22	22	20	14	27	26	10	55	12	49	31	15	8	9	8	21	9	13	7	3	5	41	12	6	5	48	54	31	24	7	9	22	9	19	30	11	53	25	30	31	28	25	32
hsa-miR-92a-3p	57308	64012	12547	3965	68397	28746	9661	47590	57814	25392	22527	17637	11973	12976	17226	111328	66698	73146	60451	6296	36445	22991	10637	11163	25188	15108	68644	13281	55260	27609	28723	11839	12280	17755	23237	13140	15927	45033	12184	15258	8681	47037	30694	39090	12566	23940	58114	10342	16006	21933	42318	21488	41674	39997	21190	17310	12951	15326	3793	12540	16176	55892	6360	9789	58178	36502	57713	13325	82920	69462	16591	11944	8071	17945	61961	2662	5269	3393	1920	1037	9678	23991	11781	18154	2101	70570	30870	75182	43884	8745	84677	12324	75538	67734	15145	13729	11803	21768	5776	31461	63765	9093	8159
hsa-miR-92b-3p	409	684	158	80	571	299	182	394	768	443	397	414	213	161	214	576	428	566	426	117	553	464	171	179	269	293	513	198	575	312	325	182	240	271	314	192	368	663	192	222	149	482	346	432	133	274	588	197	236	208	348	262	326	327	201	195	169	168	86	239	227	477	148	183	346	404	400	171	458	665	228	171	141	181	483	84	100	58	43	19	57	530	111	159	47	574	393	758	435	96	730	222	744	692	264	187	161	246	118	341	554	129	173
hsa-miR-92b-5p	97	52	25	11	64	34	47	170	88	36	72	51	36	49	24	75	43	83	54	24	48	38	15	26	33	43	44	59	81	46	43	42	32	56	52	47	24	38	35	32	30	84	44	52	43	43	67	32	52	31	31	41	31	60	28	66	37	29	23	26	61	74	36	40	42	113	56	110	71	141	69	47	25	29	50	19	33	28	20	28	8	64	34	22	7	124	87	121	79	25	53	41	61	50	65	60	82	39	41	62	82	46	45
hsa-miR-93-3p	33	39	14	7	200	83	113	97	365	38	100	51	13	100	41	547	359	298	251	13	97	33	16	34	55	58	263	30	158	57	51	31	20	24	53	32	41	71	43	45	29	176	26	141	126	61	175	36	62	66	360	47	166	257	88	89	52	47	14	40	53	209	32	38	370	108	241	43	370	195	55	12	17	45	202	12	32	11	11	4	52	68	43	53	15	132	30	69	171	4	87	35	233	232	47	72	22	153	21	50	109	11	27
hsa-miR-93-5p	7443	7855	4289	1581	63403	9114	7463	15369	40793	14751	20361	9700	2803	14040	12090	130190	36851	72151	66687	1551	26174	17940	5135	11046	12652	9167	53524	13101	30098	7940	19971	11026	5165	14711	16091	3658	7068	16222	9983	12919	4341	47691	2708	37058	44961	12846	84619	3580	7968	6269	65952	5063	67732	37440	29451	19400	11051	5263	731	2779	5124	82981	17250	16433	79196	50196	114685	1832	266713	107581	22511	2360	2599	20690	76113	1784	14511	1784	1234	1878	26780	29264	20408	22762	4654	16978	3835	8004	34790	1444	9964	4951	77795	83138	11315	115849	5085	47388	4429	14401	27429	4121	10896
hsa-miR-933	12	13	5	4	15	54	93	17	71	41	56	49	5	8	15	16	3	14	14	15	12	8	8	22	7	23	9	17	56	12	18	10	10	8	22	24	9	9	8	7	14	64	28	20	24	25	38	38	66	177	84	85	34	136	92	70	120	57	52	117	83	85	50	139	144	63	15	78	13	54	28	13	21	9	23	9	2	16	1	4	3	22	14	13	2	36	28	28	21	4	12	16	7	22	15	11	12	11	8	30	31	5	17
hsa-miR-935	56	37	17	5	32	40	59	115	60	28	34	21	24	19	26	50	12	43	42	24	46	10	19	16	25	59	23	15	30	17	11	14	12	25	33	15	13	10	17	18	14	51	44	22	31	21	29	32	36	60	49	50	18	101	43	81	77	32	40	62	43	35	31	40	46	42	22	104	12	59	24	19	7	9	16	11	6	4	10	1	8	30	7	7	4	46	24	23	23	6	11	20	12	19	34	10	15	14	27	26	44	19	28
hsa-miR-936	46	33	22	13	31	91	126	88	114	73	124	135	31	16	28	25	7	29	19	36	27	17	7	61	24	99	17	39	44	40	14	36	25	28	111	59	17	10	24	13	28	144	51	34	39	72	68	93	125	221	140	142	45	154	132	113	206	86	128	227	137	60	64	104	172	50	16	138	8	46	288	30	24	17	25	56	5	14	11	6	4	29	14	12	11	73	141	97	26	15	17	18	17	19	18	7	23	12	34	39	50	32	33
hsa-miR-937-3p	9	10	6	1	11	11	14	35	20	11	22	24	7	3	13	20	11	15	8	4	15	7	2	6	9	19	11	6	14	10	0	7	7	0	11	4	4	18	7	3	6	27	14	10	16	6	9	13	10	14	12	14	2	20	10	12	14	9	13	11	12	15	10	12	13	8	8	28	8	13	12	4	5	6	13	4	2	4	3	1	1	28	0	3	1	15	21	27	11	11	31	0	14	13	19	11	18	19	6	8	17	11	16
hsa-miR-939-5p	13	7	4	2	21	37	32	30	35	13	19	14	8	15	3	16	7	24	8	12	7	6	3	26	4	29	6	5	13	4	9	2	0	0	14	13	2	5	5	7	5	23	25	11	18	16	23	26	27	69	36	40	15	45	37	44	73	17	27	43	24	23	8	48	91	20	8	13	17	15	27	6	2	9	15	12	2	0	0	0	0	15	0	6	2	26	8	14	17	4	13	0	13	13	8	11	3	14	0	0	14	5	14
hsa-miR-940	12	13	3	2	19	15	37	18	54	7	52	24	9	29	16	38	15	22	43	7	19	5	9	19	19	46	16	10	19	8	8	6	9	7	10	7	11	5	5	25	10	23	19	12	21	7	20	9	11	12	32	13	14	35	19	28	21	20	10	22	20	17	4	11	12	21	18	47	5	27	22	14	5	7	9	8	10	5	8	7	2	19	0	6	2	26	23	20	13	3	8	13	11	23	12	8	12	9	17	11	11	15	11
hsa-miR-941	55	42	27	12	591	87	64	186	351	63	173	96	17	159	91	847	348	425	519	24	273	216	113	98	161	64	458	52	164	80	38	55	50	120	94	38	87	102	71	126	62	253	41	187	200	79	346	47	84	123	253	60	266	336	113	191	88	75	10	65	71	487	77	79	462	276	473	70	1164	509	204	13	21	48	449	22	68	19	16	15	138	217	117	195	31	162	48	132	239	10	188	47	395	372	117	427	48	473	37	100	218	29	53
hsa-miR-942-3p	21	30	11	9	31	19	27	34	64	23	43	36	28	29	30	32	19	41	21	31	35	20	14	27	15	28	18	14	35	21	15	10	8	14	31	22	21	20	6	12	15	60	30	25	19	27	56	17	42	52	48	44	34	55	34	43	47	44	25	39	27	20	10	43	64	34	25	34	33	45	20	12	3	4	15	15	1	2	6	0	3	29	0	6	10	29	13	20	30	3	14	6	36	26	22	24	11	35	7	15	27	13	14
hsa-miR-942-5p	61	68	39	17	200	54	53	129	445	43	83	51	12	95	88	656	266	282	258	17	130	89	28	30	69	61	312	48	151	44	74	39	22	54	64	22	63	101	43	78	25	197	26	196	133	68	317	32	47	86	264	28	226	204	74	53	28	51	6	10	41	298	44	35	347	132	342	20	620	313	69	28	20	27	290	10	24	10	5	3	79	89	53	103	20	99	21	56	265	6	79	19	331	145	79	206	26	297	19	68	135	14	35
hsa-miR-943	26	21	10	4	16	17	16	41	19	8	16	12	19	12	12	25	7	20	18	8	25	11	4	1	12	27	11	19	16	0	0	4	9	5	13	12	10	3	8	8	12	30	10	7	14	9	8	7	16	13	13	21	6	32	19	20	23	18	15	28	19	9	6	14	14	21	12	43	5	24	0	10	4	8	13	8	4	0	0	1	2	15	2	1	5	19	14	19	0	0	4	12	11	14	0	0	3	13	8	18	14	15	13
hsa-miR-944	91	93	43	18	77	53	64	182	66	24	83	67	58	49	61	55	17	122	43	61	119	36	32	83	40	96	31	63	73	58	26	41	36	54	58	46	15	24	30	21	42	111	70	41	42	48	76	42	78	79	52	45	44	242	100	266	122	75	45	89	79	94	63	95	104	97	28	172	17	131	101	62	18	25	34	58	12	20	11	8	15	117	23	17	7	148	91	69	41	33	61	67	31	49	66	27	66	39	48	77	85	49	71
hsa-miR-95-3p	21	16	9	5	16	10	12	39	42	1	14	15	1	14	19	21	29	22	15	8	24	5	5	7	11	26	10	17	19	22	12	10	2	14	10	10	4	11	8	7	10	25	7	10	3	6	14	9	16	13	22	7	15	26	8	10	4	23	4	6	12	18	4	5	23	16	16	20	16	25	29	11	3	4	13	6	0	0	0	1	2	20	6	4	5	28	44	34	22	1	3	9	15	17	25	14	21	81	10	7	24	17	13
hsa-miR-95-5p	7	12	6	6	4	3	15	13	15	3	10	0	2	6	7	5	3	11	3	5	11	2	1	4	5	17	5	5	0	11	0	0	0	11	4	0	0	0	0	2	0	13	16	7	3	8	9	7	5	6	8	5	7	6	4	10	4	2	1	10	4	6	2	6	5	4	0	0	5	7	35	0	0	3	0	0	0	0	0	0	0	7	1	3	11	11	0	0	14	7	13	8	5	13	32	6	7	11	13	0	5	8	8
hsa-miR-9500	7	12	5	0	3	7	18	10	14	9	11	25	4	7	2	1	2	6	7	3	0	0	0	1	4	10	2	6	0	10	0	1	0	5	0	0	0	0	0	7	0	14	10	4	6	5	3	9	9	9	7	6	2	14	3	10	20	11	4	8	8	12	4	8	11	5	0	32	2	10	10	2	0	3	17	8	0	0	0	0	0	0	0	3	0	37	0	25	0	0	11	12	9	3	12	0	14	10	0	0	11	0	3
hsa-miR-96-5p	89	54	89	14	24	51	20	22	172	126	72	56	17	59	117	50	74	38	55	16	54	48	29	43	32	44	85	21	53	49	119	35	17	28	60	38	73	53	36	32	43	179	45	89	78	81	29	48	63	133	62	51	19	370	72	65	20	10	4	8	7	44	13	19	337	23	40	38	36	66	8	38	13	8	112	4	23	9	7	0	36	21	21	27	2	87	81	128	25	17	163	21	366	47	22	21	47	624	22	36	176	21	23
hsa-miR-98-3p	7	13	6	1	19	10	8	22	79	15	28	38	6	7	18	23	20	29	38	11	34	31	14	23	10	22	15	11	22	14	17	13	12	15	18	6	31	16	24	19	17	25	7	38	19	20	52	10	18	9	25	6	14	35	15	9	9	15	11	9	15	18	11	13	25	39	35	15	46	73	32	7	4	14	24	7	12	4	1	3	4	62	0	11	6	22	22	14	22	1	6	12	28	23	17	30	6	32	6	28	28	4	6
hsa-miR-98-5p	114	348	247	152	1422	641	447	818	3151	612	1077	682	128	490	1064	4814	1503	2140	2494	93	1421	1351	593	546	641	579	1563	266	1379	502	715	603	325	892	1117	207	533	725	540	893	210	2477	113	3144	1415	1203	5717	250	457	140	2545	76	1381	1106	586	337	295	610	38	197	322	1870	511	374	2876	1807	3268	71	4791	2988	846	81	94	704	2565	63	309	61	46	53	632	1328	527	762	280	472	75	166	2103	21	45	208	1838	565	161	1882	57	282	46	372	941	108	202
hsa-miR-99a-3p	34	30	15	9	25	9	11	45	45	16	48	12	23	20	13	28	14	29	24	13	27	10	4	14	18	26	14	20	55	37	13	19	5	37	16	7	5	13	9	32	15	17	32	13	13	6	21	21	19	10	16	11	22	27	13	20	19	11	14	8	16	11	14	7	12	41	12	55	13	38	21	16	7	13	11	9	4	2	7	2	5	35	8	6	11	36	28	13	16	9	13	17	10	28	13	16	38	27	23	17	46	29	15
hsa-miR-99a-5p	36	97	266	10	374	413	237	106	1368	890	4481	533	90	118	202	445	242	331	249	65	148	98	79	74	515	376	172	28	79	44	30	27	9	29	157	103	54	93	34	2583	609	516	53	156	64	97	187	85	456	190	405	90	348	278	137	151	60	152	37	59	51	286	64	47	560	58	100	29	155	146	32	48	10	17	88	4	23	10	6	7	23	38	13	30	11	101	45	123	95	18	56	19	129	160	37	32	40	85	9	36	41	13	26
hsa-miR-99b-3p	16	21	15	7	375	79	42	91	139	41	193	100	13	39	58	585	186	182	319	10	90	75	27	37	56	24	108	47	113	56	17	44	18	54	74	12	23	29	22	74	54	160	19	120	180	48	216	18	35	9	253	23	219	153	164	80	34	21	18	22	38	876	286	77	328	397	369	25	758	589	138	12	8	108	90	16	59	10	2	7	43	131	43	54	13	41	22	24	171	7	5	29	180	502	29	264	10	37	14	46	50	22	38
hsa-miR-99b-5p	136	249	189	176	5599	884	576	1851	3481	657	2413	1192	184	1032	1105	9297	4494	4510	4964	139	999	990	266	382	1044	586	2285	496	1870	1108	320	565	169	621	1142	391	540	773	452	1180	456	2910	188	2031	1708	739	3043	470	642	168	3235	291	3360	2696	2215	1069	531	584	122	501	950	10150	5132	823	5455	2830	4649	217	9300	6398	923	125	147	1128	1910	89	774	107	63	94	901	2089	764	971	362	747	428	914	3539	51	99	266	3964	6258	579	4085	364	1299	169	513	985	157	489
