time	A	B	C	D	A	B	C	D	A	B	C	D	A	B	C	D	A	B	C	D	A	B	C	D	A	B	C	D	A	B	C	D	A	B	C	D	A	B	C	D	A	B	C	D	A	B	C	D	A	B	C	D	A	B	C	D	A	B	C	D	A	B	C	D	A	B	C	D	A	B	C	D	A	B	C	D	A	B	C	D	A	B	C	D	A	B	C	D
subject	BLT00021	BLT00021	BLT00021	BLT00021	TST0014	TST0014	TST0014	TST0014	BUH00018	BUH00018	BUH00018	BUH00018	UCH00089	UCH00089	UCH00089	UCH00089	TST0022	TST0022	TST0022	TST0022	BLT00083	BLT00083	BLT00083	BLT00083	BLT00036	BLT00036	BLT00036	BLT00036	BUH00076	BUH00076	BUH00076	BUH00076	BUH00045	BUH00045	BUH00045	BUH00045	BUH00112	BUH00112	BUH00112	BUH00112	BUH00183	BUH00183	BUH00183	BUH00183	BLT00097	BLT00097	BLT00097	BLT00097	UCH00007	UCH00007	UCH00007	UCH00007	BUH00008	BUH00008	BUH00008	BUH00008	BUH00063	BUH00063	BUH00063	BUH00063	BUH00073	BUH00073	BUH00073	BUH00073	BUH00192	BUH00192	BUH00192	BUH00192	BUH00044	BUH00044	BUH00044	BUH00044	BUH00038	BUH00038	BUH00038	BUH00038	BUH00071	BUH00071	BUH00071	BUH00071	BLT00054	BLT00054	BLT00054	BLT00054	BLT00073	BLT00073	BLT00073	BLT00073
group	treated	treated	treated	treated	untreated	untreated	untreated	untreated	treated	treated	treated	treated	treated	treated	treated	treated	treated	unknown	treated	treated	untreated	untreated	unknown	treated	untreated	treated	treated	treated	untreated	untreated	treated	treated	treated	treated	treated	treated	untreated	untreated	untreated	untreated	treated	treated	treated	treated	untreated	treated	untreated	untreated	treated	treated	treated	treated	untreated	untreated	untreated	untreated	treated	treated	treated	treated	treated	treated	treated	treated	untreated	treated	treated	treated	untreated	untreated	untreated	untreated	treated	treated	untreated	untreated	treated	treated	treated	treated	treated	treated	treated	treated	treated	treated	untreated	untreated
sample	BLT00021A	BLT00021B	BLT00021C	BLT00021D	TST0014A	TST0014B	TST0014C	TST0014D	BUH00018A	BUH00018B	BUH00018C	BUH00018D	UCH00089A	UCH00089B	UCH00089C	UCH00089D	TST0022A	TST0022B	TST0022C	TST0022D	BLT00083A	BLT00083B	BLT00083C	BLT00083D	BLT00036A	BLT00036B	BLT00036C	BLT00036D	BUH00076A	BUH00076B	BUH00076C	BUH00076D	BUH00045A	BUH00045B	BUH00045C	BUH00045D	BUH00112A	BUH00112B	BUH00112C	BUH00112D	BUH00183A	BUH00183B	BUH00183C	BUH00183D	BLT00097A	BLT00097B	BLT00097C	BLT00097D	UCH00007A	UCH00007B	UCH00007C	UCH00007D	BUH00008A	BUH00008B	BUH00008C	BUH00008D	BUH00063A	BUH00063B	BUH00063C	BUH00063D	BUH00073A	BUH00073B	BUH00073C	BUH00073D	BUH00192A	BUH00192B	BUH00192C	BUH00192D	BUH00044A	BUH00044B	BUH00044C	BUH00044D	BUH00038A	BUH00038B	BUH00038C	BUH00038D	BUH00071A	BUH00071B	BUH00071C	BUH00071D	BLT00054A	BLT00054B	BLT00054C	BLT00054D	BLT00073A	BLT00073B	BLT00073C	BLT00073D
hsa-let-7a-2-3p	9	7	17	4	8	6	1	2	18	9	37	1	12	19	23	5	10	15	22	14	15	9	13	5	37	11	4	15	5	3	7	15	16	19	6	6	4	7	2	5	15	18	7	16	8	1	10	13	15	5	3	2	17	12	9	8	3	3	0	7	10	5	0	1	0	0	0	3	7	9	2	7	4	24	6	9	6	5	24	22	3	20	26	35	5	5	15	3
hsa-let-7a-3p	68	122	14	222	5	13	38	8	214	8	56	50	19	95	26	13	8	7	9	9	8	11	27	38	100	94	220	19	4	23	12	6	73	32	101	11	14	8	56	2	6	11	4	2	4	1	3	59	49	55	4	8	113	128	60	9	42	27	2	6	3	4	0	1	200	50	12	0	115	12	277	24	2	47	104	12	29	95	122	13	96	189	32	57	171	5	22	2
hsa-let-7a-5p	90520	123184	11288	252456	10651	8756	32823	10667	79413	3290	83816	92285	32246	264396	72214	29433	15858	26773	30435	11849	13921	44113	49929	58056	48398	90163	146703	26632	7277	33311	9571	25432	142160	38486	254210	13135	49312	45310	75000	2143	4428	4013	4848	4399	7493	1565	2016	62587	37082	81582	6800	10237	73152	150226	90694	8243	84619	72879	7502	34343	8330	7866	251	3435	115639	28724	27294	3373	129328	7006	189965	19999	2885	23206	161839	11573	26289	220193	251117	33164	120386	173513	54220	137280	207742	8127	39545	2608
hsa-let-7b-3p	263	286	89	582	77	81	143	75	225	58	254	169	49	287	99	43	51	57	66	32	111	102	199	116	153	166	235	33	26	93	27	74	230	104	340	34	105	91	152	10	17	11	11	9	24	5	3	131	128	99	27	32	163	307	210	79	81	94	8	56	18	37	0	35	648	227	67	17	261	40	288	150	10	61	293	41	77	267	401	76	255	497	182	370	294	28	87	23
hsa-let-7b-5p	39605	41238	10673	52831	23414	11498	43349	11437	53276	3696	54450	65599	17771	82169	33124	13296	16959	31969	23478	9286	9608	31068	35892	23313	43301	34231	43837	29378	11885	39270	8744	25751	64339	23579	66987	15226	63377	50172	44160	6732	4828	4989	4913	3496	6801	799	2757	37279	27613	51075	13686	15176	30900	56265	67367	10876	47672	46206	6923	53489	11860	8762	443	4799	78975	40335	31938	10763	82022	6157	43144	12403	4384	12564	69304	13491	21996	92763	127509	24199	52119	86231	35741	68582	56860	7218	20296	2582
hsa-let-7c-3p	17	14	10	16	7	6	3	6	16	1	20	13	8	13	22	9	11	15	11	10	10	18	20	13	67	16	15	11	5	4	7	19	25	10	31	6	4	1	6	10	22	19	13	5	11	3	13	14	16	8	5	7	8	13	12	8	5	5	1	2	12	2	0	0	11	10	2	2	6	13	12	6	11	17	53	22	17	15	45	12	6	18	19	39	11	6	6	3
hsa-let-7c-5p	1104	1293	600	1982	454	420	1005	433	1112	229	1325	1511	303	1849	676	421	342	318	437	177	537	683	1226	689	21738	2791	1469	948	205	954	435	454	1873	1235	2019	394	553	537	850	58	108	72	104	83	140	63	73	820	591	829	174	154	2409	5337	1774	1302	830	798	73	438	142	194	3	85	2229	861	487	64	2398	380	1737	645	668	4042	2503	3409	4566	2212	2940	887	1297	2559	1237	2260	2163	171	600	125
hsa-let-7d-3p	764	644	178	883	130	65	327	59	433	87	376	314	282	1525	325	164	190	219	238	118	87	168	182	365	595	711	2240	225	104	447	146	491	1139	248	1301	119	313	236	391	77	77	50	71	59	54	6	54	725	151	694	64	42	539	861	598	121	437	362	47	256	202	59	2	22	705	386	209	105	448	73	727	144	80	332	1492	192	262	1472	2737	214	489	712	271	674	1185	114	178	29
hsa-let-7d-5p	8396	7656	911	14480	953	578	1994	607	5742	359	2625	2911	2921	21693	4120	2332	1031	1267	1525	596	668	1811	2128	3555	5409	8474	20743	3466	460	2193	597	1565	9008	2349	23031	725	3003	4721	4875	199	227	270	334	209	432	160	171	4866	2809	6410	666	930	4629	7189	7782	742	5954	5889	564	2850	842	531	16	255	8239	2284	2508	338	5972	458	13910	1437	356	1888	15408	786	2261	20945	30966	1338	8156	8596	2723	8318	11958	329	1631	200
hsa-let-7e-3p	14	5	7	7	3	1	2	2	0	0	0	0	3	10	8	4	10	3	11	10	0	0	0	0	21	6	9	10	1	3	8	6	17	5	18	4	1	3	10	2	10	6	13	7	8	0	7	14	6	7	3	3	6	5	9	1	3	0	1	0	0	0	0	0	0	0	0	0	3	5	14	0	1	13	17	9	5	6	9	6	1	14	9	18	8	1	3	4
hsa-let-7e-5p	3616	3741	514	9003	294	262	935	106	2226	192	3623	2820	1359	14345	2957	1192	364	190	448	224	218	346	763	1527	2067	2482	3252	501	160	776	210	176	6712	1487	15644	440	618	1180	3226	56	103	76	220	93	264	67	83	2813	1709	3605	292	409	1918	3313	1698	128	2745	2255	227	844	143	251	10	56	6095	1158	1321	54	2216	218	17537	1513	175	1011	8796	529	1040	8284	9208	850	6097	7348	2180	5634	7089	104	907	47
hsa-let-7f-1-3p	21	28	2	51	4	5	12	1	44	1	18	19	9	38	11	8	7	10	12	7	6	3	10	19	24	23	46	9	3	7	4	6	21	9	24	6	1	3	11	0	11	6	6	16	4	0	6	13	14	14	9	3	25	31	10	4	0	12	2	0	4	0	0	0	41	12	1	0	26	3	37	6	4	10	28	5	10	29	34	7	11	30	3	29	25	4	10	3
hsa-let-7f-2-3p	14	21	11	19	1	2	1	1	46	5	4	7	1	17	13	4	0	12	7	7	3	2	2	9	22	8	47	2	2	5	6	3	14	7	26	2	5	2	8	4	3	7	9	1	3	0	3	7	28	13	6	8	8	13	14	1	0	0	0	0	0	0	0	0	20	0	0	0	21	3	75	3	1	11	9	2	8	9	9	5	13	9	7	12	21	1	4	1
hsa-let-7f-5p	70818	85954	5832	280634	3076	2688	19958	1614	118130	1286	34750	47414	18549	188132	31044	16144	6729	5412	10987	5044	2295	8819	14745	37858	34242	60027	157546	6972	1142	11740	3706	3167	107647	24935	193539	5325	15079	7514	38168	618	1702	1383	1810	1490	4306	1015	887	51561	34927	94563	6993	11440	78660	144081	80840	2117	62447	25652	3813	15292	1718	2463	156	621	99797	11644	13282	809	84096	2208	256475	10165	1851	21458	88799	4965	16552	139284	112738	7397	141061	157949	19504	67426	323709	2114	15562	629
hsa-let-7g-5p	13936	13284	1190	25119	531	328	2359	512	13365	458	4026	7155	2652	16875	3230	2435	1559	1731	1377	687	734	2889	4658	3794	7721	16932	46541	4100	507	2766	853	1143	16315	2581	43135	690	4417	9696	7826	150	304	304	357	229	400	193	183	6272	3169	7985	392	703	10002	18194	15204	726	7618	8639	531	1773	1477	375	27	146	9333	1875	3589	185	15551	566	25585	1900	386	3102	21467	905	3342	31761	44172	1670	11228	9091	2555	5892	21961	343	1436	188
hsa-let-7i-3p	67	66	12	41	7	2	17	5	142	1	6	12	10	32	12	8	10	7	4	5	7	23	17	26	53	23	195	10	4	17	9	18	41	13	202	1	13	16	7	3	4	10	8	7	3	6	5	23	23	23	14	11	21	24	29	12	12	13	2	2	6	1	0	0	28	11	0	0	96	5	203	18	3	25	52	7	23	59	52	11	23	16	14	27	30	1	7	3
hsa-let-7i-5p	89364	124890	14703	277420	4217	4023	29619	3832	139504	4495	41757	43967	23365	165089	36001	19567	7898	7764	8743	5375	3689	12548	19116	37141	46493	59156	100386	18113	2331	17135	4860	7079	124736	24656	320837	6790	33473	67509	51777	1548	1850	1909	1991	1763	4720	1362	1357	62669	52109	146390	6962	11670	69543	136944	112626	4312	101009	133113	8444	28304	4449	9105	206	1245	125271	26441	51034	1745	82196	4820	223769	21097	2685	21308	105322	5824	23049	153452	136204	13870	122342	107045	26278	69563	194707	3012	18160	1005
hsa-miR-1-3p	3217	2201	3026	5112	1128	1509	2563	905	886	1215	800	773	469	948	1345	1858	482	381	404	454	2198	6750	2996	1380	221526	19293	3837	9223	280	1573	3116	1990	4450	8363	2583	1197	96	73	188	96	437	391	599	372	458	520	407	888	1201	2299	247	320	5909	27345	16974	2970	379	239	32	125	133	15	10	19	442	55	86	20	10607	1786	4051	2184	6112	38666	6931	71312	41137	7179	7757	4816	853	5007	5244	6022	2511	675	589	722
hsa-miR-1-5p	21	13	48	46	20	34	28	13	13	30	16	7	6	12	18	14	13	7	9	6	37	14	36	9	1132	148	20	67	6	17	30	18	42	56	22	15	4	3	11	8	4	1	7	2	9	9	6	10	27	18	14	6	65	203	58	57	0	0	0	0	0	0	0	0	10	0	0	0	75	40	17	45	41	185	57	759	275	40	57	45	5	62	60	70	15	8	9	7
hsa-miR-100-5p	84	56	31	31	23	14	52	16	171	24	26	43	40	64	38	27	56	61	31	15	33	46	79	183	1241	145	99	47	12	49	49	96	109	65	136	27	42	9	22	16	32	15	17	16	18	3	13	116	29	80	10	44	73	199	331	39	16	8	3	6	10	6	0	4	47	28	13	6	93	26	46	29	33	283	97	118	240	83	89	51	26	78	66	90	24	11	16	7
hsa-miR-101-3p	7125	3361	1294	6978	519	509	2127	1568	29024	210	1634	5944	2695	7716	1543	1063	651	1368	390	375	2050	3215	7019	3957	8493	4404	13581	1229	191	2489	1169	3280	2283	1576	5331	464	752	315	733	255	234	410	237	169	247	102	122	2496	904	3024	346	355	5401	6000	11415	1310	1447	970	180	994	957	218	20	350	8527	1965	739	758	32593	1325	35594	4850	417	2463	2256	1541	2616	5095	4726	1111	2698	3013	1283	1846	5947	344	521	402
hsa-miR-101-5p	72	39	45	99	28	25	67	40	358	11	43	83	22	58	24	10	16	16	10	10	89	42	151	50	96	57	109	16	5	35	19	51	30	19	38	7	12	5	12	6	10	11	4	12	7	2	4	28	20	37	8	7	72	69	117	53	0	13	1	8	16	7	0	6	263	77	10	5	372	24	214	149	7	30	22	47	44	54	60	15	39	69	27	42	68	11	9	12
hsa-miR-103a-2-5p	12	11	2	3	28	3	1	1	0	0	0	0	14	18	8	6	3	12	2	7	2	7	10	4	23	6	36	10	8	4	6	5	9	7	8	3	2	3	5	3	10	2	8	5	4	1	5	4	4	15	3	7	3	9	6	2	0	7	0	0	13	1	0	0	0	0	0	0	0	0	0	7	6	5	21	13	3	9	27	4	6	5	6	17	0	0	0	0
hsa-miR-103a-3p	39355	36140	4431	79996	1486	1077	10230	889	40776	913	9575	11401	14320	121219	15851	9726	3055	1552	2830	1905	820	3324	6407	21392	11685	24566	90911	5984	674	5224	1514	1810	33709	10291	151069	2058	11865	10148	14902	549	544	475	764	479	1261	459	431	21537	13960	38586	1621	2539	27826	28600	57928	883	24181	22547	1693	6293	1317	1276	70	246	36070	7243	9974	566	25895	1197	119575	7326	1000	6969	57619	1260	6873	61346	84172	2781	64521	50064	9123	30088	113338	1020	4636	273
hsa-miR-103b	7140	4538	1244	10513	404	329	2078	220	4797	390	1827	1448	850	7762	1394	716	288	147	253	192	242	350	1137	2249	1293	2758	6523	434	168	779	261	233	4030	1376	14800	439	1255	865	1729	59	58	46	54	39	100	99	75	1748	2289	2548	275	299	3930	3352	5646	297	1273	1896	80	448	89	221	4	51	8959	2164	1320	52	2783	297	7874	2109	105	723	5919	181	942	4367	6808	373	7365	7765	1412	3631	9049	178	641	92
hsa-miR-105-3p	13	9	6	14	7	4	3	13	24	2	26	13	12	18	12	9	19	28	28	19	12	25	16	6	35	5	6	17	10	1	21	36	10	12	8	17	3	5	10	13	13	22	8	22	3	3	19	20	11	19	3	4	14	6	85	14	9	10	1	7	17	6	0	2	44	0	0	4	3	17	8	8	6	13	6	9	15	13	40	7	3	12	11	36	7	11	12	2
hsa-miR-105-5p	21	1	8	6	15	1	7	2	5	10	8	15	21	19	18	9	25	18	11	16	24	25	12	6	30	9	5	19	6	6	6	20	9	18	13	9	6	5	10	8	25	17	18	15	16	9	8	33	29	23	22	13	6	9	16	4	0	4	0	5	10	2	0	0	12	11	2	4	3	11	1	13	5	18	9	14	8	7	26	10	1	18	12	28	4	3	10	9
hsa-miR-106a-3p	9	11	0	9	5	5	4	4	20	5	23	5	9	9	6	2	14	14	20	11	15	9	10	8	47	7	20	4	0	3	6	2	13	5	3	1	2	3	2	1	12	8	4	6	3	1	6	7	7	3	1	4	14	15	10	8	4	0	1	2	0	0	0	2	0	0	0	3	19	5	14	4	3	6	11	5	13	6	16	7	3	11	5	18	3	6	5	3
hsa-miR-106a-5p	149	126	21	208	10	26	44	29	107	25	52	49	26	85	16	15	16	17	12	7	22	23	69	42	47	110	463	23	8	45	16	28	76	22	213	14	17	10	31	4	7	1	6	5	6	0	0	45	30	28	5	9	69	86	78	19	22	25	3	11	22	9	0	2	126	39	17	0	125	16	272	52	4	27	176	10	24	146	328	31	62	88	40	62	114	6	15	4
hsa-miR-106b-3p	1332	1108	393	1956	224	134	1770	442	1645	106	201	275	393	2312	448	329	225	403	252	124	166	451	524	906	1097	842	1219	550	90	724	154	518	1336	448	3171	127	1640	1358	631	112	71	60	51	33	158	25	70	933	678	2297	176	344	932	1431	3579	246	1328	1678	133	940	115	79	1	26	1130	274	467	83	2286	149	2626	365	132	425	1409	159	437	1925	2242	470	1973	1922	394	857	1389	88	95	26
hsa-miR-106b-5p	120	111	29	116	27	19	41	35	205	18	49	67	59	122	47	23	44	49	33	36	32	61	102	57	149	129	877	48	25	72	35	82	91	60	169	20	35	24	30	13	18	24	18	27	20	3	13	69	41	82	17	26	83	88	137	21	24	26	2	15	48	5	0	6	100	47	12	10	414	25	316	53	15	50	145	25	39	145	247	41	49	110	38	77	96	10	9	9
hsa-miR-107	7159	7624	901	12784	297	173	1397	206	6181	130	1633	1998	2243	16398	2317	1392	504	348	564	297	191	771	1533	4246	2647	4092	17031	1205	177	970	316	394	3976	1284	14000	313	1293	1191	1897	94	96	117	155	89	174	61	77	2609	1696	4146	224	252	5295	4730	10438	228	2628	2686	209	694	407	236	4	39	5800	1482	1030	113	4360	274	19096	1714	213	1415	10113	292	1371	10327	13480	637	6396	5333	1224	3675	9864	189	795	90
hsa-miR-10a-3p	13	12	8	27	27	3	3	1	46	6	4	7	4	28	4	5	2	3	1	6	6	7	8	14	46	24	38	4	2	6	9	6	29	8	33	5	3	4	6	2	1	4	2	2	2	0	0	16	16	49	2	3	12	22	11	5	0	10	0	2	1	1	1	1	34	4	10	0	8	8	70	7	2	11	16	4	10	22	52	4	22	25	3	20	53	2	3	2
hsa-miR-10a-5p	749	894	248	751	84	55	447	80	1271	44	251	282	230	895	233	169	182	206	230	172	105	259	328	1159	2568	652	1636	213	21	191	151	158	711	315	819	92	129	105	254	150	140	120	93	72	93	23	177	912	508	1416	248	452	759	1190	1034	148	327	131	18	99	44	23	4	11	682	260	118	56	462	113	2266	178	114	820	580	190	600	897	831	148	736	1051	215	701	1089	74	113	20
hsa-miR-10b-3p	45	29	15	31	21	26	13	34	21	13	39	36	40	52	53	32	38	59	32	47	28	35	35	28	90	19	18	36	10	10	48	43	22	28	9	24	9	15	18	20	53	57	19	89	28	1	23	45	18	44	14	9	15	30	30	14	16	15	4	8	20	8	1	4	67	20	14	19	9	34	3	14	14	48	18	24	29	40	47	28	7	36	26	73	8	59	18	11
hsa-miR-10b-5p	304	198	163	186	71	47	111	107	276	15	115	224	181	266	124	89	105	228	130	131	111	321	319	385	2914	299	136	136	15	213	134	182	300	180	126	64	90	29	55	40	112	84	65	47	41	6	6	240	124	364	83	114	351	647	572	214	123	38	13	49	30	9	0	26	209	126	26	29	253	120	165	110	87	709	324	212	568	216	249	90	164	465	162	412	127	76	53	28
hsa-miR-1178-3p	15	14	17	9	18	12	3	13	17	12	6	11	12	7	11	7	13	26	7	8	22	22	14	11	26	7	5	14	24	15	17	7	19	31	11	7	3	12	13	14	10	10	11	10	6	6	10	15	13	17	6	8	14	5	11	5	9	8	3	6	13	6	0	0	0	0	0	6	7	9	9	8	8	14	9	6	19	7	11	33	4	38	28	30	1	5	12	9
hsa-miR-1179	24	48	4	44	11	4	15	2	23	1	22	5	12	52	11	12	9	12	11	9	2	15	6	20	17	20	66	7	1	11	10	7	23	10	67	5	7	5	3	2	9	6	8	16	8	0	6	27	15	26	2	2	17	42	16	1	15	16	2	5	16	2	1	0	20	11	4	6	17	8	80	8	7	8	41	4	7	44	68	6	32	41	9	34	24	8	10	2
hsa-miR-1180-3p	86	46	33	32	85	30	75	129	16	14	22	47	62	175	80	50	58	139	34	33	20	86	94	66	104	39	28	89	79	253	46	243	45	59	60	43	131	108	46	58	36	37	377	32	26	17	23	171	49	106	33	32	36	68	265	57	24	28	15	93	60	10	1	11	138	35	27	25	135	34	13	42	27	61	45	42	68	91	119	42	68	102	55	144	19	38	19	16
hsa-miR-1180-5p	429	11	23	9	22	12	7	4	19	3	22	15	29	35	56	18	20	27	17	26	14	18	36	12	112	17	12	15	27	13	22	36	30	33	26	11	8	28	36	18	23	31	30	30	15	9	20	31	63	45	30	44	8	13	191	12	17	6	0	2	10	5	2	3	26	0	0	7	6	15	11	25	8	22	12	11	53	15	34	29	4	31	27	55	5	4	11	3
hsa-miR-1181	28	13	21	11	38	6	12	15	31	10	53	21	52	45	37	25	41	91	80	46	14	20	43	15	148	30	17	26	23	27	49	48	39	52	22	55	11	29	28	83	57	84	40	46	44	16	153	77	55	39	27	33	29	14	46	17	24	25	2	12	24	9	3	5	556	37	31	14	8	41	8	18	15	45	16	30	48	28	195	55	8	47	44	102	4	12	28	12
hsa-miR-1182	20	7	6	16	15	0	1	1	27	3	11	5	16	10	12	3	9	20	14	13	6	15	11	11	45	12	3	17	3	6	6	17	9	19	6	8	4	4	3	17	8	17	10	21	8	1	10	17	16	20	6	8	20	9	28	11	5	0	2	3	0	0	1	0	14	0	0	4	2	3	5	1	7	21	12	10	7	8	35	11	1	17	15	31	10	1	7	4
hsa-miR-1183	15	7	4	7	17	10	7	9	1	7	15	9	8	13	6	5	7	7	6	9	7	11	10	10	36	8	14	10	3	4	12	15	6	13	7	6	3	3	3	5	16	9	7	15	9	4	5	23	5	6	5	1	5	10	4	0	2	9	1	3	16	1	0	0	0	10	8	4	0	0	0	8	3	12	15	10	14	13	16	13	0	24	16	29	0	0	0	0
hsa-miR-1185-1-3p	99	47	8	344	6	2	9	0	25	1	15	15	12	79	41	16	8	4	5	11	1	4	4	29	40	172	720	13	2	3	5	2	82	16	424	2	13	57	69	3	1	2	1	1	8	0	4	82	28	116	0	6	125	143	91	1	81	93	5	14	4	2	0	0	275	23	91	1	2	0	11	3	1	25	306	5	16	500	595	11	85	40	16	35	504	0	10	0
hsa-miR-1185-2-3p	6	7	3	30	8	1	3	0	10	4	10	4	1	17	1	3	1	7	4	1	2	6	2	11	20	14	49	3	1	2	8	0	12	4	59	5	3	4	7	2	4	2	3	3	5	0	3	20	11	21	0	1	21	24	19	1	11	11	0	0	2	2	0	0	42	9	14	0	0	0	0	5	0	0	33	0	2	33	43	0	8	11	3	15	72	2	0	0
hsa-miR-1193	26	13	14	9	15	8	6	4	28	2	35	10	22	30	25	11	26	48	34	34	6	12	9	6	49	8	6	18	10	9	14	20	17	22	13	11	5	10	7	6	34	21	33	23	19	5	21	35	20	35	26	12	12	13	17	5	10	0	3	3	0	0	0	6	23	0	0	4	6	7	6	2	8	20	16	10	19	23	27	35	2	26	27	48	9	8	9	0
hsa-miR-1197	14	7	7	5	3	5	3	2	53	4	6	11	6	7	9	2	9	2	11	7	0	0	0	0	18	8	34	11	6	5	7	4	10	6	13	1	2	6	7	4	10	15	9	10	8	0	3	14	7	9	3	0	11	10	9	2	6	0	0	0	0	0	0	0	16	0	0	0	0	0	0	0	1	13	12	8	3	14	20	2	2	10	5	11	19	5	0	4
hsa-miR-1199-3p	17	18	13	5	11	5	6	4	3	22	8	5	22	25	32	10	32	24	25	20	8	35	15	116	37	11	7	15	20	17	15	11	13	27	14	13	10	11	25	20	24	26	27	20	15	12	15	34	26	23	20	17	11	8	35	2	2	9	1	1	14	3	0	0	122	0	0	2	13	8	11	4	12	24	13	13	12	14	34	21	2	21	22	30	2	3	2	8
hsa-miR-1199-5p	135	42	19	61	24	9	7	9	35	19	68	21	58	121	101	39	49	59	71	49	11	78	110	24	199	61	169	46	20	33	40	28	35	70	101	27	19	37	87	22	52	54	182	50	30	9	44	99	75	63	36	21	35	50	48	14	31	44	2	13	29	10	0	8	98	23	10	10	12	23	43	24	35	81	135	29	220	104	133	66	20	72	71	107	37	8	18	6
hsa-miR-1200	33	22	30	8	16	8	5	10	23	8	20	65	16	17	18	9	23	16	23	23	16	17	20	17	70	7	11	22	14	9	14	26	9	19	7	20	1	4	7	11	20	23	15	30	6	4	19	42	20	13	5	5	16	14	82	17	10	8	1	7	17	4	0	5	14	0	0	7	6	12	3	22	8	20	4	6	19	21	96	18	4	13	24	66	6	13	13	1
hsa-miR-1202	11	5	3	4	19	3	5	4	4	10	9	9	10	11	10	7	24	16	13	20	16	4	4	17	34	6	11	12	8	10	11	9	13	16	5	5	4	6	7	19	19	17	14	12	1	1	22	9	10	9	5	4	1	7	3	8	8	3	1	2	10	1	0	2	10	14	3	0	1	5	2	4	4	12	14	17	10	15	33	8	2	10	8	26	0	0	0	0
hsa-miR-1203	74	46	23	35	36	5	7	9	56	7	28	17	49	53	57	31	57	53	61	59	18	38	25	47	138	24	30	60	18	13	31	22	25	38	32	12	16	20	39	20	57	91	36	63	35	7	32	77	72	56	27	30	26	18	55	13	25	36	11	19	51	22	0	12	42	16	8	27	12	26	13	45	33	56	49	30	40	87	77	15	21	39	27	120	12	13	7	10
hsa-miR-1204	4	3	5	1	4	0	2	3	0	0	0	0	1	2	10	3	0	6	5	6	0	0	0	0	12	1	3	3	0	0	0	0	1	8	5	12	2	2	2	4	8	5	4	7	3	3	1	7	6	9	4	12	0	0	0	0	0	0	0	0	0	0	0	0	0	0	0	0	0	0	2	0	3	6	0	1	0	0	0	0	0	0	0	0	0	0	0	0
hsa-miR-1207-3p	7	3	2	0	3	1	2	2	0	0	0	0	9	3	10	3	9	7	1	5	4	18	5	3	16	0	0	0	2	6	3	7	0	0	0	0	2	1	4	4	8	12	11	11	0	1	1	9	7	5	2	5	1	2	69	2	2	0	0	0	0	0	0	0	0	0	0	0	0	0	0	4	0	0	5	0	4	5	15	7	0	0	0	0	0	0	0	0
hsa-miR-1207-5p	10	4	4	2	10	10	6	2	6	10	5	3	6	7	3	4	2	0	5	11	3	10	4	3	33	2	2	4	0	7	8	9	3	11	7	6	3	7	7	3	4	6	4	3	1	1	10	10	0	0	3	1	5	2	7	3	4	4	0	3	12	1	0	0	0	0	0	0	4	4	1	12	0	0	9	0	7	2	4	8	3	12	6	17	0	0	0	0
hsa-miR-1208	9	4	13	6	7	4	6	4	5	5	8	87	23	25	15	8	10	23	10	12	10	8	14	8	28	10	8	5	12	7	12	62	12	17	7	6	3	12	14	12	16	12	23	18	4	3	9	8	20	15	3	7	4	8	46	4	0	0	0	4	0	0	0	1	0	0	0	0	0	0	0	8	1	9	18	8	17	4	31	5	2	17	4	31	1	3	4	6
hsa-miR-122-3p	18	5	4	11	4	2	7	3	12	1	13	7	10	15	12	5	0	7	5	0	10	5	5	5	10	0	0	0	2	2	3	16	6	2	4	3	4	3	4	2	14	10	0	0	0	0	6	20	2	4	0	1	3	6	14	5	2	0	0	0	0	0	0	0	10	10	0	0	0	0	0	8	4	8	7	3	1	4	16	7	0	7	4	15	0	3	3	3
hsa-miR-122-5p	16930	2306	7459	19785	6559	2885	4635	2656	12745	1094	51721	27615	8538	18036	11586	7946	27372	6135	12129	4398	2242	5885	11249	23575	23476	2492	2176	2750	4485	7784	9031	17471	8957	4732	4855	3003	1294	4386	9468	1543	1224	761	1294	722	1256	251	435	14453	11265	15737	2386	2482	6218	9455	7852	5999	18497	4774	756	4102	3045	1839	65	818	9185	3391	2487	2368	1649	3488	2293	1036	8360	14948	58663	9669	6702	7977	12141	2097	3242	22596	7674	13987	6289	1480	5666	1363
hsa-miR-1224-3p	12	5	5	3	12	3	3	3	4	3	8	7	8	8	9	6	10	13	6	10	17	10	4	5	20	3	6	4	8	2	9	18	8	12	0	2	6	2	3	5	4	4	8	7	4	2	6	5	7	6	1	3	4	8	12	0	0	4	3	0	10	6	0	6	0	0	0	0	4	2	1	2	1	12	12	8	12	6	14	6	0	9	8	18	2	4	5	0
hsa-miR-1224-5p	58	22	33	46	60	17	26	46	25	7	38	32	53	72	56	26	37	28	61	47	22	54	35	42	108	26	14	46	30	16	50	65	25	42	19	24	10	17	23	39	75	111	26	40	40	8	116	68	37	56	24	30	21	30	50	11	22	44	8	18	88	19	1	11	90	69	9	17	30	34	13	32	29	38	19	34	37	48	224	30	21	38	46	119	18	26	36	13
hsa-miR-1225-3p	37	4	5	3	9	3	2	4	1	6	16	8	9	10	1	4	6	9	14	5	1	14	74	3	36	6	1	7	9	2	7	4	5	19	2	5	2	0	4	5	8	10	14	20	4	1	11	13	10	10	3	1	3	20	7	4	6	0	1	6	0	0	1	1	31	0	0	0	0	0	0	10	3	24	3	12	60	8	12	14	2	15	10	19	0	0	0	0
hsa-miR-1225-5p	65	42	49	40	15	3	5	3	5	13	7	14	111	172	193	93	88	100	58	68	39	47	64	128	163	86	70	49	87	35	58	56	63	91	87	36	31	49	135	50	50	80	104	49	28	47	23	98	70	66	39	34	37	42	22	24	5	0	1	0	0	0	0	0	10	0	0	0	57	32	38	43	92	74	123	43	45	42	106	64	2	47	35	62	2	1	7	2
hsa-miR-1226-3p	33	20	8	68	5	2	11	5	9	7	21	13	13	96	23	17	11	14	11	16	3	6	7	18	53	21	108	14	3	9	11	11	38	18	78	3	5	5	17	3	12	6	16	8	6	1	4	34	11	21	7	2	22	17	23	5	32	19	2	7	14	3	0	2	35	12	9	14	15	5	44	5	7	17	79	14	11	61	99	4	26	29	13	41	45	1	8	1
hsa-miR-1227-3p	8	8	7	3	7	5	2	2	10	4	5	15	15	14	10	5	5	5	12	2	9	15	12	4	31	9	14	4	6	3	7	10	8	8	8	6	4	7	7	1	5	7	7	4	6	4	8	12	9	6	3	6	6	8	8	3	0	3	1	7	10	2	0	0	19	0	0	0	2	10	2	10	2	7	8	8	5	11	26	8	4	14	13	12	1	7	7	4
hsa-miR-1228-3p	25	7	4	5	5	1	6	1	0	1	12	0	5	5	5	3	0	0	3	0	3	33	47	4	16	9	5	4	1	1	9	4	4	9	2	2	1	8	3	4	1	3	0	0	0	0	8	6	0	0	0	0	4	16	7	2	0	0	0	0	0	0	0	0	0	0	0	0	0	0	0	2	1	7	14	3	96	8	21	8	0	16	4	12	0	0	0	0
hsa-miR-1228-5p	0	0	0	0	5	1	1	2	0	0	0	0	0	6	5	4	0	0	4	0	0	0	0	0	10	4	2	2	3	9	6	14	3	15	6	2	1	5	5	4	0	0	0	0	0	0	3	0	0	0	0	0	0	0	0	0	0	0	0	2	0	0	0	0	0	0	0	0	2	3	2	0	0	0	4	0	1	4	11	2	2	5	1	13	0	0	0	0
hsa-miR-1229-3p	49	28	12	38	10	3	7	1	14	13	26	10	12	55	12	7	11	5	22	14	7	8	9	12	30	21	68	15	11	7	1	8	22	17	63	7	5	13	9	1	7	4	10	10	7	3	13	22	7	10	9	5	29	16	19	0	37	27	2	4	14	5	3	1	35	8	13	2	3	0	20	3	3	11	41	9	6	44	109	16	21	36	17	35	41	3	10	4
hsa-miR-1229-5p	68	14	21	18	20	8	10	11	10	9	15	18	24	20	21	7	26	28	37	19	17	35	34	21	86	25	4	29	29	11	22	31	27	26	16	21	8	6	8	58	38	93	19	24	13	2	162	32	24	28	5	5	17	24	39	17	7	17	2	10	28	7	3	3	65	53	7	6	5	18	4	8	19	35	15	38	52	19	383	21	3	20	24	93	3	7	24	7
hsa-miR-1231	16	2	10	7	10	2	10	5	19	3	16	22	30	27	25	12	24	50	20	16	37	14	8	4	38	7	11	8	13	5	17	24	21	17	15	18	6	10	17	19	17	23	32	10	18	7	31	33	21	23	13	6	7	8	17	4	11	7	3	2	20	2	0	0	0	0	0	4	4	15	0	6	3	12	9	9	13	17	34	19	2	18	13	43	2	7	6	6
hsa-miR-1233-3p	23	13	2	4	3	7	5	3	8	1	9	18	7	3	10	3	7	6	3	9	3	30	10	7	17	9	7	12	4	2	5	11	8	6	4	1	2	5	8	3	6	9	22	14	4	4	5	9	14	9	5	6	2	8	3	5	0	3	0	0	11	3	1	0	0	0	0	0	0	0	0	8	6	10	7	10	17	7	26	10	4	11	4	22	0	0	0	0
hsa-miR-1233-5p	56	3	11	6	3	1	2	5	6	10	6	5	12	11	6	7	12	8	11	9	1	62	66	5	42	8	5	12	0	5	9	6	11	12	7	8	9	4	10	9	9	6	6	6	5	1	4	11	10	5	4	4	2	8	9	3	4	0	0	0	0	0	0	0	0	0	0	0	4	2	5	6	3	21	9	12	59	6	13	16	4	17	16	35	0	2	1	0
hsa-miR-1234-3p	14	6	4	4	9	3	3	6	2	8	15	10	5	5	9	8	16	12	9	9	8	16	11	6	21	4	9	6	6	7	13	11	7	7	12	6	9	10	7	15	10	15	17	8	13	4	12	27	14	15	3	5	6	9	21	3	8	4	1	4	5	1	3	0	0	0	0	0	2	8	5	8	5	7	9	17	11	15	24	13	1	17	16	22	0	3	10	3
hsa-miR-1236-3p	65	3	2	10	15	4	4	11	18	7	6	1	14	21	26	5	15	22	10	18	1	19	39	9	27	7	12	21	15	3	14	17	13	21	15	12	3	12	10	13	20	15	10	13	6	1	11	27	20	24	25	10	7	12	27	3	2	0	1	1	0	0	2	0	36	8	10	0	2	8	10	1	9	18	13	11	29	14	23	5	3	18	19	39	5	9	3	2
hsa-miR-1236-5p	15	7	7	10	15	0	2	10	10	6	23	9	11	25	12	11	18	9	21	19	6	13	7	27	38	4	11	9	5	12	15	9	5	10	12	14	9	4	5	4	15	16	9	25	8	0	20	31	19	22	9	5	12	13	12	11	9	6	0	6	12	7	0	9	16	0	0	0	4	7	3	7	6	22	11	12	11	14	16	17	1	17	9	36	6	5	9	0
hsa-miR-1237-3p	41	27	46	53	35	9	11	11	19	5	20	24	40	69	72	26	58	77	45	45	30	35	49	46	115	44	27	42	33	20	38	35	49	43	33	26	20	41	71	53	36	61	55	35	40	23	25	86	91	80	45	36	33	31	31	15	25	23	4	11	25	7	1	7	115	15	13	8	26	38	8	50	27	43	47	32	39	34	70	35	7	29	33	81	5	15	16	1
hsa-miR-1237-5p	64	32	25	20	18	9	12	5	53	29	86	22	26	34	32	24	32	52	56	34	23	59	66	13	281	39	28	45	41	17	29	36	25	37	18	36	7	11	25	15	54	40	109	28	30	4	45	64	53	22	14	12	52	33	55	25	23	18	4	8	28	6	4	6	32	16	11	18	14	20	18	19	26	70	25	53	112	33	69	58	5	50	46	95	16	19	23	17
hsa-miR-1238-3p	21	2	5	8	17	1	1	3	5	0	8	4	9	22	7	14	8	22	6	14	7	13	10	3	34	14	3	18	2	5	17	3	11	8	13	9	4	6	6	13	14	13	13	15	13	3	14	18	12	20	9	13	6	14	10	3	11	7	2	3	16	4	0	1	0	13	5	1	5	10	5	13	4	10	3	9	20	14	26	6	3	14	6	28	0	0	0	0
hsa-miR-1238-5p	18	8	14	5	5	4	4	4	0	0	0	0	11	18	8	5	15	11	11	13	10	8	13	17	31	8	8	15	3	6	12	5	10	10	2	4	6	3	9	8	17	8	11	16	5	3	7	17	10	10	3	4	3	3	56	5	6	2	0	4	20	7	0	0	0	0	0	3	4	16	6	10	5	21	15	8	10	9	21	6	4	5	8	22	0	0	0	0
hsa-miR-124-3p	12	17	11	6	6	3	5	2	4	2	1	4	12	9	15	8	16	13	9	14	21	10	23	17	78	19	12	19	11	10	7	10	11	21	6	6	6	3	4	2	17	10	18	10	9	0	10	20	12	6	5	2	11	16	15	4	0	7	1	3	19	2	0	0	13	0	0	0	5	12	6	14	14	82	12	8	69	20	51	14	2	14	8	18	1	2	11	1
hsa-miR-1244	21	10	21	15	8	6	12	7	24	4	35	22	20	21	16	10	8	21	28	27	13	28	11	13	42	25	16	16	13	6	18	28	17	22	8	15	6	4	12	16	33	15	21	25	14	0	14	39	14	30	14	6	9	13	12	12	0	0	0	2	0	0	0	0	0	0	0	0	15	16	9	10	8	13	13	10	9	33	51	26	3	24	20	61	19	9	16	9
hsa-miR-1245b-3p	9	1	4	0	12	0	3	11	5	13	9	4	6	7	15	2	5	7	3	5	7	10	5	2	0	0	0	0	8	2	5	5	3	7	4	5	0	5	8	3	6	9	7	7	3	3	4	8	3	10	1	6	0	0	0	0	12	5	5	11	18	1	0	5	13	10	0	4	0	0	0	2	1	9	10	8	2	4	12	12	0	11	13	16	0	0	0	0
hsa-miR-124-5p	20	4	8	3	8	0	3	3	0	0	0	0	7	7	16	1	10	6	7	9	8	4	12	4	20	7	4	11	2	5	17	11	7	10	6	8	7	7	4	11	12	8	12	8	17	1	9	15	11	7	6	8	3	5	66	1	0	0	0	0	0	0	0	0	0	0	0	0	5	4	3	4	2	11	7	8	5	14	16	2	1	2	9	19	0	0	0	0
hsa-miR-1246	20	21	11	18	31	8	16	11	28	5	22	26	17	27	10	12	6	12	6	15	7	12	22	20	51	10	13	18	5	5	22	16	17	17	14	14	4	7	5	2	15	7	23	7	6	5	5	27	19	22	5	8	15	11	13	10	0	4	0	3	8	0	2	0	15	12	3	0	8	9	10	10	5	15	33	11	14	27	20	14	13	37	19	46	10	8	7	5
hsa-miR-1247-3p	71	18	11	28	25	8	8	7	46	7	68	12	42	50	57	31	53	72	48	58	23	42	91	18	136	53	21	38	24	21	25	46	22	39	21	26	13	20	51	43	63	60	2020	54	16	15	58	68	67	51	30	40	25	28	35	21	28	7	3	10	14	6	1	2	12	11	2	14	19	29	11	23	35	63	39	35	90	36	53	35	4	22	28	65	10	4	9	8
hsa-miR-1247-5p	177	20	25	20	31	17	10	6	13	13	19	15	21	37	31	14	29	38	29	38	19	125	175	30	146	42	6	34	35	13	35	37	25	36	14	21	12	12	18	25	38	31	41	31	14	7	26	48	27	25	13	28	14	51	26	20	13	10	1	10	16	10	0	5	60	13	5	10	12	5	3	14	5	43	20	42	161	21	36	36	15	42	38	72	10	8	21	6
hsa-miR-1248	3	4	4	9	15	1	0	0	13	11	2	4	10	8	6	2	5	6	8	5	0	0	0	0	21	7	22	9	2	5	14	10	5	5	5	2	1	3	1	4	8	12	8	14	3	0	11	26	6	15	0	4	4	4	10	2	0	0	0	0	0	0	0	0	0	0	0	0	4	4	6	0	4	3	8	3	4	7	39	3	5	3	5	15	0	0	0	0
hsa-miR-1249-3p	27	13	5	20	15	8	7	5	24	12	16	13	21	34	28	11	18	16	23	24	8	25	10	33	61	28	59	29	11	16	14	14	36	18	56	14	12	17	27	10	29	20	19	20	8	6	3	34	19	22	8	4	21	16	19	6	20	24	3	5	23	7	0	2	20	21	4	0	13	16	12	10	6	33	41	17	27	50	88	20	15	41	25	39	7	3	10	0
hsa-miR-1249-5p	14	6	5	2	1	2	3	2	5	5	11	7	6	4	7	1	13	5	6	5	1	10	5	13	23	4	2	12	2	3	10	9	7	4	3	2	3	3	2	3	13	9	8	7	2	0	6	13	9	7	0	1	1	14	6	2	3	0	0	0	0	0	0	0	12	0	0	0	0	0	0	5	7	12	5	5	4	9	21	3	5	6	1	11	3	1	4	2
hsa-miR-1250-3p	20	10	17	7	9	1	3	8	10	6	9	10	12	12	9	11	11	16	13	13	10	19	19	17	34	8	6	20	12	13	16	24	16	14	14	7	4	7	5	10	12	18	11	26	8	0	25	22	16	20	4	4	9	7	15	18	5	4	1	3	13	5	1	3	22	16	2	4	3	11	3	14	8	17	10	14	15	20	43	15	7	14	12	57	10	7	16	5
hsa-miR-1250-5p	36	36	17	54	10	0	11	2	25	4	13	14	21	47	18	13	10	24	17	14	13	49	8	10	49	19	94	25	15	9	15	10	32	21	42	9	5	8	24	8	11	18	15	9	7	5	6	23	17	26	12	6	8	17	45	4	23	22	2	8	17	7	1	0	19	13	9	7	5	12	14	9	10	19	44	11	9	40	58	11	17	29	8	32	36	3	11	0
hsa-miR-1251-3p	11	8	7	4	12	1	9	6	38	3	30	10	18	10	18	7	26	33	36	17	4	15	6	6	37	23	21	10	3	7	12	14	11	28	14	10	12	7	22	19	20	27	31	25	7	5	26	47	17	11	8	11	14	7	5	1	8	0	2	3	0	0	0	0	0	0	0	2	0	8	8	2	8	16	20	3	9	3	24	33	0	27	22	34	3	9	8	6
hsa-miR-1251-5p	11	13	7	6	11	3	1	3	9	7	12	9	11	14	13	18	21	16	9	11	8	12	11	6	38	3	8	20	13	8	16	22	13	6	14	11	3	6	9	10	18	24	13	17	11	6	13	24	4	22	7	8	5	4	20	10	6	0	2	2	0	0	0	0	0	0	0	5	3	9	0	5	8	16	6	10	12	9	58	6	6	6	21	35	2	7	7	3
hsa-miR-1252-5p	7	2	12	5	6	5	9	3	7	10	12	16	16	15	5	2	7	11	10	18	13	9	7	7	36	11	8	2	8	4	12	11	5	8	8	8	2	2	7	1	11	8	8	5	5	1	5	15	9	19	2	3	6	15	10	3	4	0	0	0	0	0	0	0	10	0	0	5	8	10	5	2	2	24	5	1	5	2	19	5	0	11	8	15	1	7	4	3
hsa-miR-1253	22	15	9	12	13	4	10	5	16	11	8	10	14	20	25	16	26	37	31	32	14	14	11	28	54	15	4	12	19	9	30	29	7	22	6	18	4	5	11	33	39	40	23	38	36	2	33	27	20	27	14	8	6	4	17	7	4	2	1	9	16	5	0	1	15	0	0	8	6	7	4	11	14	18	8	19	15	22	42	13	1	15	15	33	1	5	10	1
hsa-miR-1254	12	9	2	6	6	1	2	1	0	0	0	0	7	6	9	4	6	7	10	3	5	19	4	7	33	7	17	9	14	1	9	16	4	7	6	9	4	4	8	7	9	7	9	19	6	0	9	13	14	8	8	6	3	6	22	2	0	11	0	0	7	1	0	0	0	0	0	0	7	33	7	1	4	13	7	5	7	12	26	3	2	1	6	13	0	0	0	0
hsa-miR-1255a	27	19	6	55	5	1	2	3	30	8	12	13	11	67	25	5	3	6	1	3	4	20	3	37	16	18	28	3	4	8	12	13	29	4	59	2	10	6	10	2	0	0	4	9	0	0	0	0	2	4	0	0	23	51	24	3	10	6	2	0	3	1	0	0	20	0	0	0	16	5	56	3	4	14	41	4	4	27	22	5	11	13	3	13	17	1	3	1
hsa-miR-1255b-5p	33	23	11	33	14	5	34	22	72	1	37	84	32	89	30	14	20	60	28	18	25	38	20	20	36	13	17	21	13	48	20	61	18	20	42	11	45	26	13	8	13	14	12	23	6	2	6	27	28	59	20	12	30	47	84	17	35	15	1	34	14	3	0	5	62	25	8	8	59	7	34	29	4	20	23	6	15	37	48	15	18	48	20	33	23	7	18	6
hsa-miR-1256	43	9	4	7	6	0	2	2	0	0	0	0	5	7	8	5	6	4	4	11	2	10	6	9	20	0	0	0	5	4	2	5	8	10	10	3	0	1	4	10	9	14	2	6	5	0	11	10	2	7	4	2	6	10	36	4	0	0	0	3	0	0	0	0	0	0	0	2	0	0	0	3	5	7	5	5	8	8	49	3	0	3	4	12	0	0	0	0
hsa-miR-1258	13	11	11	9	22	8	3	7	4	1	11	8	9	19	21	10	12	28	6	19	11	14	13	21	28	11	4	9	1	9	10	16	12	13	11	10	4	10	11	13	23	14	16	13	9	4	12	21	20	21	17	11	9	18	8	1	7	4	2	7	12	4	0	1	15	0	0	0	3	6	6	9	3	16	7	7	16	10	29	5	4	10	7	33	7	2	9	1
hsa-miR-125a-3p	44	28	5	22	13	6	3	5	21	10	11	24	20	48	22	12	22	23	18	20	20	59	26	50	79	16	18	16	7	11	14	21	28	35	39	12	7	12	14	5	19	14	16	19	11	6	14	40	15	29	5	9	13	14	31	9	24	11	2	12	22	2	0	3	24	10	12	6	8	14	36	6	11	34	33	16	35	38	69	14	10	31	16	38	19	9	9	9
hsa-miR-125a-5p	4995	2731	1180	7419	572	303	1442	561	1885	249	2570	2388	1811	15230	2412	1429	758	575	819	532	182	1214	1120	2965	4148	2416	6506	862	169	1528	433	479	5563	1560	15725	518	1202	1310	2642	270	490	259	564	317	388	78	113	5124	3212	5484	817	931	2479	3066	2849	517	3564	2096	228	1128	548	438	11	197	7916	2749	1885	329	2203	340	18609	1539	373	1805	10642	1179	1497	7520	11471	780	6634	6617	1968	5913	9470	385	797	122
hsa-miR-125b-1-3p	46	53	43	49	34	22	13	19	18	4	25	38	62	105	63	30	88	65	65	68	40	54	37	41	195	55	21	61	24	34	49	84	41	52	27	23	13	17	29	56	98	98	52	73	30	7	56	69	83	75	40	26	26	30	43	25	18	31	9	25	55	10	0	7	35	47	7	21	26	56	15	46	41	73	60	33	67	55	145	31	6	33	45	69	9	29	31	24
hsa-miR-125b-2-3p	81	56	68	66	205	54	92	46	86	86	101	69	3952	6368	8271	2984	5935	6579	3651	4361	49	67	77	64	3995	2442	2740	1380	1959	949	1342	1506	2204	3559	2739	1026	954	1611	6136	2208	3466	3976	6264	2456	1690	2005	1462	4752	2607	3604	1446	1530	64	61	61	41	52	49	12	34	15	2	5	8	59	12	5	8	79	61	34	78	2376	1604	3251	1325	998	1326	2603	2040	23	1326	1403	1539	19	16	21	32
hsa-miR-125b-5p	856	595	472	731	191	180	448	333	584	137	482	783	280	807	310	294	583	366	289	246	257	650	890	963	16780	1798	1174	691	70	710	414	428	892	799	998	179	229	211	281	74	176	105	112	111	96	72	62	584	344	511	75	88	1295	3075	1103	768	521	201	33	108	157	45	5	55	823	374	193	74	1258	222	1128	341	605	3357	1556	2706	3432	943	1401	444	498	992	604	858	1232	108	168	111
hsa-miR-126-3p	110824	122315	13688	180642	2587	2581	19646	1605	136900	2145	27834	38829	25978	144661	23067	15308	6187	3897	7583	3860	2757	7492	16783	42384	36892	67804	316349	11110	993	15005	4482	3288	58018	19272	148588	4442	8185	7891	23492	890	1675	1325	2065	1175	2699	772	686	49942	22366	68885	3086	3276	95458	125783	108386	2422	47187	28604	3140	9703	3882	3358	106	615	87637	21429	9895	1580	64482	4270	425661	23539	2970	22835	133077	4825	20865	114810	111473	12160	63264	64373	17716	45718	188135	2794	12571	1015
hsa-miR-126-5p	19723	18406	2242	30436	323	350	1807	281	36723	452	2541	5150	3323	18597	2945	1863	1020	734	1126	517	534	1550	3115	11554	5559	12147	74976	1527	119	2857	847	790	7804	2612	19992	579	585	1038	2387	212	228	202	363	177	377	119	114	7551	1380	8021	242	256	16814	21686	15529	514	4496	4063	340	938	689	531	13	82	12071	2392	1495	299	12778	646	90608	4009	421	3528	21294	710	3652	19742	21680	898	9175	7360	1814	4856	24206	259	1229	169
hsa-miR-1260a	91	59	19	62	15	10	44	1	50	20	27	30	19	84	33	18	24	14	43	21	13	40	38	53	69	63	259	23	5	13	7	23	124	32	154	12	17	9	43	6	15	10	7	14	12	4	4	72	32	70	14	10	29	46	164	10	53	21	2	11	17	2	0	3	101	34	24	2	26	8	62	10	8	28	140	24	33	142	294	22	57	83	49	100	105	9	18	6
hsa-miR-1260b	108	53	14	68	20	18	104	7	192	39	32	36	29	216	49	50	40	27	93	39	4	48	21	66	48	49	272	9	19	48	25	32	342	59	470	25	63	44	82	6	25	4	25	24	19	5	10	194	63	105	28	20	35	56	73	6	189	91	16	29	28	9	1	0	227	67	60	17	27	4	98	12	7	17	124	11	19	105	253	9	157	193	67	167	200	11	23	2
hsa-miR-1261	8	12	5	5	8	2	4	1	9	7	5	3	6	8	5	1	10	10	9	5	8	12	6	30	20	1	2	10	3	3	2	10	7	8	6	3	0	6	2	7	7	11	8	9	1	3	5	15	7	8	3	1	7	11	9	6	2	0	1	0	0	0	0	0	0	0	0	0	0	0	0	4	3	4	8	6	5	7	12	6	1	6	8	19	0	0	0	0
hsa-miR-1262	10	15	4	9	22	3	12	6	23	12	26	16	14	24	19	16	10	18	23	18	12	19	10	14	53	12	3	14	3	5	19	22	8	15	9	11	4	6	6	7	35	10	21	18	7	3	9	20	25	17	2	11	19	18	12	6	13	9	3	5	19	5	0	1	12	0	0	5	7	8	8	6	9	16	7	7	9	9	26	8	1	21	13	38	7	6	10	7
hsa-miR-1265	17	10	14	13	14	8	2	0	15	6	19	10	13	18	15	10	18	16	22	21	4	22	11	20	41	13	7	15	6	7	12	20	11	22	11	13	10	1	22	14	22	21	17	12	6	2	20	28	12	15	6	6	12	13	18	4	12	9	2	4	12	3	0	4	0	0	0	5	3	9	3	6	5	14	8	7	14	19	40	16	2	14	10	32	4	6	7	1
hsa-miR-1266-5p	17	10	30	16	36	30	21	17	20	20	22	7	30	40	77	23	40	61	46	48	23	23	24	16	214	22	65	14	26	23	31	34	33	90	56	21	16	18	39	29	47	34	35	32	24	16	17	49	47	38	42	40	13	16	10	9	17	20	2	6	28	4	1	10	13	12	12	11	8	18	7	18	64	44	185	121	22	12	180	39	15	60	65	47	10	17	5	7
hsa-miR-1267	32	16	11	17	26	9	8	12	37	9	57	19	39	60	49	21	37	57	43	62	23	20	15	15	68	11	8	19	18	12	33	32	31	17	22	15	11	22	14	10	81	34	29	48	39	6	24	69	36	47	25	19	16	19	29	13	35	27	2	16	36	17	1	7	54	24	17	19	13	13	9	23	5	32	10	15	12	24	36	25	10	35	29	83	29	9	25	3
hsa-miR-1268a	52	24	20	58	20	15	8	10	21	4	39	20	22	119	41	17	26	21	22	20	13	19	13	75	40	52	251	21	19	19	19	19	26	54	52	21	7	24	37	17	26	19	21	14	13	3	9	51	36	48	12	14	21	15	60	3	21	27	3	18	28	3	0	2	38	26	14	9	14	10	53	27	14	26	188	31	27	153	170	35	40	77	31	91	52	7	19	8
hsa-miR-1268b	94	72	78	72	54	16	18	1	22	22	37	30	166	288	315	118	241	294	130	221	75	60	99	104	214	199	325	98	220	116	105	162	269	270	125	131	143	180	343	221	184	168	199	121	156	105	123	306	384	418	288	253	79	41	72	34	33	35	0	13	12	4	1	6	36	27	9	10	56	79	50	74	196	103	348	220	166	191	237	253	47	214	170	212	48	10	15	7
hsa-miR-1269a	21	8	7	4	17	8	5	2	6	34	6	14	38	91	210	40	85	129	60	93	5	8	12	16	67	38	12	17	104	37	45	58	87	114	48	57	61	46	136	121	74	67	42	50	96	59	58	56	169	97	191	178	10	10	17	8	0	0	0	2	0	0	0	3	0	0	0	0	6	3	2	4	18	23	33	28	33	13	37	47	0	68	72	91	5	1	1	1
hsa-miR-1269b	4	1	3	3	10	2	4	1	0	0	0	0	0	0	0	0	4	3	0	2	2	9	1	7	16	5	1	10	1	4	3	9	0	0	0	0	0	0	0	0	4	3	1	9	1	0	0	4	5	9	0	2	3	3	5	1	0	0	0	1	0	0	0	0	0	0	0	0	0	0	0	0	1	5	4	3	1	1	10	3	0	0	0	0	0	0	0	0
hsa-miR-127-3p	190	113	48	142	23	5	60	11	114	24	59	42	44	242	136	65	100	72	65	88	24	23	28	61	741	1110	4143	428	38	27	18	20	186	82	478	40	204	248	362	25	41	42	64	45	67	22	36	618	1827	1908	414	507	165	225	217	10	156	171	14	33	16	14	0	5	905	255	259	4	23	17	13	14	67	306	2425	105	317	3084	4470	240	74	98	47	125	297	13	49	6
hsa-miR-127-5p	20	20	14	40	9	1	2	10	59	6	16	13	9	28	19	6	11	7	8	2	7	3	10	23	49	59	185	17	5	5	4	5	39	16	173	7	7	20	24	4	16	13	8	5	3	2	7	32	42	149	7	8	71	70	90	6	46	28	3	4	2	1	0	1	112	32	14	0	2	2	3	4	2	27	85	7	17	136	126	12	24	29	14	30	165	7	13	2
hsa-miR-1270	44	51	26	85	39	13	40	17	46	5	24	90	46	122	41	24	29	35	30	31	33	36	48	37	92	22	27	29	14	29	40	63	62	43	63	20	14	20	26	11	30	30	23	53	26	8	22	70	36	70	15	19	21	38	76	13	36	24	7	24	40	9	1	12	29	22	8	14	24	24	29	18	10	42	31	42	42	41	86	26	24	61	28	93	46	19	30	12
hsa-miR-1271-5p	40	31	7	44	3	0	5	2	28	2	7	3	10	22	7	6	3	9	6	6	3	6	3	17	16	18	61	13	2	5	2	8	31	7	113	3	7	10	6	4	2	6	6	3	1	0	2	28	7	42	0	0	13	28	24	3	17	15	0	5	3	1	0	1	23	0	0	0	6	4	102	9	0	8	39	1	9	35	48	2	13	17	1	23	19	1	4	0
hsa-miR-1272	28	20	14	17	16	6	0	6	11	5	3	7	11	10	26	11	21	16	11	17	9	109	21	115	46	8	14	11	3	2	12	13	9	22	11	7	1	9	15	9	19	16	21	18	7	8	17	19	13	13	9	6	5	14	146	6	0	3	0	0	13	1	0	2	0	0	0	0	9	16	20	3	16	16	11	22	19	13	39	16	8	17	15	26	2	4	7	4
hsa-miR-1273a	12	5	3	9	8	0	0	1	9	0	2	7	7	20	10	4	3	6	7	5	7	6	7	4	15	3	22	3	0	0	0	0	3	3	15	1	6	4	13	3	11	1	8	15	2	0	4	17	12	14	0	3	6	13	17	2	0	0	0	0	0	0	0	0	11	0	0	0	5	2	18	5	0	3	15	0	7	16	28	4	4	4	4	11	0	0	0	0
hsa-miR-1273c	12	14	1	7	3	3	4	5	11	2	5	8	5	11	13	0	5	10	13	5	4	7	7	11	26	8	14	6	9	8	6	8	11	9	15	3	3	2	6	2	10	5	9	7	5	1	3	11	13	11	0	2	8	9	9	6	0	0	0	0	0	0	0	0	0	0	0	2	4	5	11	3	4	10	14	4	5	14	21	11	5	10	7	25	13	5	6	1
hsa-miR-1273d	7	11	14	3	9	0	0	4	0	0	0	0	10	12	7	9	15	8	13	9	11	5	7	7	23	0	0	0	5	2	12	16	8	9	12	8	4	6	2	7	11	9	5	16	5	0	7	8	12	11	2	1	11	2	11	8	4	4	0	3	19	2	0	0	0	14	3	0	1	9	4	3	1	9	9	11	7	5	49	8	2	9	9	18	10	4	2	2
hsa-miR-1273e	6	6	3	3	15	1	0	4	2	8	5	13	4	6	6	7	13	11	6	10	0	0	0	0	17	3	2	6	9	3	25	11	4	7	5	7	0	1	2	5	6	6	8	22	4	1	9	8	8	8	4	4	3	3	8	3	0	0	0	2	0	0	0	0	10	0	0	0	6	4	1	0	5	10	4	5	2	4	14	5	0	5	6	15	0	0	0	0
hsa-miR-1273g-3p	18	18	7	14	18	17	10	6	16	28	13	6	21	19	16	14	16	20	12	14	10	27	11	16	33	9	18	15	17	6	22	22	12	19	12	5	3	6	9	10	17	32	15	26	16	4	24	22	21	19	7	12	15	11	14	9	9	11	2	12	14	1	1	5	15	10	17	7	14	13	11	15	16	17	16	17	13	15	39	15	8	22	22	31	8	6	4	5
hsa-miR-1273h-3p	120	133	23	183	15	4	28	1	103	14	45	31	39	167	43	27	20	21	28	22	5	22	36	50	63	86	241	38	16	29	12	15	121	33	301	23	35	65	60	3	15	10	20	10	17	1	10	120	57	132	25	19	100	107	131	6	119	91	6	26	12	6	1	1	78	43	27	8	31	4	253	22	10	39	217	25	50	174	210	30	77	93	39	122	142	6	27	5
hsa-miR-1273h-5p	22	10	6	42	5	2	4	1	19	2	14	6	16	54	55	8	8	11	20	6	2	10	3	7	30	12	29	15	13	10	7	14	44	7	71	7	9	13	19	5	15	14	8	10	8	1	1	32	16	44	15	4	16	19	23	1	22	21	1	9	8	7	0	0	12	0	0	0	15	1	31	5	6	10	32	10	3	23	54	8	19	20	12	39	30	4	6	2
hsa-miR-1275	15	23	8	30	5	0	161	0	213	1	14	15	5	41	8	11	6	2	10	4	2	50	17	7	27	16	26	10	2	10	2	8	27	14	18	2	30	11	11	2	1	4	3	7	3	1	4	13	16	35	12	9	9	12	11	1	18	26	0	8	6	3	0	1	34	8	15	0	34	5	52	2	5	7	23	12	7	13	42	9	10	20	13	19	17	13	7	0
hsa-miR-1276	28	24	17	43	30	5	17	13	39	11	107	20	29	57	46	30	44	89	79	38	25	51	24	50	72	30	29	19	15	12	45	52	22	30	15	30	4	4	10	11	65	67	31	77	12	6	52	56	24	25	12	8	49	19	28	14	39	15	1	15	34	8	2	4	43	21	5	7	3	17	14	13	11	37	11	16	29	19	43	49	11	40	67	92	26	16	41	7
hsa-miR-1277-5p	940	256	50	1557	5	14	68	8	889	39	65	175	79	465	101	61	41	3	45	12	7	17	88	208	122	882	4892	99	4	124	25	10	149	79	794	16	23	44	143	6	4	7	10	2	11	1	3	216	52	181	18	24	502	438	398	8	124	112	12	32	21	7	0	0	873	66	87	0	746	14	5784	194	18	79	644	6	143	1089	848	61	405	243	83	157	795	3	31	6
hsa-miR-1281	13	11	8	7	20	2	5	8	5	7	15	1	9	22	11	8	14	12	5	7	14	16	7	11	32	25	20	15	6	9	5	13	26	14	31	10	1	9	11	5	9	15	7	8	5	2	7	20	16	25	21	1	7	15	15	3	14	8	1	4	32	8	0	5	34	0	0	6	3	13	3	7	8	15	19	9	13	30	68	5	9	8	6	16	1	4	6	1
hsa-miR-128-1-5p	19	13	9	12	30	8	8	8	21	9	16	14	21	39	25	15	30	38	19	32	10	9	13	6	50	12	12	12	6	21	14	19	29	16	32	7	10	13	11	11	23	29	17	27	18	7	18	42	27	31	9	10	15	10	33	10	5	2	0	5	11	2	0	4	0	0	0	8	14	8	7	13	9	34	23	16	18	16	48	23	13	25	17	28	9	6	7	6
hsa-miR-128-2-5p	28	13	8	10	7	3	2	6	11	21	26	2	10	18	5	10	10	23	19	14	16	12	7	7	24	6	3	3	10	5	6	19	8	18	8	11	6	6	9	10	16	14	13	17	10	1	14	26	14	20	3	8	13	5	20	12	1181	412	61	231	150	110	3	36	1307	374	206	56	8	17	4	7	3	7	4	6	4	5	22	11	1	18	16	20	6	9	8	4
hsa-miR-128-3p	2265	2774	414	3148	111	51	520	75	2985	74	506	453	438	3190	535	347	230	213	258	141	86	308	352	1641	1771	2122	9286	582	75	483	181	440	2171	439	3516	111	435	202	570	68	76	68	93	70	70	36	34	1333	431	1582	83	115	1437	2587	1850	150	21	26	5	10	13	4	0	1	19	0	0	0	1992	114	8066	384	130	738	3693	448	697	3905	4472	317	1210	1145	382	955	3273	74	176	27
hsa-miR-1284	11	12	6	12	8	4	1	4	14	6	10	4	10	26	21	5	8	17	4	4	11	8	6	9	33	12	15	6	8	9	10	13	13	9	11	0	4	1	3	5	8	13	7	8	4	0	3	14	5	9	2	6	6	6	8	0	5	0	0	0	0	0	0	3	12	0	0	1	7	5	8	11	3	12	12	12	4	13	20	15	4	14	18	23	10	2	9	3
hsa-miR-1285-3p	14	7	5	16	6	7	2	3	8	3	6	4	18	17	13	6	3	7	11	12	5	9	1	21	19	9	30	9	4	3	5	15	19	9	36	15	5	6	5	4	21	14	6	12	4	1	5	14	10	17	8	5	11	19	10	4	0	0	1	0	0	0	0	0	0	0	0	0	17	9	29	11	4	12	13	10	10	27	46	10	9	9	13	20	10	3	12	6
hsa-miR-1286	10	7	8	12	2	4	5	3	18	3	10	2	11	21	13	3	9	30	14	14	6	14	2	17	27	7	8	7	3	1	9	9	8	14	11	9	6	5	9	5	14	12	13	23	9	2	10	20	6	19	4	3	10	10	10	7	4	4	1	5	10	0	0	0	0	0	0	1	2	9	6	1	11	18	4	7	8	7	20	12	1	10	5	22	0	0	0	0
hsa-miR-1287-3p	18	5	8	30	37	7	14	22	72	3	125	16	22	48	47	16	33	42	67	24	9	24	15	13	39	38	11	10	10	7	16	42	21	38	14	39	20	3	25	13	35	26	18	49	11	6	37	59	25	25	29	19	27	16	24	7	34	13	8	23	18	1	1	10	24	21	3	6	4	13	24	9	10	13	5	7	15	21	30	48	7	58	45	95	29	9	30	5
hsa-miR-1287-5p	159	136	96	149	104	18	44	41	142	26	56	51	280	548	590	216	331	418	232	307	70	111	81	77	286	195	378	148	136	87	144	168	214	236	304	92	68	140	409	264	294	370	319	277	125	118	262	362	284	306	152	135	84	73	106	53	105	117	11	41	59	23	12	10	138	131	20	19	65	85	139	62	130	124	283	79	139	189	434	141	66	143	119	240	94	36	63	12
hsa-miR-1288-5p	3	6	9	9	16	7	2	2	10	7	6	13	15	43	28	6	27	33	32	20	6	11	3	12	30	11	12	17	30	10	19	16	13	32	22	18	11	10	51	25	30	30	20	26	17	11	13	33	50	27	49	30	5	5	10	16	0	6	0	3	13	5	0	10	0	0	0	2	1	10	3	9	15	24	23	17	17	11	29	17	3	17	19	26	0	6	5	2
hsa-miR-1289	24	6	8	5	1	1	0	2	6	3	6	2	67	132	144	40	58	76	31	65	11	16	17	9	51	22	23	16	27	15	21	39	40	53	29	15	15	17	93	32	31	34	67	33	30	20	30	76	69	75	31	43	5	7	12	8	0	0	0	2	0	0	0	0	0	0	0	0	11	15	3	15	27	22	16	18	21	22	38	19	0	13	14	16	1	0	1	0
hsa-miR-129-2-3p	4	7	5	5	3	4	2	1	0	0	0	0	5	7	7	4	5	8	5	5	3	22	1	4	0	0	0	0	0	0	0	0	5	1	4	1	3	1	8	4	7	9	9	11	4	0	5	8	6	11	3	2	0	0	0	0	0	0	0	0	0	0	1	0	0	0	0	0	0	0	0	8	0	0	2	0	4	5	17	4	1	6	5	11	0	0	0	0
hsa-miR-129-5p	25	20	4	11	8	6	4	5	16	1	8	16	17	20	32	6	28	25	16	25	12	26	23	18	49	13	8	14	14	7	18	15	9	21	21	2	8	9	19	9	15	14	33	15	7	4	17	21	27	20	7	5	17	17	38	4	11	10	0	3	14	4	0	0	0	0	0	2	13	9	5	6	7	25	16	6	17	20	39	12	10	26	13	35	1	6	10	2
hsa-miR-1290	32	23	31	21	48	21	7	35	32	9	52	36	42	49	34	21	40	58	42	43	36	25	26	20	49	18	10	27	10	10	31	44	26	51	15	29	8	8	18	38	47	87	32	77	26	3	135	58	47	26	20	19	21	12	36	28	20	9	11	10	62	12	1	16	40	53	10	28	10	34	1	16	13	30	28	34	31	27	212	29	6	42	30	73	8	24	34	15
hsa-miR-1291	24	11	8	11	13	8	5	8	13	18	19	9	11	21	25	11	22	16	35	17	9	19	10	19	60	8	6	11	17	7	28	24	32	20	14	12	5	8	11	16	10	28	14	14	14	5	19	16	22	24	14	21	10	23	12	9	11	5	2	7	17	4	1	1	22	15	6	7	5	9	4	8	9	20	12	30	21	15	27	30	2	24	31	45	4	11	11	6
hsa-miR-1292-3p	144	14	20	10	23	8	2	2	17	11	18	10	46	19	25	14	24	15	30	17	6	128	150	19	124	24	9	36	23	9	21	24	17	20	9	17	6	10	12	25	30	33	30	20	8	8	37	34	40	42	12	10	10	34	41	4	15	11	2	6	22	13	0	2	45	10	7	2	6	33	4	23	24	39	7	12	192	28	42	27	9	28	33	60	11	7	7	7
hsa-miR-1292-5p	63	106	40	45	42	11	17	15	40	7	32	28	47	72	68	40	80	66	48	76	22	56	71	115	177	37	48	45	17	49	40	74	57	43	49	24	17	22	35	39	64	51	63	62	27	11	34	88	38	71	25	25	37	63	236	13	33	29	12	15	39	9	1	8	52	44	14	15	30	22	79	20	13	54	53	34	51	61	88	48	16	37	46	105	16	17	15	9
hsa-miR-1293	40	9	11	10	20	6	10	8	13	3	7	10	20	16	19	7	20	32	13	27	9	14	11	4	43	9	3	12	4	4	22	29	9	17	9	5	8	3	7	10	23	25	27	20	18	0	11	28	13	26	22	19	4	11	10	8	7	5	1	6	19	4	0	1	19	0	0	8	8	10	4	11	9	21	8	13	30	8	18	17	4	17	19	36	9	7	11	8
hsa-miR-1294	42	30	25	18	22	9	45	17	40	10	42	42	48	153	59	25	37	51	22	30	20	62	51	32	46	31	30	32	21	55	22	74	38	43	41	21	42	35	43	12	25	20	22	16	20	15	13	56	33	85	12	17	26	41	110	36	19	27	5	44	22	4	0	9	59	24	15	7	72	16	32	27	9	24	37	22	26	55	68	32	25	64	32	73	40	7	19	13
hsa-miR-1296-3p	29	10	11	10	26	2	4	14	9	3	17	7	20	16	16	7	23	32	14	15	14	28	19	23	41	5	9	10	7	7	21	22	3	10	10	10	6	4	11	7	15	19	18	13	69	2	12	24	19	19	11	6	9	8	11	7	12	8	4	10	19	4	1	2	28	12	3	13	7	15	9	11	5	14	9	9	10	13	20	9	3	25	13	39	1	16	4	6
hsa-miR-1296-5p	75	71	12	74	5	5	14	2	24	14	21	19	14	74	14	11	12	3	15	6	9	19	9	27	31	45	114	15	6	10	10	10	66	14	127	7	17	20	34	1	2	1	11	2	7	1	6	44	14	37	4	3	49	47	54	5	55	62	3	9	7	4	0	0	35	21	17	0	17	3	73	10	3	11	145	10	17	118	159	11	33	36	12	52	66	0	8	0
hsa-miR-1298-3p	6	10	4	6	5	3	4	4	7	2	14	36	11	10	10	9	5	8	5	13	10	14	4	3	19	8	3	3	4	8	9	20	2	7	4	6	1	5	6	6	4	4	10	7	3	0	3	7	7	7	0	9	10	2	18	2	0	6	0	0	12	2	0	0	14	0	0	0	0	0	0	9	5	9	4	8	3	6	13	5	1	6	6	13	0	0	0	0
hsa-miR-1298-5p	12	7	6	18	8	5	11	3	32	9	77	11	16	28	20	13	16	37	32	20	8	13	14	6	45	24	8	12	2	5	26	22	9	11	2	12	7	5	6	4	20	12	13	27	8	1	16	27	12	23	4	5	15	10	13	3	19	3	5	5	12	2	1	9	17	0	0	1	5	12	16	4	8	20	7	4	7	8	16	22	2	24	14	51	7	10	19	3
hsa-miR-1299	15	16	6	15	15	12	11	10	26	12	9	10	20	33	18	16	18	16	13	23	8	25	21	17	52	11	36	33	31	120	52	163	26	21	51	5	2	16	5	10	14	12	12	14	13	3	9	58	24	23	13	4	51	43	66	18	26	25	2	12	32	28	1	5	71	18	17	22	2	6	12	11	3	29	8	12	26	38	45	3	17	42	13	62	49	3	17	7
hsa-miR-1301-3p	484	497	117	898	31	14	87	18	157	19	160	114	150	944	199	108	69	22	124	59	12	30	52	218	229	393	1105	190	25	60	24	23	412	117	954	30	108	194	212	18	19	20	39	17	37	5	17	337	163	444	46	58	270	273	356	9	380	366	29	95	89	39	0	1	378	148	154	6	108	12	485	70	25	96	850	51	91	1024	1565	120	305	340	130	442	579	26	104	5
hsa-miR-1303	91	126	42	76	29	25	24	27	92	9	33	39	51	70	20	16	19	26	23	14	6	22	18	34	101	71	388	42	11	30	18	52	66	32	152	15	14	19	25	12	11	25	16	12	12	4	12	78	29	41	9	4	37	54	96	8	40	35	4	11	13	0	0	3	42	19	15	9	67	10	180	10	24	41	185	11	28	119	285	41	38	53	55	66	56	15	12	7
hsa-miR-1304-3p	33	50	12	31	15	5	25	9	32	12	16	15	11	42	22	16	17	18	19	19	8	20	19	19	64	34	36	10	13	11	16	37	25	21	33	13	11	13	22	6	18	23	19	20	11	5	14	36	30	32	24	27	21	29	30	2	32	10	0	12	10	5	1	0	72	15	3	5	18	9	46	9	13	18	38	46	23	41	55	15	13	37	22	49	34	8	7	3
hsa-miR-1304-5p	58	90	25	70	19	2	33	6	80	1	25	11	15	65	13	8	20	11	17	15	6	14	9	26	23	34	113	11	6	18	7	15	51	16	70	12	10	16	26	3	9	3	6	4	5	1	8	50	22	63	10	18	45	53	39	2	44	21	3	13	9	2	0	3	61	27	26	3	22	1	114	10	2	17	99	12	9	74	89	11	46	43	7	45	93	4	8	1
hsa-miR-1306-3p	56	69	23	78	15	12	38	12	35	10	19	16	35	88	27	27	15	25	21	23	8	29	24	36	62	29	72	34	12	46	25	51	112	26	228	10	25	89	40	12	22	13	21	8	13	1	9	82	42	75	16	23	29	68	73	8	55	69	9	32	14	7	0	1	69	11	24	7	29	7	77	21	9	28	94	17	34	152	172	11	57	63	28	86	59	7	10	7
hsa-miR-1306-5p	227	131	67	361	65	32	21	43	34	25	129	106	123	599	308	131	144	144	130	111	20	27	78	98	210	208	307	83	98	175	92	256	321	145	389	53	45	89	181	72	110	119	124	109	62	62	49	297	134	230	79	73	131	143	139	24	210	128	25	108	79	37	0	16	281	122	55	39	58	27	134	50	96	101	416	91	116	312	436	160	144	296	151	271	364	25	83	9
hsa-miR-1307-3p	3061	3571	1199	5263	353	253	1038	137	1941	85	937	750	1177	6251	1336	1042	386	276	678	419	45	187	364	1425	1133	1558	3185	1083	207	832	206	382	2940	875	7672	346	803	1319	1210	131	226	144	341	142	415	58	80	2646	2077	4201	697	778	3095	3423	5695	195	2686	3705	314	1021	165	367	4	31	2513	844	872	71	896	160	5066	646	163	769	4493	261	769	4864	5855	588	3313	3739	1093	3352	4602	213	679	52
hsa-miR-1307-5p	477	654	110	295	40	9	70	20	615	54	53	78	91	244	99	78	59	41	66	73	29	39	86	164	322	310	1675	175	69	90	56	78	232	122	499	38	28	79	138	43	60	53	71	49	45	12	26	191	110	233	41	33	226	209	411	19	84	72	7	15	22	9	4	5	169	57	19	5	268	37	1305	105	58	133	478	43	150	484	721	83	106	173	88	199	159	10	28	14
hsa-miR-130a-3p	915	739	111	1029	17	25	121	27	1045	62	147	218	154	837	151	140	94	85	95	23	60	155	276	616	552	1038	6602	243	18	193	54	115	570	175	2166	53	71	101	203	13	11	21	22	10	22	6	13	408	180	469	27	33	542	611	563	30	326	245	30	73	161	42	1	12	588	188	111	17	770	73	3836	311	35	211	1400	31	215	1492	2453	156	328	379	163	304	1138	17	77	15
hsa-miR-130a-5p	4	4	9	2	4	3	3	2	8	4	14	30	12	13	7	2	13	11	7	11	4	3	13	9	17	5	4	4	7	7	13	17	12	8	3	9	0	5	3	7	7	9	10	12	2	3	6	17	11	12	10	7	5	8	7	5	0	0	0	0	0	0	0	0	10	0	0	0	13	2	2	2	9	5	8	8	9	10	17	1	0	0	0	0	4	5	3	3
hsa-miR-130b-3p	212	202	44	244	20	12	32	14	240	19	63	60	69	326	75	52	54	49	30	33	33	52	66	147	137	199	868	74	24	69	24	45	135	60	395	20	32	32	66	21	23	36	22	36	21	6	20	136	75	206	8	28	139	190	222	20	106	97	12	22	47	11	0	1	114	38	30	10	178	21	718	70	17	84	358	26	69	310	467	35	97	109	54	129	190	19	31	7
hsa-miR-130b-5p	119	89	19	198	8	5	33	2	58	9	21	53	22	129	23	28	14	12	34	18	3	15	18	56	62	132	659	33	10	25	10	18	144	32	416	6	24	39	66	28	23	25	20	9	7	4	36	86	40	62	9	9	62	110	76	1	103	83	6	14	10	4	2	0	106	25	35	0	45	9	223	20	4	15	373	4	25	233	435	12	108	77	15	95	128	4	21	0
hsa-miR-132-3p	67	111	27	146	16	11	71	15	122	7	31	50	69	220	69	34	41	38	55	26	7	18	27	38	136	153	401	28	9	77	38	85	334	42	437	20	64	61	93	25	13	23	15	25	21	9	14	182	34	192	23	16	86	132	97	10	73	50	9	20	9	3	0	5	134	34	32	2	40	14	162	17	12	52	207	31	41	304	309	42	124	119	50	93	187	13	20	2
hsa-miR-132-5p	23	14	5	24	6	1	12	5	16	4	6	10	9	25	10	3	15	12	19	8	4	23	19	5	22	11	40	4	3	13	11	14	22	11	47	3	3	8	5	5	7	15	2	5	5	1	13	20	15	12	2	6	11	15	15	2	10	10	3	0	5	2	0	2	0	0	0	0	10	4	31	12	2	10	20	1	17	18	27	4	13	12	8	24	20	2	5	3
hsa-miR-1322	0	0	0	0	6	7	1	4	11	2	5	8	24	15	34	3	14	31	20	23	0	0	0	0	21	5	7	7	7	9	15	10	14	12	5	6	4	5	14	15	18	20	31	17	13	2	18	15	32	24	12	14	0	0	0	0	0	0	0	4	0	0	0	0	17	0	0	0	5	8	2	0	4	9	5	4	12	4	22	3	1	6	3	20	0	0	0	0
hsa-miR-1323	0	0	0	0	0	0	0	0	0	0	0	0	5	0	0	0	10	10	0	5	0	0	0	0	17	0	0	0	1	1	6	0	0	0	0	0	0	0	0	0	0	0	7	3	1	0	0	0	9	4	0	0	1	6	3	3	0	0	0	0	0	0	0	0	0	0	0	0	0	0	0	0	0	0	4	0	2	4	8	5	0	6	6	12	0	0	0	0
hsa-miR-1324	12	4	2	4	1	3	1	1	4	0	3	5	0	8	8	4	2	6	2	2	6	5	6	17	12	3	2	10	6	4	10	4	0	0	0	0	0	2	5	2	7	7	6	64	3	1	6	5	5	8	2	2	3	17	1	3	0	0	0	0	0	0	0	0	0	0	0	0	0	0	0	2	1	7	4	5	4	1	8	2	0	3	2	4	0	0	0	0
hsa-miR-133a-3p	980	1077	1120	895	380	599	890	268	276	321	379	278	157	239	417	665	111	95	93	99	849	377	931	570	81044	7079	1338	2228	127	543	969	707	1605	2828	632	415	48	71	105	50	121	61	81	77	91	114	82	221	331	393	57	95	3574	10533	1772	2571	153	127	4	48	30	7	5	5	83	21	25	9	4299	674	1032	833	2101	14163	2638	11122	15290	2436	3590	1637	214	1626	1820	2135	193	134	219	250
hsa-miR-133a-5p	27	17	29	19	15	4	17	19	7	5	12	9	10	13	17	8	13	13	13	22	24	9	18	15	880	77	24	47	7	16	20	18	29	44	15	17	3	4	11	6	21	14	11	5	9	4	15	15	5	11	6	5	20	89	39	12	6	1	1	5	10	2	0	0	0	0	0	8	51	11	12	28	21	158	50	241	151	20	68	22	6	30	21	42	5	6	9	7
hsa-miR-133b	165	118	220	97	108	148	163	52	39	109	74	43	159	342	362	166	270	263	211	178	155	40	149	52	6092	737	109	195	134	133	197	195	321	537	283	117	79	109	388	119	166	167	292	76	74	119	82	278	240	171	149	183	373	1029	144	481	19	26	0	12	17	4	1	2	20	11	6	6	387	116	78	174	207	1079	246	1170	1336	193	235	164	27	340	358	395	21	30	52	59
hsa-miR-1343-3p	31	13	9	28	15	1	8	3	16	3	22	9	23	30	9	10	9	13	23	14	7	21	20	21	173	29	24	15	4	14	15	16	22	18	32	11	7	14	13	9	13	22	10	22	7	1	11	33	12	26	8	2	18	25	41	25	6	6	1	4	13	5	0	0	0	0	0	8	25	7	15	17	9	50	22	26	34	17	45	19	14	28	15	52	14	5	9	3
hsa-miR-1343-5p	62	31	22	13	15	7	5	7	6	7	18	7	12	12	27	9	27	24	17	26	7	46	27	293	112	16	11	27	33	9	24	18	24	24	9	12	5	16	19	24	24	45	28	22	16	6	36	29	20	17	11	4	17	21	160	12	2416	2779	236	514	44	243	2	15	3661	858	2488	40	18	25	10	14	23	42	20	32	41	28	49	22	1	18	12	62	7	7	5	2
hsa-miR-134-3p	26	15	6	20	12	5	12	6	10	0	10	4	20	38	53	12	48	43	36	36	10	21	19	13	50	14	12	14	15	9	15	24	21	20	25	4	15	23	41	19	28	35	35	27	16	13	16	55	22	35	21	31	18	11	21	1	16	7	3	5	4	5	0	4	10	0	0	0	9	20	5	18	13	13	25	20	10	15	25	16	2	18	14	67	6	8	11	0
hsa-miR-134-5p	3905	4666	1031	9066	56	55	200	18	1278	48	745	445	345	1708	657	563	138	53	185	96	35	43	108	473	1148	1301	2514	628	48	184	67	46	1856	454	4882	141	356	1567	1084	46	44	27	94	38	164	47	39	1866	1989	6333	367	450	1850	2968	2569	45	10	14	1	8	19	7	0	4	31	26	5	6	65	23	667	57	75	426	3241	135	620	4264	4947	232	1037	945	371	1327	4816	65	660	24
hsa-miR-135a-3p	48	21	34	36	42	11	13	16	24	2	26	20	45	57	54	27	46	56	55	50	22	35	34	33	61	23	17	40	20	32	46	43	33	42	41	34	12	16	36	47	75	62	46	56	26	11	61	60	23	30	9	16	11	32	68	11	21	30	8	12	37	19	3	7	62	49	12	18	15	30	11	26	15	40	28	24	35	46	112	29	18	46	16	78	19	22	21	6
hsa-miR-135b-5p	10	3	4	5	7	4	2	3	0	0	0	0	7	8	6	2	0	0	4	0	0	0	0	0	12	6	4	11	1	1	5	5	2	9	1	4	1	1	2	2	6	7	0	0	0	1	6	10	0	0	1	1	11	13	18	2	5	0	0	0	0	0	0	1	0	0	0	0	0	0	0	0	3	7	4	6	6	3	15	8	0	3	7	19	0	0	0	0
hsa-miR-136-3p	63	42	11	57	14	2	37	7	411	15	13	28	25	24	40	18	19	35	27	26	8	22	11	49	93	59	277	30	11	13	24	17	47	20	88	15	11	10	24	17	20	37	10	19	25	2	21	48	31	85	11	6	88	128	110	11	23	15	4	3	10	2	0	2	89	35	11	1	6	5	18	2	9	36	69	17	26	79	90	25	7	32	21	41	89	4	6	2
hsa-miR-136-5p	40	28	14	24	8	3	8	1	68	7	8	24	16	35	28	16	21	31	17	14	2	7	21	26	91	90	446	33	16	12	10	16	24	25	56	4	11	8	33	17	11	8	20	9	6	8	13	36	55	60	19	17	54	53	38	4	10	0	0	0	0	0	1	2	38	0	0	0	14	5	10	2	14	36	73	7	20	99	130	15	4	27	15	23	34	5	8	0
hsa-miR-137	13	18	12	12	5	8	2	5	43	7	42	15	17	18	18	13	22	32	26	19	14	13	15	14	69	20	12	8	8	5	16	26	16	21	11	8	5	7	14	17	21	13	20	20	4	0	14	33	19	25	8	11	11	13	20	12	11	6	3	6	17	5	0	1	0	11	0	8	12	12	11	12	5	14	9	20	23	15	20	16	1	19	22	42	7	7	11	0
hsa-miR-138-1-3p	41	7	7	0	10	0	2	4	2	1	5	10	10	15	12	6	12	17	7	9	6	14	38	8	36	3	4	5	0	4	6	9	11	7	9	3	5	1	3	2	14	7	5	6	7	1	5	11	10	18	1	0	5	6	8	9	0	3	1	0	17	2	0	0	0	0	0	0	2	14	2	10	3	21	9	9	21	7	19	8	0	10	9	23	4	2	4	5
hsa-miR-138-2-3p	149	90	123	78	42	19	26	22	33	16	40	21	167	328	283	120	197	196	147	179	110	103	109	109	202	91	114	86	112	50	75	90	113	157	111	59	69	63	228	137	164	190	162	116	81	54	204	191	233	178	120	112	85	62	90	58	15	25	6	11	37	12	4	15	54	45	12	14	91	84	38	94	74	100	103	52	84	70	229	107	6	70	68	122	12	24	35	17
hsa-miR-138-5p	47	19	17	15	22	7	16	3	20	6	22	12	31	45	34	19	25	27	26	37	17	31	28	20	133	23	24	17	9	8	16	19	24	37	22	11	12	16	28	14	39	28	33	16	14	0	9	38	33	37	20	16	18	21	90	11	8	7	1	4	14	6	1	5	13	13	5	12	18	14	12	14	18	55	32	16	28	18	26	15	3	14	9	35	9	8	9	2
hsa-miR-139-3p	302	344	111	413	96	37	99	40	205	10	165	121	139	742	229	134	90	77	126	106	18	93	92	124	229	194	210	100	47	109	69	56	351	134	525	58	112	239	271	48	83	65	59	72	67	13	55	364	203	398	66	65	271	459	398	18	789	661	67	234	47	100	2	24	272	127	125	20	114	42	665	87	32	130	370	60	166	322	411	80	187	295	98	344	558	38	109	11
hsa-miR-139-5p	129	199	34	160	12	5	19	7	227	6	18	20	67	157	66	28	46	44	45	32	17	26	26	52	142	107	567	36	18	27	17	27	104	60	121	8	32	33	54	27	30	34	38	35	13	15	15	111	32	67	27	12	80	170	143	14	176	77	6	18	14	0	0	1	67	20	18	0	78	20	521	43	27	57	238	31	46	166	341	34	53	85	34	74	141	4	12	1
hsa-miR-140-3p	5887	8486	1367	7871	750	448	5778	652	23408	872	2237	2419	1329	8443	1586	1121	632	863	689	429	353	1068	1546	3758	7922	3607	8439	1238	274	1938	576	1547	6514	1719	12526	521	3125	1999	2177	388	206	215	184	111	328	53	146	4405	3796	9113	783	1252	4711	6741	8705	680	5301	3131	320	1572	491	544	21	145	7871	2673	2007	262	7406	432	18116	1260	407	2171	6314	642	2552	7722	9322	1182	5410	5968	1700	3627	9349	474	909	167
hsa-miR-140-5p	310	525	57	537	14	14	106	35	675	3	121	160	129	430	87	84	36	47	38	22	33	114	167	225	434	321	1301	114	17	89	56	74	170	101	445	27	24	24	82	11	16	16	14	14	17	7	14	147	62	249	9	9	226	360	309	31	98	69	9	47	55	15	0	8	261	87	36	9	669	41	1762	79	18	120	448	63	117	414	658	80	176	233	72	174	396	13	44	12
hsa-miR-141-3p	86	49	42	79	22	14	27	11	149	20	16	38	26	114	21	28	19	13	5	13	42	192	66	94	2158	309	393	68	2	22	26	39	67	76	355	14	10	22	39	8	10	7	6	15	5	1	5	44	17	52	5	9	234	478	194	99	36	57	2	12	9	0	0	4	169	29	43	0	134	31	252	42	46	362	162	63	361	201	256	44	111	92	48	89	182	7	13	7
hsa-miR-141-5p	26	10	27	11	26	6	1	9	19	10	27	20	25	39	24	20	48	27	21	58	39	17	52	12	171	19	9	19	9	3	14	20	21	29	21	13	6	5	9	13	49	20	12	39	10	3	22	29	73	38	4	2	26	39	15	15	5	12	0	9	21	11	2	5	20	24	1	10	17	26	12	6	5	51	22	14	47	14	66	16	4	22	25	60	5	13	11	14
hsa-miR-142-3p	52931	38839	4655	74917	882	1382	6213	526	81488	836	9647	20737	18189	78816	10900	9889	2204	960	2517	1623	1693	5435	12316	30022	21524	34658	223592	5728	553	12593	2741	1317	15405	9495	84378	2097	2071	1888	5530	283	598	408	822	483	1070	406	357	11095	4493	10319	548	817	39147	32048	48058	899	5591	8786	525	1501	1261	314	26	76	27461	3127	2081	252	66669	2027	555495	19093	1686	14661	35425	2850	11838	54610	50555	5784	21777	26844	7235	18370	81137	782	4224	439
hsa-miR-142-5p	16896	9468	1305	21191	410	327	2557	455	43540	765	1637	4849	2262	12233	1910	2084	943	973	735	406	775	2196	3562	6531	5801	12670	143043	1426	194	3109	1016	1773	4578	2649	37580	538	1125	2224	2327	159	235	264	212	183	310	152	180	4859	1317	5978	183	173	14549	12493	18486	614	3218	9344	272	962	1007	294	9	166	17167	1972	1274	383	29185	669	98973	5880	388	3072	14672	806	3473	12735	15885	1257	10592	4384	1675	2623	22462	296	596	288
hsa-miR-143-3p	4009	4280	1095	8642	367	285	2239	1293	20007	289	1148	2497	4003	10602	8133	2695	5771	6372	3628	4828	454	1597	2422	985	24694	5442	11844	2007	1680	1864	1456	1655	7910	4825	18198	1215	1517	2215	7209	2657	3445	3556	5569	2308	1914	1729	1398	7173	6209	6278	4592	5252	2704	5100	4076	608	1845	915	122	300	81	54	11	50	2390	444	395	50	7232	462	7483	732	2657	5890	4492	2985	4922	5235	5269	2246	5373	5696	2119	3836	7270	161	345	138
hsa-miR-143-5p	45	35	16	66	12	20	11	28	56	2	20	54	33	53	26	11	18	11	8	12	11	19	19	15	167	45	200	30	4	20	16	26	43	29	137	9	9	8	9	13	21	16	10	7	3	2	1	32	29	10	3	13	20	40	35	7	12	9	2	4	13	3	0	2	19	0	0	1	27	16	40	8	15	39	48	16	28	88	114	15	36	37	22	53	59	4	12	2
hsa-miR-144-3p	591	139	57	85	63	39	134	133	1092	44	94	570	277	320	127	169	181	250	96	55	103	157	483	105	1195	444	403	218	55	419	190	566	163	207	167	69	140	66	75	40	53	71	40	17	40	7	46	335	46	213	37	33	251	248	961	55	23	37	5	18	152	4	0	12	246	84	24	47	8740	101	964	157	63	279	137	299	228	381	555	156	87	194	145	132	81	23	30	24
hsa-miR-144-5p	442	412	36	214	29	8	190	47	2313	3	50	486	115	260	78	154	64	64	43	31	52	262	465	191	829	185	317	67	32	178	65	173	106	150	223	55	285	62	40	14	14	22	22	13	13	5	16	115	56	134	12	20	227	191	1618	105	52	35	5	57	26	2	0	12	195	33	12	25	5070	73	1039	174	38	184	71	180	242	204	243	67	136	172	87	135	139	21	19	10
hsa-miR-145-3p	23	17	6	28	4	3	4	4	38	1	6	7	13	30	39	12	22	28	11	22	11	8	31	10	110	15	95	11	9	7	11	14	29	11	42	8	9	5	17	21	7	11	33	9	8	2	4	25	61	38	33	47	19	22	13	5	0	0	0	0	0	0	3	3	0	0	0	0	24	6	37	3	5	30	15	9	14	19	37	14	1	16	14	18	12	2	2	1
hsa-miR-145-5p	343	386	69	390	22	23	132	80	780	12	78	82	57	158	51	52	25	20	39	18	41	77	76	148	1673	348	1440	149	26	75	57	43	435	102	637	42	21	23	26	22	24	17	12	19	12	7	18	103	44	61	8	12	132	393	183	80	254	111	7	32	35	6	2	10	88	65	19	8	277	42	304	35	67	374	370	109	325	392	917	72	141	228	99	234	220	16	36	15
hsa-miR-1468-5p	18	26	10	39	1	2	0	3	21	2	30	12	18	33	22	12	7	16	8	19	7	7	9	11	24	13	17	9	5	10	11	10	14	12	34	4	5	3	9	8	5	8	10	10	5	1	7	22	18	56	8	5	18	18	20	0	12	0	1	4	0	0	1	4	40	16	3	0	6	5	25	14	6	17	13	5	11	23	35	10	21	21	8	30	30	9	9	2
hsa-miR-1469	26	21	26	12	6	7	11	9	5	6	10	20	43	42	44	33	51	50	47	36	20	17	26	21	98	33	25	39	32	15	31	42	37	53	23	20	9	21	51	31	36	60	714	23	19	9	55	57	41	56	17	18	15	6	24	16	10	16	5	3	20	1	6	3	40	18	5	12	6	22	4	15	34	48	27	15	31	21	80	41	1	44	37	61	2	8	15	11
hsa-miR-146a-3p	17	9	7	9	5	2	10	1	23	1	5	7	8	14	11	7	17	18	12	12	10	21	11	34	49	34	78	19	10	11	25	6	25	20	92	5	3	7	6	6	11	14	15	12	5	2	7	43	34	52	11	4	9	10	12	2	0	11	0	3	7	9	0	3	37	0	0	0	74	8	675	17	7	24	21	7	16	18	42	15	6	11	18	25	7	7	2	6
hsa-miR-146a-5p	41261	52045	6553	74000	825	770	9593	354	119460	685	10458	10770	10615	91535	11735	8075	2925	1139	4155	1829	545	2656	3873	24051	18153	32437	150112	6444	438	6278	1746	1192	42645	8117	95694	1860	4766	5483	10737	280	624	472	897	455	1006	465	343	32115	10852	30713	1282	1620	35959	59558	44125	845	29180	15598	1439	4294	777	1996	39	162	34246	8145	7784	434	23871	1315	209566	8791	1311	10321	70956	1721	10702	117336	129532	4472	34008	26356	6873	23484	77240	730	3628	339
hsa-miR-146b-3p	50	52	8	109	15	1	51	3	116	5	25	31	25	80	31	16	15	14	16	7	3	16	7	29	34	34	108	25	5	15	13	11	79	14	151	10	30	23	26	13	5	11	8	10	7	1	5	39	39	100	6	3	72	37	67	14	56	46	5	11	9	2	0	1	54	29	26	6	39	6	140	15	5	15	61	10	20	71	99	15	57	53	17	53	101	7	6	2
hsa-miR-146b-5p	3385	3825	465	4520	86	76	2267	40	10113	49	457	458	446	3263	510	419	205	73	248	105	64	434	446	2103	2233	1685	7342	334	19	434	114	118	2339	586	5779	155	557	275	559	14	51	36	74	29	74	28	33	1699	1135	2612	231	332	1999	2836	2458	87	1787	844	88	308	54	81	5	11	2344	538	477	36	2775	103	15522	539	114	740	2141	139	800	3072	3206	156	2506	2131	389	1447	4409	88	220	34
hsa-miR-1470	18	4	13	1	14	1	2	3	0	0	0	0	4	8	9	8	11	10	5	6	0	0	0	0	29	2	4	8	4	9	11	16	11	9	10	9	3	5	11	5	7	15	28	6	3	0	7	14	10	8	1	2	6	3	133	17	9	1	1	2	12	1	0	0	29	0	0	0	4	6	2	0	4	12	7	7	18	11	10	8	2	7	7	34	0	2	4	2
hsa-miR-147a	5	5	0	2	4	1	0	3	11	1	7	2	5	13	12	5	4	0	7	4	2	11	1	7	15	0	0	0	4	3	5	6	0	0	0	0	1	1	3	1	12	9	5	7	2	0	11	6	0	0	0	0	0	0	0	0	0	0	1	5	0	0	0	0	0	0	0	0	0	0	0	3	0	0	1	0	2	1	17	1	1	4	2	10	0	0	0	0
hsa-miR-147b	7	5	2	2	9	1	1	0	11	0	1	1	0	0	0	0	4	19	3	5	0	0	0	0	26	2	5	2	0	0	0	0	1	6	6	2	0	0	0	0	24	5	3	16	3	3	2	10	7	9	4	3	0	0	0	0	0	0	0	0	0	0	0	0	0	0	0	1	0	0	0	0	1	20	5	2	4	7	175	1	0	0	0	0	0	0	0	0
hsa-miR-148a-3p	10009	12541	1467	19450	398	530	3493	793	20257	513	2820	4524	2600	7524	2199	2125	1933	1697	1269	1049	1668	3026	4794	8350	11172	4035	9495	806	213	3334	1644	4739	7573	2310	18655	854	972	590	1832	335	456	449	361	390	863	93	226	6986	1669	14688	364	332	6242	15439	11718	1383	3516	1679	268	806	974	508	24	185	10638	2218	1882	529	13693	1425	64279	3746	585	3817	4412	982	4497	6556	6191	1214	3072	3997	1509	2998	10646	445	1022	366
hsa-miR-148a-5p	54	66	16	43	15	9	31	9	34	7	12	14	27	24	31	17	16	29	12	32	11	22	15	15	131	27	59	21	15	15	24	35	81	35	154	12	13	24	29	10	30	19	11	15	16	4	8	69	42	106	4	20	54	45	39	1	37	14	2	10	20	3	0	3	47	26	11	11	24	5	55	18	13	32	56	19	28	33	54	15	30	54	18	50	33	10	7	4
hsa-miR-148b-3p	10836	7359	970	16589	119	135	1871	143	11720	239	1077	1672	1739	9770	1500	1166	418	297	433	224	239	654	1190	4549	2290	3804	19091	646	118	1540	396	598	5212	1311	30465	266	1319	1090	1271	84	88	84	146	93	184	60	81	2393	895	4631	127	125	5528	6374	8304	211	3584	2352	160	586	322	233	6	45	5722	988	1149	107	5237	319	55099	1921	239	1565	5859	255	1813	5995	6145	523	5873	3370	901	1875	10107	146	479	68
hsa-miR-148b-5p	51	67	6	70	6	8	12	12	123	6	12	44	40	66	74	30	52	100	35	54	10	19	47	35	68	34	139	12	4	34	13	18	47	28	105	11	28	24	54	31	36	32	53	21	26	9	17	60	34	71	25	33	45	64	70	3	23	13	1	5	6	5	0	3	36	0	0	0	118	5	299	17	6	25	40	10	26	62	64	17	32	37	12	29	53	8	5	0
hsa-miR-149-3p	53	9	10	15	32	6	3	14	8	3	8	25	19	17	18	12	24	15	26	14	10	63	101	16	50	21	30	12	32	8	16	19	13	24	15	16	5	12	22	17	28	20	16	30	12	4	13	18	19	11	4	16	9	22	26	6	7	16	2	10	19	3	7	10	49	14	3	7	6	15	5	4	10	25	29	13	90	20	62	23	5	24	20	112	3	7	10	3
hsa-miR-149-5p	12	12	11	11	6	4	4	2	3	2	11	7	12	14	17	9	13	8	13	13	5	22	8	25	305	23	16	8	7	6	18	9	17	22	8	3	1	2	6	5	11	15	29	18	5	1	7	14	29	17	3	1	31	75	23	22	0	6	1	0	18	4	0	0	0	0	0	1	23	17	9	4	6	69	22	76	79	15	39	17	6	16	16	34	3	4	5	5
hsa-miR-150-3p	13	23	15	15	9	1	39	4	106	7	13	23	34	65	67	25	48	67	28	31	22	26	15	23	75	22	5	24	22	20	32	38	38	30	14	15	31	24	51	21	32	33	42	22	21	8	15	69	60	80	32	56	12	18	23	12	9	17	5	9	16	4	1	2	0	4	14	5	18	12	43	7	14	29	26	12	31	28	33	18	9	28	26	36	4	8	4	5
hsa-miR-150-5p	1238	1220	247	489	453	139	4400	208	15971	390	1212	1054	589	1379	496	390	653	663	650	311	300	6022	970	1090	3161	1177	3301	578	488	1523	1036	1521	1511	716	761	312	2021	424	621	440	483	287	358	219	158	37	83	1089	727	905	145	163	978	1284	1041	510	712	390	69	301	1104	99	7	139	983	1359	188	488	3551	361	5686	237	500	1725	2139	1020	779	1512	3515	594	480	1330	622	1374	598	1038	328	154
hsa-miR-151a-3p	16522	24231	4741	30994	605	604	7543	416	33920	466	5343	4938	4848	29167	4958	3322	1129	794	1678	849	304	880	2020	9182	4835	8075	31107	1769	260	2917	784	1286	18070	4178	34320	949	2821	3318	4720	267	279	243	368	227	688	153	140	11624	5717	21548	1012	1483	15636	22015	19457	545	11424	6641	613	2380	663	1614	33	158	18870	5027	4447	318	8148	704	60343	3400	420	3695	17834	490	3600	24199	28604	1816	16189	18266	3303	9342	33426	600	2087	167
hsa-miR-151b/151a-5p	1477	1922	228	2958	66	39	326	27	822	51	494	473	331	1749	402	286	107	53	217	80	39	121	221	681	545	1395	8021	267	35	213	86	93	1203	376	3053	106	163	291	596	21	40	29	54	31	66	11	20	713	406	759	62	154	902	1416	897	45	758	527	45	146	163	63	4	14	1321	337	283	25	590	61	3584	303	35	298	2762	67	270	3387	5876	359	1009	1055	416	871	2143	32	176	12
hsa-miR-152-3p	1095	1149	201	1789	32	43	180	20	1308	29	237	233	270	1621	284	209	79	62	90	34	54	79	223	638	2271	620	2515	169	24	191	91	54	1028	191	2817	65	67	122	230	14	29	24	36	23	41	20	12	524	211	1052	26	33	808	1408	1066	58	520	292	30	92	41	40	1	1	843	176	209	13	560	65	4390	269	80	527	1389	138	576	1194	1387	96	383	371	136	383	1831	17	104	26
hsa-miR-152-5p	6	6	16	13	38	11	14	11	24	11	62	13	26	28	19	23	23	48	34	29	16	20	17	20	69	21	21	16	18	7	26	36	19	38	19	15	11	14	16	25	38	32	29	39	14	11	40	31	32	30	16	10	7	19	22	13	14	7	1	8	22	10	1	11	28	20	9	10	11	49	9	21	7	39	16	16	21	22	47	26	7	29	30	62	11	30	14	5
hsa-miR-1538	25	9	12	12	9	4	4	4	5	12	13	7	16	27	27	6	21	16	14	16	3	7	9	14	53	9	11	21	12	5	7	15	26	19	20	7	6	13	15	15	21	30	13	23	12	5	53	27	19	30	10	4	12	7	14	3	12	19	2	12	15	2	1	4	52	19	8	0	2	11	3	9	8	25	21	12	12	11	38	8	7	17	16	29	15	1	13	3
hsa-miR-1539	35	12	6	6	5	3	7	3	1	6	19	5	27	13	10	6	11	11	16	12	5	20	49	11	32	9	19	4	6	6	12	1	7	16	10	8	2	0	8	6	12	13	143	8	3	2	8	12	9	11	1	4	7	7	27	1	7	0	2	3	0	0	0	0	10	0	0	3	5	6	17	4	1	8	9	14	33	15	9	22	1	12	18	29	3	2	3	3
hsa-miR-154-5p	161	186	18	118	3	2	11	1	97	8	15	19	7	39	15	10	11	16	10	6	8	12	16	40	53	43	328	18	5	8	7	6	58	17	133	4	10	23	23	2	11	9	6	11	4	5	4	32	36	116	7	4	66	91	81	0	43	19	2	3	5	1	0	3	93	21	14	0	5	2	32	5	4	12	113	6	38	91	196	8	13	21	9	30	115	2	15	10
hsa-miR-155-5p	2153	3018	347	5370	144	103	1644	68	7265	52	1268	850	591	4970	1006	541	196	153	254	153	104	746	484	1370	909	1081	2528	305	55	449	200	186	2409	596	4243	203	589	456	941	49	112	79	93	79	116	25	46	1343	565	2054	209	282	1592	2900	2033	90	1626	1135	168	513	91	100	5	25	2357	549	532	62	1446	137	9038	330	62	528	1682	126	383	3012	2924	229	2423	3164	631	2208	4190	151	421	41
hsa-miR-1587	12	3	7	3	10	1	12	3	0	0	0	0	9	6	3	3	0	6	6	0	7	11	8	5	11	4	0	2	2	4	7	7	9	8	1	2	2	4	2	4	9	4	0	0	0	0	2	4	4	2	1	4	4	7	7	1	0	2	2	4	2	2	0	0	82	0	0	0	3	5	2	6	4	14	4	3	17	5	7	6	5	16	6	16	0	0	0	0
hsa-miR-15a-5p	1645	1413	221	1571	95	57	451	122	3579	75	224	564	500	2067	347	239	195	247	158	87	261	766	1113	2010	1478	1566	6338	412	64	545	216	622	767	341	1793	90	412	162	227	53	46	79	54	28	72	27	45	834	172	537	26	28	792	947	1783	199	217	190	24	148	426	45	3	41	864	216	111	78	4897	166	4525	598	99	508	1393	213	652	1841	2421	188	600	640	205	578	1035	73	130	71
hsa-miR-15b-3p	205	241	35	167	21	7	54	22	629	12	35	50	42	177	70	43	47	51	43	29	59	100	107	291	221	149	678	40	15	65	37	79	108	65	218	24	43	19	81	15	34	35	38	19	15	4	13	113	46	78	10	10	102	182	193	40	41	14	2	15	25	5	2	4	78	25	11	6	494	32	868	66	37	99	190	24	85	235	335	32	46	64	48	69	150	5	15	6
hsa-miR-15b-5p	3198	3208	258	2866	203	131	1404	297	5947	251	589	917	625	3818	614	482	337	424	287	155	270	1322	1199	3040	1903	3002	19790	614	235	1264	337	991	3651	772	7836	237	2704	953	1129	227	99	157	97	72	104	34	77	1496	423	1481	63	120	1764	3004	3026	277	1163	724	91	585	602	73	6	63	1891	451	355	104	10809	270	9218	693	176	995	4773	328	900	5082	7461	519	2094	1675	621	1232	3087	153	192	59
hsa-miR-16-1-3p	16	8	0	9	5	2	5	6	16	7	2	13	19	37	37	17	19	29	21	32	3	15	22	7	64	34	72	16	14	11	13	24	18	28	34	11	14	13	40	9	22	16	36	14	6	2	6	28	20	40	3	5	7	11	21	2	0	0	1	0	0	0	0	0	10	0	0	0	30	2	39	10	14	13	24	26	16	18	44	11	3	11	9	17	0	0	0	0
hsa-miR-16-2-3p	450	574	244	700	350	339	818	619	1597	232	806	943	249	927	293	123	172	446	104	90	779	615	1583	697	733	503	681	104	157	695	340	1222	549	434	604	194	302	83	208	66	47	64	30	38	61	22	38	427	285	594	129	100	650	860	1302	705	145	123	12	200	252	73	2	218	1750	978	82	83	2007	287	867	909	56	303	540	180	395	430	623	332	308	836	405	487	419	154	198	189
hsa-miR-16-5p	237986	253326	50959	335792	60646	51115	202197	139559	729359	20472	224128	418104	148587	511035	135670	59370	90089	260451	53410	46668	186887	356430	477244	369183	239052	159334	327240	50784	22185	195986	91402	335973	138508	103446	195854	37412	109724	27114	65851	27584	24363	42965	21370	20031	27367	5394	11686	174512	71710	307581	28400	34130	244299	383693	669997	125477	99048	47186	12937	120168	146395	23418	2311	40637	380971	188843	33374	52920	876517	75511	641137	203632	19867	107248	187783	43244	123616	205981	243918	115273	140384	250842	105665	142885	261674	54303	74668	32197
hsa-miR-17-3p	58	52	18	65	9	5	31	2	127	0	5	19	19	89	18	23	5	6	6	7	10	16	31	40	175	63	273	29	3	24	6	8	30	23	300	8	35	19	42	5	3	2	3	5	4	1	3	25	21	53	1	0	40	46	117	7	20	22	2	5	7	1	0	1	71	12	9	0	127	3	489	40	6	56	74	19	35	88	68	9	89	72	15	31	171	4	5	2
hsa-miR-17-5p	1350	1781	171	2444	88	97	321	204	1536	93	382	595	359	1402	303	309	179	206	167	62	89	307	552	568	594	1216	7381	343	75	415	133	261	1073	319	2672	100	169	157	344	29	43	37	41	30	62	8	26	613	220	495	79	110	728	1355	1159	147	663	461	58	184	246	52	1	18	852	270	247	43	1462	89	5407	303	68	262	2054	69	297	2523	4690	324	710	838	318	610	1719	38	150	27
hsa-miR-181a-2-3p	237	284	53	280	24	11	329	11	477	38	84	74	80	416	109	61	53	24	55	45	14	45	37	186	103	146	558	46	6	66	26	44	266	73	438	15	113	88	106	12	33	15	23	8	26	5	10	187	171	391	50	107	131	148	215	4	155	70	13	64	16	3	2	5	271	95	49	5	159	11	739	57	10	43	295	25	65	316	411	29	258	330	73	220	340	22	31	3
hsa-miR-181a-3p	255	256	39	344	16	3	97	18	255	21	29	32	50	240	61	35	65	24	33	64	23	25	35	106	97	174	755	55	9	32	26	30	158	65	422	14	61	64	114	16	61	39	15	14	11	6	14	133	118	172	22	31	94	104	157	7	83	86	9	18	12	16	0	2	114	52	37	7	104	15	501	46	9	49	195	16	56	175	167	29	257	223	55	145	305	8	26	7
hsa-miR-181a-5p	4217	5775	797	5980	204	163	3277	223	3783	127	440	492	930	3931	930	971	548	760	624	488	236	532	809	2080	3169	4034	16007	1489	295	899	412	708	5385	1443	16772	443	2563	3144	2971	474	282	327	393	193	277	140	148	4540	1298	3248	353	782	3082	4135	6282	414	1974	2132	158	596	127	59	5	36	3134	918	1034	119	1968	250	8728	855	250	1278	4274	496	1196	4331	4979	487	5763	5182	1168	3719	3442	204	270	89
hsa-miR-181b-2-3p	8	8	9	13	4	6	8	10	23	2	6	6	21	26	26	10	24	27	20	11	9	13	8	12	32	9	17	15	4	4	9	17	11	15	14	7	3	3	24	9	30	28	15	11	5	0	11	18	11	6	8	5	7	4	17	8	6	10	1	1	8	1	0	0	0	0	0	5	5	11	8	8	9	13	19	4	11	11	24	8	1	12	13	33	4	5	1	2
hsa-miR-181b-5p	509	725	114	783	58	34	370	51	502	38	95	65	144	590	175	119	58	95	94	49	68	108	120	232	771	505	1535	196	34	133	54	138	872	178	2370	66	205	330	305	48	37	29	26	29	32	8	30	522	146	436	41	53	367	619	610	72	268	244	14	87	32	15	3	7	314	100	104	19	304	51	1093	135	39	215	534	152	232	647	853	94	520	509	152	449	423	44	54	12
hsa-miR-181c-3p	134	164	29	126	30	8	44	7	165	29	21	28	25	101	41	27	64	29	21	49	17	21	28	113	84	68	263	32	6	22	38	18	109	39	307	20	16	37	36	17	207	26	13	8	19	2	10	117	64	83	11	7	91	113	152	9	37	28	4	7	18	8	0	3	96	65	23	5	56	9	381	47	14	46	102	24	40	179	220	24	101	76	38	92	190	9	16	0
hsa-miR-181c-5p	82	98	20	103	5	13	61	3	175	18	23	19	21	105	36	22	29	21	15	19	16	17	23	35	132	103	412	32	5	12	16	17	176	48	691	15	27	55	65	16	19	18	20	22	8	5	7	114	41	82	7	13	102	154	137	4	43	27	2	12	9	6	1	4	104	14	21	11	62	8	278	15	6	42	87	13	33	154	230	23	171	128	27	95	199	5	16	6
hsa-miR-181d-3p	14	8	13	17	20	2	8	6	49	5	75	8	14	27	22	8	17	28	28	23	8	140	17	19	59	10	10	12	13	5	10	13	21	24	20	14	10	12	8	6	33	27	28	35	14	4	21	33	32	17	21	4	22	10	16	6	14	11	9	10	18	7	2	12	20	10	3	11	4	16	9	9	6	22	2	11	10	19	43	36	3	29	31	71	14	9	14	9
hsa-miR-181d-5p	87	143	24	167	5	10	43	5	84	11	26	19	37	136	56	39	21	18	29	17	29	29	31	75	157	130	409	51	7	26	21	20	222	39	622	18	29	73	57	14	9	11	25	47	21	9	8	186	28	87	12	12	93	180	130	12	50	49	3	18	15	4	1	0	73	22	27	6	47	28	287	25	7	41	148	25	64	331	509	38	124	119	43	130	113	7	14	6
hsa-miR-182-3p	6	6	6	2	7	4	2	4	13	1	2	4	12	4	11	2	12	11	6	10	10	14	4	10	20	0	0	0	8	2	7	7	3	6	6	0	3	2	3	7	17	11	9	16	4	2	5	15	5	7	4	1	0	0	0	0	0	0	1	11	11	2	0	0	0	0	0	4	0	0	0	1	2	5	4	1	6	3	24	0	0	4	3	20	0	0	0	0
hsa-miR-182-5p	636	891	86	488	335	90	1373	246	5233	60	815	2508	435	1210	339	200	416	868	222	139	74	390	484	334	1057	320	484	128	44	386	117	299	545	255	870	88	756	109	115	18	56	80	55	59	47	10	34	313	102	363	38	24	1141	1317	4895	256	351	149	35	183	245	31	4	54	760	242	88	104	4761	113	1396	109	40	298	398	82	287	485	604	120	662	1055	218	328	645	105	129	36
hsa-miR-1827	8	8	5	10	9	6	6	7	10	3	6	9	6	15	3	6	7	7	7	7	4	10	10	8	27	9	6	5	6	6	7	13	8	8	4	6	2	3	6	1	0	3	2	8	2	0	2	8	11	15	0	5	6	13	10	5	0	0	2	0	0	0	0	0	22	11	2	0	9	7	1	7	2	8	9	4	6	6	17	5	3	12	10	25	3	2	9	4
hsa-miR-183-3p	9	8	2	7	4	1	3	0	6	3	9	6	8	14	4	1	0	12	12	0	4	14	7	7	22	0	0	0	7	3	10	11	6	10	2	0	3	1	1	2	11	6	0	0	0	2	9	6	5	2	2	3	1	9	10	1	0	4	2	0	12	0	0	0	0	0	0	4	0	0	0	7	3	8	3	6	5	2	13	10	2	13	11	20	0	0	0	0
hsa-miR-183-5p	356	415	98	196	199	93	1452	322	1929	26	598	1390	197	606	163	119	188	501	140	102	68	470	445	139	859	188	70	129	34	401	115	367	209	172	120	85	668	73	64	36	55	58	50	36	39	9	24	164	71	145	47	47	501	938	2899	271	174	86	29	281	118	29	6	33	381	177	42	88	2941	153	320	101	49	207	151	61	255	251	291	81	264	666	131	176	122	119	88	18
hsa-miR-184	538	27	177	18	25	11	28	25	66	24	18	87	46	80	40	39	24	67	19	25	50	482	327	192	538	128	31	46	8	25	50	108	49	88	42	30	10	20	14	12	38	19	143	38	197	6	36	116	30	23	38	110	19	100	1155	40	14	9	11	20	36	7	2	3	28	14	6	21	66	40	41	38	42	195	62	75	1872	37	198	85	9	75	64	110	11	16	20	20
hsa-miR-185-3p	343	366	115	541	25	10	60	12	259	9	67	56	117	611	134	91	24	44	34	41	11	42	69	135	146	198	576	132	37	65	28	59	355	54	737	13	64	132	114	15	14	17	18	13	23	6	14	220	101	400	18	29	228	268	334	21	218	271	21	60	34	16	1	7	307	91	161	11	157	15	560	90	17	74	565	31	97	480	797	50	226	220	87	199	379	13	50	10
hsa-miR-185-5p	6532	5108	1308	7927	596	221	1317	706	9363	139	1195	1970	1732	7040	1024	927	645	708	538	286	433	1637	2199	2971	2870	4194	18089	2093	331	1442	655	1651	2547	966	11159	310	1113	1276	1024	309	168	214	173	89	217	100	164	3038	1985	4640	191	202	3265	3667	7724	592	2050	1914	161	856	969	231	10	152	2721	736	544	248	8018	550	16525	2222	484	1269	7312	384	1447	8970	11359	604	3043	2602	867	2609	5718	221	492	189
hsa-miR-186-3p	18	21	6	27	27	1	3	5	33	21	13	20	33	19	17	9	25	21	13	10	16	11	14	16	32	11	40	18	3	3	15	13	17	14	27	5	6	5	3	15	15	29	10	26	4	3	16	28	33	18	4	3	11	12	20	7	15	13	2	6	16	6	1	2	21	19	4	0	11	23	29	7	7	15	19	11	15	20	120	8	3	20	14	37	9	17	12	9
hsa-miR-186-5p	3469	3748	552	4124	78	99	596	102	6088	222	416	679	487	2932	479	441	222	212	217	103	147	374	649	1306	1627	2040	10272	585	92	581	211	544	3044	422	5499	125	394	470	757	34	39	53	61	40	58	23	30	1355	426	1393	45	79	1914	2806	3143	158	1303	946	76	279	256	91	3	30	1192	351	329	54	3040	146	10196	632	118	563	4395	182	688	5521	10245	265	1345	1108	417	918	2695	52	194	53
hsa-miR-187-3p	28	22	12	18	20	4	7	6	20	5	15	4	20	40	29	16	23	19	15	21	4	19	13	113	169	21	13	11	16	16	25	11	26	30	29	15	7	11	31	12	29	21	18	13	9	4	14	34	26	22	5	7	31	36	26	7	21	7	2	5	25	10	0	1	50	14	7	3	21	5	41	16	12	35	25	29	45	31	46	13	11	23	11	54	13	6	14	2
hsa-miR-187-5p	47	4	6	5	13	7	3	3	3	10	13	4	22	25	26	4	10	18	8	26	10	20	24	10	64	7	3	16	5	8	13	4	13	14	14	6	7	5	23	11	20	18	31	26	16	4	11	26	20	23	15	17	6	18	9	6	3	0	4	3	0	0	0	0	21	0	0	4	5	4	5	12	10	18	5	18	39	14	20	13	3	23	11	36	0	0	0	0
hsa-miR-188-3p	9	6	4	3	0	5	0	4	4	2	2	6	8	20	10	10	13	12	13	15	0	0	0	0	16	3	8	9	8	3	13	10	7	14	10	10	3	3	8	12	10	9	12	8	9	3	12	28	11	5	3	6	3	4	8	6	0	0	1	0	0	0	0	0	0	0	0	0	4	7	1	0	5	10	5	12	5	5	14	6	2	9	8	15	0	0	0	0
hsa-miR-188-5p	12	12	4	4	5	0	4	2	9	3	12	5	11	14	7	3	8	5	8	7	7	7	7	27	46	15	32	7	8	10	11	20	7	10	10	2	3	4	6	2	7	5	4	4	1	1	0	18	5	8	0	5	12	3	6	9	0	3	0	0	10	1	0	3	0	0	0	0	10	7	9	9	3	11	10	5	7	13	17	6	5	6	9	33	5	6	6	1
hsa-miR-18a-3p	34	46	4	38	7	1	31	18	22	6	18	7	17	43	11	8	23	33	14	15	7	13	28	30	55	30	91	32	19	60	12	76	67	23	106	8	48	28	19	13	15	12	15	14	7	5	6	47	16	31	5	6	26	43	111	18	22	16	2	13	16	2	0	1	16	13	9	8	50	11	67	13	7	13	64	17	21	78	130	8	18	33	11	33	13	6	5	6
hsa-miR-18a-5p	350	395	50	438	11	13	63	58	301	12	107	110	63	262	92	66	49	46	52	31	26	60	112	116	219	278	1790	86	20	95	34	56	153	63	328	34	29	24	76	11	26	25	22	27	18	11	10	122	40	141	23	24	193	257	247	28	141	54	17	30	87	8	0	2	200	57	26	14	399	37	947	91	26	82	477	32	87	461	965	87	119	185	77	140	283	24	48	6
hsa-miR-18b-3p	5	14	3	2	5	3	4	7	5	3	11	2	4	6	11	2	10	12	8	7	2	4	13	5	15	8	2	7	7	14	3	19	7	10	6	2	6	5	4	3	4	7	4	6	4	4	3	10	4	6	3	3	6	2	8	3	0	3	0	0	12	0	0	0	0	0	0	0	6	4	6	7	7	11	4	8	2	9	19	9	1	9	8	16	0	0	0	0
hsa-miR-18b-5p	12	7	6	7	7	1	5	3	34	1	25	6	3	11	8	4	8	25	15	11	0	0	0	0	26	10	28	4	1	5	7	10	8	7	3	7	2	3	8	3	12	9	11	10	2	2	12	17	13	12	8	10	14	8	4	4	13	0	1	6	0	0	0	0	13	0	0	0	15	8	18	0	5	18	8	3	5	5	23	14	8	17	10	17	4	7	5	5
hsa-miR-1908-3p	53	23	37	30	41	5	8	6	7	20	16	21	56	112	142	55	96	93	66	80	34	41	49	30	192	67	47	40	47	24	34	35	71	77	56	22	27	48	100	62	64	62	463	45	43	59	48	105	47	84	55	39	34	31	60	17	12	16	0	4	21	5	1	2	44	19	11	10	34	36	14	42	56	53	63	50	56	68	78	52	7	49	48	98	12	7	12	4
hsa-miR-1908-5p	210	164	70	384	83	24	60	47	30	40	146	134	85	472	180	120	73	57	68	44	21	36	31	286	150	216	189	110	57	136	61	132	461	170	671	66	64	163	226	31	27	39	153	33	52	24	24	212	140	311	58	51	321	369	335	31	241	340	24	114	31	27	0	1	297	95	149	12	50	25	124	58	26	78	281	53	114	321	435	145	412	511	200	539	468	19	97	3
hsa-miR-1909-3p	44	12	7	4	16	8	5	7	5	2	4	12	13	15	16	10	17	12	15	10	6	34	38	9	51	18	26	15	15	13	21	17	7	21	10	6	5	6	14	9	20	17	11	12	17	2	8	20	18	19	8	6	17	7	25	5	7	10	1	5	22	7	0	0	36	10	3	1	7	7	12	14	11	19	20	22	55	13	46	19	0	16	18	29	3	7	4	2
hsa-miR-1909-5p	59	13	25	13	2	8	4	86	18	15	5	14	16	8	17	18	16	22	19	19	17	13	24	10	204	31	10	23	4	8	25	18	17	26	17	14	4	13	44	10	11	30	27	16	47	12	11	32	31	20	3	7	14	25	132	17	11	8	3	1	14	0	1	2	85	0	0	0	14	10	5	10	11	50	21	53	33	25	24	33	6	27	27	163	4	2	6	1
hsa-miR-190a-5p	466	276	53	767	24	20	47	23	515	28	115	383	220	816	114	125	38	34	42	17	42	58	110	182	298	197	881	63	13	80	28	35	184	99	1171	24	61	21	39	11	13	19	15	30	10	4	14	124	105	174	13	13	371	282	879	21	105	120	8	20	18	9	1	2	108	29	22	0	1364	33	2070	162	22	108	549	67	110	519	558	55	408	345	69	224	949	27	56	5
hsa-miR-190b	96	126	59	111	60	16	33	27	134	10	71	86	69	184	89	39	52	63	55	44	25	67	66	62	146	67	110	56	23	50	36	73	91	55	116	30	20	46	51	42	60	143	32	77	21	4	171	109	66	126	24	14	58	86	121	19	51	51	19	31	55	23	6	14	100	89	31	14	88	25	135	43	23	45	136	42	69	181	465	39	53	96	42	150	94	19	55	12
hsa-miR-191-3p	196	184	56	261	27	6	25	15	124	12	57	33	48	218	52	41	46	43	45	38	14	28	57	108	121	129	398	40	13	43	37	25	175	43	298	31	40	37	75	29	23	27	35	31	21	4	22	131	65	156	29	23	128	180	142	13	143	102	14	34	19	19	1	2	128	52	39	9	65	13	355	35	12	55	256	10	85	290	409	29	91	102	42	89	219	6	18	7
hsa-miR-191-5p	50868	54383	7356	62672	2065	1185	13393	848	71950	3199	11241	9433	6993	53649	7166	5786	3397	1929	5568	1838	427	2694	3909	21075	16516	18888	84251	5777	658	4923	1423	1624	53297	7181	90682	1920	12305	9332	12189	524	756	743	1157	580	1729	372	384	24590	16123	41689	2597	3416	34998	43921	36727	1194	49851	20223	1768	6856	1729	2187	51	253	33819	9226	8494	633	29671	969	128268	5261	1027	7528	51713	1886	8345	49180	69439	2494	35784	29961	6259	23500	74973	1627	4399	262
hsa-miR-1910-3p	6	5	5	4	8	1	2	9	4	0	4	16	5	13	10	9	5	7	4	30	0	0	0	0	53	10	8	13	13	0	15	9	19	10	6	8	6	7	7	8	40	23	6	11	15	2	5	12	9	11	5	6	5	9	15	6	2	0	4	0	0	0	0	0	0	0	0	3	0	0	0	0	9	10	19	14	8	12	30	9	0	13	6	20	0	1	8	2
hsa-miR-1910-5p	2	2	4	15	8	5	1	1	13	6	56	3	13	21	14	7	12	24	34	18	4	13	10	1	39	10	9	9	7	2	23	15	9	22	5	9	4	4	12	5	34	17	19	20	5	1	33	18	8	9	8	6	16	2	5	3	12	4	0	0	23	6	0	6	0	11	2	2	4	4	5	6	3	14	6	5	8	6	17	46	3	35	34	49	9	4	19	2
hsa-miR-1911-3p	31	7	5	3	6	1	3	3	10	3	9	4	8	10	9	7	10	13	9	15	8	21	23	24	27	6	6	8	8	9	9	7	7	14	0	10	2	5	7	11	14	13	6	14	6	2	13	18	11	25	5	1	13	8	5	2	0	3	0	5	11	2	0	0	13	0	0	4	1	10	3	7	12	17	9	9	27	2	30	11	0	6	5	23	0	0	0	0
hsa-miR-1911-5p	8	13	8	12	8	6	0	8	10	10	10	27	26	18	15	7	11	34	17	24	8	9	8	29	24	11	5	20	18	7	18	18	13	17	7	15	2	6	12	21	25	36	13	19	9	5	21	24	13	12	5	10	9	4	12	7	2	9	0	5	19	3	0	3	22	0	0	10	1	56	3	7	4	24	10	6	12	9	43	5	5	7	11	23	0	8	6	4
hsa-miR-1913	7	3	11	9	11	6	1	4	13	1	16	5	8	24	19	11	18	23	24	22	0	0	0	0	47	14	10	10	8	5	12	14	18	14	8	7	0	5	12	7	17	19	36	22	16	9	10	34	17	27	7	8	8	7	7	1	7	7	1	0	10	2	0	0	13	0	0	3	0	5	6	0	10	25	5	10	8	12	16	7	1	8	7	22	6	4	6	2
hsa-miR-1914-3p	14	18	10	9	6	4	1	12	11	7	17	13	12	24	10	9	10	17	10	8	5	23	12	24	47	15	16	18	12	6	11	14	12	22	8	4	4	3	5	4	18	10	6	16	4	3	10	29	3	14	5	5	14	8	17	7	13	6	3	4	12	5	0	1	15	0	0	2	4	5	6	8	10	11	7	10	15	15	36	43	1	34	25	70	4	4	7	2
hsa-miR-1914-5p	55	32	35	53	54	15	9	22	40	8	31	34	26	56	51	18	36	32	65	36	19	38	25	33	137	17	27	62	16	9	32	36	25	27	31	14	10	23	34	36	62	88	28	45	35	3	109	86	42	47	48	17	21	24	45	13	27	31	13	14	31	13	0	7	87	49	28	19	13	24	11	15	32	69	40	15	39	69	242	18	15	39	32	89	18	6	15	3
hsa-miR-1915-3p	40	71	28	38	32	22	12	11	10	12	25	34	71	81	58	28	92	71	88	59	27	33	28	18	253	48	23	80	57	33	54	56	55	86	37	33	16	30	50	41	89	75	1186	60	46	32	65	86	77	64	31	29	25	10	77	17	23	18	7	18	47	11	2	14	51	61	23	18	23	36	4	22	48	107	45	75	40	56	75	52	13	56	71	156	4	126	19	9
hsa-miR-1915-5p	56	13	7	12	17	2	1	3	8	7	6	5	16	14	12	7	21	14	12	16	8	33	39	8	59	12	6	10	15	10	14	14	12	18	10	13	2	3	12	8	17	16	223	18	15	8	17	17	15	10	7	9	6	15	109	10	6	5	1	5	16	1	0	0	29	0	0	3	12	3	12	9	3	24	11	13	30	9	32	15	2	16	8	20	1	3	3	5
hsa-miR-192-3p	8	3	2	9	13	4	5	3	22	5	8	8	7	13	12	12	16	16	14	18	5	18	6	8	25	6	5	11	6	5	15	17	8	9	8	3	7	1	10	9	16	12	10	10	7	2	5	15	16	15	9	4	11	8	12	4	1	0	0	0	0	0	0	0	0	0	0	0	20	3	6	6	1	14	5	4	8	4	19	5	2	8	4	24	7	7	2	4
hsa-miR-192-5p	700	452	125	474	121	58	415	174	2995	139	501	756	374	658	215	145	490	311	166	106	96	412	636	677	1892	410	905	270	83	299	197	419	315	216	378	79	357	165	189	62	61	54	45	32	37	22	34	343	252	520	36	46	541	645	1599	214	341	138	21	132	119	35	0	39	446	162	54	84	1504	111	1436	216	145	502	696	125	439	537	624	156	267	417	190	293	413	59	87	85
hsa-miR-193a-3p	10	6	3	2	9	6	2	1	5	2	6	10	13	14	12	1	10	13	11	12	14	10	4	5	32	6	2	12	1	8	8	19	10	11	6	8	7	3	6	5	18	15	12	9	7	3	10	16	15	19	0	4	0	0	0	0	0	0	0	2	0	0	0	0	0	11	0	0	6	3	2	0	3	14	7	6	5	6	23	8	0	5	10	16	5	4	9	2
hsa-miR-193a-5p	80	75	66	66	58	32	40	19	59	9	101	90	66	143	75	69	195	77	81	63	14	33	34	62	271	53	32	145	60	109	72	192	103	72	77	45	39	85	54	39	34	33	181	32	35	11	23	230	96	187	46	43	36	45	56	35	129	119	13	58	31	12	1	9	83	58	46	24	60	46	18	18	124	399	282	118	61	104	149	75	30	131	83	190	56	25	40	20
hsa-miR-193b-3p	17	3	15	10	12	5	5	1	4	3	7	9	9	14	9	6	28	15	19	31	9	9	19	9	53	7	2	14	15	6	9	11	11	14	4	8	0	8	9	9	17	15	17	12	4	3	8	16	13	17	7	5	8	9	11	0	0	0	0	2	2	2	1	2	13	0	0	1	2	1	3	8	11	13	12	19	13	17	24	15	1	16	17	34	2	3	6	1
hsa-miR-193b-5p	24	8	12	12	19	8	10	14	15	5	51	16	18	40	31	31	72	40	27	23	10	15	6	18	60	13	6	14	26	33	38	45	19	19	12	14	10	7	11	17	30	23	10	28	22	3	10	45	39	35	15	10	8	3	10	10	26	17	4	20	15	12	0	11	29	19	11	15	4	10	8	10	21	66	47	30	13	13	24	10	8	27	17	48	12	5	12	10
hsa-miR-194-3p	4	6	6	5	11	1	3	2	10	5	9	7	9	4	11	1	8	6	7	7	2	7	10	5	23	5	2	4	4	1	11	14	9	10	7	2	3	2	7	9	6	20	4	13	3	1	2	10	1	7	3	2	0	0	0	0	1	2	0	3	13	3	0	0	0	0	0	3	0	0	0	3	4	7	0	1	0	0	0	0	2	12	5	13	0	0	0	0
hsa-miR-194-5p	288	140	39	176	41	18	117	56	682	9	165	238	135	354	57	86	113	109	56	41	98	322	302	576	332	118	288	71	8	121	92	234	78	66	89	12	66	19	46	22	18	26	19	26	3	12	7	136	30	97	12	6	143	198	422	83	55	28	3	40	86	8	0	16	149	49	11	26	750	54	353	125	45	156	267	61	120	180	240	69	58	151	62	111	99	31	41	31
hsa-miR-195-3p	11	1	5	8	1	5	5	2	10	2	7	4	5	17	10	2	12	9	5	8	5	6	4	7	65	9	8	7	0	2	7	2	3	8	14	1	4	2	6	3	6	7	6	8	7	0	3	9	11	11	0	5	4	11	4	2	0	0	0	0	0	0	0	0	0	0	0	0	7	3	10	7	6	19	8	12	4	5	16	2	4	8	3	12	0	0	0	0
hsa-miR-195-5p	492	564	309	1017	284	257	703	566	1619	278	748	853	181	733	259	106	116	248	53	52	1220	685	1734	890	1889	489	628	99	67	383	189	562	365	285	429	104	216	47	164	52	36	47	36	30	32	27	31	203	176	310	65	65	660	1020	1313	695	65	32	7	50	69	23	0	51	1546	761	59	55	1872	322	1175	1175	53	427	479	251	512	351	507	252	286	861	391	434	473	134	193	184
hsa-miR-196a-3p	17	8	4	1	8	4	4	9	19	6	11	5	15	23	19	17	14	22	26	12	13	13	19	8	46	8	9	8	10	7	29	28	12	20	6	7	5	7	11	10	19	23	12	12	13	7	16	28	14	17	11	11	12	6	7	4	3	7	1	7	11	2	1	1	0	0	0	3	1	4	4	5	8	22	8	17	12	6	21	19	7	29	14	47	0	14	6	6
hsa-miR-196a-5p	23	24	14	13	11	4	10	8	72	2	38	31	22	42	19	20	32	58	40	34	18	34	18	24	59	22	9	18	21	18	32	38	18	31	15	16	14	8	23	19	30	37	30	45	15	12	34	35	36	22	16	23	20	16	19	7	16	2	2	14	13	7	0	3	20	0	0	4	18	12	23	8	10	30	17	15	9	12	37	40	7	36	39	67	17	9	9	8
hsa-miR-196b-3p	14	11	7	11	12	10	3	9	22	7	25	21	19	36	30	13	32	73	31	33	10	23	15	11	47	22	8	22	9	12	24	18	20	32	9	15	7	14	22	16	27	22	11	46	17	2	38	53	29	36	27	21	8	4	38	3	4	3	2	3	13	0	0	2	16	10	3	6	4	7	6	10	8	30	15	10	8	21	31	32	3	29	34	53	6	6	10	5
hsa-miR-196b-5p	342	550	98	832	37	26	168	64	986	34	150	358	331	930	527	256	250	524	211	352	67	177	274	423	276	288	629	81	127	264	124	295	459	262	831	91	148	128	247	220	224	249	201	178	153	123	91	409	345	850	186	243	319	720	667	75	175	153	14	79	27	17	0	4	500	89	112	17	919	88	2045	215	51	123	413	70	161	745	785	166	275	400	163	387	753	31	78	4
hsa-miR-197-3p	581	381	148	532	134	56	198	48	798	51	168	117	191	672	266	150	204	141	295	162	60	125	94	245	550	573	2448	235	124	192	141	220	573	238	892	117	157	145	307	73	148	125	188	135	97	30	54	625	169	283	68	82	266	379	374	34	425	279	39	143	216	54	1	34	444	218	120	39	291	56	684	99	109	318	1556	187	157	1215	3188	227	233	469	250	662	430	60	111	17
hsa-miR-197-5p	26	9	6	10	8	4	0	2	7	6	16	11	7	16	11	4	8	5	9	13	6	20	11	21	19	7	6	17	7	7	9	8	9	18	6	1	8	4	4	5	11	11	8	5	7	1	7	15	7	12	3	3	3	13	30	4	9	8	1	6	22	3	3	2	28	14	2	0	9	4	7	7	3	11	12	8	14	12	22	8	1	12	13	35	13	5	6	3
hsa-miR-1976	44	30	14	55	24	13	38	14	47	1	16	17	26	75	29	19	30	28	21	20	5	24	30	26	29	25	44	17	11	21	14	32	40	28	64	7	25	18	28	7	19	17	13	9	9	4	14	49	13	44	11	18	22	19	68	4	29	40	2	27	21	5	1	12	28	25	13	8	38	11	51	7	8	19	43	20	15	48	61	11	39	50	25	44	60	6	11	2
hsa-miR-198	12	7	2	3	5	1	1	3	0	0	0	0	4	7	8	5	9	14	8	7	0	0	0	0	33	3	2	8	3	1	4	10	12	4	6	1	2	3	4	4	10	2	6	9	10	2	7	12	7	7	2	4	3	4	10	1	0	2	0	3	10	0	0	0	0	0	0	0	5	3	1	0	2	20	6	4	6	7	26	5	2	5	2	14	0	0	0	0
hsa-miR-199a-3p	25693	32153	3279	55477	640	786	5794	456	40540	735	4410	5216	6899	44750	8152	5460	2041	972	2404	1748	664	1244	2759	12101	32838	23703	79999	3790	221	5197	1573	933	28848	7265	73946	1446	2878	3159	8734	272	434	394	754	405	1432	300	262	24925	8132	34212	1183	1849	19370	42095	23015	847	12071	6899	684	2064	636	887	42	106	28512	4352	4501	242	19587	1103	175276	5245	1264	10145	25130	2382	10866	59060	43858	4949	28018	20500	5681	14196	80856	493	2352	303
hsa-miR-199a-5p	871	1233	120	777	19	17	93	19	1024	94	145	162	127	453	144	106	32	22	34	38	29	52	115	354	1144	533	3467	115	15	120	42	27	540	119	1222	43	64	76	167	10	27	6	19	12	20	10	8	248	111	338	14	17	533	979	773	59	173	109	10	27	65	14	0	4	499	121	43	4	552	55	3524	243	44	307	557	112	315	815	1196	120	199	245	111	235	680	19	74	7
hsa-miR-199b-3p	3626	4012	729	7234	184	212	1080	83	5495	228	715	611	619	4752	937	546	223	115	309	216	169	150	457	1400	4581	3081	8990	406	50	794	270	137	4231	1093	10019	288	335	381	1155	54	96	73	99	54	192	58	77	2956	1280	3796	226	335	2625	5881	2643	220	1319	856	79	286	75	154	8	29	6394	1018	767	29	2251	209	17840	1021	158	1261	3309	388	1534	6814	5006	614	4367	3287	949	2145	10870	99	300	56
hsa-miR-199b-5p	75	87	22	37	11	6	34	6	731	16	24	17	13	30	22	8	19	10	17	10	12	23	24	20	519	81	108	25	8	21	18	20	59	22	38	14	20	7	20	5	8	10	10	18	6	1	11	53	25	41	9	7	32	92	33	12	19	7	0	0	10	0	0	3	44	39	4	2	251	20	276	15	8	100	54	42	99	47	60	26	17	25	21	39	26	8	1	4
hsa-miR-19a-3p	720	240	95	540	13	11	55	37	1018	8	46	162	106	351	112	70	57	49	46	33	102	100	288	245	329	669	3346	152	21	117	68	151	146	93	413	28	45	26	73	17	23	27	28	12	19	4	10	145	41	91	10	16	303	291	511	62	66	53	6	31	68	10	1	18	179	38	42	22	1160	56	2335	262	33	122	431	62	167	688	829	45	121	95	60	99	260	15	33	19
hsa-miR-19b-3p	2061	1222	249	1429	74	70	289	134	5532	42	184	517	349	1142	219	214	205	184	104	67	220	517	1029	1784	1462	1685	8031	513	42	410	171	485	566	248	1390	73	230	87	194	35	44	56	49	33	61	24	42	445	141	256	18	20	910	1068	1856	235	231	175	30	88	251	50	2	39	504	201	111	62	3988	187	6672	750	117	442	1031	199	557	1726	2271	132	350	345	169	314	797	35	77	36
hsa-miR-200a-3p	115	112	115	103	34	21	79	19	90	54	41	37	29	100	62	77	14	14	20	17	87	35	89	51	6832	496	206	134	10	45	67	56	135	218	93	32	14	20	32	11	17	5	5	15	14	3	13	56	28	48	8	5	556	1697	237	233	18	16	3	6	8	1	0	2	43	18	8	0	248	79	117	82	109	1188	262	237	1078	177	202	106	45	126	137	154	49	9	8	21
hsa-miR-200a-5p	32	13	5	8	20	13	10	3	7	2	18	6	24	20	16	9	20	29	19	24	15	31	19	14	75	15	22	10	20	7	13	21	8	18	10	5	3	2	14	23	21	22	18	31	9	3	22	15	17	20	5	6	5	20	23	4	10	7	2	6	16	2	0	5	20	18	3	10	10	15	10	8	9	37	12	16	20	22	39	17	5	22	14	18	3	4	9	4
hsa-miR-200b-3p	130	124	81	94	47	30	50	20	50	29	31	41	220	434	625	224	316	381	212	289	77	99	123	66	3981	634	326	528	503	177	192	231	418	724	438	187	204	252	676	392	129	191	441	88	111	60	71	332	368	344	226	331	268	726	120	131	21	19	0	7	11	1	1	2	20	16	1	0	166	81	125	121	363	1191	426	286	828	344	1351	500	8	380	392	411	29	11	18	7
hsa-miR-200b-5p	0	0	0	0	4	1	7	5	4	2	11	3	8	0	0	0	0	5	7	0	4	64	10	26	79	12	6	9	8	2	8	8	2	10	2	5	0	0	0	0	7	4	0	0	0	0	5	6	4	5	2	2	6	18	48	4	0	0	0	1	0	0	0	0	0	0	0	0	0	0	0	1	2	20	12	14	14	9	12	2	5	6	6	17	0	7	3	0
hsa-miR-200c-3p	307	310	91	511	22	15	145	17	305	12	122	102	89	534	100	76	36	33	54	38	25	65	100	173	1551	353	552	103	18	68	66	70	341	110	562	26	83	57	178	18	18	16	35	13	26	11	11	223	64	213	25	31	320	795	282	94	227	113	30	51	27	12	0	7	323	92	79	12	212	35	864	74	39	325	502	74	311	744	934	68	244	323	126	311	434	30	56	11
hsa-miR-200c-5p	30	5	19	9	18	5	6	10	6	2	20	17	35	41	41	14	61	62	43	31	16	18	16	20	84	38	22	19	34	10	26	25	23	40	14	21	10	20	37	27	38	35	39	34	15	10	15	51	33	45	12	18	17	7	21	5	9	6	3	7	21	3	1	4	18	0	0	2	8	8	4	13	20	37	29	20	16	40	69	30	6	35	24	48	7	4	0	1
hsa-miR-202-3p	19	16	11	10	18	2	0	2	2	11	9	1	8	15	14	5	7	12	17	13	5	19	11	10	23	8	3	11	5	2	8	8	10	13	12	3	1	2	7	8	10	10	10	8	8	3	6	20	12	19	2	8	0	0	0	0	6	2	1	6	16	4	0	4	22	13	6	0	0	0	0	4	4	15	5	15	16	8	27	11	1	12	8	24	5	5	9	3
hsa-miR-202-5p	6	3	1	7	7	0	4	4	8	0	2	17	21	57	76	22	35	67	27	42	0	0	0	0	28	25	6	15	16	10	10	29	23	20	15	7	7	11	39	22	19	18	50	18	15	13	7	31	80	65	59	83	1	3	15	7	0	0	0	0	0	0	0	2	0	0	0	0	0	0	0	0	12	30	22	6	18	11	36	12	0	6	8	15	0	0	0	0
hsa-miR-203a-3p	269	100	118	155	207	24	55	30	498	34	92	85	52	195	78	62	50	58	33	41	158	119	192	167	2872	318	138	209	22	101	161	108	124	167	79	52	40	48	53	25	24	49	59	39	59	30	29	130	134	134	44	42	434	536	153	195	43	22	5	15	22	6	0	10	52	21	19	0	178	74	77	95	120	677	172	174	642	186	282	126	35	202	120	259	34	19	53	23
hsa-miR-203a-5p	9	9	6	10	8	8	2	9	9	12	9	7	14	23	12	10	21	15	2	13	10	3	9	9	122	4	7	7	5	6	9	16	9	10	4	3	3	10	1	5	18	6	11	9	4	4	10	4	16	13	8	7	4	5	11	3	0	0	0	0	0	0	0	0	0	0	0	3	3	8	1	9	18	24	82	57	13	14	38	6	0	9	11	33	2	2	5	8
hsa-miR-203b-3p	29	18	12	9	9	5	6	6	9	2	18	5	41	57	75	37	40	39	30	37	14	26	32	19	189	46	41	36	43	14	40	28	37	66	42	17	13	21	67	30	22	28	52	24	33	23	21	50	30	33	13	14	13	24	16	18	6	4	1	1	15	3	0	2	13	0	0	3	22	17	6	20	55	26	56	21	40	27	75	34	1	32	30	42	5	5	9	8
hsa-miR-203b-5p	41	17	34	32	62	9	10	13	61	8	27	20	31	35	34	15	30	28	29	15	34	32	31	31	277	37	25	22	14	20	31	19	24	32	13	25	11	17	12	13	34	38	36	37	14	9	34	24	20	38	14	5	70	72	34	71	8	8	1	11	20	14	0	3	37	16	5	10	32	25	8	31	21	65	28	34	77	30	84	30	6	49	37	68	6	8	19	8
hsa-miR-204-5p	30	15	12	28	8	7	10	9	24	9	14	17	10	27	14	7	9	11	3	11	8	12	13	14	259	37	63	18	2	9	6	15	19	23	30	13	5	5	10	3	8	7	6	10	9	0	5	16	9	37	6	6	29	58	23	12	11	0	2	8	0	0	0	1	15	11	2	0	30	8	32	9	17	49	47	60	70	52	85	16	14	47	24	32	4	2	5	2
hsa-miR-205-3p	14	8	1	2	1	8	3	5	8	2	10	4	10	9	9	8	14	12	10	7	7	16	7	5	22	10	0	10	1	4	10	4	10	14	4	2	3	4	2	2	8	13	6	12	7	3	6	12	17	5	2	5	0	0	0	0	0	7	1	5	15	0	0	0	0	0	0	0	0	0	0	9	2	12	8	5	5	15	22	14	2	16	16	30	0	0	0	0
hsa-miR-2054	9	4	4	8	3	1	4	0	8	10	18	7	5	23	3	4	2	0	1	3	0	0	0	0	18	8	37	2	3	2	2	1	0	0	0	0	1	3	10	1	2	0	3	2	3	0	3	10	5	5	0	1	21	6	12	0	25	22	2	14	14	4	0	3	26	40	7	5	2	0	13	0	2	6	32	1	1	11	59	8	4	10	7	9	26	1	4	6
hsa-miR-205-5p	139	101	102	44	34	27	103	41	78	92	49	80	33	61	43	66	17	41	14	17	74	70	101	70	5218	379	84	137	15	75	96	143	142	211	67	43	30	23	36	26	26	17	54	25	16	6	10	123	81	36	9	24	700	1212	332	413	9	9	0	0	5	0	0	0	0	0	0	0	220	57	63	87	135	967	218	195	878	124	217	155	35	206	159	252	23	26	31	26
hsa-miR-206	674	664	1061	535	620	576	915	272	676	438	1413	1050	448	872	1003	814	186	237	201	252	965	958	1138	586	60807	5176	755	2383	251	538	1100	903	1385	2352	517	454	77	56	110	51	272	237	237	282	207	245	197	247	336	308	95	190	3148	8995	1642	2141	81	137	14	85	168	52	8	105	58	51	11	16	3412	719	497	777	1725	10497	2077	15709	11401	1377	1875	1372	522	2094	1809	1790	114	148	215	240
hsa-miR-208a-5p	12	3	7	1	8	1	1	2	4	2	12	14	12	11	16	2	9	7	9	7	6	9	6	11	26	4	2	12	5	8	14	23	17	5	4	5	0	4	2	15	15	11	19	10	10	0	6	13	15	12	5	4	5	2	16	1	6	2	0	4	14	2	0	0	19	0	0	1	0	16	1	8	7	9	4	0	8	6	18	5	5	11	4	25	2	4	4	4
hsa-miR-208b-3p	39	17	4	14	13	10	13	7	28	22	29	28	28	30	28	12	17	37	18	24	15	18	38	15	95	15	10	26	12	10	26	22	18	24	13	12	8	4	14	12	23	12	27	26	16	3	9	31	14	21	18	11	20	18	20	11	6	7	2	10	22	3	0	7	17	10	4	2	11	22	9	16	8	31	11	57	40	18	25	15	7	23	20	72	5	7	14	10
hsa-miR-20a-3p	34	35	13	31	2	10	3	11	29	8	8	6	7	32	18	4	11	13	16	16	5	6	15	30	30	20	150	7	12	13	3	2	12	14	65	2	5	8	7	3	9	7	6	10	1	8	0	23	12	12	1	6	16	24	36	2	4	13	0	0	4	2	0	3	26	0	0	0	32	2	92	7	5	8	31	7	7	23	42	7	13	18	9	15	19	3	3	1
hsa-miR-20a-5p	4067	3267	480	5732	153	99	508	318	3361	190	485	1032	854	4382	617	490	339	391	250	113	239	843	1415	1504	1852	3817	20624	845	104	832	280	667	1713	629	5540	157	269	376	704	67	45	81	69	42	56	24	41	1141	346	952	91	90	2395	3314	3173	261	1120	807	83	389	554	63	5	40	1820	447	330	82	4299	228	9745	934	125	685	4188	187	769	6643	10189	348	1915	1820	578	1003	3511	103	167	75
hsa-miR-20b-3p	9	5	11	2	3	1	1	3	0	0	0	0	5	12	9	1	0	0	11	0	0	0	0	0	20	8	7	9	1	4	1	7	2	6	2	1	1	2	1	4	0	0	0	0	0	0	8	0	0	0	2	0	0	0	0	0	0	3	0	0	14	0	0	0	0	0	0	0	0	0	0	0	0	0	9	0	5	6	56	6	0	3	11	10	0	0	0	0
hsa-miR-20b-5p	491	320	124	605	68	52	176	84	728	97	185	295	190	1005	136	78	93	163	45	21	47	177	280	195	205	355	889	181	40	210	81	251	338	89	700	48	177	189	122	47	25	30	26	17	30	9	23	162	113	282	15	15	296	368	1055	102	194	145	22	156	117	30	2	29	525	207	109	39	771	58	753	159	34	91	477	23	131	420	651	60	392	426	92	182	462	32	56	15
hsa-miR-210-3p	56	33	12	58	11	14	10	11	83	9	22	25	31	154	36	30	22	29	17	27	10	47	36	68	200	97	323	65	21	49	25	57	83	38	283	15	20	53	58	10	22	12	18	23	10	7	11	87	41	80	19	17	65	81	191	29	35	29	2	18	8	6	0	1	89	25	20	0	73	22	109	29	18	53	160	22	47	128	157	25	46	42	28	53	117	7	19	3
hsa-miR-210-5p	11	7	5	8	8	1	2	4	0	2	6	2	10	16	5	6	12	11	14	10	4	10	10	7	29	4	9	10	9	3	16	20	15	7	9	1	4	3	5	4	7	6	6	9	8	2	7	6	10	5	2	8	3	4	4	5	9121	6017	613	1876	740	467	41	193	20094	3350	2941	581	4	6	5	1	7	22	12	3	8	7	34	8	1	9	6	33	0	0	0	0
hsa-miR-2110	109	111	53	207	67	14	32	37	61	9	70	70	92	299	106	61	52	85	59	46	13	28	48	92	121	105	141	108	52	112	47	177	165	60	278	37	66	87	72	43	48	44	451	32	46	4	23	139	89	204	28	28	76	85	137	25	81	105	7	19	42	9	2	5	76	31	28	0	71	29	154	44	31	47	193	48	55	231	330	43	65	114	62	149	131	29	35	14
hsa-miR-2113	15	9	4	5	12	2	0	1	4	10	10	9	9	12	11	6	6	16	6	5	5	9	5	10	12	8	2	10	1	7	7	15	6	10	7	10	3	2	6	8	14	23	3	10	6	1	17	9	9	9	2	2	9	21	9	4	0	0	0	3	0	0	0	0	12	0	0	0	3	7	5	4	4	4	12	5	6	4	21	4	1	4	9	19	0	0	0	0
hsa-miR-211-3p	7	4	4	5	7	0	1	3	14	1	26	6	11	10	5	9	11	20	25	9	5	8	7	11	41	0	0	0	1	3	9	13	6	15	3	3	1	1	9	7	14	19	12	26	3	1	13	23	8	12	5	2	7	12	3	4	7	8	0	1	17	4	3	5	0	0	0	2	3	9	6	5	9	8	4	3	8	7	15	18	0	21	11	36	4	1	9	0
hsa-miR-2114-3p	16	9	19	6	16	6	7	6	9	3	14	11	12	8	16	7	10	18	13	9	7	19	12	15	23	5	3	11	10	6	10	13	5	12	5	1	2	4	11	9	17	10	14	12	10	0	11	21	10	12	10	8	7	12	21	5	8	5	2	10	16	5	0	7	12	0	0	4	9	10	3	10	7	15	5	3	15	8	25	7	2	10	7	28	5	4	4	2
hsa-miR-2114-5p	16	16	29	16	37	12	6	11	23	11	18	13	17	23	34	15	17	38	16	25	13	33	25	13	66	21	7	17	15	12	25	40	25	22	9	17	6	5	8	18	27	27	24	51	20	4	15	30	40	22	14	19	17	15	23	12	130	198	12	124	49	23	0	9	129	50	65	15	11	22	4	16	13	23	14	20	20	11	34	33	7	32	33	55	6	8	20	6
hsa-miR-2115-3p	12	9	8	15	17	11	7	10	17	10	12	6	20	31	22	6	39	24	34	27	16	20	14	11	46	8	5	28	4	4	28	27	15	19	12	12	6	7	6	12	43	25	18	25	15	1	26	29	20	21	12	4	9	19	20	5	6	6	1	1	10	0	0	0	16	0	0	8	8	12	10	7	3	20	2	12	17	15	55	18	4	28	19	52	5	7	9	1
hsa-miR-2115-5p	20	7	4	12	13	2	0	6	14	9	9	3	16	17	15	8	23	23	18	17	7	13	10	12	32	6	11	6	2	9	14	21	8	20	11	12	8	7	6	11	12	26	15	7	6	4	13	15	11	23	5	4	6	5	62	0	0	6	1	3	17	7	0	6	0	11	3	0	24	7	2	15	6	18	10	12	20	8	29	8	1	26	17	17	5	5	3	6
hsa-miR-211-5p	19	16	12	10	15	6	17	7	6	9	36	14	18	24	24	20	24	33	39	25	13	12	20	7	76	22	23	22	8	7	23	19	22	39	27	17	18	16	37	18	31	28	20	18	21	6	26	54	29	27	16	41	11	13	18	13	10	11	0	4	17	10	1	10	56	16	2	6	8	6	5	11	14	26	22	13	12	21	31	62	5	50	38	77	6	5	4	2
hsa-miR-2116-3p	20	9	8	14	19	10	8	7	7	3	7	14	15	17	12	7	10	8	8	8	10	21	24	20	50	10	11	15	1	8	9	14	2	9	8	6	2	6	10	2	16	9	9	6	8	1	4	23	10	8	7	5	7	6	9	1	14	6	3	4	13	8	0	6	0	0	0	6	1	7	5	13	3	21	7	13	11	13	30	6	7	10	8	20	0	0	0	0
hsa-miR-2116-5p	9	6	9	12	16	5	3	1	18	0	34	10	23	16	13	4	8	19	19	8	3	9	7	6	23	11	11	11	7	9	8	16	7	16	7	8	0	1	4	11	21	16	7	20	3	3	10	32	10	11	11	4	6	13	26	7	4	3	3	8	23	2	0	0	12	0	0	4	0	0	0	5	5	17	8	7	8	18	30	10	5	15	7	28	8	5	22	1
hsa-miR-2117	20	18	4	9	6	4	7	3	78	7	2	7	9	18	18	11	26	32	32	25	3	5	12	10	42	17	52	11	6	5	5	11	24	18	12	8	10	12	16	9	28	7	19	12	9	6	14	43	21	25	19	12	5	8	16	7	18	0	0	2	0	0	0	0	11	10	11	4	15	11	21	5	3	19	24	8	10	37	93	6	1	7	6	19	3	2	6	3
hsa-miR-212-3p	13	6	5	4	7	2	6	4	10	8	5	8	9	15	19	6	12	14	3	15	5	11	28	7	37	6	7	4	12	5	12	15	13	13	10	7	4	5	10	11	13	9	34	9	4	1	5	16	12	9	7	7	5	6	17	2	8	7	3	0	14	3	0	1	28	0	0	2	1	6	4	5	2	8	10	8	26	9	18	8	2	8	5	15	0	0	0	0
hsa-miR-212-5p	13	21	11	20	19	6	3	6	18	13	12	10	12	21	19	11	20	27	27	23	12	23	8	19	34	9	18	21	25	14	17	37	21	18	17	12	4	9	10	20	37	31	17	29	9	4	28	36	18	19	7	7	12	20	16	5	0	5	0	1	8	4	0	3	0	0	0	7	4	7	13	13	9	17	15	17	11	22	62	24	12	26	20	35	7	11	9	5
hsa-miR-21-3p	109	109	32	116	10	6	31	0	221	28	21	44	37	129	33	26	22	27	16	19	9	12	19	73	84	70	434	23	4	11	18	27	90	23	228	3	29	33	46	22	15	24	19	25	20	6	20	80	34	102	4	4	72	90	140	11	0	3	0	0	16	3	0	0	0	0	0	0	74	13	417	34	12	30	139	13	32	106	150	11	57	45	13	73	97	9	15	3
hsa-miR-214-3p	54	46	60	36	11	13	6	15	6	11	6	10	34	53	50	25	31	45	25	29	72	48	57	45	366	64	26	18	36	13	9	18	31	47	19	11	7	8	27	26	25	23	27	23	16	9	16	35	29	39	8	18	34	46	29	25	9	15	3	10	25	4	1	1	0	11	2	3	37	48	21	50	33	62	45	35	85	32	46	14	1	18	22	27	4	4	4	1
hsa-miR-215-5p	57	24	20	39	17	14	35	19	171	9	28	44	36	55	22	22	23	13	14	19	10	25	56	37	327	49	72	30	12	14	15	36	36	31	30	15	12	7	13	5	13	12	7	8	4	3	11	26	18	22	5	2	54	73	58	19	0	1	0	4	10	1	0	1	0	0	0	0	71	23	46	33	7	62	22	33	61	35	38	31	25	51	32	30	22	7	12	12
hsa-miR-21-5p	38663	36653	4602	55855	1011	967	7133	868	83810	774	4182	9402	14930	52931	10849	8378	4096	4927	4141	3019	2262	4678	8989	17901	30037	37442	181772	6246	469	7013	2910	4943	29449	7901	86082	2008	3985	3744	12380	895	914	1042	1024	680	1886	467	512	26695	6082	23702	1209	1923	29992	36000	39206	1842	12	0	1	10	0	0	0	5	57	29	6	0	33939	2002	147709	7797	1677	12066	40556	2496	11117	53957	41501	4483	22311	20500	5903	14883	40832	752	2289	560
hsa-miR-216a-3p	19	12	12	10	32	0	2	7	0	0	0	0	11	26	29	10	14	15	18	5	10	26	14	28	24	7	9	9	3	4	15	8	13	15	8	10	9	6	20	8	17	17	20	10	10	5	10	19	17	22	8	15	5	9	16	7	0	1	0	4	13	0	0	0	0	0	0	1	8	9	8	13	6	13	13	5	10	7	23	7	4	5	7	13	2	2	6	3
hsa-miR-216a-5p	6	1	6	4	0	0	0	0	9	10	3	5	8	9	9	1	7	8	3	5	6	11	17	8	25	4	5	7	2	4	5	7	0	0	0	0	3	1	4	4	7	5	7	10	4	0	3	10	4	7	0	3	0	0	0	0	0	0	0	4	0	0	0	0	0	0	0	0	0	0	0	6	2	9	5	2	6	9	13	7	1	8	10	29	0	0	0	0
hsa-miR-216b-3p	17	19	13	21	12	9	6	5	8	2	5	7	9	13	21	7	14	17	11	12	10	7	9	26	113	7	27	9	5	6	11	20	10	15	5	1	7	3	6	4	18	21	10	18	15	0	8	27	8	27	5	15	12	16	30	12	3	6	2	1	10	5	0	3	14	20	10	7	8	10	19	12	30	28	93	59	27	11	72	12	3	18	8	27	1	4	3	5
hsa-miR-217	13	4	7	3	1	7	5	4	3	4	6	15	13	7	9	3	12	13	2	9	7	24	11	3	24	7	1	6	6	9	5	13	3	9	4	3	1	1	6	5	8	7	13	7	6	1	3	10	5	7	2	6	7	4	22	1	0	1	0	1	5	2	0	0	14	0	0	0	0	0	0	6	5	9	4	12	4	3	9	6	4	12	7	19	2	6	5	3
hsa-miR-218-1-3p	9	8	10	4	10	5	1	5	11	2	7	7	10	10	5	2	14	6	13	8	8	6	11	6	21	2	2	7	5	4	5	9	6	11	8	5	0	1	6	2	10	12	3	18	4	3	9	10	6	2	1	2	0	0	0	0	0	0	1	0	0	0	0	0	0	0	0	0	0	0	0	8	4	10	7	1	7	6	11	11	1	9	12	15	1	2	0	0
hsa-miR-218-2-3p	71	36	53	51	8	2	10	10	21	2	44	13	63	110	121	55	91	112	74	71	63	38	72	46	196	68	58	44	56	21	40	37	36	84	46	48	26	36	96	45	49	70	106	39	33	45	33	99	110	93	56	74	31	23	48	22	11	6	1	4	7	1	0	4	0	15	1	7	37	51	15	50	57	180	95	29	54	28	107	52	5	34	47	90	7	13	15	8
hsa-miR-218-5p	24	60	35	14	9	18	26	10	24	8	11	13	21	29	34	17	21	38	21	26	18	23	37	42	339	46	19	22	11	12	32	35	43	49	23	19	10	10	17	9	38	19	21	32	15	11	12	34	15	13	6	15	39	59	111	22	8	5	2	3	19	6	1	3	10	17	0	5	33	16	13	21	25	73	33	41	81	18	39	22	8	39	35	56	3	16	10	7
hsa-miR-219a-1-3p	75	25	45	43	47	10	20	10	37	20	75	14	45	94	130	35	86	165	97	132	23	74	32	67	151	59	28	43	38	32	51	56	48	105	41	47	26	45	102	92	97	84	105	85	76	20	85	117	233	130	197	217	28	26	65	21	50	19	10	24	43	10	3	6	67	31	12	8	22	17	11	25	39	70	30	24	69	56	65	119	7	98	83	175	20	10	19	18
hsa-miR-219a-5p	23	12	7	14	8	14	7	7	31	0	18	18	21	29	22	7	23	23	24	21	17	9	8	9	50	9	33	12	2	6	10	15	22	15	24	6	5	11	25	16	26	17	25	21	13	4	12	35	13	17	13	22	14	9	28	5	10	3	1	7	10	3	1	1	0	0	0	8	5	14	19	16	12	22	20	13	6	12	59	7	3	5	9	33	6	7	10	2
hsa-miR-219b-3p	30	13	14	27	3	3	2	1	5	3	4	16	39	102	129	38	78	126	60	80	27	16	18	18	62	27	25	25	17	19	26	29	34	48	27	16	26	40	78	87	44	47	103	40	39	9	29	73	147	145	68	110	29	12	11	12	0	0	0	0	0	0	0	0	0	0	0	0	22	41	17	19	25	31	51	12	40	31	27	27	3	24	20	28	6	6	3	2
hsa-miR-219b-5p	17	9	6	12	15	6	7	10	11	17	19	11	16	15	14	7	12	11	14	22	8	9	6	12	44	7	23	18	3	10	8	9	7	9	3	11	1	4	17	6	25	8	7	17	4	0	4	18	8	16	3	8	3	12	13	5	7	0	1	3	0	0	0	5	22	10	4	1	3	6	11	7	4	15	11	7	17	14	27	6	1	16	13	29	7	3	14	10
hsa-miR-22-3p	3899	4362	760	3734	194	174	712	336	1808	143	343	681	787	2451	545	610	358	375	272	166	560	1065	1559	2383	6842	3303	16761	1399	201	1135	488	1389	1336	888	3936	227	345	506	663	160	97	108	102	48	73	38	54	1397	356	795	66	73	1909	2272	2847	596	739	756	55	291	573	76	3	45	957	381	277	150	2886	585	6339	1593	429	1751	5840	1237	1701	5150	8737	546	825	1184	635	1054	1317	110	238	143
hsa-miR-22-5p	88	76	22	139	14	9	28	15	106	10	44	15	25	99	37	18	24	16	24	19	7	32	23	32	234	158	694	35	9	11	21	15	72	21	216	9	10	15	43	14	19	12	15	10	7	0	9	78	23	37	5	14	64	84	51	16	42	42	2	12	11	1	1	6	17	19	10	7	61	13	272	18	13	63	262	40	72	246	429	24	25	50	19	44	84	5	13	5
hsa-miR-221-3p	23428	25549	3123	46676	538	651	6107	246	12942	799	2900	2650	4026	41803	7010	5975	1728	585	1714	1127	240	927	1867	8942	8008	26251	81814	7023	591	3506	891	876	37368	5087	104414	1261	5008	18677	18447	366	331	320	482	273	906	365	303	20993	5801	20203	785	1316	13052	25352	16892	309	19502	22019	1464	4219	710	1206	43	90	29661	6132	16462	301	6289	522	55120	2884	562	3809	44032	794	4987	81589	115339	2148	25868	16307	4951	17096	45148	513	2234	137
hsa-miR-221-5p	149	210	31	262	4	18	108	0	278	26	34	37	39	225	35	31	19	19	20	11	4	11	38	102	101	72	366	12	4	25	16	6	221	41	390	10	69	38	59	1	10	5	8	3	5	0	9	119	60	150	6	14	140	166	216	7	101	56	4	22	5	5	0	2	155	48	29	0	106	13	765	45	17	36	210	29	40	171	174	13	144	175	29	94	235	9	17	13
hsa-miR-222-3p	1389	1700	286	3113	102	60	638	51	802	51	360	275	438	3270	615	463	165	89	250	125	49	160	274	980	599	1427	5456	434	49	290	100	107	1841	335	5230	116	415	589	911	59	51	50	77	41	134	24	44	1440	257	563	95	115	1206	1514	1620	55	689	687	61	255	124	47	1	19	1110	348	383	39	539	53	3345	280	55	363	2187	91	317	3996	6562	220	1190	1279	370	1188	2226	62	222	7
hsa-miR-222-5p	16	5	5	8	1	1	2	5	0	0	0	0	11	13	14	2	6	15	7	12	7	10	12	13	27	7	5	8	0	0	0	0	4	16	5	11	1	3	10	5	12	11	13	5	6	3	5	12	9	8	8	2	0	0	0	0	0	0	1	0	0	0	0	0	0	0	0	0	0	0	0	0	4	3	7	6	6	12	24	7	0	12	6	16	0	0	0	0
hsa-miR-223-3p	109180	189054	13918	136259	2078	2015	30532	1729	196836	1315	21856	26642	17933	96468	18019	12954	6530	3199	10402	3822	1605	12965	14389	53296	28994	69246	375882	12086	1037	14304	4173	8180	68365	14600	112994	3991	13160	6057	21969	883	1231	926	2373	1056	2511	604	588	47138	12525	44933	1747	2261	67786	97915	59215	1832	48941	18137	2298	7748	7198	2942	80	479	64287	19206	8649	1323	124668	3533	283971	17610	2310	17299	144381	4260	18676	114239	158647	9797	39036	39072	13063	33016	108117	4214	10061	925
hsa-miR-223-5p	1301	1900	324	2166	69	68	669	38	2568	70	462	371	302	2577	478	267	117	70	169	72	41	171	172	623	401	796	3162	228	22	206	82	102	1192	334	1832	96	214	202	467	12	34	19	33	28	79	17	13	983	408	1146	97	155	1263	1635	1311	48	1187	858	69	270	43	124	2	9	1446	470	298	23	1138	80	3480	296	34	296	2055	55	304	1905	2295	119	1214	1565	316	951	2627	51	287	21
hsa-miR-224-3p	0	0	0	0	0	0	0	0	0	0	0	0	2	4	4	3	0	0	0	0	3	4	3	12	15	0	0	0	0	0	0	0	0	0	0	0	0	0	0	2	5	3	0	0	0	0	0	6	0	0	0	3	0	0	0	0	0	1	0	0	10	1	0	0	0	0	0	0	0	0	0	0	0	0	1	0	3	3	8	5	2	6	3	16	0	0	0	0
hsa-miR-224-5p	1397	2075	175	3931	76	80	307	23	389	57	540	285	396	2342	764	332	154	107	357	182	39	78	253	866	757	1916	6391	450	28	197	75	56	1242	445	2121	108	330	299	1134	38	84	63	143	75	102	17	21	978	593	3234	203	219	894	1362	795	50	1421	596	125	460	209	234	4	17	2006	849	274	41	274	68	1655	238	30	373	872	67	348	3737	4639	629	1381	1974	773	1477	3899	124	659	16
hsa-miR-2276-3p	19	13	13	15	33	7	6	9	27	14	50	14	19	28	25	16	16	51	24	26	7	11	11	8	50	16	19	13	5	18	11	36	20	32	10	17	7	10	16	27	28	23	15	32	8	3	60	38	26	15	7	8	22	27	31	14	21	6	4	6	16	3	1	1	19	18	2	4	9	18	7	8	8	31	8	15	21	34	43	55	5	46	57	76	13	4	11	4
hsa-miR-2276-5p	11	10	11	10	9	6	4	9	7	6	11	8	49	47	75	34	73	135	155	84	4	15	6	8	60	25	17	77	13	19	75	72	20	58	12	80	22	29	38	250	147	198	51	89	104	6	443	128	63	97	34	26	0	0	0	0	0	0	1	1	0	0	0	0	10	14	0	4	1	7	1	5	18	24	17	43	119	59	140	44	2	28	25	38	5	3	6	3
hsa-miR-2277-3p	109	71	24	55	21	4	10	5	25	24	13	16	33	59	25	20	36	23	30	27	16	145	109	288	141	52	98	24	17	24	14	22	46	27	75	7	20	16	30	12	34	36	37	27	29	4	16	46	32	54	101	28	22	80	478	31	28	22	5	11	22	8	0	1	39	6	18	1	57	26	123	20	15	63	95	37	57	66	110	23	29	44	29	48	27	10	13	8
hsa-miR-2277-5p	20	20	16	16	17	2	9	2	13	0	5	7	24	42	38	11	37	32	39	39	8	6	14	8	68	15	45	14	9	14	13	17	23	33	33	7	7	14	38	16	34	27	44	12	19	8	12	45	30	17	14	10	13	11	12	2	0	0	0	4	0	0	0	0	42	0	0	0	12	8	41	25	23	27	27	8	24	24	41	14	7	16	15	58	7	3	2	4
hsa-miR-2278	17	5	1	9	2	0	1	0	0	0	0	0	5	12	0	3	7	4	3	3	0	0	0	0	12	6	21	4	6	1	11	5	7	5	23	6	2	2	3	1	8	7	1	1	1	0	4	9	2	13	0	0	3	3	6	4	6	4	0	3	10	0	0	5	0	0	0	0	0	0	0	0	0	10	15	6	4	10	36	5	4	6	8	17	0	0	0	0
hsa-miR-2355-3p	137	158	13	344	4	6	45	1	161	17	20	27	17	123	41	32	9	13	11	12	9	13	12	32	34	121	442	23	3	18	23	11	176	18	502	15	33	57	58	2	8	12	4	11	11	4	18	140	38	125	9	9	77	170	109	3	91	103	8	21	6	5	0	3	126	33	54	0	50	4	321	25	4	28	214	13	38	260	387	16	138	77	21	56	152	4	7	2
hsa-miR-2355-5p	24	15	8	23	14	6	9	4	76	8	113	15	25	31	26	13	8	35	23	13	15	17	12	20	39	18	34	19	1	8	27	27	23	15	17	18	2	6	8	9	36	16	17	28	11	3	44	33	26	30	15	10	34	16	30	17	19	4	5	12	24	1	0	8	24	27	6	7	18	16	47	8	8	32	16	3	19	14	36	33	7	27	34	52	21	8	24	6
hsa-miR-2392	31	44	6	38	14	3	11	2	9	1	4	4	14	40	35	11	21	18	19	24	9	16	13	16	43	28	108	16	19	9	14	12	38	21	99	23	5	12	38	16	15	15	17	20	7	6	12	58	16	13	7	2	11	44	27	6	9	11	4	5	12	2	1	1	17	0	0	2	20	15	49	17	20	31	92	7	26	88	99	15	21	22	21	40	36	4	4	0
hsa-miR-23a-3p	10503	12152	1091	10993	263	269	2388	179	13140	405	1142	1437	1526	10460	1508	1441	628	290	927	360	222	885	1348	5112	11118	8606	50294	1767	158	1311	535	592	9592	1714	14161	428	1580	970	2372	141	170	134	221	92	233	93	69	4559	1173	4432	177	219	5318	8252	6467	428	3559	1470	172	492	496	191	4	30	4585	1161	907	94	6342	388	25813	1376	522	3332	18754	999	3456	20447	34084	983	3994	4191	1507	3773	8056	251	626	162
hsa-miR-23a-5p	130	43	31	108	26	10	7	4	34	20	37	20	55	121	117	57	70	96	86	105	29	30	71	42	173	73	68	49	21	23	45	35	79	79	103	32	12	37	74	40	84	60	121	102	43	15	23	106	66	53	20	37	31	43	44	16	39	38	6	20	53	13	0	8	52	30	30	18	18	37	24	19	34	84	96	69	76	128	208	42	34	59	44	114	42	11	18	8
hsa-miR-23b-3p	1376	1224	113	2553	72	90	532	39	1449	114	405	391	382	2681	448	356	153	98	220	73	70	158	238	1057	2497	1577	8355	367	55	385	145	182	905	386	3628	107	388	255	454	30	52	55	73	29	72	19	19	845	292	797	51	79	770	1185	1391	123	530	382	38	158	130	36	2	4	1100	341	216	25	859	63	8413	398	135	674	4353	360	614	2999	4639	218	839	982	390	947	2222	48	190	35
hsa-miR-23b-5p	69	33	24	70	9	8	7	6	14	0	12	10	82	201	207	66	132	123	88	79	27	34	39	34	106	88	101	49	25	18	22	32	125	78	140	27	49	33	113	29	89	66	120	47	41	19	16	127	70	116	30	25	39	26	38	3	24	24	1	1	4	4	0	0	36	5	12	0	29	10	53	16	49	58	147	27	47	88	148	18	16	31	23	40	66	1	10	5
hsa-miR-23c	440	27	1	26	10	2	14	2	38	2	9	9	6	19	13	3	3	0	8	10	5	4	6	13	27	15	58	1	3	3	2	7	17	6	33	7	8	4	2	2	6	7	5	11	1	0	3	11	0	0	0	1	13	25	19	5	0	0	0	0	0	0	0	0	31	0	0	0	11	1	39	13	3	5	26	3	17	16	37	2	10	16	10	16	17	3	4	0
hsa-miR-24-2-5p	19	15	7	9	4	5	6	1	16	2	18	17	14	15	7	5	6	6	13	12	4	6	11	11	26	9	19	8	6	4	12	23	6	8	13	5	3	3	7	4	14	10	9	12	5	1	4	14	13	11	0	2	5	10	6	3	7	5	0	3	12	5	0	0	10	0	0	4	3	7	27	13	2	10	15	14	10	10	24	10	4	9	13	17	10	0	11	3
hsa-miR-24-3p	8675	13349	1478	14694	298	287	1726	250	8575	213	2373	2265	1848	10616	2234	1641	715	351	741	348	328	848	1516	3864	10852	9156	47419	2306	237	1633	529	673	6198	1978	15071	452	795	1166	2754	111	141	130	223	128	246	91	97	4538	1681	4556	242	338	6658	10383	6222	450	4039	2845	260	711	982	325	13	50	5575	1930	1168	150	5806	486	24685	1759	553	2953	18785	1191	3332	18838	36718	1836	3782	4667	2054	4215	10480	312	1224	152
hsa-miR-2467-3p	9	1	6	4	7	0	3	3	10	1	5	2	12	6	8	3	9	7	6	14	0	0	0	0	37	4	1	9	7	5	4	8	9	9	3	1	2	3	6	5	15	4	9	5	1	0	5	8	5	9	2	3	0	0	0	0	0	0	0	2	0	0	0	0	0	0	0	0	5	2	5	0	3	7	10	8	2	8	17	4	2	5	12	19	0	0	0	0
hsa-miR-25-3p	12730	13104	3706	14248	2872	1399	10921	3862	25075	1001	4953	7548	5585	33855	5250	3114	3752	8501	2948	2015	1921	9167	7906	14461	10736	8223	23800	4621	1249	10289	2880	14817	11401	4367	20009	1774	11458	4834	4316	3675	1107	1558	1004	681	1298	301	755	11166	5545	22121	1436	1923	9423	13516	29375	4380	7478	4043	797	7184	3605	1451	80	1173	12707	5568	3201	1837	25424	1770	30458	4551	1286	6592	14118	2084	5232	17168	22818	2713	11362	13419	3734	7783	17951	1423	1972	808
hsa-miR-25-5p	64	53	23	78	41	15	42	27	54	18	17	38	27	130	51	25	17	19	22	19	7	8	21	43	91	57	64	47	11	28	14	36	59	16	130	12	22	54	43	14	16	15	14	13	12	1	13	58	36	97	16	23	39	55	78	15	53	71	9	41	11	11	1	9	121	29	29	7	37	14	59	10	11	29	64	20	30	114	124	10	60	51	18	78	84	7	23	3
hsa-miR-2681-3p	14	8	0	6	101	1	5	1	6	1	8	18	9	11	8	7	10	15	11	13	2	14	8	18	27	6	4	6	3	11	17	11	6	10	5	4	6	3	6	6	11	10	46	7	6	1	9	8	8	8	0	6	2	2	9	2	0	5	2	0	13	7	0	0	0	10	1	0	4	13	4	3	4	15	15	4	7	5	13	6	4	10	2	15	0	0	0	0
hsa-miR-2681-5p	0	0	0	0	0	0	0	0	1	5	5	2	5	7	6	4	13	9	13	11	7	9	13	5	23	10	10	4	14	2	8	10	8	9	6	3	3	6	6	6	7	9	14	8	6	0	4	7	9	2	4	5	5	5	15	1	0	0	0	0	0	0	0	1	0	0	0	0	0	0	0	8	4	15	7	12	12	4	14	5	1	8	7	13	0	0	0	0
hsa-miR-2682-3p	5	7	3	3	13	3	2	3	0	0	0	0	15	18	19	8	7	6	5	12	2	10	6	5	35	6	5	11	7	4	15	12	6	14	6	9	4	6	13	3	10	11	13	14	9	0	13	11	7	6	4	5	4	5	33	2	0	0	1	0	0	0	0	0	0	0	0	5	1	4	1	4	2	11	4	5	9	5	18	6	1	5	5	28	0	2	3	0
hsa-miR-2682-5p	24	4	5	5	3	4	8	6	0	0	0	0	7	6	15	5	17	10	6	14	3	25	19	10	24	10	8	1	5	4	12	14	10	9	3	7	3	3	5	14	17	13	13	27	13	1	9	19	11	5	3	2	8	2	6	7	4	3	0	3	11	5	0	0	0	0	0	4	0	0	0	3	0	0	8	0	18	8	12	3	0	6	12	11	0	0	0	0
hsa-miR-26a-1-3p	57	85	11	120	8	1	8	3	73	0	24	23	15	104	19	14	4	4	14	9	6	3	10	34	31	28	198	5	2	8	9	14	55	10	114	6	5	6	23	3	7	9	4	1	6	0	9	49	18	54	3	2	50	86	38	4	28	11	3	6	6	2	0	0	45	13	9	0	41	1	203	7	2	14	88	6	21	113	181	10	38	41	9	35	111	2	6	1
hsa-miR-26a-2-3p	503	682	126	1040	40	38	184	27	709	56	86	111	47	214	66	34	26	20	23	11	46	64	200	326	277	266	1257	36	11	52	11	20	210	50	634	20	50	28	114	6	9	5	7	23	8	4	4	93	88	107	12	13	405	507	356	46	28	28	1	11	7	2	0	2	413	89	24	0	447	38	1388	224	17	59	398	85	131	390	592	30	261	357	90	219	332	13	37	16
hsa-miR-26a-5p	63421	65320	5791	90860	1341	1273	12270	862	74025	1155	6106	9935	8757	49545	8137	7004	3255	2388	4834	1715	1095	5354	10093	38707	39139	38429	198719	6400	510	7285	2318	1721	33231	8992	110347	1794	5972	4226	12407	394	678	631	1029	506	1161	395	418	22227	7129	22770	1158	1417	35559	49281	41243	1718	19351	10399	1009	3352	1708	493	38	162	28372	4990	4290	500	44394	1475	230467	9358	1760	12461	58423	5626	13668	77716	89355	4557	34341	27680	7586	20599	54964	868	2955	427
hsa-miR-26b-3p	77	131	14	175	10	8	20	5	83	6	39	101	51	117	35	26	13	17	20	14	13	23	25	110	73	66	290	16	0	21	15	59	54	28	102	10	11	9	27	2	15	11	19	14	8	2	11	66	33	69	5	9	60	107	116	11	46	15	5	11	24	5	0	2	87	31	15	0	55	7	247	24	6	32	124	12	32	139	225	19	30	45	17	41	86	9	15	4
hsa-miR-26b-5p	36525	28769	2649	66232	1007	725	5424	985	54224	838	4579	9215	7860	48882	8369	5534	3489	3010	4113	1700	619	3888	7507	20108	15293	31940	161052	4012	405	6095	1840	1371	23085	6075	73688	1397	3229	2268	10128	338	608	556	955	434	1171	280	288	18922	6415	23731	1038	1389	26464	37502	27252	847	12493	5522	683	2384	1396	474	32	138	29506	4272	3644	330	41429	952	197436	6417	921	7552	37662	2063	7772	68429	61867	4053	24171	17926	4859	12546	83455	589	2546	348
hsa-miR-27a-3p	2181	3076	238	2425	84	43	586	72	8830	306	299	499	361	1586	348	300	148	97	134	94	110	277	378	846	2929	2656	17593	462	62	469	181	180	1411	491	3489	153	258	254	498	37	49	78	56	48	56	35	36	925	319	1086	42	88	1564	2004	1232	89	447	287	33	75	164	42	2	10	1525	283	260	41	3340	145	12314	445	140	887	3756	318	810	3900	5881	322	779	916	374	623	2273	51	135	56
hsa-miR-27a-5p	30	65	5	9	1	3	14	2	29	6	9	10	23	42	36	18	34	39	49	24	8	17	9	9	160	61	80	36	28	10	8	21	33	35	41	10	20	22	46	22	23	23	48	18	17	7	16	51	24	24	11	24	12	14	20	4	0	0	1	2	0	0	0	2	0	0	0	3	9	5	26	5	39	189	71	21	24	33	117	19	10	27	27	25	11	1	6	2
hsa-miR-27b-3p	3252	4352	416	6302	121	123	841	95	6770	337	1187	1160	847	4036	803	675	386	194	296	197	240	420	646	1729	7051	2630	12060	554	69	742	351	355	3172	921	7232	249	433	419	784	66	91	82	75	101	92	47	70	1565	464	2565	67	128	2667	4894	2570	284	1176	775	104	291	276	116	7	51	2562	564	452	61	3502	286	24102	955	292	1967	5807	888	1640	3601	5054	566	1615	1803	703	1300	5780	123	423	92
hsa-miR-27b-5p	29	17	6	28	6	3	3	5	6	4	16	13	17	36	44	10	28	26	19	20	5	16	15	4	40	24	62	23	15	10	21	18	29	17	44	15	4	10	22	11	19	20	26	24	9	3	25	37	23	25	7	7	10	17	17	13	12	5	3	5	29	7	1	0	27	0	0	3	20	15	30	7	11	14	49	7	11	52	98	21	7	23	10	36	17	0	5	8
hsa-miR-28-3p	1975	2610	529	3983	80	74	781	42	4338	32	605	424	589	4682	686	451	217	127	287	155	32	152	201	1126	882	1163	4354	360	44	272	98	69	2554	474	5010	152	322	466	577	54	58	54	121	44	84	39	31	1636	931	3219	191	318	1816	2751	2422	59	2226	1340	123	455	74	214	4	11	1947	457	678	33	1000	72	6701	345	83	434	2852	107	500	4966	6112	162	2074	1949	374	1361	4520	61	261	24
hsa-miR-28-5p	115	190	29	212	5	5	47	4	98	2	24	21	42	144	21	40	8	5	16	9	11	10	20	59	71	129	576	25	8	13	9	5	117	20	276	7	10	18	34	2	9	3	8	2	3	2	2	68	21	65	9	16	83	148	112	2	30	22	2	7	5	0	0	1	79	14	11	0	89	10	329	35	6	35	183	17	28	217	280	17	82	77	21	77	116	2	10	0
hsa-miR-2861	0	0	0	0	5	2	1	1	10	1	4	2	5	16	18	9	13	11	13	11	5	3	7	7	31	5	5	10	8	4	3	7	16	14	7	8	1	7	10	8	11	15	93	8	6	10	7	15	8	14	11	8	2	3	12	8	0	0	0	2	0	0	1	3	47	0	0	0	0	0	0	3	5	13	9	15	9	6	22	22	1	17	18	50	1	2	5	2
hsa-miR-2909	11	7	6	4	9	5	2	5	14	4	40	6	83	91	139	68	129	128	106	110	12	14	9	18	73	24	21	61	51	23	66	46	48	55	20	30	34	51	73	101	137	166	88	120	67	17	129	108	75	108	75	46	6	7	6	5	11	0	3	6	0	0	1	2	10	0	0	5	5	16	8	10	26	20	20	21	16	33	34	22	3	39	24	35	7	4	10	16
hsa-miR-296-3p	32	36	13	19	30	4	12	8	28	8	19	15	24	49	24	11	20	29	25	22	16	21	13	70	71	19	15	22	8	4	29	28	36	18	43	7	4	16	24	11	42	25	13	22	10	6	18	32	24	36	7	6	35	50	70	3	30	33	2	11	28	9	0	6	11	0	0	9	12	12	73	27	11	27	54	22	12	28	52	10	6	26	12	32	17	3	19	5
hsa-miR-296-5p	33	21	10	14	16	3	11	10	16	7	11	12	6	28	12	7	19	18	20	9	7	26	18	29	26	22	63	17	11	26	15	80	28	14	30	6	6	6	7	5	8	12	6	12	9	1	5	25	15	14	4	6	27	31	49	10	23	17	1	15	18	5	0	9	0	0	0	10	23	9	10	7	4	25	89	23	10	32	90	7	9	18	12	40	10	6	10	8
hsa-miR-298	6	4	4	7	12	6	3	6	8	1	15	4	6	16	4	7	9	14	12	14	1	8	11	8	28	6	4	4	10	5	8	8	9	5	7	7	4	5	9	6	10	10	4	9	9	2	6	15	6	20	5	6	9	4	16	5	7	4	1	0	12	1	0	0	0	0	0	0	0	0	0	7	5	12	8	12	9	12	22	11	6	17	11	21	0	0	0	0
hsa-miR-299-5p	47	28	12	34	14	12	8	6	22	3	14	16	27	28	28	12	19	14	16	20	17	12	19	36	50	47	205	28	10	9	9	20	25	24	44	5	7	14	16	14	23	10	166	25	8	4	11	37	27	41	10	11	32	35	43	11	22	5	4	9	14	1	0	2	36	20	2	3	6	15	9	6	12	27	82	20	11	83	120	9	7	23	11	32	33	6	8	6
hsa-miR-29a-3p	4585	4722	1115	3078	323	389	7371	285	52184	1075	1026	1418	798	3372	833	805	326	220	226	228	584	1406	1578	2671	38397	4682	5952	1198	166	1295	825	717	6437	2269	6619	500	2646	653	1211	170	123	75	85	90	136	68	80	1898	1318	3100	179	317	4612	8430	3772	1666	3686	1115	85	487	99	85	2	43	4573	947	698	97	8097	713	21727	914	1115	7296	3327	3948	7455	2671	3238	1021	3250	3807	1410	2272	4038	353	346	180
hsa-miR-29a-5p	18	22	2	11	4	4	6	3	24	0	4	24	5	9	6	5	10	8	13	8	6	8	11	7	58	9	50	13	2	8	7	8	5	13	26	3	3	1	8	2	7	5	2	4	4	1	1	15	4	5	1	2	11	9	13	2	0	7	0	0	10	3	0	0	0	0	0	0	7	3	48	2	3	9	12	16	13	16	25	6	10	14	9	18	1	4	0	0
hsa-miR-29b-2-5p	10	25	6	25	9	2	8	4	27	5	12	23	13	48	14	5	8	14	17	13	11	14	20	17	44	12	35	13	2	10	10	18	17	18	49	4	7	7	6	4	11	10	9	7	7	2	5	27	6	26	0	4	20	17	25	2	13	13	3	7	20	4	0	0	53	13	4	0	24	6	18	6	3	11	27	12	6	41	53	14	16	21	17	39	24	10	6	3
hsa-miR-29b-3p	686	493	92	491	38	26	225	49	5066	46	129	306	181	402	120	100	89	95	55	39	69	325	500	369	1485	513	2213	151	18	208	71	103	269	148	556	35	108	32	78	11	35	18	24	16	16	13	4	150	68	144	13	13	323	633	481	80	124	86	12	34	64	4	0	13	443	92	48	32	2372	72	4460	199	53	311	301	262	364	427	589	101	161	205	101	167	319	31	39	14
hsa-miR-29c-3p	3654	3220	729	2487	166	185	1796	346	24600	1076	402	1077	594	2106	593	442	310	363	236	219	528	1363	2044	2292	10870	2525	6813	624	97	851	407	743	3438	977	3697	202	1149	401	534	164	148	175	196	83	127	95	91	1138	684	1503	193	186	2363	3262	2121	512	2293	601	47	383	158	79	7	52	2493	467	324	150	10130	511	15781	988	373	2268	1585	1850	2416	1979	2067	489	1715	1453	561	1003	1886	150	167	173
hsa-miR-29c-5p	199	190	45	188	20	7	73	6	308	15	182	60	59	361	68	62	25	44	37	14	20	52	60	127	240	270	857	79	9	60	32	37	223	74	548	20	61	71	110	9	29	22	25	18	7	11	24	107	70	152	14	19	137	125	167	24	156	67	8	40	32	14	2	8	181	51	35	19	148	34	292	53	15	80	527	48	71	363	1023	58	173	210	89	183	348	26	39	10
hsa-miR-300	5	7	1	9	7	2	3	1	3	12	2	15	4	5	3	0	8	8	10	8	0	0	0	0	17	7	18	10	0	5	9	5	8	5	4	4	2	0	0	3	18	6	4	3	7	0	6	14	5	12	3	2	11	12	7	2	0	0	0	0	0	0	0	0	24	17	2	3	3	3	0	0	1	10	10	6	10	11	16	2	3	8	6	7	7	2	5	6
hsa-miR-301a-3p	284	183	25	305	20	9	26	6	270	8	54	93	80	196	90	55	39	39	42	35	26	26	99	109	177	222	1239	63	27	61	27	31	109	54	290	36	22	23	65	35	39	27	33	43	18	2	28	92	50	120	25	50	199	207	216	17	59	40	8	27	54	9	2	12	147	57	24	8	299	43	1045	90	18	69	208	35	75	278	340	40	95	94	34	77	200	6	18	8
hsa-miR-301a-5p	21	20	11	38	4	3	4	0	28	8	3	7	10	19	35	7	19	29	10	24	16	6	9	16	21	19	99	4	7	9	5	3	9	22	24	5	8	3	16	15	13	19	20	9	8	2	8	15	8	22	11	25	16	9	12	4	0	0	1	0	0	0	0	0	13	0	0	0	11	6	81	7	4	24	27	2	6	22	29	7	5	19	19	10	15	2	3	2
hsa-miR-301b-3p	13	13	8	20	11	1	4	4	17	8	10	22	13	18	14	7	5	8	5	8	9	12	9	10	14	18	79	9	18	5	6	13	13	8	22	4	3	3	3	3	2	7	5	1	2	4	1	18	13	17	3	3	13	22	17	4	0	5	0	2	10	0	0	0	0	0	0	4	17	9	76	9	2	10	17	3	10	12	22	7	7	13	9	12	12	0	8	7
hsa-miR-301b-5p	9	9	6	6	8	0	4	2	31	6	4	25	16	15	6	8	6	9	4	10	2	35	1	5	23	8	8	9	1	5	10	21	6	9	3	5	2	3	6	8	11	8	5	25	2	0	13	10	16	1	5	14	12	6	12	3	5	0	3	0	0	0	0	1	0	0	0	0	4	0	17	3	3	12	4	3	7	2	20	5	1	12	4	10	4	1	3	2
hsa-miR-302a-5p	18	12	9	4	8	2	2	9	4	0	10	7	10	17	15	8	17	19	20	37	5	13	18	7	16	10	8	11	3	7	16	12	7	18	6	3	1	6	0	2	28	15	10	32	5	3	9	17	10	4	5	6	9	12	4	11	3	0	2	2	0	0	0	0	0	0	0	5	3	35	4	5	5	10	6	10	8	7	18	8	3	3	11	12	3	2	10	2
hsa-miR-302b-3p	13	11	10	10	28	10	3	42	18	2	22	15	16	25	35	17	26	21	49	20	5	18	7	12	18	14	1	17	16	16	17	30	17	26	12	22	4	1	9	211	83	219	15	37	13	3	242	23	13	27	16	15	11	3	16	12	9	24	6	14	34	8	15	24	29	149	5	13	1	20	1	12	8	11	13	7	33	9	189	21	7	25	33	45	2	18	62	8
hsa-miR-302b-5p	11	10	1	2	10	3	8	1	5	8	8	4	4	8	11	7	21	11	11	16	11	11	4	40	39	9	4	16	15	1	2	10	19	24	9	8	2	6	12	1	17	5	8	15	2	3	5	11	21	12	6	3	13	5	11	6	0	0	1	1	0	0	0	0	0	0	0	6	7	4	13	4	3	12	20	9	7	7	29	19	3	13	11	25	0	4	4	2
hsa-miR-302c-5p	0	0	0	0	0	0	0	0	0	0	0	0	4	13	11	3	5	9	5	6	2	14	8	11	13	0	0	0	0	0	0	0	0	0	0	0	1	1	5	3	7	2	8	5	9	3	1	9	8	5	0	2	3	1	10	1	0	0	0	1	0	0	0	0	0	0	0	0	0	1	1	5	2	9	2	8	6	3	13	6	0	0	0	0	0	0	0	0
hsa-miR-302d-3p	18	6	8	7	17	2	3	9	9	3	27	29	20	20	18	6	11	24	27	44	13	16	15	18	38	3	5	10	4	4	22	17	15	20	5	10	3	2	3	5	30	26	6	22	9	1	10	32	4	10	2	3	15	11	11	9	3	4	2	2	27	2	0	11	20	0	0	6	5	12	2	14	1	16	12	7	8	11	45	6	8	17	7	32	12	10	24	6
hsa-miR-3064-3p	14	16	4	11	6	1	5	2	7	3	10	10	11	18	14	7	18	14	18	22	11	22	18	35	28	7	9	17	2	8	13	17	12	9	8	6	2	6	2	4	27	16	14	19	2	3	5	26	7	12	2	5	11	6	12	4	4	9	3	3	24	4	0	0	14	0	0	10	6	8	3	6	3	33	12	8	14	14	65	10	4	12	13	18	3	5	14	9
hsa-miR-3064-5p	20	22	4	22	1	4	4	2	19	1	5	12	34	36	22	7	22	38	20	17	10	9	8	3	25	13	30	11	9	3	5	13	24	21	23	3	6	19	26	11	11	14	28	7	9	3	9	30	27	34	11	13	11	16	11	4	13	14	1	8	9	1	0	0	12	0	0	3	9	3	16	5	7	14	37	15	17	28	66	5	16	24	15	19	13	1	6	1
hsa-miR-30a-3p	108	126	41	170	31	21	37	21	92	17	22	28	55	128	58	46	40	46	47	33	13	26	41	54	1274	172	172	72	6	29	46	47	177	83	137	16	39	30	57	29	27	27	12	20	19	4	12	116	115	202	40	49	138	262	108	42	48	45	7	16	5	4	1	4	88	21	31	2	74	26	247	38	40	239	328	210	274	206	199	61	155	201	75	134	124	6	21	6
hsa-miR-30a-5p	3630	1628	933	2174	309	311	759	231	1626	223	428	501	367	1035	382	384	353	289	216	170	352	454	819	982	23483	2363	1789	838	81	463	543	564	1290	1161	1204	223	272	216	437	115	128	128	82	101	97	48	81	691	575	969	192	211	2015	4157	1839	850	557	324	42	175	100	54	2	40	1190	558	187	75	1656	404	3248	682	760	4535	2968	3335	4346	1333	1817	616	1035	1833	836	1427	853	169	227	151
hsa-miR-30b-3p	51	20	9	36	6	1	5	0	16	2	20	8	9	38	9	11	8	7	12	9	6	26	30	6	43	21	37	11	10	0	4	7	22	12	34	5	2	2	8	5	6	5	4	12	5	2	10	24	8	14	3	4	9	19	15	4	16	10	2	0	11	2	1	1	16	0	0	2	8	6	24	3	3	8	18	10	27	31	50	8	5	27	10	33	23	1	6	3
hsa-miR-30b-5p	719	683	109	495	35	28	136	24	2090	38	35	66	50	233	45	67	49	27	54	25	24	41	85	279	1361	405	2805	87	21	81	47	36	338	137	601	40	60	44	64	12	26	15	23	13	16	6	12	164	62	116	23	18	273	441	231	28	150	69	9	20	28	5	0	8	168	64	51	14	684	30	2306	70	48	292	548	119	314	533	978	54	203	153	110	157	372	11	46	5
hsa-miR-30c-1-3p	42	124	6	63	9	1	6	1	44	7	21	22	32	87	22	11	11	9	14	14	16	274	10	1075	55	38	63	12	12	12	10	9	34	20	78	5	4	11	12	3	8	10	8	9	6	4	9	40	26	51	7	6	28	131	23	10	29	21	2	10	15	2	1	0	25	18	10	1	17	23	206	11	5	31	51	13	9	53	68	24	23	28	20	46	69	5	9	10
hsa-miR-30c-2-3p	14	5	0	20	3	1	3	2	5	5	1	5	7	13	3	7	4	4	2	6	8	9	5	1	193	19	5	7	1	5	7	3	9	11	13	3	2	3	2	2	3	11	17	3	2	0	7	8	10	8	0	2	18	25	3	9	0	7	0	0	6	1	0	0	0	0	0	0	11	6	11	6	9	33	18	14	37	16	10	6	7	12	12	24	14	1	3	2
hsa-miR-30c-5p	1679	2386	189	1684	76	110	612	72	4674	37	292	305	173	1269	193	198	131	97	200	66	104	217	308	1086	4451	1448	7896	334	42	290	122	149	920	358	2372	98	328	136	318	20	45	36	47	23	52	11	29	577	194	476	58	57	779	1385	1041	163	561	264	30	85	125	26	2	9	696	249	166	16	1743	103	5556	203	114	939	2333	575	926	1952	3819	225	667	857	321	669	1318	27	101	28
hsa-miR-30d-3p	96	69	12	88	6	10	10	6	104	3	13	18	21	61	15	15	12	17	14	10	2	8	14	19	55	34	124	7	3	8	14	13	48	10	102	7	12	15	19	7	15	10	15	8	6	4	6	31	27	55	4	4	39	46	46	6	22	0	1	3	0	0	0	5	53	13	6	0	58	3	227	17	3	18	42	14	25	30	50	6	37	25	9	20	80	5	3	3
hsa-miR-30d-5p	36969	43489	10019	54851	3061	1783	16361	2729	41377	770	9411	10214	9729	50742	10838	6119	5323	9189	5966	3711	1210	4023	5951	19814	21925	23343	79397	7734	1182	9367	2853	9679	36830	8636	42834	2715	11182	8803	15886	2409	1145	1441	1773	813	2451	402	742	28390	16971	47486	5907	9111	23841	31794	34466	2581	26682	12548	1600	8513	1986	2291	41	541	28254	11300	7271	1718	18457	1612	69859	6161	1985	10303	49369	3757	10075	52317	67729	7580	27738	34306	10178	25973	43621	2043	5459	586
hsa-miR-30e-3p	1056	1259	148	1779	51	45	475	25	3832	57	173	339	573	2897	723	335	227	219	395	194	34	100	151	630	947	1542	6789	257	25	295	77	109	2139	316	2599	97	777	356	929	60	69	61	88	72	173	14	40	1861	1166	4712	336	521	981	1110	1277	38	603	360	41	109	28	31	1	8	1128	212	261	17	1166	50	4670	169	51	341	1913	120	484	3053	1906	287	1206	1064	319	622	2075	25	71	18
hsa-miR-30e-5p	14802	14705	3087	18162	576	557	3085	1064	28226	269	2787	5840	4089	15432	2615	2040	1291	1633	1128	631	1336	3246	5394	7652	13192	10525	47211	3153	320	3725	1563	4747	6320	2597	12614	782	1618	1368	3356	308	361	382	458	198	384	138	238	6259	1842	6192	314	322	10983	13082	14971	1629	3791	2816	311	1348	1683	505	14	271	8183	2797	1384	575	16208	1327	46355	5323	753	4238	13441	2193	4379	15724	20865	2140	5674	5985	2459	5004	11146	444	1230	405
hsa-miR-31-3p	15	20	13	6	29	7	7	19	24	8	17	32	25	48	30	18	26	37	27	47	15	25	20	21	32	9	7	13	7	19	46	58	13	21	16	18	8	10	30	15	42	24	26	44	17	4	14	39	11	20	4	8	18	25	28	6	4	4	4	10	20	0	0	7	22	19	2	8	5	12	5	8	6	21	11	16	8	14	25	18	12	38	18	58	7	11	30	8
hsa-miR-31-5p	23	18	14	7	20	2	14	3	154	19	21	6	28	44	36	18	24	31	31	27	17	26	14	17	257	41	32	17	25	12	11	27	32	26	19	8	8	16	44	13	33	33	16	28	11	16	17	25	32	32	6	16	10	73	18	9	7	14	2	4	17	7	0	3	21	0	0	5	24	16	64	13	14	61	29	30	47	48	52	22	9	28	25	39	6	6	6	5
hsa-miR-3115	24	26	14	41	12	19	10	6	37	10	90	10	18	45	28	11	19	34	27	15	26	21	32	11	51	26	21	15	25	11	28	34	30	32	33	19	16	6	23	8	30	15	14	26	11	1	20	36	19	36	15	11	26	22	19	22	26	11	5	7	27	3	0	3	29	15	2	12	13	28	29	9	13	12	15	15	20	31	58	24	15	49	31	47	20	12	21	6
hsa-miR-3116	16	13	5	5	6	7	2	6	9	3	9	4	14	16	20	8	12	14	24	11	0	0	0	0	17	6	7	21	2	4	14	4	0	8	4	7	1	0	9	9	18	27	6	14	3	1	16	16	4	14	5	0	5	6	15	2	0	2	0	1	11	3	0	0	11	0	0	0	1	5	0	0	5	20	9	14	8	11	42	4	1	10	7	18	2	5	4	4
hsa-miR-3120-3p	25	22	11	21	0	2	8	3	43	9	6	6	0	0	0	0	5	15	11	4	1	10	7	8	16	26	127	14	2	7	8	10	29	12	62	7	0	0	0	0	9	5	4	14	4	0	9	26	7	24	3	7	15	20	19	3	12	0	1	2	0	0	0	0	20	0	0	0	16	5	88	5	3	15	48	4	8	37	65	18	12	27	19	22	29	4	3	0
hsa-miR-3121-5p	5	5	2	0	4	0	3	2	0	0	0	0	0	0	0	0	0	0	5	0	0	0	0	0	11	0	0	0	0	0	0	0	0	0	0	0	0	0	0	0	7	6	0	0	0	0	2	14	0	0	1	1	0	0	0	0	2	0	0	0	0	0	0	0	0	0	0	0	2	1	1	0	2	6	3	7	4	4	8	5	0	7	2	11	0	0	0	0
hsa-miR-3122	17	10	11	6	9	4	2	2	11	11	8	6	3	10	7	1	13	24	12	17	11	10	8	12	33	12	10	33	8	5	8	31	11	24	6	7	0	0	1	2	26	33	135	16	13	2	39	15	25	24	5	11	3	3	10	3	3	0	3	5	0	0	1	1	14	21	5	6	4	13	4	10	6	10	3	7	13	9	46	11	2	13	11	34	0	5	13	3
hsa-miR-3124-3p	20	17	19	8	15	3	6	13	16	6	12	10	28	72	63	19	33	35	19	20	10	89	11	18	56	13	4	35	20	16	18	11	17	25	10	5	7	12	48	7	41	28	31	31	24	3	31	35	35	29	13	8	11	8	26	4	13	13	1	8	13	8	0	3	26	28	5	2	7	14	6	17	12	33	5	11	25	27	81	37	10	37	26	64	2	7	17	3
hsa-miR-3124-5p	27	28	16	34	24	11	2	8	26	2	12	17	31	24	29	15	63	54	30	50	14	28	18	7	71	19	20	21	16	19	30	49	25	31	43	9	8	9	21	101	45	41	559	47	21	5	26	63	35	37	16	27	16	15	25	14	15	13	1	9	36	7	1	5	19	19	7	8	10	7	14	17	16	44	26	17	21	19	57	31	10	30	17	54	25	8	14	5
hsa-miR-3125	32	14	11	19	20	1	7	2	17	1	25	27	36	68	34	21	12	26	19	20	14	21	12	95	56	14	4	16	11	8	18	20	27	16	14	15	15	21	39	23	27	35	16	31	15	7	21	57	38	31	21	22	10	11	27	14	5	9	2	12	20	4	2	4	14	0	0	7	5	18	10	7	15	22	10	16	19	21	33	19	13	25	23	41	7	8	14	4
hsa-miR-3126-3p	20	10	15	12	9	10	11	10	26	3	39	8	17	24	31	6	9	18	19	21	32	32	26	17	99	10	4	19	6	8	25	28	12	24	9	16	10	13	14	12	32	12	11	24	13	3	15	21	14	20	4	7	16	4	8	2	11	4	3	5	9	7	1	10	21	0	0	4	4	23	4	21	7	25	5	13	21	11	18	16	6	17	21	30	4	8	5	5
hsa-miR-3126-5p	25	9	8	9	13	7	11	8	24	2	40	17	11	21	24	12	17	39	18	19	9	24	21	12	33	6	6	9	10	6	27	23	10	17	8	20	4	2	10	6	15	16	8	22	20	1	21	31	20	16	3	3	13	8	15	3	10	3	8	2	11	2	1	2	0	0	0	8	1	7	2	3	6	14	8	10	23	18	28	14	3	22	12	33	7	4	12	3
hsa-miR-3127-3p	6	6	4	7	3	2	3	3	9	0	17	3	25	16	20	11	13	12	11	16	6	14	10	70	33	12	10	8	9	1	15	5	13	11	8	6	3	6	9	8	12	5	10	6	10	4	11	20	6	11	5	5	9	7	11	7	0	0	0	0	0	0	0	0	0	0	0	3	5	7	6	6	8	12	13	0	11	10	12	15	2	7	17	29	0	0	0	0
hsa-miR-3127-5p	43	8	26	17	31	12	14	9	14	4	41	17	8	15	13	10	19	35	26	29	17	26	22	20	57	12	17	20	11	16	19	27	38	22	26	10	2	5	13	4	36	31	25	47	17	7	14	40	20	33	24	20	9	12	51	7	18	9	4	12	21	9	2	7	36	10	5	9	8	17	12	21	8	22	17	15	13	25	51	11	6	28	7	55	11	7	16	16
hsa-miR-3128	16	5	5	2	7	4	4	8	4	4	6	7	9	6	13	5	6	25	13	18	4	4	7	6	30	2	3	6	2	5	16	18	11	5	5	4	1	1	3	21	17	15	6	3	5	1	15	6	6	5	3	2	8	7	36	8	0	3	0	0	15	2	0	5	0	0	0	2	2	2	8	3	1	18	1	16	6	4	26	6	2	11	19	19	2	4	21	13
hsa-miR-3129-5p	15	6	9	7	16	3	0	3	20	3	20	12	16	11	11	4	14	42	8	9	5	17	4	8	31	18	11	15	7	7	10	16	4	14	2	8	5	2	4	12	26	18	9	22	7	4	27	14	6	10	14	7	9	5	10	4	14	3	1	9	14	3	0	3	0	0	0	7	8	6	3	7	4	14	8	8	14	4	22	11	3	18	11	25	3	2	9	7
hsa-miR-3130-3p	32	15	13	35	13	7	1	9	17	4	19	24	38	15	19	20	18	39	31	26	13	14	22	9	61	15	9	35	13	9	34	41	19	27	19	14	6	7	6	11	33	33	9	29	13	2	30	39	19	25	10	6	20	18	25	6	10	11	6	2	29	4	0	7	26	22	5	3	7	37	8	23	11	25	13	8	21	18	51	21	4	26	17	48	9	13	12	9
hsa-miR-3130-5p	23	17	79	24	29	14	13	15	18	13	37	23	35	47	49	22	44	38	42	46	26	82	31	27	80	21	9	35	20	18	37	36	31	35	18	18	17	24	20	18	55	36	30	51	18	10	37	55	58	37	42	23	16	15	53	11	24	14	10	13	34	9	0	7	17	19	8	8	15	80	9	19	16	44	31	29	29	38	69	17	11	43	21	75	10	19	24	3
hsa-miR-3131	38	14	24	31	16	12	16	7	18	1	24	27	27	32	19	18	24	36	26	23	21	47	39	15	72	21	8	27	20	14	31	36	25	24	18	16	18	14	13	15	45	29	22	117	16	2	30	34	20	37	12	14	15	31	24	5	24	8	1	18	30	11	1	8	43	0	0	11	5	21	11	19	12	35	11	12	32	31	65	22	2	29	16	80	6	13	13	6
hsa-miR-3132	8	5	13	5	8	2	8	3	7	1	8	7	12	19	22	5	18	12	17	12	8	22	17	13	28	7	4	6	8	10	6	14	14	12	10	9	2	7	10	11	18	12	14	12	8	3	5	26	17	12	16	29	4	4	9	2	0	0	1	0	0	0	0	0	47	0	0	0	0	0	0	8	5	10	7	16	21	12	20	2	2	10	2	13	0	0	0	0
hsa-miR-3133	13	16	9	12	13	6	6	12	17	5	12	15	12	22	19	8	14	15	16	5	16	21	9	21	53	8	7	14	3	3	20	19	12	10	8	3	0	1	6	1	14	24	10	15	6	2	4	16	4	12	4	6	9	9	14	5	4	7	2	4	25	3	0	1	22	16	5	5	8	5	23	7	5	18	31	8	8	7	29	3	5	13	10	29	7	12	16	2
hsa-miR-3135b	1147	1774	486	1752	75	40	193	7	607	172	233	193	256	1433	347	314	124	46	218	86	18	73	98	701	268	332	620	222	92	138	35	42	647	325	1676	76	135	400	239	27	55	24	62	34	74	7	15	667	347	1097	48	58	713	568	1167	25	561	767	45	179	97	53	0	11	637	166	169	30	228	44	1424	229	44	166	1298	65	172	1125	1425	487	657	1119	497	1593	996	41	189	8
hsa-miR-3136-3p	7	2	5	6	6	2	3	2	12	1	15	4	8	9	12	8	8	11	16	8	10	7	9	3	31	7	5	5	1	4	7	8	9	12	12	6	4	2	5	7	9	18	14	22	9	3	14	15	11	4	2	0	0	0	0	0	10	1	2	0	12	3	1	3	0	0	0	2	1	7	5	1	5	8	8	8	7	10	13	34	1	20	17	39	3	2	5	3
hsa-miR-3136-5p	26	11	17	11	10	2	2	1	7	3	9	13	16	14	26	4	18	9	12	15	22	20	19	12	36	9	19	20	17	5	14	13	13	18	18	7	0	4	14	7	13	14	16	5	9	2	5	20	9	10	6	9	7	14	16	9	9	1	3	3	9	1	0	2	0	0	0	0	8	7	12	10	8	15	12	12	9	12	36	13	1	27	11	22	0	0	0	0
hsa-miR-3137	3	6	5	8	6	7	4	3	5	9	2	0	13	35	38	7	27	44	29	28	3	40	3	138	30	25	17	10	50	15	19	24	28	29	22	19	3	20	66	22	22	18	27	18	10	38	14	28	81	34	68	61	4	17	5	11	0	0	0	0	0	0	0	1	0	0	0	2	6	3	20	16	9	20	20	17	6	11	27	21	2	19	22	34	2	1	3	6
hsa-miR-3138	118	82	62	103	40	9	20	11	29	3	41	37	69	179	125	58	100	92	71	83	77	51	78	81	124	69	47	69	38	30	34	48	138	91	141	42	44	94	142	59	87	76	93	62	29	33	36	153	102	119	40	47	55	76	75	27	102	91	11	39	24	11	1	3	109	32	52	12	65	63	67	48	63	49	162	52	56	134	221	68	52	112	69	119	85	12	39	2
hsa-miR-3140-3p	20	19	4	17	5	2	3	3	7	1	7	7	13	19	10	4	8	10	7	10	0	0	0	0	20	4	6	10	0	7	7	5	7	8	12	11	3	6	12	5	7	9	6	7	1	3	2	20	5	16	10	4	18	26	12	2	16	0	1	5	0	0	1	3	10	0	0	0	7	4	14	0	2	4	12	10	3	22	26	10	13	25	5	25	15	2	3	1
hsa-miR-3141	30	24	16	43	32	19	18	9	13	13	28	25	23	81	46	29	56	36	36	41	24	42	30	13	101	24	109	30	13	22	22	27	26	56	75	23	12	8	33	15	63	28	39	51	27	8	14	67	38	40	15	10	24	17	35	18	16	23	6	10	62	7	0	11	30	17	8	16	15	18	20	17	9	44	52	27	41	53	45	23	18	40	34	52	39	15	21	4
hsa-miR-3142	14	7	4	5	6	6	4	7	10	2	8	14	6	14	12	3	37	23	9	12	11	19	16	10	14	2	1	20	4	9	14	8	10	7	4	13	5	1	3	8	19	9	9	26	1	0	11	35	22	31	8	5	8	3	18	10	9	4	0	2	13	4	0	0	12	10	10	3	1	9	6	3	6	13	4	9	16	7	30	4	3	7	6	30	4	6	4	1
hsa-miR-3143	11	10	4	7	10	4	6	4	16	8	10	7	10	12	11	5	16	18	9	14	7	10	14	12	23	11	24	12	7	6	12	15	14	13	9	6	0	3	5	12	12	14	18	10	4	1	8	15	14	11	4	6	6	6	16	2	0	6	2	1	10	0	0	0	10	0	0	0	16	5	13	13	2	15	10	5	6	15	26	7	2	11	6	20	7	3	2	8
hsa-miR-3144-3p	23	9	10	8	6	3	3	7	10	1	15	35	15	18	18	11	14	23	13	20	14	23	12	11	29	15	6	12	5	8	13	21	13	26	5	4	1	5	9	12	13	9	12	24	5	0	5	23	25	16	9	4	4	7	27	8	8	4	1	6	12	2	5	2	0	0	0	6	8	15	8	10	8	19	16	15	12	21	26	14	5	14	9	41	4	8	8	2
hsa-miR-3144-5p	7	6	0	3	7	3	4	5	9	4	3	6	9	19	12	2	13	10	25	29	7	6	7	6	15	1	3	6	3	5	21	14	6	11	4	1	1	2	2	5	30	5	11	5	2	0	5	17	40	37	6	6	10	5	6	1	4	0	0	2	0	0	0	0	0	0	0	0	1	9	1	3	4	11	1	7	6	7	11	6	5	12	2	23	3	2	3	0
hsa-miR-3145-3p	8	8	3	4	17	1	2	7	20	2	5	6	3	11	7	5	8	7	8	9	4	11	6	8	40	7	2	9	4	5	9	6	4	6	7	7	1	1	2	5	4	7	4	10	5	0	2	3	9	11	0	1	8	6	8	5	0	0	0	4	0	0	0	0	17	0	0	0	9	7	2	5	5	11	6	8	9	5	7	8	0	0	0	0	3	10	3	4
hsa-miR-3145-5p	16	10	1	6	6	4	15	1	4	8	12	13	12	17	15	6	12	8	13	12	22	9	15	13	38	7	6	9	7	5	15	9	9	12	3	4	3	1	6	8	15	9	5	21	5	2	4	9	15	12	0	5	7	22	11	1	1	2	1	5	12	7	0	4	0	0	0	0	3	4	2	3	4	9	8	9	13	16	16	10	3	25	13	30	4	3	10	5
hsa-miR-3146	19	22	11	17	18	2	5	10	29	9	64	16	18	26	23	11	27	49	35	35	4	18	13	21	30	9	15	12	8	8	19	14	21	15	13	18	8	6	3	11	29	42	17	41	7	2	30	36	15	18	8	10	21	8	19	5	14	10	4	8	23	2	1	6	27	0	0	12	9	23	15	9	7	18	19	16	20	23	62	16	9	24	13	27	14	4	12	9
hsa-miR-3147	33	17	11	15	46	15	13	15	21	7	22	17	34	39	28	18	42	37	17	55	13	24	30	12	54	15	13	16	21	19	40	45	24	30	14	19	9	12	16	16	41	39	24	59	39	6	24	51	35	29	9	15	12	19	21	8	12	15	5	9	29	8	1	5	31	28	5	8	4	11	8	12	12	26	15	28	22	18	34	17	7	36	14	59	8	20	33	18
hsa-miR-3148	9	9	7	2	18	1	7	7	9	1	8	5	2	5	6	3	0	0	3	0	3	15	13	8	19	5	2	4	2	4	6	9	3	6	1	6	5	0	0	6	14	5	0	0	0	2	2	8	0	0	1	0	0	0	0	0	7	0	0	1	0	0	0	0	0	0	0	4	1	4	0	2	2	4	3	11	11	2	9	8	0	17	8	17	3	0	5	0
hsa-miR-3150a-3p	9	11	2	8	3	8	2	5	0	0	0	0	17	14	11	3	9	6	6	8	0	0	0	0	20	6	7	3	2	4	3	11	10	2	8	2	4	6	3	6	4	4	378	6	3	0	4	13	17	9	6	9	4	9	15	3	0	0	2	2	0	0	0	0	0	0	0	0	0	0	0	0	4	4	5	4	9	2	15	6	2	6	2	104	0	0	0	0
hsa-miR-3150b-3p	20	10	3	7	16	9	3	5	39	5	28	8	22	30	21	7	21	43	12	15	2	10	15	10	42	15	22	10	11	16	14	11	26	24	20	6	12	18	21	13	21	21	20	23	8	4	17	36	26	32	21	16	13	9	28	5	10	9	5	1	10	4	0	1	10	0	0	8	10	5	12	6	19	14	35	16	18	18	44	13	10	22	27	56	8	6	11	0
hsa-miR-3150b-5p	11	10	7	6	6	8	6	6	3	0	1	6	13	17	8	10	17	18	17	11	8	5	15	4	536	42	10	18	12	3	15	9	17	31	9	8	6	9	11	10	10	16	24	7	4	2	13	25	15	9	2	13	47	48	23	34	0	2	0	0	15	0	0	0	0	0	0	0	30	8	4	6	11	84	29	34	79	16	16	20	0	25	15	42	1	5	5	4
hsa-miR-3151-3p	64	21	14	9	14	8	2	1	8	5	11	9	8	19	11	11	21	22	19	22	18	52	35	53	41	7	3	14	22	11	25	13	11	9	7	11	5	10	15	3	35	14	15	20	24	9	13	22	13	25	9	9	16	18	32	9	9	4	2	9	17	5	0	7	17	17	1	4	5	17	6	17	5	22	10	12	44	12	21	8	3	15	10	41	6	6	6	6
hsa-miR-3151-5p	20	12	19	6	24	4	4	6	10	5	5	16	42	19	16	7	35	16	21	49	31	28	35	26	45	10	7	11	17	8	36	17	31	29	16	16	4	8	7	7	63	23	20	25	16	4	9	39	54	52	13	10	13	10	14	4	14	4	4	6	19	6	1	7	25	10	11	2	3	5	8	6	5	37	10	17	14	6	39	45	7	46	32	75	5	13	20	3
hsa-miR-3152-3p	5	9	7	1	7	0	4	2	0	0	0	0	11	18	17	5	12	22	12	11	6	13	11	10	19	11	3	8	4	4	9	10	7	15	11	3	3	5	9	5	19	9	13	9	4	2	8	16	6	6	11	4	0	0	0	0	0	0	0	3	0	0	0	0	0	0	0	3	2	4	2	5	4	6	8	4	5	8	24	1	4	9	3	12	0	0	0	0
hsa-miR-3152-5p	23	16	16	13	21	10	15	15	25	37	14	24	15	28	41	26	22	37	23	26	10	53	30	17	59	21	9	18	43	14	49	29	28	112	17	15	16	19	26	40	24	31	36	17	9	24	12	38	40	40	21	22	23	11	14	16	10	16	4	9	21	8	0	8	12	0	0	11	20	18	28	9	19	27	13	18	23	10	43	247	2	128	165	157	10	13	15	17
hsa-miR-3153	17	15	8	11	18	3	2	8	12	2	9	12	17	30	33	14	20	27	12	17	10	13	14	14	38	16	6	19	11	10	10	22	15	22	12	10	5	19	31	9	15	20	23	17	20	15	14	46	11	20	6	6	6	6	27	4	0	0	0	0	0	0	0	4	10	0	0	1	3	9	3	9	15	26	21	11	14	16	38	9	1	21	5	27	2	5	7	2
hsa-miR-3154	12	7	10	10	7	6	9	10	9	3	13	14	11	13	13	6	8	16	14	9	13	19	7	32	56	3	4	11	4	3	6	10	9	8	11	4	5	7	5	8	12	11	8	12	9	1	10	15	8	11	10	8	15	2	9	2	9	12	0	3	12	4	1	3	41	0	0	4	5	6	4	9	5	14	7	11	5	14	22	15	12	15	10	27	3	5	11	0
hsa-miR-3155a	7	4	3	7	4	0	1	1	11	1	9	1	3	11	11	2	7	9	7	6	5	14	5	7	25	0	0	0	3	3	7	12	10	8	2	1	4	3	1	4	13	5	10	12	4	0	6	8	7	14	2	7	0	0	0	0	2	0	0	0	0	0	0	1	11	0	0	0	0	0	0	4	4	8	3	8	5	3	14	2	0	0	0	0	0	0	0	0
hsa-miR-3156-3p	8	3	5	1	8	4	4	4	0	0	0	0	7	13	8	3	15	3	9	11	3	7	8	7	27	0	0	0	6	5	4	12	10	11	4	4	1	2	7	8	5	5	10	12	4	0	3	11	26	4	1	13	5	4	10	6	0	0	0	0	0	0	0	0	51	12	0	0	0	0	0	6	7	11	3	6	9	13	9	6	1	6	5	16	0	0	0	0
hsa-miR-3156-5p	12	6	6	7	5	7	2	3	7	0	6	4	17	22	21	17	23	25	12	26	6	14	6	6	20	10	5	8	3	3	20	32	8	9	11	8	3	6	11	6	17	17	13	24	9	10	11	26	8	14	7	13	11	10	10	1	0	0	1	0	0	0	0	0	0	0	0	0	1	9	2	1	2	24	8	6	5	2	17	6	1	4	12	23	0	0	0	0
hsa-miR-3158-3p	26	14	20	14	17	7	22	13	15	4	22	27	30	28	25	19	30	30	10	40	24	40	54	34	68	14	17	30	22	45	27	55	18	24	20	7	23	11	11	22	49	21	12	17	7	3	7	23	25	21	4	5	13	18	64	13	5	14	2	10	28	7	2	4	14	26	6	8	31	25	9	29	11	19	22	14	19	32	31	21	9	24	20	31	3	7	12	11
hsa-miR-3159	15	9	7	4	15	6	6	1	7	3	13	6	15	14	29	3	30	15	26	16	7	8	17	14	57	9	12	11	10	13	15	18	14	12	6	8	6	6	13	9	22	17	90	21	4	2	11	21	19	12	11	11	0	0	0	0	0	1	2	4	11	0	0	0	0	12	11	5	3	12	6	7	10	24	9	12	6	13	22	16	1	17	11	26	4	2	3	1
hsa-miR-3161	17	7	8	16	8	0	7	5	12	6	19	12	12	14	15	6	21	17	21	8	4	22	9	6	35	8	9	4	9	4	9	14	14	10	7	6	3	4	7	13	17	17	8	14	2	2	23	29	12	15	18	4	4	4	6	2	7	3	2	3	9	3	1	0	0	12	0	3	3	6	7	7	2	9	16	11	16	11	30	14	1	17	21	23	8	0	8	0
hsa-miR-3162-3p	24	9	21	12	38	7	15	2	8	13	18	19	26	36	52	19	30	24	21	26	13	17	21	20	55	14	6	20	24	13	20	40	13	25	10	15	6	11	35	12	32	23	41	47	11	7	12	30	35	18	13	6	16	11	15	6	17	8	1	9	29	6	1	13	15	22	4	8	3	11	5	24	18	35	14	30	15	15	42	17	7	33	17	58	10	13	10	3
hsa-miR-3162-5p	13	4	7	4	11	6	9	8	6	7	7	24	11	9	13	6	11	13	18	15	8	22	20	10	23	6	4	2	12	3	8	9	14	6	14	3	5	6	8	5	10	8	156	11	7	1	6	13	10	7	2	28	5	20	17	3	0	3	0	1	9	0	3	0	14	0	0	0	1	7	3	8	2	9	12	8	13	12	24	4	3	11	12	13	5	4	5	6
hsa-miR-3165	6	4	9	3	2	2	2	1	4	4	3	2	14	7	12	9	8	6	9	9	5	4	9	14	13	7	10	10	4	1	16	4	15	17	7	13	5	5	6	8	23	15	13	13	5	2	5	13	10	11	10	4	0	0	0	0	0	0	0	2	0	0	0	0	0	0	0	0	0	0	0	1	9	10	18	6	9	10	23	3	1	12	6	35	0	0	0	0
hsa-miR-3167	0	0	0	0	8	0	1	0	0	0	0	0	6	14	8	6	14	7	9	2	0	0	0	0	17	0	0	0	2	2	11	11	7	10	8	2	1	2	13	5	13	10	9	12	7	0	5	10	4	7	2	3	0	0	0	0	1	1	0	0	15	1	0	0	0	0	0	1	0	0	0	0	4	10	1	3	1	12	13	3	0	0	0	0	0	0	0	0
hsa-miR-3168	94	68	173	75	493	681	291	371	127	270	171	96	72	181	271	159	197	418	84	100	127	50	95	14	7516	281	1439	165	35	153	218	201	494	2310	1150	217	27	209	38	106	78	56	38	77	169	53	105	335	151	56	81	144	38	54	35	39	187	452	72	45	407	33	2	15	61	19	853	207	107	141	11	26	2011	790	6324	4198	768	121	4971	123	422	890	1581	952	87	1587	74	102
hsa-miR-3170	19	13	12	9	20	9	10	8	8	4	27	18	27	38	42	12	33	51	22	39	31	11	13	13	53	15	6	18	25	19	34	35	39	34	8	15	13	19	24	34	31	23	28	30	19	12	14	48	64	38	60	49	13	7	15	21	10	8	4	11	24	5	1	4	16	23	3	15	5	16	3	18	8	23	17	16	21	12	20	16	9	25	12	46	6	14	9	17
hsa-miR-3173-5p	19	12	13	22	17	2	9	13	13	11	22	19	20	43	36	10	19	23	21	9	13	19	13	18	38	17	35	18	8	15	17	36	20	12	24	4	9	12	18	9	14	19	27	16	13	2	7	22	30	27	6	11	16	23	23	9	13	10	3	0	14	6	0	2	31	16	6	5	9	12	12	6	9	9	40	21	11	43	56	12	15	34	11	41	30	8	19	2
hsa-miR-3174	10	9	3	18	1	2	9	2	12	3	10	6	17	33	20	5	9	7	4	11	2	4	2	10	29	7	14	3	1	3	9	3	18	6	24	7	4	9	11	7	3	3	9	5	3	4	7	17	27	18	21	25	9	8	14	1	10	0	0	0	0	0	0	1	0	0	0	0	8	4	20	5	6	15	19	5	4	20	11	5	7	9	7	15	17	4	3	2
hsa-miR-3175	8	12	6	9	8	2	12	3	43	5	21	11	19	87	18	13	15	13	10	10	2	9	4	10	44	130	382	59	1	4	16	9	18	18	28	4	4	22	19	9	14	9	15	18	9	5	7	68	34	34	4	6	10	13	45	5	15	48	2	6	14	8	0	2	21	17	4	2	8	8	22	8	4	22	141	9	11	146	151	24	27	36	19	55	29	2	0	3
hsa-miR-3176	25	13	9	10	20	15	5	6	14	0	13	13	16	21	22	17	16	18	11	24	6	17	11	10	70	14	13	32	16	16	19	23	21	11	20	9	5	5	6	16	43	27	27	36	6	2	15	30	17	17	8	5	6	14	31	6	7	12	1	8	29	3	1	4	17	18	8	9	6	7	8	12	12	31	10	16	19	17	43	13	2	19	16	36	11	2	13	2
hsa-miR-3177-3p	15	15	6	19	5	8	3	2	8	1	4	5	12	30	13	8	3	6	8	8	7	12	7	9	23	14	19	13	1	8	4	11	16	5	38	2	7	11	12	7	6	4	9	3	3	1	5	13	6	14	13	6	16	11	13	5	16	14	2	7	6	3	0	3	14	0	0	0	6	7	13	3	3	9	36	3	11	27	36	9	19	12	12	31	19	1	3	2
hsa-miR-3178	26	14	24	22	33	6	16	8	44	10	65	12	33	35	47	23	39	85	70	46	11	28	42	31	147	29	26	32	30	17	35	26	29	51	30	41	13	19	22	30	57	43	228	54	39	9	76	77	40	66	40	23	32	21	84	12	26	9	6	12	12	7	7	11	60	16	10	10	10	15	10	19	15	58	22	19	34	28	44	83	6	92	70	132	9	14	19	6
hsa-miR-3179	7	4	2	5	17	5	1	1	11	3	10	13	6	14	12	1	11	10	7	7	0	0	0	0	13	2	4	3	0	7	5	12	5	7	8	6	7	3	5	6	16	15	4	11	2	1	11	13	10	8	10	2	0	0	0	0	6	7	0	0	20	6	0	0	10	10	2	0	3	5	2	0	0	8	4	8	4	18	42	6	1	14	9	22	2	6	5	1
hsa-miR-3180	0	0	0	0	6	2	2	4	0	0	0	0	11	12	11	1	4	10	0	3	3	10	9	8	20	0	0	0	1	1	4	2	0	0	0	0	1	4	4	2	4	4	5	4	4	0	0	3	2	5	2	1	6	3	5	1	4	0	0	0	0	0	0	0	0	0	0	0	2	6	3	6	0	0	7	0	4	9	10	2	0	5	5	10	0	0	0	0
hsa-miR-3180-3p	4	4	3	9	8	1	10	5	0	0	0	0	11	4	5	3	0	0	4	0	0	0	0	0	14	1	4	5	13	5	4	6	9	9	12	4	2	6	7	5	5	4	0	0	0	2	7	17	0	0	5	4	6	6	8	4	0	0	0	6	0	0	0	0	11	0	0	0	2	7	2	0	5	8	8	6	8	5	14	10	1	13	10	26	0	0	0	0
hsa-miR-3180-5p	41	24	21	25	40	7	15	7	17	24	24	15	27	55	48	22	33	46	21	44	14	31	34	13	145	41	26	25	26	18	37	25	53	56	41	21	10	23	48	26	47	47	32	38	28	18	19	52	54	46	19	18	23	30	56	11	18	20	5	13	22	11	0	3	102	14	9	12	10	16	5	24	30	56	43	37	40	30	65	47	13	61	55	98	10	15	11	6
hsa-miR-3181	21	15	26	16	13	6	6	4	10	16	14	11	27	49	46	15	37	54	31	29	22	13	17	20	77	32	22	35	41	14	38	19	27	28	21	30	10	22	42	38	43	46	65	31	25	14	37	48	39	39	22	26	9	11	17	4	7	0	4	3	0	0	0	1	32	0	0	8	6	19	2	17	13	53	31	13	33	24	54	35	2	21	32	44	5	8	11	5
hsa-miR-3182	789	79	62	86	77	21	26	19	107	62	156	55	63	126	114	43	67	99	110	73	35	56	199	75	248	57	42	48	12	36	61	62	41	79	20	37	13	11	36	17	127	79	87	118	47	11	57	115	41	67	74	32	105	158	3364	38	69	25	17	48	98	50	2	16	85	37	13	35	77	58	45	54	37	114	42	32	157	71	157	87	22	94	75	201	40	20	39	17
hsa-miR-3183	51	28	17	14	86	12	7	25	21	9	20	16	24	31	19	20	33	32	23	41	15	18	33	29	84	15	9	22	22	14	47	31	27	27	23	19	12	7	20	16	30	38	28	32	27	6	21	52	44	39	15	16	19	21	34	24	8	16	5	9	13	9	0	6	16	19	1	7	17	19	7	24	17	41	21	22	28	23	35	19	7	29	9	87	10	7	14	6
hsa-miR-3185	35	13	25	10	24	4	4	9	17	10	10	17	21	33	31	15	23	27	17	31	11	24	32	7	73	27	10	31	21	14	20	26	20	20	9	11	7	12	13	27	43	58	309	28	14	9	42	39	25	38	20	16	13	9	15	7	6	8	2	4	16	10	1	6	13	14	7	15	8	34	2	15	16	32	19	17	37	26	38	19	7	17	24	48	1	6	9	12
hsa-miR-3186-3p	125	75	138	77	26	6	9	6	14	11	26	174	79	112	127	47	83	78	69	87	85	86	126	98	133	50	47	54	38	40	55	98	53	72	55	39	34	35	109	47	73	70	70	88	28	15	39	107	85	107	59	36	45	30	73	37	16	12	2	11	45	10	2	10	103	16	4	11	76	89	18	101	43	59	65	29	54	30	94	48	11	38	49	75	8	9	20	18
hsa-miR-3187-3p	31	13	18	41	14	4	5	7	26	6	15	14	20	84	43	25	28	38	23	19	5	18	20	9	68	32	34	11	3	30	17	39	34	24	57	14	22	26	41	18	25	33	41	14	13	16	9	45	25	58	8	12	25	33	43	9	42	28	5	24	3	5	0	3	26	13	8	0	19	1	36	6	18	55	44	22	28	30	48	17	16	28	18	40	38	5	7	5
hsa-miR-3187-5p	36	2	19	4	9	11	4	3	7	0	10	6	25	38	36	12	28	32	26	27	9	28	42	7	52	15	8	13	21	8	13	11	22	23	24	13	10	5	32	11	21	22	41	19	23	10	11	38	17	43	16	10	6	4	9	5	5	3	0	5	15	0	0	0	0	0	0	4	0	0	0	7	14	25	20	13	17	16	35	7	2	7	10	47	2	6	4	3
hsa-miR-3188	23	13	10	20	14	7	10	4	8	5	14	26	26	61	34	13	17	16	13	16	8	10	14	25	62	22	27	15	14	10	16	28	40	20	51	15	6	10	16	11	21	22	22	21	3	2	7	33	25	28	9	3	5	21	29	4	6	7	2	5	11	2	0	6	27	0	0	6	9	9	17	12	6	27	23	9	16	27	49	21	18	22	13	50	6	0	4	2
hsa-miR-3189-3p	7	11	8	6	16	2	9	5	18	11	24	17	15	18	20	8	21	29	25	24	11	10	18	13	61	10	5	26	6	14	21	28	20	36	9	16	6	5	7	14	25	21	14	21	20	3	19	21	15	17	19	12	4	13	11	3	5	8	2	4	15	3	0	3	52	10	8	4	6	18	3	9	8	30	7	9	11	15	33	65	5	58	52	66	1	6	9	6
hsa-miR-3190-3p	12	5	5	6	3	0	3	2	0	0	0	0	5	7	6	1	8	6	4	10	0	4	3	3	23	5	10	5	0	0	0	0	7	2	17	4	1	3	5	7	4	1	5	4	3	1	3	9	6	15	3	8	7	13	5	3	0	7	0	0	0	0	0	0	0	11	4	0	2	0	6	2	1	5	11	2	6	11	19	3	0	0	0	0	0	0	0	0
hsa-miR-3190-5p	70	26	24	19	26	11	7	10	20	5	19	18	33	65	53	25	55	46	35	49	24	46	33	26	139	51	39	51	19	16	30	39	27	38	15	25	20	18	35	31	53	42	33	36	45	10	24	61	54	76	42	54	31	21	121	22	21	10	4	8	30	12	0	4	15	24	6	8	14	34	11	25	59	97	57	40	58	60	107	60	9	39	42	149	13	13	10	6
hsa-miR-3191-3p	6	9	6	10	10	1	3	5	3	2	6	1	10	21	10	4	10	10	7	13	0	0	0	0	27	5	9	9	1	1	4	8	13	8	14	8	4	3	15	4	10	5	9	8	6	1	9	14	19	26	2	5	7	8	12	0	18	13	2	8	4	1	0	2	10	0	0	0	2	3	8	0	4	11	5	5	8	16	21	3	5	22	7	10	9	3	4	5
hsa-miR-3191-5p	10	11	6	9	14	6	3	9	3	2	9	9	9	21	17	4	18	17	7	14	4	56	22	4	34	7	11	15	7	6	26	14	14	12	16	10	2	6	14	15	21	18	7	13	12	1	10	13	15	24	5	4	8	9	11	5	12	3	0	2	14	1	0	0	0	10	2	8	1	5	3	11	4	18	9	18	23	19	23	10	5	15	10	43	5	4	7	2
hsa-miR-3192-3p	9	8	14	11	22	5	1	4	10	8	10	13	20	21	31	10	40	26	14	21	14	88	6	11	82	16	14	27	24	13	29	18	20	34	14	18	9	21	19	20	26	35	35	34	18	10	15	29	39	35	13	10	17	6	19	6	6	10	1	8	18	6	0	3	21	22	3	8	2	9	6	10	10	35	20	27	17	16	51	20	5	25	24	68	7	8	11	7
hsa-miR-3192-5p	16	9	3	16	17	3	5	4	6	3	10	7	7	25	12	15	11	11	8	7	12	9	12	12	23	5	5	6	7	9	10	12	11	20	10	5	6	3	5	12	8	10	13	6	3	0	7	23	16	18	9	5	5	6	13	8	9	11	2	6	12	5	0	8	0	0	0	2	7	11	8	11	1	13	14	10	6	16	27	14	3	20	13	24	4	6	10	5
hsa-miR-3193	14	6	3	5	6	4	4	14	7	1	9	39	11	15	21	4	18	26	15	17	11	8	10	5	42	9	6	6	5	6	10	18	3	12	7	12	2	4	3	14	20	21	18	24	12	3	16	11	15	11	10	3	10	7	23	2	5	0	0	4	0	0	1	0	0	0	0	3	3	7	9	10	0	15	15	7	7	7	26	5	2	6	6	17	4	5	2	5
hsa-miR-3194-3p	12	7	3	7	7	3	1	2	8	7	21	5	13	35	22	10	23	14	27	15	11	11	10	5	25	13	8	7	1	5	15	10	12	20	5	3	4	5	23	20	9	23	9	21	5	4	28	26	18	21	23	10	5	8	8	8	3	0	0	0	0	0	0	2	0	0	0	2	2	5	4	6	8	12	7	12	10	6	22	7	5	14	11	12	6	3	3	5
hsa-miR-3195	39	13	17	0	12	3	6	6	5	4	9	6	14	23	23	8	20	20	11	21	7	45	43	18	74	16	6	17	22	5	12	16	8	19	5	8	8	6	13	10	16	20	224	20	13	6	9	22	23	9	10	7	4	12	28	12	8	4	5	3	9	0	0	0	37	12	1	5	12	7	1	4	9	23	11	19	72	10	29	9	5	6	7	22	2	2	0	2
hsa-miR-3196	23	18	17	12	10	5	3	11	12	2	9	2	19	16	15	7	18	19	9	17	11	11	13	4	54	15	11	15	9	10	19	11	14	17	13	9	3	3	15	9	16	23	25	19	9	3	22	26	13	7	4	6	10	3	12	3	13	4	1	1	16	2	0	0	39	14	1	1	3	8	2	13	10	21	10	13	10	11	32	37	4	25	31	98	4	4	4	6
hsa-miR-3197	26	62	14	4	13	7	2	7	12	38	20	8	11	15	13	8	16	18	18	17	20	4	17	5	48	10	4	15	13	2	5	14	9	22	8	9	5	0	6	9	14	18	11	16	7	2	6	21	15	12	6	5	7	4	77	10	5	4	1	4	12	5	1	0	14	0	0	3	3	10	2	7	8	16	13	7	13	8	27	17	4	16	18	56	3	4	6	3
hsa-miR-3198	39	13	10	19	23	3	6	5	16	8	10	8	11	37	14	6	13	15	6	10	5	19	26	13	52	11	13	10	10	9	17	12	18	14	15	8	5	0	18	8	14	10	9	22	10	2	7	22	15	19	6	9	11	21	61	9	20	24	4	9	12	7	1	0	75	13	10	6	5	10	16	8	16	18	19	6	11	26	39	15	10	32	11	52	16	7	13	3
hsa-miR-3199	6	4	3	7	5	0	0	1	6	1	3	4	6	9	10	3	25	14	10	23	0	0	0	0	21	7	5	10	5	1	10	3	6	8	2	2	2	3	3	3	20	7	2	7	3	2	3	8	10	9	4	3	7	1	6	3	0	0	0	3	0	0	0	0	0	0	0	0	0	0	0	0	3	5	2	6	6	6	12	15	5	13	6	19	0	1	4	2
hsa-miR-32-5p	151	105	26	182	19	19	58	33	596	10	19	100	86	311	58	53	41	65	27	28	66	95	111	206	148	198	790	38	9	94	30	90	121	80	214	18	31	14	23	10	24	27	9	19	18	8	11	219	17	115	8	9	89	152	166	12	24	24	5	45	29	7	1	10	230	26	35	17	1201	17	1548	84	16	68	114	18	49	262	291	30	117	91	35	85	187	11	13	7
hsa-miR-3200-3p	61	30	32	43	20	10	19	15	33	4	28	22	36	66	50	24	77	61	37	40	24	42	43	34	96	58	46	40	29	31	31	48	47	39	21	18	28	26	54	31	41	43	55	45	28	11	11	49	38	55	24	25	30	20	65	18	12	21	2	11	34	9	1	10	28	0	0	10	62	34	12	38	23	53	54	24	33	37	89	37	12	32	26	51	13	9	13	4
hsa-miR-3200-5p	11	5	3	10	11	4	8	6	16	0	14	5	9	19	8	4	14	18	12	10	9	6	15	5	19	5	7	13	1	5	17	12	7	9	8	5	11	10	3	3	23	12	3	21	4	7	16	9	4	7	3	0	13	7	16	0	8	2	1	0	14	0	0	0	11	0	0	4	2	1	6	4	2	6	8	8	2	9	21	14	2	16	11	26	0	0	0	0
hsa-miR-3202	7	1	1	4	1	8	5	1	6	1	13	6	6	8	10	5	5	4	0	2	3	3	7	5	14	2	6	7	2	9	9	5	11	7	10	4	1	2	6	12	4	8	5	13	2	0	0	8	16	7	3	3	5	3	8	8	0	0	1	3	0	0	0	0	0	0	0	0	0	0	0	4	2	21	3	2	3	14	10	8	6	6	5	16	11	12	12	40
hsa-miR-320a	5494	5424	1571	6240	1966	768	1648	926	3746	691	1984	1769	2432	12508	3101	2900	1238	1160	1959	679	401	1192	1264	3046	6611	8567	13248	7979	1202	3380	1067	2791	15865	2361	26087	1139	3043	8230	6014	676	383	480	583	224	756	116	272	10341	4086	9816	963	1329	3718	5811	6043	651	6946	8583	698	3300	973	546	23	142	7361	2196	4955	503	2299	382	5075	1248	1274	2719	11648	1106	2158	23478	33800	1721	6237	6377	2759	9834	6797	514	1452	190
hsa-miR-320b	642	464	267	524	280	114	225	148	294	137	272	200	203	680	259	245	205	163	172	78	95	177	191	271	631	481	557	505	209	414	163	498	876	332	1155	186	245	498	385	98	65	51	57	37	62	21	31	604	385	673	91	108	243	354	412	128	334	486	49	203	88	62	5	23	724	308	363	71	159	137	297	209	186	276	835	240	200	1082	1965	246	371	580	370	870	320	74	141	57
hsa-miR-320c	252	271	118	379	133	71	142	87	139	46	146	140	95	407	170	140	138	106	119	86	62	102	106	130	293	193	200	181	120	179	102	281	395	170	484	94	124	213	156	46	50	44	36	31	38	13	27	294	249	519	68	74	123	192	230	82	193	276	35	127	45	37	1	26	437	212	165	39	75	78	156	114	76	162	466	88	112	498	692	130	206	382	185	505	188	46	72	39
hsa-miR-320d	71	83	31	81	57	22	41	14	47	24	35	21	40	102	52	27	31	44	46	24	16	33	36	61	109	46	75	66	48	42	39	59	115	38	126	39	32	66	48	20	37	23	8	27	19	4	26	94	72	147	26	22	55	41	74	28	43	62	9	44	22	18	0	7	90	58	59	23	32	27	62	28	25	51	123	22	36	145	231	34	47	101	56	128	55	22	36	14
hsa-miR-320e	132	21	21	13	19	14	16	8	29	11	28	19	18	36	29	16	19	32	14	21	10	18	14	17	65	16	14	30	24	13	28	28	42	24	42	14	6	20	18	19	25	28	12	19	13	4	18	38	39	37	12	11	19	20	47	14	16	9	4	12	28	3	1	4	45	23	5	8	12	14	7	14	8	40	26	20	17	46	69	21	10	42	22	60	17	12	15	7
hsa-miR-323a-3p	55	97	17	70	8	4	27	7	205	15	41	39	30	63	44	21	19	19	38	21	6	8	10	39	76	171	795	81	16	37	19	15	255	31	338	15	55	46	105	17	17	15	81	8	20	4	33	180	136	873	53	57	162	243	182	6	174	69	9	36	14	4	0	2	182	92	44	6	8	9	7	3	7	31	313	7	50	469	452	22	65	52	31	87	308	14	38	8
hsa-miR-323a-5p	32	9	12	10	20	3	3	4	23	4	63	31	32	43	50	25	35	63	37	42	1	29	24	9	94	29	17	32	22	8	23	32	40	39	18	16	17	11	29	26	37	59	426	34	19	12	51	57	61	41	35	20	16	23	50	8	14	0	2	6	0	0	0	3	14	0	0	2	6	10	5	11	14	31	18	20	32	15	33	46	3	26	24	56	7	6	14	6
hsa-miR-323b-3p	339	706	27	410	8	11	30	4	332	23	70	66	45	165	53	57	32	41	52	33	1	5	19	90	108	286	1274	76	8	35	18	47	218	59	238	19	68	60	133	14	22	10	26	26	17	7	12	263	269	1362	60	67	109	226	183	6	223	64	11	27	11	3	1	4	280	105	55	10	9	7	37	8	25	46	508	24	121	815	717	70	61	107	58	112	377	9	40	4
hsa-miR-323b-5p	32	16	23	8	39	6	15	9	15	5	25	24	32	27	33	17	17	24	20	33	19	28	32	26	61	6	7	27	22	6	34	41	22	21	13	15	13	16	10	17	25	20	25	28	11	3	20	38	31	34	19	20	8	11	22	10	6	4	3	6	10	7	0	2	15	25	1	7	5	23	8	27	10	24	18	19	19	7	29	21	2	19	24	40	5	8	13	3
hsa-miR-324-3p	269	234	92	248	36	13	67	24	246	6	67	63	82	241	80	69	52	35	34	25	25	55	67	118	231	167	604	92	38	112	71	141	286	53	429	16	62	74	83	18	30	37	24	26	20	5	22	118	48	128	12	15	159	170	226	30	143	88	9	46	58	12	0	9	117	50	23	18	141	45	398	66	25	86	402	45	86	358	671	47	97	112	56	143	160	15	26	5
hsa-miR-324-5p	277	374	46	294	34	22	98	79	373	32	97	192	114	305	109	82	103	201	102	56	47	121	151	164	353	235	1454	140	106	229	79	200	224	134	427	39	121	128	107	43	40	42	57	24	32	14	39	165	102	147	30	32	208	311	523	82	93	87	20	82	103	15	1	19	165	74	63	27	360	42	824	84	57	126	566	82	106	562	1136	90	151	217	96	167	198	16	24	20
hsa-miR-325	5	9	14	4	8	4	3	4	6	11	5	12	6	7	6	4	5	24	5	11	1	13	14	4	28	0	0	4	1	5	1	8	7	11	3	6	0	1	2	4	16	10	7	14	7	0	9	13	7	11	5	4	6	1	4	6	7	5	2	2	17	4	0	0	0	0	0	2	4	2	1	2	3	12	3	14	4	9	12	4	0	9	8	22	0	0	0	0
hsa-miR-326	1377	2244	244	725	57	15	210	14	1657	196	127	125	102	601	96	131	89	32	119	34	29	39	100	468	510	627	4718	227	53	208	33	48	1172	160	1873	49	136	185	250	27	34	32	34	29	31	14	24	399	185	450	21	27	499	754	666	16	501	274	28	87	62	39	3	9	470	110	106	18	571	40	3406	209	41	201	1649	71	226	1498	2580	112	355	331	156	348	576	33	48	9
hsa-miR-328-3p	2627	1269	865	4449	280	150	415	100	444	168	795	562	579	4536	1092	491	316	193	509	309	45	114	322	1286	894	1616	2759	535	221	426	112	242	2534	687	4673	224	467	881	1486	125	121	111	201	126	281	39	51	1567	1150	2201	429	478	1584	1563	1769	94	2997	2750	219	839	249	262	7	43	3275	1223	928	118	397	82	923	322	101	415	2889	272	581	2765	3764	552	2369	2735	883	2030	4809	190	665	29
hsa-miR-328-5p	18	7	8	6	15	0	3	10	13	11	28	11	5	12	16	3	5	20	21	12	10	8	15	22	56	8	12	18	11	2	6	8	9	14	8	4	7	4	6	9	18	11	7	8	9	1	18	24	18	9	6	2	7	10	13	10	7	8	1	0	19	6	0	9	16	16	2	6	2	9	2	8	4	19	10	9	10	7	42	34	9	45	26	70	2	5	8	6
hsa-miR-329-3p	56	62	10	65	5	4	15	1	87	3	10	17	9	31	14	14	4	7	15	10	3	8	10	37	35	41	357	8	2	4	3	6	58	14	99	3	8	9	15	3	6	5	6	2	2	0	3	47	21	92	0	9	73	97	50	6	31	16	3	0	11	1	0	1	65	10	13	0	7	9	17	3	6	24	132	9	12	128	210	14	21	32	16	28	77	2	6	3
hsa-miR-329-5p	31	22	28	31	18	6	5	2	9	14	18	36	38	67	97	28	64	55	35	43	18	15	11	19	37	23	35	9	26	23	23	25	57	52	38	28	23	30	86	60	37	42	55	21	25	33	26	44	160	125	95	135	17	40	27	9	21	20	0	4	11	5	0	1	36	14	18	3	11	9	9	10	14	24	44	18	12	41	66	29	10	37	28	49	36	10	16	6
hsa-miR-330-3p	58	67	22	71	11	2	14	0	63	5	20	15	24	89	38	18	15	14	21	14	4	11	10	29	39	29	183	18	7	8	10	6	73	14	125	1	5	13	33	7	8	7	15	9	6	5	6	77	23	66	7	13	34	40	61	3	47	34	2	11	8	4	0	2	38	4	11	0	18	5	144	16	3	20	84	6	22	107	211	10	25	40	12	45	68	7	11	3
hsa-miR-330-5p	70	53	12	93	3	2	12	1	37	0	17	18	22	47	20	14	11	12	10	6	3	9	15	23	64	46	213	20	10	11	3	13	27	11	132	5	5	16	18	4	8	5	4	9	5	0	13	30	14	24	1	3	28	31	63	4	19	22	4	11	6	3	1	0	25	0	0	4	18	5	206	18	5	13	70	7	14	86	120	8	34	35	10	36	71	4	2	4
hsa-miR-331-3p	191	108	23	192	14	4	18	6	144	8	33	37	32	129	35	28	28	25	39	16	11	29	42	92	84	110	984	31	14	24	16	18	146	49	278	19	20	16	54	11	27	21	11	20	17	1	8	68	51	59	13	11	81	77	70	5	88	55	5	20	35	5	0	4	107	28	24	7	80	18	327	25	9	27	312	16	54	263	560	29	80	94	38	92	191	9	18	1
hsa-miR-331-5p	29	17	7	12	2	5	6	6	9	2	7	9	15	26	17	10	15	24	9	11	7	12	16	38	43	13	31	10	9	7	12	27	17	13	10	6	3	6	6	6	16	13	8	14	10	3	10	23	12	22	5	3	6	13	16	6	6	4	0	4	19	0	0	5	16	0	0	2	8	11	24	14	3	17	16	22	16	25	57	14	12	9	9	28	15	7	5	2
hsa-miR-335-3p	161	335	30	236	21	4	112	17	157	18	36	57	74	230	96	54	81	43	47	42	17	22	42	145	80	133	749	41	24	39	24	25	171	68	205	20	23	32	83	29	32	35	28	49	31	16	21	199	80	184	46	30	104	145	142	6	100	31	3	18	23	11	2	6	139	36	36	17	100	17	515	27	24	51	331	22	47	507	747	51	144	177	62	176	207	16	29	6
hsa-miR-335-5p	1332	819	146	1685	30	30	131	24	2528	32	190	347	283	1466	248	183	91	41	141	44	40	86	239	766	412	1701	8407	191	16	155	55	75	580	183	1131	47	41	52	194	9	29	21	36	33	29	11	19	660	155	544	26	22	1101	1274	709	26	346	161	14	60	74	47	3	9	542	157	99	12	696	34	4420	238	35	279	1514	44	246	2771	3411	104	568	455	175	429	1685	24	82	21
hsa-miR-337-3p	13	18	4	4	14	0	2	3	62	2	5	6	5	14	16	4	5	11	9	12	2	3	6	15	20	24	165	5	5	2	11	6	12	4	27	4	1	3	10	2	11	8	9	12	6	2	3	17	5	27	13	3	16	33	20	5	12	0	1	0	0	0	0	0	18	0	0	0	1	3	2	2	5	12	35	3	4	47	75	9	3	7	7	9	27	4	8	4
hsa-miR-337-5p	71	61	14	72	13	6	23	6	143	5	19	28	27	75	88	23	52	36	24	33	14	26	31	80	97	136	959	42	9	8	20	25	64	37	122	11	14	15	75	25	12	21	48	17	12	12	9	69	92	130	25	45	120	127	105	12	29	21	2	6	7	3	0	3	114	38	31	11	21	15	21	15	18	59	188	19	39	223	361	32	13	28	20	33	115	0	10	11
hsa-miR-338-3p	436	423	43	335	12	8	122	3	1270	30	51	78	65	279	65	51	25	24	16	27	38	37	37	115	239	280	1516	72	14	35	25	24	159	53	379	13	42	41	57	2	12	4	10	10	22	3	3	118	74	145	11	7	203	212	183	13	94	90	3	14	30	8	1	2	163	33	16	6	484	17	843	54	21	80	261	35	73	341	406	32	152	128	46	102	327	14	21	10
hsa-miR-338-5p	25	8	9	13	15	6	3	4	37	8	27	9	15	14	13	3	14	9	15	12	5	17	19	25	26	14	23	5	8	3	11	10	15	10	25	11	3	5	11	8	16	15	9	12	10	0	27	14	4	11	4	1	17	15	15	2	11	5	1	2	13	2	0	0	10	0	0	4	12	8	25	7	9	4	8	4	14	21	42	10	6	15	13	21	10	5	14	0
hsa-miR-339-3p	584	718	132	560	54	8	138	25	664	48	122	149	64	98	80	71	84	116	95	95	35	113	123	235	344	429	1802	250	66	133	76	187	491	131	925	63	147	198	228	71	86	64	161	52	71	18	54	383	309	781	63	88	313	324	518	24	384	244	14	63	45	22	4	7	653	129	84	31	237	45	1092	82	48	139	775	51	212	720	856	131	336	284	136	444	397	31	48	9
hsa-miR-339-5p	2773	4725	398	3133	73	66	848	38	3564	292	629	553	295	1541	350	403	173	95	289	130	43	171	260	2365	1631	1721	9516	608	75	567	127	191	2256	550	6967	168	870	788	926	104	54	69	84	45	117	34	97	1616	1004	2801	104	153	1440	2060	2781	83	1921	1420	106	412	82	84	3	6	1905	530	431	38	1537	87	12260	463	95	600	4302	200	651	3231	4705	297	2147	1876	533	1913	3485	94	256	25
hsa-miR-33a-3p	12	10	13	0	6	4	5	9	17	0	20	11	13	19	14	8	15	16	17	14	17	12	17	10	56	12	20	13	8	4	16	8	17	19	7	6	1	1	5	9	17	10	19	14	3	1	10	18	18	18	7	4	15	15	19	9	2	2	1	5	16	4	1	1	0	0	0	1	5	12	19	11	6	23	13	8	13	6	18	7	1	8	8	25	2	6	13	5
hsa-miR-33a-5p	59	53	24	74	23	8	15	5	66	4	18	32	30	68	30	12	16	15	11	15	15	74	30	27	98	82	483	23	3	9	16	69	36	13	144	5	3	7	20	4	12	18	10	71	12	1	10	31	26	38	13	8	42	44	42	12	18	11	0	8	14	6	0	4	65	17	15	12	74	27	426	29	8	40	76	15	18	105	158	14	31	27	8	45	85	13	8	3
hsa-miR-33b-3p	15	7	1	5	7	3	1	9	0	0	0	0	19	7	11	5	7	12	11	14	7	10	9	19	37	4	5	7	10	8	10	16	9	6	6	7	3	3	7	15	23	15	7	21	7	5	10	23	11	13	8	13	10	5	18	9	0	0	0	5	0	0	0	0	0	0	0	1	7	4	2	10	0	12	10	4	14	6	107	4	2	5	10	23	0	0	0	0
hsa-miR-33b-5p	14	6	3	8	3	7	0	9	14	2	4	13	3	8	15	7	4	7	14	6	5	6	11	10	31	19	77	4	3	7	10	10	7	8	18	0	3	1	11	13	13	9	5	10	8	2	10	13	6	4	3	3	5	3	5	4	0	9	3	2	18	1	0	0	0	11	4	0	10	6	14	4	2	10	12	2	10	18	46	9	4	12	9	21	9	5	0	0
hsa-miR-340-3p	46	36	15	59	4	3	20	5	31	5	16	20	11	40	12	2	8	5	7	5	6	15	9	18	18	47	283	6	6	15	4	3	14	13	37	2	2	7	11	5	7	8	31	6	5	3	0	33	11	28	7	5	26	27	24	1	12	0	1	0	0	0	0	0	27	12	8	0	22	1	94	12	2	22	69	9	10	58	103	6	21	25	10	31	44	5	14	1
hsa-miR-340-5p	1006	540	90	1215	26	31	211	13	3855	16	144	391	271	915	226	181	93	71	109	68	16	37	137	338	293	1220	5785	117	12	144	82	65	803	219	1874	36	72	76	280	26	23	20	29	17	41	14	11	962	218	1434	81	135	1185	1158	1022	16	267	137	13	45	20	20	3	4	1348	148	153	24	859	39	4881	156	29	221	744	41	229	1544	992	148	779	604	165	336	1679	19	70	6
hsa-miR-342-3p	6403	9081	1052	10518	818	441	5027	344	13100	645	2632	1862	1253	8027	2050	1309	1397	1231	2692	1386	188	1864	1104	3506	2819	2921	9727	1070	305	1647	797	1252	5063	2186	6991	571	2786	2127	3442	440	649	386	575	396	1386	78	139	10663	3392	6728	1836	2316	3018	4097	3642	292	8521	4984	623	2855	556	369	11	124	14764	6710	3773	633	3742	293	14820	1015	292	1526	6558	561	1889	18432	25257	2409	8103	10981	3151	8734	6845	959	1039	141
hsa-miR-342-5p	62	104	26	147	10	8	41	4	241	4	45	24	13	75	28	22	21	18	47	21	11	44	17	46	76	36	76	33	11	43	14	19	74	23	113	17	50	44	60	10	9	8	11	9	33	1	0	133	28	50	8	11	34	45	57	7	71	73	6	41	9	6	0	0	111	39	67	10	58	11	259	22	4	20	81	23	27	243	284	31	57	66	49	138	47	8	21	7
hsa-miR-345-3p	67	11	5	9	10	4	6	4	7	1	5	10	17	24	25	9	15	23	14	27	5	33	63	7	168	19	9	20	13	6	14	22	25	17	16	16	6	11	24	12	40	17	18	11	20	5	9	25	21	16	9	14	5	38	14	7	5	0	2	0	0	0	0	0	11	0	0	0	7	10	6	6	13	34	13	27	131	16	29	19	0	18	9	28	4	1	3	0
hsa-miR-345-5p	253	313	68	215	43	5	117	19	524	22	81	51	61	201	74	47	67	54	68	46	44	53	100	205	241	309	1013	143	23	73	40	47	272	108	393	33	92	116	135	37	34	33	45	29	27	5	14	272	109	204	29	43	132	177	252	23	106	89	8	32	33	14	0	7	145	79	46	11	207	50	532	75	58	111	494	72	78	363	668	91	121	181	74	187	212	12	41	12
hsa-miR-346	9	1	8	7	14	2	2	3	2	8	7	1	10	20	8	2	11	15	22	20	13	3	3	7	17	10	7	8	12	6	13	19	11	14	1	19	5	4	6	7	15	11	13	22	5	4	13	16	10	16	3	3	3	1	6	4	8	3	0	1	16	0	0	0	22	14	7	6	0	0	0	6	1	9	11	2	5	21	36	4	2	6	9	16	4	13	10	2
hsa-miR-34a-5p	267	151	62	273	28	30	54	23	179	13	74	670	216	409	205	105	131	127	81	99	32	74	99	125	714	161	229	88	52	44	54	194	320	143	1239	41	36	108	142	46	61	62	96	83	43	24	37	192	120	196	58	42	92	185	160	37	130	130	28	25	34	14	1	7	100	32	30	21	100	27	350	66	87	209	634	72	178	451	770	82	92	168	88	170	156	18	41	4
hsa-miR-34b-3p	14	4	11	16	12	7	15	8	38	12	27	18	13	6	2	11	17	23	24	13	14	23	17	9	476	32	11	22	6	12	16	17	18	27	9	10	2	2	6	2	28	14	11	18	7	2	14	21	18	11	8	5	76	103	25	63	9	2	5	3	17	1	2	5	10	14	1	2	9	19	9	4	14	96	18	29	72	11	24	25	1	49	33	45	2	12	13	5
hsa-miR-34b-5p	174	101	128	111	115	52	51	10	57	135	55	62	1862	2681	4540	1473	3144	4825	2391	3966	117	96	151	124	2712	1374	1039	1287	1398	570	757	824	1570	1992	1271	760	971	1244	2927	2145	1715	2298	3966	1543	1300	709	864	2776	2246	3482	1158	1904	78	50	112	63	30	40	7	26	16	6	4	3	22	19	4	3	151	121	43	83	1511	1636	1759	1034	859	945	2809	1686	13	1033	1089	1165	9	9	15	19
hsa-miR-34c-3p	20	11	23	14	30	7	8	5	19	11	29	6	19	26	33	17	23	32	18	39	20	26	26	16	351	35	21	18	5	12	21	19	20	36	10	13	9	7	5	15	30	24	20	30	13	11	12	22	9	18	11	7	65	81	34	33	12	4	4	4	17	4	1	14	42	0	0	6	20	16	11	16	19	81	32	39	59	20	42	29	9	29	22	60	6	5	10	3
hsa-miR-34c-5p	298	49	266	31	37	38	60	28	26	21	28	17	16	18	33	58	9	10	13	11	44	428	199	134	6631	423	56	119	17	32	79	38	97	206	26	16	4	8	8	8	13	12	10	8	24	3	5	14	24	12	5	1	614	1068	1854	292	10	6	1	2	17	5	0	0	10	0	0	1	223	55	77	50	114	1088	222	211	935	113	132	83	15	93	109	131	7	24	13	7
hsa-miR-3529-5p	4	2	3	2	8	2	5	1	11	2	6	13	3	10	8	5	0	4	7	0	4	10	1	8	13	0	0	0	2	2	6	10	3	3	4	7	0	9	1	4	5	9	0	0	0	0	6	12	2	11	7	5	0	0	0	0	0	2	0	0	10	1	0	0	0	0	0	0	0	0	0	3	0	0	6	0	1	4	9	6	4	10	3	18	0	0	0	0
hsa-miR-3605-3p	55	27	24	56	34	15	19	17	28	10	34	41	32	95	50	25	47	43	34	41	10	39	25	94	62	31	38	33	12	27	41	58	43	35	66	22	10	26	22	12	34	29	31	38	22	4	24	86	41	79	27	9	31	31	52	16	43	29	1	40	48	7	2	13	69	27	25	25	28	23	36	14	11	41	36	19	30	65	91	23	35	69	32	97	64	12	24	4
hsa-miR-3605-5p	14	14	8	15	8	0	1	2	11	8	11	9	12	31	26	9	19	16	9	18	16	25	18	6	47	9	5	10	7	8	6	25	12	10	17	16	8	6	12	7	9	22	14	12	6	3	11	26	21	35	4	8	10	17	21	12	8	7	2	0	11	3	0	1	0	0	0	0	21	7	5	6	4	12	14	11	11	20	22	13	7	13	16	25	12	3	8	10
hsa-miR-3609	9	13	6	10	16	5	1	5	24	4	16	34	43	32	31	16	21	33	21	32	9	15	15	9	17	8	8	11	1	4	23	18	19	17	8	7	1	2	9	4	28	24	13	35	18	0	16	21	14	19	8	9	10	16	11	3	3	6	0	5	20	7	2	3	10	0	0	5	5	14	6	9	4	11	7	7	5	14	24	11	2	10	19	42	4	11	9	3
hsa-miR-3610	17	4	4	4	13	13	2	6	2	6	9	8	14	11	21	7	14	31	15	19	4	10	12	6	52	5	5	9	8	5	15	7	15	15	13	2	5	5	11	6	21	12	12	19	18	2	14	17	17	17	6	11	3	6	61	1	599	358	37	186	61	66	2	14	669	232	134	24	5	6	0	5	6	11	9	12	17	10	22	12	2	15	11	48	3	3	9	1
hsa-miR-3612	17	4	8	6	18	7	3	7	23	7	24	12	20	11	14	12	11	18	11	12	11	13	7	9	28	9	4	13	2	3	11	11	7	11	13	9	2	2	4	4	16	8	12	18	8	3	12	14	8	15	7	0	13	6	10	6	1211	549	77	255	91	57	4	6	1021	272	230	43	3	12	6	6	7	15	11	8	7	15	19	23	4	23	23	40	9	14	7	3
hsa-miR-3613-3p	72	77	90	79	101	26	45	38	90	35	103	76	86	132	160	65	105	109	80	97	54	129	68	77	301	48	88	114	83	47	105	110	100	93	91	54	24	45	55	69	95	140	73	139	73	14	65	209	152	155	38	35	53	42	102	49	0	0	0	5	0	0	1	0	0	0	0	4	47	63	31	49	41	162	71	86	67	110	310	77	43	125	70	214	40	38	40	30
hsa-miR-3613-5p	99	60	17	92	22	8	103	41	1055	31	48	197	80	203	63	34	31	56	21	21	43	117	149	68	97	113	509	27	11	89	50	110	72	51	115	22	30	7	19	5	17	13	33	18	15	7	8	75	46	67	15	35	112	120	132	34	6	0	1	2	0	0	0	9	19	0	0	5	1445	47	810	59	10	48	85	18	45	129	217	18	26	60	31	63	97	34	19	3
hsa-miR-361-3p	695	1011	163	911	66	19	371	58	1430	55	338	310	193	1397	237	145	99	147	138	64	25	238	139	422	402	448	2001	208	49	206	75	169	903	159	1393	74	299	175	290	47	47	30	47	30	63	7	28	568	339	836	38	62	494	782	848	63	50	35	13	53	98	28	5	27	276	63	31	30	574	59	1865	151	58	229	1474	87	177	1254	1842	96	578	693	194	558	1326	70	131	10
hsa-miR-3614-3p	4	4	4	7	5	4	4	4	7	0	4	10	12	5	7	4	9	10	11	12	7	10	7	11	21	5	4	6	0	8	11	14	6	11	3	2	5	0	4	1	10	9	12	7	6	0	6	9	14	14	7	8	0	0	0	0	17	11	4	20	28	4	2	8	53	20	18	3	4	3	8	4	2	9	7	11	9	9	17	5	0	12	3	17	4	6	5	2
hsa-miR-3614-5p	11	11	6	3	11	2	15	1	17	4	5	4	8	6	9	5	13	14	10	14	6	6	8	21	16	1	2	9	3	2	5	14	3	9	5	1	2	2	12	5	18	9	7	9	7	1	9	8	15	3	2	5	9	3	8	4	1	2	1	0	12	5	0	0	14	0	0	2	3	8	8	2	2	9	5	7	6	7	16	7	2	15	2	26	4	5	5	2
hsa-miR-3615	677	753	302	871	306	117	557	337	439	209	218	257	287	1218	318	217	328	602	317	203	84	285	328	651	459	483	894	467	162	726	246	1105	894	357	1488	140	589	475	378	243	167	158	132	89	148	29	110	1225	595	1335	247	328	596	657	1388	217	0	0	0	2	0	0	0	0	23	0	0	0	518	106	559	232	150	342	980	241	297	1227	1583	273	733	1021	374	1083	611	143	162	95
hsa-miR-361-5p	1367	1794	203	2201	109	63	501	63	1824	122	315	260	263	2360	514	266	158	140	231	131	50	228	258	830	826	1630	6118	372	22	286	98	223	1750	325	2644	116	289	250	666	41	54	37	75	32	62	24	26	1319	282	1166	114	138	758	1319	1023	50	761	677	80	633	174	46	4	74	889	391	262	209	897	78	3452	245	77	384	3660	102	449	4620	6990	245	959	1225	361	1030	2119	83	179	15
hsa-miR-3616-3p	15	6	7	5	5	5	1	3	0	0	0	0	8	11	8	5	10	15	14	9	0	0	0	0	19	8	2	10	9	13	9	15	10	8	3	3	6	8	4	14	19	14	21	18	8	6	14	24	7	8	8	5	3	2	10	3	4	5	0	3	18	0	0	0	0	0	0	3	2	7	0	0	7	10	7	11	6	7	23	7	3	4	6	15	2	5	1	3
hsa-miR-3617-3p	32	40	19	29	25	6	17	12	56	12	116	13	22	38	16	8	17	38	31	20	17	27	24	24	43	17	26	14	6	4	30	29	15	18	9	12	5	10	9	6	27	28	12	31	6	0	25	32	27	21	14	7	30	54	29	13	23	6	8	8	21	6	0	5	77	13	3	6	11	7	21	9	6	24	6	18	19	16	41	38	8	37	36	84	18	7	24	8
hsa-miR-3617-5p	13	16	7	11	4	1	5	3	13	4	5	11	6	11	9	5	16	8	5	6	0	0	0	0	23	9	33	21	4	3	9	8	7	12	19	4	2	7	5	8	10	10	21	6	1	3	4	16	5	10	3	2	3	4	5	1	4	0	0	0	0	0	0	0	0	0	0	0	3	7	21	0	6	10	19	7	3	11	57	13	2	14	10	16	0	0	0	0
hsa-miR-3618	5	7	0	3	2	3	0	1	8	6	3	10	6	11	7	3	0	9	7	0	0	0	0	0	12	0	0	0	0	0	0	0	12	9	7	7	2	0	7	3	5	7	0	0	0	1	3	8	12	15	3	2	0	0	0	0	0	0	0	0	0	0	0	0	0	0	0	0	3	0	2	0	0	6	1	2	3	2	15	2	0	12	8	13	0	0	0	0
hsa-miR-3619-3p	31	19	9	9	15	3	7	3	9	0	7	6	33	69	82	22	52	81	39	63	10	15	16	19	38	31	18	17	19	9	19	24	30	24	25	15	16	24	42	35	29	51	77	34	27	14	24	72	66	74	48	55	9	8	26	5	3	3	2	6	20	3	1	1	0	0	0	3	9	6	2	21	22	26	22	14	25	11	43	25	2	27	29	37	1	4	7	2
hsa-miR-3619-5p	6	10	7	7	13	1	1	7	3	2	10	8	11	10	15	3	17	17	16	12	8	4	10	8	27	9	10	11	3	4	13	9	4	10	5	10	4	1	7	9	14	13	9	23	9	0	18	15	13	13	10	6	4	2	10	2	9	3	2	6	13	5	0	0	12	0	0	2	3	176	0	9	10	15	9	17	9	14	15	12	2	10	6	15	1	54	6	1
hsa-miR-3620-3p	32	16	27	19	37	10	8	14	10	9	18	10	22	32	40	15	21	23	23	25	23	25	20	23	62	19	26	18	25	10	26	36	18	23	20	16	6	9	10	11	23	36	16	33	7	3	16	37	16	15	7	8	12	7	29	13	0	4	2	2	11	1	0	2	0	0	0	10	2	25	9	5	11	24	20	11	23	30	81	15	8	37	18	56	11	6	16	5
hsa-miR-3620-5p	53	14	50	24	9	1	4	2	14	4	8	4	116	188	250	92	164	148	83	170	28	16	52	32	64	67	21	36	112	25	56	63	91	162	58	62	24	43	301	107	117	163	244	145	60	101	47	112	88	78	89	57	12	13	9	6	35	24	5	8	10	5	0	3	49	19	9	4	14	33	6	45	87	56	43	35	73	17	31	77	2	50	50	70	8	6	2	1
hsa-miR-3621	13	4	8	5	5	4	1	3	1	10	17	5	19	19	15	10	14	20	13	19	9	14	18	9	27	9	11	11	11	10	17	20	13	14	4	10	7	9	13	10	17	9	22	30	7	7	6	14	25	11	10	9	5	5	57	6	13	11	3	9	22	4	3	7	23	9	13	10	5	4	1	6	4	26	11	12	19	13	13	10	5	14	13	87	0	0	0	0
hsa-miR-3622a-5p	13	8	9	6	4	2	2	5	10	9	9	7	17	20	19	6	14	18	18	14	8	19	6	10	36	11	7	16	5	9	16	16	7	15	11	3	8	5	6	15	23	45	20	10	16	1	16	35	8	16	9	8	8	8	26	6	2	14	0	1	4	2	0	0	0	0	0	0	5	16	1	8	15	22	19	9	15	12	43	12	6	15	14	25	3	5	3	6
hsa-miR-3622b-3p	25	5	12	7	8	4	7	2	9	8	17	6	17	30	31	11	13	25	17	22	7	20	9	11	41	21	8	14	15	10	15	15	22	17	12	4	3	14	11	16	13	19	18	25	8	2	13	23	14	19	6	5	10	10	18	5	11	0	1	2	0	0	0	0	0	0	0	0	8	8	3	9	10	24	11	14	12	15	34	9	3	19	10	30	2	5	5	8
hsa-miR-362-3p	11	6	1	2	9	3	5	5	17	1	20	11	9	17	11	7	13	8	10	7	8	10	6	4	54	9	11	7	1	3	10	10	1	9	4	2	2	4	1	6	14	3	17	5	8	2	9	12	6	11	3	3	17	16	11	1	7	10	3	5	14	6	2	2	27	17	4	2	5	11	6	3	6	13	5	8	25	9	16	12	0	4	5	10	2	5	3	4
hsa-miR-362-5p	55	39	7	63	8	11	13	5	44	5	19	15	16	75	28	15	12	15	6	14	7	56	53	23	80	58	133	36	11	11	8	27	67	26	224	11	47	43	39	2	20	5	8	10	5	5	9	24	15	20	1	4	40	44	73	9	8	4	0	2	18	3	0	1	98	0	0	6	91	13	71	12	5	24	121	25	37	74	168	17	55	80	27	86	43	11	10	2
hsa-miR-363-3p	646	607	105	548	77	57	634	136	698	70	85	288	168	773	115	137	145	310	124	75	89	367	556	565	289	481	1216	243	34	392	148	533	328	186	1076	69	531	315	264	119	39	46	27	27	39	13	34	621	111	315	22	37	379	535	1827	153	150	156	22	168	133	16	2	25	544	180	79	85	1620	108	1243	403	52	164	569	75	223	641	849	90	482	323	137	327	334	29	38	26
hsa-miR-363-5p	61	66	89	71	54	26	19	41	82	15	144	57	64	94	118	45	110	159	115	152	49	85	71	78	140	36	28	88	37	43	87	93	42	83	42	61	25	24	46	88	144	145	121	133	67	8	122	136	85	86	25	24	29	44	97	37	35	29	14	27	80	24	5	19	116	57	29	38	17	74	30	45	21	68	27	55	53	80	127	41	9	47	45	144	31	29	43	16
hsa-miR-3646	26	26	9	27	19	7	0	20	14	7	20	18	42	40	40	4	22	34	26	20	18	14	25	21	34	14	8	25	6	11	28	25	13	22	4	9	10	8	8	15	32	30	22	40	10	3	37	32	22	33	11	4	3	15	20	4	7	11	3	5	30	6	1	0	37	32	13	7	9	20	9	7	5	15	10	23	14	19	102	14	3	17	11	22	3	6	15	8
hsa-miR-3648	45	25	24	13	45	6	15	7	16	3	26	16	43	40	51	22	55	34	44	41	7	27	30	28	93	16	15	53	23	22	28	39	18	43	24	23	10	15	31	38	61	75	32	57	25	15	65	47	34	49	15	13	17	15	110	11	14	33	3	10	28	8	0	14	30	27	3	15	5	22	6	15	22	57	17	29	51	24	62	63	10	53	40	94	6	10	17	8
hsa-miR-3649	11	1	1	3	3	0	5	2	15	0	24	5	8	11	10	4	6	23	13	11	2	5	2	14	18	8	4	7	5	4	9	15	7	5	6	5	3	1	2	2	10	6	9	13	7	0	8	13	15	7	7	9	10	2	3	1	6	0	0	5	0	0	0	0	0	0	0	3	0	5	1	2	0	13	6	3	3	10	15	10	1	9	8	14	2	5	4	2
hsa-miR-3651	25	8	8	11	7	12	1	4	10	0	18	5	21	13	14	9	12	28	11	19	7	27	34	13	46	16	3	16	2	4	8	10	14	10	5	14	5	2	2	10	23	12	24	12	10	3	11	12	12	15	5	5	8	10	5	3	0	2	1	4	10	1	0	0	13	0	0	3	2	12	7	7	3	22	8	10	28	6	23	14	2	17	21	32	3	4	3	3
hsa-miR-3652	73	28	27	24	54	15	13	20	44	13	45	42	68	35	47	32	51	73	40	39	19	30	32	27	74	16	14	54	58	24	44	31	40	37	13	37	7	33	27	51	85	127	37	74	16	10	128	78	77	62	18	20	20	23	97	26	21	32	4	10	41	33	2	8	94	39	38	29	10	69	6	24	12	34	14	28	27	48	150	36	16	33	34	97	5	20	30	6
hsa-miR-3653-3p	19	17	19	15	25	2	14	12	31	11	27	28	27	41	23	14	33	39	46	40	35	20	24	25	62	9	6	15	13	7	30	34	14	30	15	15	2	2	11	30	40	64	13	36	10	1	66	27	18	24	5	8	11	8	10	11	7	9	1	6	30	2	0	5	166	21	3	13	9	14	2	12	4	26	8	16	26	9	98	21	2	24	15	49	1	8	16	7
hsa-miR-3653-5p	20	11	16	26	43	5	13	15	15	3	19	50	30	42	39	13	39	32	20	19	38	56	13	17	79	19	5	22	13	9	25	22	19	20	9	14	5	2	2	24	45	59	21	39	20	0	64	45	68	23	21	10	10	5	15	10	11	17	3	7	21	9	2	2	64	22	13	9	8	45	7	10	17	26	10	27	18	28	116	11	5	22	22	52	8	27	36	13
hsa-miR-3654	19	3	2	8	6	2	10	10	20	12	73	11	16	25	14	7	18	31	18	20	15	21	18	4	46	7	11	11	7	10	8	24	8	17	7	18	2	6	12	6	19	25	12	30	18	5	11	21	18	17	15	12	11	8	7	6	9	2	3	2	11	5	1	1	22	10	10	6	6	13	5	11	7	16	2	7	17	11	16	46	6	26	34	40	3	6	8	3
hsa-miR-3655	107	7	6	17	12	7	4	4	7	1	14	10	25	16	14	8	19	11	11	21	11	28	32	8	41	7	8	19	8	15	16	18	8	15	6	5	6	6	3	14	15	15	11	16	13	7	14	25	16	19	8	8	9	15	340	8	4	0	3	0	0	0	0	0	0	0	0	4	3	9	2	10	3	18	8	13	26	12	23	7	1	10	7	21	1	12	6	0
hsa-miR-3656	17	25	10	23	12	4	7	3	16	2	15	6	12	29	18	7	18	31	19	15	16	16	15	14	48	17	21	12	29	14	14	17	18	22	21	7	6	12	14	11	10	8	10	12	13	7	8	31	15	13	6	1	17	7	20	12	13	15	2	8	10	5	1	3	37	12	2	8	13	8	8	8	10	14	35	20	13	25	45	21	4	44	31	43	12	7	15	1
hsa-miR-365a-3p	0	0	0	0	4	1	10	4	30	6	10	4	4	3	8	2	11	10	2	3	3	8	10	14	127	15	2	7	4	6	5	11	7	10	6	7	7	0	4	5	0	0	4	3	1	0	3	0	3	8	0	0	11	34	6	13	0	0	1	0	0	0	0	0	0	0	0	0	31	5	12	4	7	36	21	22	30	5	17	9	1	16	10	21	1	3	2	4
hsa-miR-365a-5p	16	13	16	14	27	9	3	12	9	12	23	13	13	15	23	12	29	24	20	32	23	13	18	25	38	13	5	13	18	19	17	33	15	14	17	10	6	4	17	26	32	31	15	26	18	8	49	38	21	28	9	11	10	7	15	3	11	9	4	17	43	9	1	7	0	16	6	20	3	12	1	15	10	23	8	18	37	21	60	21	7	32	18	50	4	10	17	10
hsa-miR-365b-3p	16	15	11	3	3	2	9	3	33	1	14	6	5	11	4	4	16	10	11	30	20	10	15	25	267	31	15	8	2	13	8	17	13	19	5	6	0	4	2	1	23	4	5	6	5	0	4	6	11	5	0	2	20	59	14	9	0	0	0	1	0	0	0	0	0	0	0	0	45	5	13	11	13	61	29	38	37	8	30	5	4	12	9	13	5	1	6	1
hsa-miR-365b-5p	9	25	10	17	11	7	1	4	24	0	6	6	8	10	16	6	12	15	11	11	12	21	7	10	37	8	3	18	2	11	5	18	13	12	9	9	8	9	7	16	15	14	10	17	10	4	14	23	16	18	8	7	13	11	23	2	4	4	3	5	17	2	1	4	24	13	2	8	6	8	5	12	6	16	13	19	10	14	37	8	5	13	8	27	9	4	2	4
hsa-miR-3661	24	16	7	12	21	3	7	6	17	7	6	12	21	27	18	8	20	31	19	33	4	36	12	10	52	12	19	17	12	5	16	28	15	21	19	11	5	9	19	15	20	19	26	22	7	10	24	36	31	28	15	14	7	9	9	8	7	0	2	6	9	0	1	2	0	11	5	5	6	9	6	11	12	23	12	10	10	22	32	22	6	19	9	25	6	5	5	4
hsa-miR-3662	38	23	16	14	22	13	6	13	21	10	38	23	52	74	71	45	56	58	54	58	45	32	24	19	85	27	10	38	27	24	46	49	38	34	20	19	13	15	45	55	70	86	42	64	34	10	55	65	55	67	40	50	12	12	62	9	11	12	5	12	40	18	3	7	22	32	8	9	11	59	6	25	14	42	23	31	39	19	102	28	4	27	33	54	13	16	30	9
hsa-miR-3663-3p	25	10	10	6	11	1	3	4	9	1	8	10	15	18	25	13	24	26	21	15	4	10	11	10	77	15	4	32	15	2	15	17	12	21	11	11	3	7	19	22	21	34	112	6	9	10	39	25	14	13	8	11	17	7	17	3	8	6	2	3	18	3	0	0	15	18	2	3	5	11	1	10	16	30	24	11	21	15	47	8	1	9	8	57	4	9	5	0
hsa-miR-3663-5p	60	10	5	12	23	3	12	3	16	12	13	20	23	37	28	12	30	28	29	24	8	9	10	16	48	8	12	11	13	5	20	21	11	14	9	11	6	8	19	10	43	21	34	26	23	3	34	47	24	31	12	12	23	32	141	13	14	8	3	6	12	4	0	0	13	0	0	1	8	7	8	8	11	17	29	10	11	13	39	21	8	19	12	46	6	1	10	6
hsa-miR-3664-5p	0	0	0	0	8	3	3	5	5	1	8	3	6	5	4	2	0	4	0	0	4	13	1	20	14	5	5	14	0	0	0	0	0	0	0	0	0	2	4	3	0	0	0	0	0	0	0	0	5	4	0	0	4	6	1	3	0	6	2	1	14	0	0	4	0	0	0	0	1	10	3	4	2	10	7	4	2	2	15	10	0	4	10	26	0	0	0	0
hsa-miR-3665	27	14	6	7	9	1	5	5	11	5	12	6	25	21	18	19	33	18	20	19	12	15	14	11	101	28	13	20	14	11	18	15	28	27	10	18	6	14	31	16	21	30	207	23	10	9	46	21	27	18	14	15	4	8	64	3	11	4	2	2	17	3	0	0	20	12	6	7	10	16	3	9	15	36	21	30	28	21	47	22	2	14	27	47	7	6	13	1
hsa-miR-3666	18	10	8	8	19	19	17	11	10	22	22	12	11	20	17	6	18	28	17	15	21	20	21	64	37	15	13	13	24	22	17	14	12	58	8	18	11	11	17	17	18	27	15	17	9	6	19	21	20	16	11	15	17	8	21	8	10	12	0	4	23	7	1	4	10	14	4	3	17	12	9	16	10	22	10	13	15	12	34	68	1	60	43	64	5	7	8	6
hsa-miR-3667-3p	27	11	11	15	39	11	12	9	17	9	26	23	27	27	10	9	12	12	25	15	4	21	14	20	29	12	19	13	4	6	22	17	14	12	11	3	11	13	13	16	21	24	7	21	8	6	27	31	18	21	9	3	19	7	16	6	8	9	4	1	14	6	1	1	21	16	2	5	8	14	11	12	17	10	17	20	53	17	134	6	5	15	13	67	7	12	22	9
hsa-miR-3667-5p	40	27	21	22	12	2	8	7	17	6	16	7	54	121	86	44	54	54	42	40	23	30	36	17	111	70	95	34	29	17	29	22	50	56	53	16	9	29	73	24	45	47	70	38	29	15	26	75	46	52	22	29	23	39	29	9	0	7	0	0	20	5	0	3	10	0	0	0	23	15	15	29	46	78	75	35	34	54	105	26	6	28	16	32	3	2	3	6
hsa-miR-3668	44	24	43	15	14	1	5	5	12	26	17	8	35	59	84	23	48	60	36	55	14	22	53	33	68	44	23	23	16	14	19	20	27	48	41	25	9	14	56	26	27	28	54	32	16	16	15	47	36	38	29	43	31	22	25	17	4	0	1	4	0	0	0	0	0	0	0	3	34	39	7	27	25	33	38	22	23	16	47	53	1	32	37	43	5	3	8	11
hsa-miR-3669	5	3	0	1	7	2	6	7	6	0	2	0	5	2	14	5	0	0	6	0	0	0	0	0	5	0	0	0	1	3	12	5	0	4	2	9	0	0	6	6	0	0	0	0	0	0	12	0	0	0	3	0	0	0	0	0	0	0	0	0	0	0	0	0	0	0	0	0	0	0	0	0	0	0	3	0	1	8	34	1	0	0	0	0	0	0	0	0
hsa-miR-3670	10	8	4	4	7	4	1	3	0	0	0	0	12	15	10	4	6	12	10	7	0	0	0	0	28	11	4	3	0	0	0	0	5	7	11	1	4	6	2	4	11	6	4	7	5	2	5	5	10	5	10	3	3	4	3	4	5	2	5	6	12	6	0	4	0	0	0	3	0	0	0	0	4	11	2	6	3	12	19	3	0	0	0	0	0	0	0	0
hsa-miR-3673	22	1	5	20	23	1	3	34	7	1	3	1	23	9	22	7	3	12	3	14	3	1	2	11	4	6	1	5	0	1	24	11	30	4	9	6	0	3	8	5	45	15	5	9	17	0	8	17	24	7	1	1	2	19	15	0	0	0	1	0	0	0	0	0	0	0	0	0	0	0	0	5	11	11	4	3	7	7	1	4	1	39	14	12	4	1	2	2
hsa-miR-3674	9	7	2	1	11	1	0	1	5	0	3	7	10	24	11	2	18	10	16	14	12	8	10	7	24	4	1	7	1	1	3	7	4	10	4	8	2	1	6	3	18	13	11	5	11	1	13	5	12	9	2	1	0	0	0	0	1	2	16	8	18	3	0	1	0	16	0	0	0	0	0	7	6	11	5	4	12	12	12	10	1	13	11	22	1	3	2	5
hsa-miR-3675-3p	26	17	22	18	30	10	12	11	42	6	44	16	25	29	33	29	47	67	42	38	15	22	14	20	87	16	10	24	10	10	26	36	26	19	16	13	8	15	12	17	54	56	25	44	31	4	36	59	23	50	16	7	21	17	44	13	0	0	1	1	0	0	0	0	0	0	0	3	9	28	16	11	10	36	19	24	31	22	87	20	6	15	25	76	8	10	9	9
hsa-miR-3675-5p	10	6	4	5	1	1	1	2	14	6	13	4	15	19	15	5	7	12	9	2	6	8	8	9	46	0	0	0	3	2	6	11	10	9	12	4	0	1	11	8	5	5	9	11	7	1	4	14	7	3	2	1	8	11	8	6	17	18	9	14	36	10	1	10	27	14	18	19	11	6	8	5	6	7	8	9	12	9	19	6	2	12	10	10	2	1	5	6
hsa-miR-367-5p	11	0	3	4	7	2	6	1	0	0	0	0	11	4	12	4	7	7	8	14	0	0	0	0	16	0	0	0	7	6	9	11	2	4	3	1	0	1	4	2	12	5	5	11	3	0	9	8	10	12	1	7	0	0	0	0	15	0	2	0	0	0	0	0	39	10	18	0	0	7	1	0	5	6	5	2	4	7	26	0	0	0	0	0	0	0	0	0
hsa-miR-3677-3p	4	6	5	2	10	3	2	0	9	2	6	15	4	9	11	3	11	11	4	5	1	5	8	9	26	5	3	10	8	7	13	12	10	11	3	2	5	2	8	8	11	8	7	9	5	3	7	9	9	12	3	6	6	10	11	1	0	0	0	0	0	0	0	0	0	0	0	3	2	4	2	1	2	15	3	12	5	5	15	8	2	12	7	52	0	0	0	0
hsa-miR-3677-5p	7	6	6	3	12	4	5	0	12	9	4	7	7	9	12	7	10	11	8	21	4	9	13	5	31	6	4	18	12	8	8	12	5	7	9	4	5	7	11	7	10	14	10	13	2	1	9	24	13	15	3	4	11	5	13	4	4	0	0	5	0	0	0	0	52	0	0	0	4	10	4	9	0	14	9	5	9	6	11	6	3	9	3	26	0	0	0	0
hsa-miR-3678-3p	7	15	9	3	3	5	6	8	14	9	2	6	8	7	10	3	5	11	5	13	13	3	2	4	22	11	0	7	3	2	8	9	8	8	6	2	4	6	7	7	10	11	11	14	12	3	2	10	11	7	8	6	5	9	11	3	0	5	1	0	12	0	0	1	0	0	0	0	0	0	0	6	3	5	8	11	12	8	20	8	1	6	4	8	6	3	4	10
hsa-miR-3678-5p	10	14	4	6	4	1	1	4	12	1	6	0	8	4	3	3	6	7	7	6	0	0	0	0	24	0	0	0	5	7	6	3	5	7	9	12	1	3	1	2	8	8	4	9	3	1	5	11	6	3	2	1	0	0	0	0	0	0	1	1	0	0	0	0	0	0	0	1	0	0	0	0	5	13	7	5	5	6	22	8	1	9	9	14	0	0	0	0
hsa-miR-3679-3p	5	7	4	4	7	7	10	7	0	0	0	0	15	18	10	8	3	18	11	13	7	25	9	22	21	9	4	7	7	7	12	13	14	14	10	13	3	8	4	2	12	5	16	20	2	0	2	18	14	26	4	1	6	9	15	6	2	0	0	0	0	0	0	0	23	0	0	1	3	6	5	8	6	11	11	4	11	17	51	9	5	9	12	28	2	4	5	1
hsa-miR-3679-5p	51	57	14	71	5	2	11	1	47	2	22	25	9	62	17	9	9	6	7	6	1	8	10	11	23	43	23	12	5	9	14	13	53	18	116	8	8	14	22	2	7	8	5	12	5	3	5	21	15	39	13	8	26	58	32	1	49	33	3	15	6	2	0	2	50	12	19	2	17	7	66	12	6	17	53	1	14	45	56	12	41	38	17	37	78	3	6	6
hsa-miR-3680-3p	37	6	6	1	5	1	2	4	6	0	10	1	19	14	13	2	9	15	7	10	10	14	25	7	27	0	0	0	4	2	11	16	11	12	11	2	2	3	4	8	18	10	9	12	3	5	10	10	5	11	1	7	0	0	0	0	0	8	0	3	10	2	0	0	0	0	0	0	4	6	5	2	3	13	4	2	23	8	23	7	3	16	17	21	0	0	0	0
hsa-miR-3680-5p	1	6	10	2	0	0	0	0	5	0	3	20	7	5	2	1	1	13	0	14	0	0	0	0	21	0	0	0	0	0	0	0	3	5	1	3	0	2	7	6	4	2	5	2	3	0	0	6	2	6	0	2	0	0	0	0	0	0	0	2	0	0	0	0	0	0	0	0	0	0	0	0	0	0	9	0	2	6	14	1	0	0	0	0	0	0	0	0
hsa-miR-3681-3p	17	2	9	8	7	1	4	2	5	7	9	11	12	14	14	4	9	11	12	13	0	0	0	0	22	3	3	8	4	6	6	10	8	6	4	3	5	4	4	1	16	6	3	19	7	2	3	14	13	14	6	4	3	7	21	1	0	2	0	5	11	2	0	0	0	0	0	0	0	0	0	0	5	14	6	10	11	12	26	4	1	7	5	14	4	6	6	3
hsa-miR-3682-3p	21	10	8	19	17	1	3	3	5	1	6	5	12	27	25	7	12	5	12	15	5	11	6	10	21	4	3	7	4	9	3	12	13	14	10	1	4	6	9	7	18	9	20	11	5	0	14	24	11	14	6	6	9	11	19	9	0	0	2	0	0	0	0	2	32	14	6	0	9	5	13	7	6	3	12	4	10	17	21	6	6	10	6	21	0	0	0	0
hsa-miR-3683	7	2	2	7	8	1	3	1	8	0	10	3	10	14	17	4	17	9	6	20	10	16	10	8	40	5	2	8	0	6	11	19	7	8	6	2	1	4	12	4	21	14	10	5	4	1	10	7	10	11	7	4	4	3	7	0	0	2	1	3	10	1	0	0	0	0	0	1	6	5	4	7	3	16	6	3	6	12	18	11	1	11	9	26	2	7	1	5
hsa-miR-3684	8	7	6	6	18	6	5	0	10	8	15	6	6	14	8	4	8	4	8	13	0	0	0	0	15	8	4	6	6	6	9	14	7	5	2	2	2	3	5	2	13	11	5	11	3	0	14	20	9	8	0	2	14	6	7	2	0	0	0	1	0	0	0	0	12	0	0	4	0	0	0	0	5	1	6	5	8	4	19	5	3	12	7	19	6	5	9	6
hsa-miR-3685	11	6	6	6	10	12	2	5	18	1	6	3	12	22	28	11	36	31	25	37	5	21	9	12	32	12	6	9	8	9	21	29	11	19	7	15	8	8	9	20	33	33	44	30	25	10	17	27	45	30	11	19	5	8	20	7	0	6	1	1	15	0	0	0	10	0	0	0	4	11	2	11	6	17	14	12	11	5	21	3	2	12	4	29	0	0	0	0
hsa-miR-3687	17	9	9	7	22	11	11	18	15	29	11	16	717	1007	1173	446	396	574	248	373	20	11	17	12	293	184	176	109	176	77	112	143	185	273	200	95	79	135	394	176	338	332	453	266	138	260	104	320	295	297	199	200	8	10	21	8	6	10	2	4	4	3	0	5	0	0	0	0	7	15	6	17	143	131	193	99	65	107	202	147	4	108	93	139	6	4	12	4
hsa-miR-3688-3p	15	7	1	8	0	2	4	4	22	6	6	9	7	15	5	5	0	0	1	0	2	7	4	10	18	6	11	3	2	8	3	10	7	4	10	1	6	1	3	2	0	0	0	0	0	0	1	0	0	0	0	0	8	8	53	5	0	0	0	0	0	0	0	0	0	0	0	0	25	1	26	7	3	10	6	4	7	4	8	3	0	0	0	0	4	1	2	1
hsa-miR-3689b-3p	12	3	1	2	0	0	0	0	0	0	0	0	0	0	0	0	10	9	3	8	7	9	13	4	13	7	4	4	8	5	6	7	0	0	0	0	0	0	0	0	9	4	11	11	4	0	1	9	7	8	0	2	0	0	0	0	0	0	0	1	0	0	0	0	0	0	0	0	0	0	0	3	0	0	3	0	2	4	13	4	0	7	3	20	0	0	0	0
hsa-miR-3689d	10	2	3	7	16	7	3	2	10	1	9	4	7	17	11	1	9	7	4	4	0	0	0	0	24	3	4	7	4	5	5	7	13	7	10	2	0	2	6	4	8	8	1	19	8	0	4	15	5	15	3	4	0	0	0	0	5	0	3	0	0	0	0	0	17	10	3	0	2	3	3	0	5	21	6	4	3	4	8	3	0	7	3	13	6	5	3	5
hsa-miR-3689f	0	0	0	0	2	1	0	3	0	0	0	0	0	3	4	3	10	7	4	6	4	5	9	8	25	3	3	0	0	0	0	0	0	0	0	0	0	1	2	1	12	5	7	5	6	1	3	16	14	5	5	2	5	1	9	11	3	0	0	3	0	0	0	0	0	0	0	2	2	1	1	10	6	4	4	4	13	4	2	4	0	0	0	0	0	0	0	0
hsa-miR-3690	15	12	6	8	7	4	3	2	19	6	16	17	11	19	12	4	14	24	21	17	9	11	10	2	22	13	5	10	5	3	7	17	11	6	9	6	6	2	8	1	7	14	9	20	8	1	11	19	15	12	12	9	10	0	14	5	32	15	2	5	5	5	0	3	110	18	12	0	0	3	4	6	8	18	10	10	10	7	14	11	0	7	9	28	3	0	5	2
hsa-miR-3691-3p	37	13	19	12	24	8	6	4	18	5	19	14	20	18	26	18	46	37	41	34	8	16	21	24	72	23	15	36	15	12	36	35	14	21	12	12	8	14	15	18	49	39	31	41	25	1	103	41	18	28	11	9	16	11	25	7	156	52	16	21	5	4	0	0	427	103	46	9	6	13	15	11	13	39	24	20	19	32	62	17	4	21	16	37	6	5	11	3
hsa-miR-3691-5p	47	42	34	31	17	3	11	2	8	8	16	12	99	158	210	95	129	158	107	117	77	43	61	34	164	80	45	60	93	43	70	62	88	131	54	60	49	93	138	97	94	107	142	105	68	81	67	174	165	125	88	63	18	19	38	25	10	8	3	0	14	2	0	5	0	0	0	4	17	39	9	37	98	47	111	119	72	82	148	117	3	74	90	113	4	0	4	3
hsa-miR-3692-3p	12	6	6	8	10	9	0	9	14	1	8	10	9	21	31	10	12	24	12	10	7	6	13	14	37	3	12	16	17	7	22	19	7	15	6	5	5	11	11	6	11	22	10	13	12	2	13	15	16	7	8	10	8	9	10	10	7	7	3	7	23	3	0	7	10	14	1	6	7	12	6	6	8	13	15	3	15	13	46	6	5	14	7	19	8	9	3	7
hsa-miR-3692-5p	26	18	3	6	4	1	2	13	7	6	11	12	13	18	15	5	6	11	7	13	7	17	7	8	36	11	26	7	2	8	9	18	11	18	8	10	9	4	1	13	20	13	12	14	8	3	16	18	17	21	7	3	16	10	29	6	11	5	1	3	10	3	0	3	12	13	4	12	7	5	24	8	7	23	18	24	13	12	38	14	1	21	12	29	12	3	7	0
hsa-miR-369-3p	226	229	14	462	4	8	9	3	256	25	14	30	21	83	22	32	18	9	4	9	4	7	12	65	47	155	1330	22	2	1	3	2	126	26	362	4	3	13	27	5	4	6	5	10	6	5	4	86	23	118	3	10	213	288	182	9	6	0	1	7	0	0	1	3	0	0	0	5	15	5	79	3	2	42	167	6	34	357	242	7	51	38	13	34	431	4	14	3
hsa-miR-369-5p	320	523	33	507	7	3	53	6	278	3	89	78	20	127	40	37	17	9	16	13	5	10	26	112	109	207	1103	35	1	14	5	5	142	53	173	20	24	14	71	3	5	0	10	1	6	1	7	131	128	436	31	51	295	406	337	8	12	0	1	3	0	0	0	0	0	0	0	3	9	3	60	12	17	38	416	14	50	403	509	22	82	79	32	68	472	6	38	4
hsa-miR-370-3p	227	267	81	879	31	32	108	14	179	44	423	374	103	542	139	187	61	42	67	66	40	54	144	405	435	671	1485	287	74	93	51	43	386	157	2213	65	143	347	377	21	20	24	44	19	51	31	8	464	678	2113	84	74	1454	1476	2000	63	458	749	46	105	67	32	1	8	1330	365	359	23	26	26	50	22	37	199	1683	56	162	2005	2169	212	253	304	175	390	2525	28	229	16
hsa-miR-372-3p	0	0	0	0	6	0	3	1	0	0	0	0	12	8	8	5	18	16	8	13	5	18	11	4	23	5	6	9	6	2	3	3	3	9	4	4	5	2	7	3	13	11	15	11	5	5	3	10	10	19	4	2	5	1	25	4	0	0	0	0	18	1	0	0	0	0	0	1	0	0	0	6	4	13	5	4	11	2	10	1	3	4	2	19	0	0	0	0
hsa-miR-373-3p	11	12	8	10	20	3	9	5	12	6	12	10	18	20	15	6	31	18	15	16	7	7	11	13	21	9	7	9	9	4	18	12	14	18	5	13	2	3	7	4	12	31	9	17	10	0	15	28	20	30	7	3	5	6	32	8	9	8	2	11	16	3	0	1	20	15	14	10	2	12	3	10	6	14	5	7	12	15	74	7	4	18	17	35	1	7	16	0
hsa-miR-373-5p	0	0	0	0	6	0	6	5	0	0	0	0	9	6	10	5	9	6	4	4	0	0	0	0	16	0	0	0	7	2	11	7	3	6	0	3	3	2	1	4	0	0	11	8	1	1	1	0	14	8	5	0	0	0	0	0	0	0	0	1	0	0	0	0	0	0	0	0	0	0	0	0	0	0	3	0	4	3	7	4	1	4	2	21	0	0	0	0
hsa-miR-374a-3p	94	46	11	172	7	4	13	7	208	9	20	24	22	100	24	12	17	15	10	11	12	9	21	49	34	51	293	6	5	20	18	17	28	18	111	7	3	4	10	5	8	6	10	8	2	2	8	28	16	29	4	5	80	71	71	5	18	13	3	4	7	4	0	1	112	7	10	2	137	10	949	30	4	28	54	6	30	73	69	17	65	57	13	62	150	6	10	2
hsa-miR-374a-5p	1157	648	65	1822	15	24	119	19	1597	25	69	258	209	727	128	130	54	41	61	20	23	112	261	861	210	1106	6085	114	3	183	56	53	351	137	1450	19	38	34	132	10	22	22	19	6	11	4	5	321	55	169	9	11	695	794	664	22	164	118	17	38	57	5	0	4	517	69	81	9	1542	23	6728	182	30	166	886	20	197	1537	1537	43	484	334	80	236	939	12	56	26
hsa-miR-374b-3p	41	28	12	85	7	3	13	2	97	3	25	16	7	44	10	4	8	7	11	5	11	3	10	22	21	37	162	3	1	8	2	9	20	7	59	4	9	5	11	0	7	7	4	12	7	3	4	29	13	9	2	5	46	40	32	7	12	0	0	0	0	0	0	0	22	0	0	0	39	2	174	11	5	6	49	1	16	56	53	5	22	25	4	32	56	2	2	6
hsa-miR-374b-5p	365	367	28	526	13	4	84	0	754	11	20	57	45	266	40	37	30	11	32	11	7	22	58	175	220	326	2125	21	5	42	16	20	238	48	613	8	32	18	55	4	11	3	10	4	6	2	1	175	26	101	5	13	246	363	283	5	81	40	4	15	5	4	0	1	176	18	31	0	312	5	1607	41	12	77	380	19	84	630	663	11	180	145	38	109	387	5	11	9
hsa-miR-375	175	56	107	141	140	94	54	48	53	39	66	90	170	299	308	135	303	312	194	384	43	65	128	84	1540	233	181	432	134	84	184	185	145	199	83	114	173	125	306	244	202	186	179	122	186	138	179	370	504	320	500	613	187	362	128	97	177	258	12	135	35	15	3	16	160	72	58	67	89	65	50	50	102	398	229	88	376	247	471	176	91	317	237	276	23	53	31	44
hsa-miR-376a-3p	204	196	15	223	0	0	17	4	374	7	21	28	16	45	14	17	14	15	15	7	1	3	16	91	55	165	1159	35	2	6	12	11	62	22	206	9	15	26	52	6	8	4	10	11	8	1	8	75	66	175	11	4	188	312	200	4	52	34	1	5	4	3	0	1	167	41	43	0	13	2	40	3	8	40	213	6	31	354	296	17	21	35	10	35	229	3	23	3
hsa-miR-376a-5p	11	13	8	4	4	5	11	9	48	3	46	7	17	13	15	16	11	34	25	23	6	6	6	22	40	14	79	17	9	13	22	39	13	33	21	31	9	12	10	10	16	25	12	22	11	8	64	51	52	39	33	21	26	19	16	2	6	6	1	1	17	2	0	6	24	17	1	6	1	18	8	5	6	27	18	4	12	17	33	62	1	52	37	48	6	5	9	18
hsa-miR-376b-3p	51	23	8	37	0	4	15	3	77	0	7	6	3	7	2	6	7	3	4	2	1	8	8	18	14	34	231	4	7	0	2	3	9	4	38	0	1	3	5	8	1	5	6	2	0	0	1	15	12	22	0	5	41	33	23	3	13	0	0	1	0	0	0	0	27	0	0	0	2	2	14	1	0	5	45	4	6	56	80	0	5	7	3	4	50	2	3	5
hsa-miR-376b-5p	0	0	0	0	8	3	3	2	18	1	7	6	4	13	10	4	9	16	6	8	7	10	4	2	20	7	14	3	0	2	7	15	15	8	3	6	3	3	0	1	9	6	3	14	4	0	6	11	3	15	4	6	0	0	0	0	0	0	1	0	0	0	0	0	0	0	0	0	0	4	3	0	6	11	0	5	0	0	0	0	2	8	7	27	6	1	6	1
hsa-miR-376c-3p	127	121	15	109	4	2	21	10	274	6	17	10	11	28	14	21	12	8	10	16	6	14	20	100	79	215	1686	35	8	10	12	10	91	25	181	10	16	16	43	6	7	7	5	2	10	1	3	88	39	146	11	10	141	179	129	4	47	28	3	3	3	1	1	0	104	14	11	0	14	2	29	2	5	23	244	26	29	433	382	25	25	33	13	41	91	5	7	0
hsa-miR-377-3p	166	110	13	101	2	0	4	0	29	13	9	10	14	34	49	9	10	13	14	15	0	5	9	25	34	67	494	18	6	5	12	8	17	23	36	12	2	8	17	8	10	6	19	4	8	2	2	40	26	43	3	4	57	53	45	0	0	0	0	0	0	0	0	0	45	14	4	0	5	3	19	2	2	12	61	7	24	92	150	5	12	20	6	14	34	1	3	7
hsa-miR-377-5p	22	25	17	10	16	3	3	9	9	1	13	7	9	23	14	10	12	6	17	11	9	11	1	16	32	8	30	11	2	3	9	14	6	10	16	10	7	6	13	5	12	15	34	18	7	0	11	13	14	27	1	13	7	4	12	9	0	12	3	1	8	5	0	0	12	0	0	5	4	35	3	10	9	7	20	8	7	26	64	9	10	10	7	17	6	1	2	3
hsa-miR-378a-3p	463	467	292	664	159	137	493	113	1150	101	155	156	218	710	228	234	104	86	57	61	159	173	262	355	13058	1272	683	484	41	206	195	276	676	537	1598	119	258	231	151	59	42	27	33	26	54	33	27	407	340	669	57	104	812	1804	1091	429	212	249	28	118	27	24	2	19	220	49	84	21	1003	173	1160	251	357	2343	709	1392	2305	759	878	313	470	662	382	688	412	39	83	65
hsa-miR-378a-5p	40	36	17	22	14	13	42	10	70	18	18	25	14	30	28	24	14	16	19	7	19	14	29	27	701	77	62	41	21	18	21	30	34	33	49	30	24	11	19	6	12	8	6	22	12	3	11	23	22	27	16	9	88	115	74	53	8	11	4	5	6	6	1	1	21	0	0	3	88	11	68	16	27	152	69	105	136	42	79	20	11	39	25	49	18	14	6	4
hsa-miR-378b	11	11	9	7	5	3	3	2	11	4	7	5	9	12	10	6	13	9	11	13	3	10	7	7	29	6	6	7	5	7	17	10	10	7	5	4	1	2	6	4	11	10	12	20	10	3	4	16	9	4	7	3	6	4	9	6	2	0	0	0	0	0	0	0	21	10	0	5	3	2	2	9	3	17	3	8	11	12	25	7	0	6	7	21	0	0	0	0
hsa-miR-378c	100	122	65	163	54	36	143	36	410	19	45	44	44	129	49	56	36	26	13	9	56	69	88	101	3395	346	130	123	25	72	78	68	162	171	272	22	55	54	26	18	19	14	10	14	8	2	8	96	98	179	22	26	230	505	247	117	41	52	6	40	12	8	0	5	93	34	31	0	247	44	215	75	83	589	155	395	565	179	194	68	87	178	83	217	108	21	22	9
hsa-miR-378d	43	17	21	26	11	24	24	14	61	15	5	15	10	14	14	4	12	8	3	6	20	10	20	9	732	83	23	35	4	5	15	26	27	34	24	4	6	7	6	5	18	2	1	9	6	4	4	22	15	15	3	4	55	94	33	35	0	0	1	0	0	0	0	0	0	0	0	0	59	11	39	33	24	121	34	103	122	27	40	32	9	36	31	49	18	4	3	3
hsa-miR-378e	17	4	8	6	4	8	8	2	12	3	5	10	9	13	22	7	15	19	10	19	6	9	13	5	139	20	7	6	5	4	8	7	8	17	15	6	7	4	7	7	10	12	6	12	5	2	1	16	20	8	11	16	16	24	13	9	1	0	0	0	0	0	0	0	10	0	0	0	11	10	9	8	2	16	10	36	32	4	15	5	5	18	13	29	1	7	1	5
hsa-miR-378f	3	8	4	13	12	8	13	27	16	15	2	9	6	5	13	4	0	10	7	0	2	8	1	27	78	22	11	5	6	4	8	5	9	8	11	4	3	4	3	2	13	5	0	0	0	0	0	13	16	6	0	15	8	17	38	18	2	0	0	0	0	0	1	2	15	0	0	0	8	3	5	5	8	18	9	25	28	6	12	4	8	9	12	28	3	6	1	4
hsa-miR-378g	16	10	21	11	11	6	10	4	7	12	11	11	15	15	14	3	8	9	12	15	10	28	10	18	104	13	6	15	5	4	16	7	12	22	13	3	5	4	7	5	9	3	4	8	6	1	3	15	33	14	7	14	7	29	13	17	10	0	0	3	0	0	0	0	0	0	0	0	12	4	7	6	10	30	12	18	39	14	13	10	2	14	10	29	7	9	8	0
hsa-miR-378i	25	9	14	6	16	9	15	10	20	8	12	8	14	25	13	13	13	18	15	17	19	60	21	9	110	17	19	10	8	8	10	15	15	16	14	15	8	13	18	13	12	18	15	22	12	6	12	21	21	13	17	15	17	19	15	13	10	0	0	0	0	0	0	0	24	4	11	5	16	8	13	13	5	22	15	17	26	15	42	8	7	21	15	27	5	5	6	3
hsa-miR-378j	15	10	2	13	20	5	5	18	13	2	7	6	13	13	22	7	15	19	11	24	7	6	12	12	41	4	4	10	4	4	4	15	13	11	4	8	2	6	10	5	21	10	18	13	9	3	11	19	14	14	16	4	3	9	13	13	0	6	2	4	10	0	1	2	0	0	0	3	4	24	2	9	2	8	7	11	5	6	17	8	6	15	13	16	5	6	2	2
hsa-miR-379-5p	808	1065	129	2294	31	26	102	14	1238	14	300	308	139	975	238	205	70	40	65	66	27	49	113	502	620	694	2809	140	23	54	43	16	756	167	2368	64	68	199	314	11	30	20	13	30	33	16	22	590	533	2331	72	94	1524	2340	1637	26	747	577	52	118	20	15	4	3	1510	243	348	18	49	7	159	11	27	264	1390	50	187	2045	2051	93	441	451	132	368	3602	29	226	2
hsa-miR-381-3p	414	522	65	628	9	16	64	7	786	117	103	118	40	267	55	71	24	6	19	18	6	14	48	189	261	472	2561	75	2	32	19	16	227	61	717	11	41	94	162	4	5	8	7	3	10	9	7	261	175	1037	23	35	653	787	740	5	316	239	15	43	19	12	1	4	926	138	127	9	28	3	117	12	14	95	865	30	96	874	1113	81	202	170	83	118	917	15	60	1
hsa-miR-382-3p	143	249	8	152	5	12	31	16	209	16	23	22	19	43	54	29	27	28	29	28	13	14	12	80	114	51	239	26	15	11	17	31	88	30	141	6	19	21	21	14	42	30	24	22	18	1	35	74	55	155	15	17	54	135	132	3	50	19	5	9	6	8	0	3	67	23	12	3	13	11	94	13	10	30	85	17	28	122	119	22	43	58	23	61	120	7	26	3
hsa-miR-382-5p	4681	8295	1469	7292	121	127	410	53	1609	93	1478	962	385	1937	654	582	171	82	287	133	54	133	303	1134	1600	1346	4459	674	107	328	125	93	2090	625	3262	177	309	645	1043	59	52	57	122	65	132	48	30	1749	1509	5874	265	287	2735	4830	2861	107	2604	1743	230	451	124	273	7	21	4654	1935	1538	105	128	18	585	82	105	600	4320	184	764	5317	8122	709	770	1156	627	1548	4727	165	1234	45
hsa-miR-383-3p	25	14	19	16	9	8	5	5	25	0	36	6	10	10	22	10	19	44	24	16	7	18	19	6	84	15	13	14	10	6	17	15	11	21	4	13	1	9	5	6	27	25	14	25	8	10	27	28	13	11	8	2	12	22	17	5	20	8	2	4	27	2	1	0	0	0	0	4	10	14	12	4	6	29	6	6	13	19	40	26	3	18	23	29	5	7	6	10
hsa-miR-383-5p	6	3	5	1	5	2	0	2	0	0	0	0	7	11	7	3	5	0	4	4	1	19	4	1	29	3	5	2	0	0	0	0	0	0	0	0	3	2	1	1	5	7	6	13	3	2	2	9	0	0	7	3	1	3	2	2	0	0	0	3	0	0	0	0	0	0	0	0	3	2	5	2	0	4	5	9	4	9	15	4	3	4	6	12	0	0	0	0
hsa-miR-384	26	23	23	20	21	6	3	21	31	4	39	33	48	47	35	19	28	22	27	31	19	26	15	23	51	13	8	19	13	18	25	26	10	24	9	9	2	3	8	31	52	63	13	54	10	2	61	30	18	56	5	6	24	13	20	13	8	16	4	6	30	16	2	12	23	55	13	7	4	48	4	22	10	26	15	20	17	30	163	13	3	14	24	40	7	14	37	19
hsa-miR-3907	59	15	20	24	44	14	13	26	23	1	20	19	54	63	77	36	60	86	68	59	25	41	50	28	105	16	30	29	51	20	37	31	25	47	18	19	13	22	46	74	110	132	68	85	27	11	85	75	35	53	17	24	20	14	67	11	19	25	6	27	65	12	2	7	34	29	2	23	12	15	5	17	37	45	28	29	47	18	52	34	7	21	35	74	9	11	19	20
hsa-miR-3908	10	7	4	11	8	1	0	0	11	5	15	2	4	7	6	2	6	7	4	7	11	10	10	5	0	0	0	0	8	2	7	7	0	7	7	6	2	4	6	4	6	4	11	10	1	1	0	16	6	2	3	6	3	5	10	4	6	0	0	0	0	0	0	0	0	10	8	0	2	9	2	4	0	0	3	0	3	7	12	12	1	12	10	23	5	2	2	2
hsa-miR-3909	26	6	18	7	12	9	6	3	7	15	1	4	84	107	228	62	123	236	104	204	16	7	15	3	92	47	28	33	78	33	40	40	66	97	40	59	51	58	160	152	95	93	187	68	86	52	56	142	215	203	194	243	8	9	13	4	2	4	0	1	9	1	0	0	0	0	0	3	0	0	0	5	50	51	50	33	46	38	68	44	2	52	56	69	1	5	0	1
hsa-miR-3910	15	4	3	5	5	0	7	7	13	8	13	4	13	13	13	4	10	15	12	16	6	17	12	16	17	5	4	5	7	4	15	21	10	7	8	8	3	0	3	6	26	15	9	37	3	0	13	18	5	14	1	0	12	17	9	4	9	4	0	8	16	4	0	4	11	0	0	0	4	26	5	14	2	16	8	9	6	14	17	6	3	7	12	27	2	4	15	2
hsa-miR-3911	13	3	3	9	20	6	2	5	10	18	12	14	23	18	12	8	26	17	5	8	11	15	10	7	21	3	5	11	5	4	7	14	10	9	10	10	6	2	9	4	15	16	17	62	13	1	5	22	30	15	8	1	8	4	15	0	7	13	2	4	8	7	1	2	0	1	14	8	4	9	1	3	6	10	7	6	9	10	42	8	2	12	11	25	3	9	8	6
hsa-miR-3912-5p	22	19	20	16	7	2	4	3	21	2	12	8	14	21	11	12	14	23	15	17	11	18	21	26	25	14	14	4	7	4	10	10	23	25	8	7	5	4	6	9	16	19	12	16	6	1	7	21	17	20	15	6	16	7	10	6	0	0	1	0	0	0	0	0	30	0	0	3	17	17	6	20	10	16	6	11	8	22	20	76	3	57	53	87	3	3	3	3
hsa-miR-3913-3p	71	53	48	45	37	20	21	6	27	42	44	17	641	1402	1184	473	530	564	426	392	37	47	69	78	1425	694	624	606	466	173	218	262	724	627	484	224	204	437	929	298	272	335	734	253	185	165	139	749	763	1220	293	296	39	43	51	51	18	12	1	11	11	4	2	6	16	0	0	6	38	48	42	48	530	587	908	280	219	495	1580	387	10	249	273	287	11	5	15	5
hsa-miR-3913-5p	13	19	5	18	3	0	6	3	35	0	7	6	10	17	8	2	3	10	8	4	2	2	10	13	14	20	36	4	5	3	1	4	14	7	32	4	10	10	7	8	0	4	6	3	1	3	0	17	13	25	5	3	12	15	16	0	0	0	0	0	0	0	0	0	21	0	0	0	12	2	37	3	5	13	10	4	4	15	20	6	15	14	8	17	18	0	4	1
hsa-miR-3914	6	3	5	6	13	1	1	3	20	4	20	4	6	12	5	2	5	12	5	13	0	0	0	0	16	0	0	0	1	1	6	3	6	7	5	2	2	0	1	3	4	7	5	2	7	2	9	6	7	8	4	0	0	0	0	0	0	0	0	0	0	0	0	0	0	0	0	0	1	12	13	0	2	10	6	7	2	8	18	6	2	12	6	20	0	0	0	0
hsa-miR-3915	17	11	8	16	10	7	8	5	14	23	19	27	7	17	12	9	17	21	12	15	19	23	21	30	35	8	7	7	31	9	14	16	14	35	13	15	5	7	8	10	4	14	14	11	5	5	6	18	20	16	2	5	12	8	11	10	8	13	1	1	45	7	1	6	12	13	0	7	12	26	6	15	10	17	14	24	13	8	16	83	3	53	59	68	7	4	6	7
hsa-miR-3916	17	12	7	12	9	6	9	10	11	5	17	8	18	30	36	17	36	46	27	37	11	31	16	11	49	9	15	19	9	20	21	15	18	21	18	8	3	4	19	11	15	21	34	42	15	2	12	35	18	23	11	14	14	8	16	3	8	5	5	4	17	5	0	4	14	0	0	12	10	8	2	11	10	36	9	20	24	20	26	13	4	22	12	34	6	14	11	0
hsa-miR-3919	26	3	1	3	5	2	4	0	0	0	0	0	8	10	20	4	10	18	20	22	2	15	26	10	31	3	1	6	11	1	10	12	9	4	4	4	3	1	7	6	13	12	21	24	9	2	5	6	10	11	10	4	4	6	6	3	0	1	0	0	11	1	0	0	0	0	0	0	1	10	2	3	2	15	5	11	26	7	12	4	0	10	6	23	0	0	0	0
hsa-miR-3920	15	3	4	14	10	9	9	3	0	0	0	0	8	21	16	6	21	24	7	20	9	11	6	24	23	13	12	6	9	5	7	10	21	11	5	5	4	5	9	16	6	13	30	19	9	0	6	25	20	22	3	1	5	11	13	5	4	0	1	4	0	0	0	0	0	0	0	3	2	4	8	6	4	12	6	7	3	9	34	7	5	5	9	27	0	0	0	0
hsa-miR-3922-3p	2	5	0	7	5	0	0	5	5	2	1	6	9	13	4	6	11	13	15	23	0	11	10	2	12	6	2	2	2	3	7	3	13	4	1	4	0	4	1	3	16	4	10	12	9	0	3	11	13	5	1	8	14	3	5	6	0	1	0	0	12	0	0	0	0	0	0	0	0	0	0	5	1	6	6	8	4	6	10	10	1	18	12	13	0	0	0	0
hsa-miR-3922-5p	30	22	14	18	15	1	4	5	12	4	6	9	18	15	23	9	14	18	23	13	5	22	19	26	66	29	28	18	3	2	19	20	11	14	21	6	4	6	5	10	24	28	14	23	5	6	43	34	18	13	9	10	7	20	13	13	7	15	2	2	19	8	1	2	11	37	3	5	10	17	29	11	14	32	13	8	24	38	66	14	7	11	21	26	5	7	11	11
hsa-miR-3923	12	8	6	6	14	2	11	13	12	14	13	14	20	28	21	8	16	21	15	20	13	10	12	17	27	10	3	12	5	14	19	20	14	13	16	6	9	6	11	4	20	17	15	20	5	2	9	19	29	19	9	19	6	14	14	9	4	2	1	4	13	1	0	2	16	11	2	7	6	12	5	7	4	20	11	5	12	15	41	8	1	12	14	35	4	11	9	2
hsa-miR-3925-5p	95	10	12	8	19	6	3	7	26	4	32	10	8	14	8	5	14	33	21	8	4	88	136	9	60	18	7	9	11	3	11	4	6	7	3	6	3	3	6	7	17	21	12	60	4	1	20	28	19	7	6	9	6	17	15	3	5	6	1	3	10	2	1	5	12	0	0	4	5	8	8	5	6	22	1	9	48	12	22	25	0	24	17	38	10	2	3	2
hsa-miR-3927-3p	10	7	5	0	9	3	2	5	27	38	22	6	16	8	6	8	15	6	10	16	6	26	9	9	18	5	5	10	4	3	18	10	5	6	1	6	5	4	5	1	15	8	9	15	11	1	11	16	7	8	5	2	8	0	15	7	1	0	1	2	17	0	0	0	21	0	0	0	1	3	7	3	3	4	4	4	5	8	23	4	1	4	2	27	0	7	5	5
hsa-miR-3928-3p	52	36	14	48	3	4	12	4	31	2	19	15	11	46	17	25	32	22	18	15	14	23	18	31	72	26	42	33	13	6	13	13	41	29	91	9	6	23	32	14	33	23	10	15	12	5	10	40	47	67	4	15	28	24	33	9	34	21	4	8	28	10	2	8	48	7	20	0	8	10	29	12	6	30	34	14	29	55	68	22	21	37	31	84	51	4	12	5
hsa-miR-3928-5p	11	10	7	4	7	3	2	1	9	7	7	9	4	13	27	6	16	20	16	19	5	26	15	7	52	7	7	11	7	6	17	10	12	14	9	11	1	8	16	12	21	27	28	11	10	1	12	11	22	24	7	4	6	9	13	6	3	0	1	2	0	0	0	3	10	0	0	4	8	12	8	10	8	26	13	16	8	6	25	15	1	16	11	36	3	3	4	1
hsa-miR-3934-5p	16	9	10	10	7	2	4	5	12	8	6	11	17	13	24	15	21	15	24	16	5	10	5	13	56	9	12	13	6	5	20	11	12	11	18	9	4	7	5	18	26	36	10	22	9	1	23	24	6	24	2	4	6	8	16	8	6	2	1	2	13	3	3	2	0	11	4	2	3	5	4	7	11	11	13	8	9	14	32	12	4	18	13	36	5	10	1	3
hsa-miR-3935	34	10	18	10	5	9	3	11	11	1	12	14	57	97	98	37	62	63	46	57	13	24	18	22	85	39	31	38	49	18	26	28	54	43	22	38	16	24	65	44	65	49	65	38	24	9	39	82	50	78	31	16	11	16	22	4	6	8	0	5	11	2	0	4	18	0	0	7	4	12	7	9	15	30	29	21	37	36	60	24	3	16	20	39	2	3	2	3
hsa-miR-3936	10	4	9	9	10	1	2	3	6	4	8	10	12	18	5	7	12	14	16	15	8	4	14	9	27	7	8	8	4	5	9	12	10	15	5	7	5	3	3	7	13	16	11	14	6	2	7	26	8	19	1	5	13	10	10	1	3	4	0	3	13	4	0	4	10	14	1	6	6	4	1	11	4	14	6	7	3	8	17	15	2	14	11	23	6	3	1	2
hsa-miR-3937	15	2	3	11	7	1	4	7	13	8	15	6	5	36	13	3	9	7	13	7	6	10	8	28	17	13	39	6	7	5	7	12	9	15	8	4	4	5	18	5	12	10	7	16	8	4	14	20	14	9	3	4	11	10	18	1	5	0	2	0	0	0	0	0	13	0	0	0	6	3	11	4	2	11	56	13	9	22	52	5	6	23	5	24	6	2	5	7
hsa-miR-3938	12	9	8	6	9	5	1	5	11	9	3	21	14	23	21	7	18	46	19	20	8	12	7	11	40	8	12	12	22	11	20	26	10	13	7	8	3	5	7	10	21	22	13	21	9	4	8	23	13	16	4	12	9	7	11	7	3	0	1	6	16	3	0	0	0	0	0	10	2	9	4	5	6	11	9	11	5	10	28	7	8	19	7	21	1	7	4	7
hsa-miR-3939	17	13	3	4	14	4	2	8	8	9	7	13	21	14	16	9	25	32	10	25	10	19	17	14	34	6	10	7	8	6	36	24	8	19	7	14	5	7	18	12	9	16	28	17	11	7	8	29	12	14	7	5	5	3	18	9	0	2	1	4	12	3	0	0	11	14	1	10	0	0	0	3	3	17	6	11	7	8	21	15	1	17	16	43	4	2	5	1
hsa-miR-3940-3p	145	102	124	133	42	11	12	28	21	27	36	205	363	653	651	234	374	439	296	310	98	122	134	112	447	203	183	209	177	73	127	194	287	275	213	100	113	215	403	214	339	315	409	242	178	136	127	440	399	386	313	282	72	64	109	36	41	30	11	33	39	14	0	9	42	17	11	16	114	109	33	126	232	141	345	148	154	202	391	201	18	150	140	202	18	15	29	19
hsa-miR-3940-5p	10	4	8	4	23	3	2	4	2	10	10	2	14	12	16	5	12	9	9	13	5	13	6	6	20	8	5	10	5	2	8	9	6	14	8	11	6	6	9	13	23	7	64	9	11	2	11	17	21	7	3	7	5	6	20	3	0	0	1	1	0	0	0	0	17	0	0	7	6	3	1	9	4	17	3	7	16	4	22	11	4	8	9	33	3	6	2	4
hsa-miR-3941	7	11	16	12	14	2	1	4	0	0	0	0	30	37	45	10	35	28	29	21	5	8	10	8	19	12	9	10	8	6	12	19	13	21	7	10	11	13	41	13	31	18	47	24	20	9	15	28	43	38	25	21	0	0	0	0	0	0	0	0	0	0	0	0	0	0	0	0	7	10	5	10	7	13	11	3	8	6	19	10	2	12	10	13	3	10	3	1
hsa-miR-3942-3p	4	7	1	1	0	3	2	2	3	6	10	11	0	10	5	0	15	3	0	11	20	13	10	7	18	4	1	4	0	2	17	1	5	4	2	4	2	2	1	5	16	8	7	2	2	0	0	1	11	11	0	1	0	0	0	0	0	3	0	2	12	9	0	0	0	0	0	3	2	2	3	5	1	14	4	4	6	1	28	5	1	11	6	16	0	0	0	0
hsa-miR-3943	17	6	13	13	17	6	4	10	26	5	17	10	19	18	14	15	18	39	22	22	9	11	16	3	36	14	7	18	12	6	19	20	12	13	10	15	4	12	10	17	39	27	15	44	18	1	32	35	16	26	10	11	16	10	25	7	5	9	2	5	17	4	0	3	14	10	5	3	6	8	7	7	10	18	7	12	9	13	27	15	1	24	13	43	5	2	13	9
hsa-miR-3944-3p	41	24	43	23	52	45	8	20	30	71	86	64	163	218	215	92	152	172	97	148	40	58	57	45	131	60	25	30	89	76	148	147	82	118	65	72	27	58	99	88	156	153	124	161	72	57	64	163	124	133	91	88	32	38	63	39	24	33	9	39	136	24	2	31	75	61	12	37	10	31	9	40	46	78	38	50	58	23	67	65	15	45	61	130	19	53	53	36
hsa-miR-3944-5p	34	8	17	7	14	0	10	3	12	7	9	13	19	22	22	16	22	19	17	14	7	25	31	5	36	7	3	13	9	6	20	31	4	17	6	10	6	5	14	10	21	21	20	21	13	2	20	40	16	12	14	7	8	8	32	10	4	10	2	4	18	4	0	0	20	0	0	11	4	6	2	6	7	26	9	9	51	14	12	3	2	9	7	21	3	7	11	3
hsa-miR-3945	33	13	10	14	13	3	3	6	18	2	9	13	26	47	29	20	31	21	19	17	7	14	14	16	36	33	19	17	15	8	11	17	27	21	23	9	10	9	27	9	19	14	29	45	11	5	17	26	32	42	18	35	14	8	6	4	6	0	2	4	0	0	0	0	0	0	0	1	8	11	3	15	31	22	25	6	11	20	28	22	3	25	10	35	8	4	4	2
hsa-miR-3960	33	163	20	16	50	6	1	10	21	19	32	15	71	34	56	27	42	40	52	59	19	21	23	15	108	27	19	21	43	17	49	41	48	73	26	28	11	23	44	33	44	50	868	53	42	33	34	82	32	29	18	13	16	19	64	16	23	28	2	16	21	8	2	7	19	16	3	8	9	52	4	23	21	57	41	31	31	30	64	89	4	98	67	153	6	5	7	6
hsa-miR-3972	59	16	39	19	32	3	10	5	12	6	27	27	45	67	44	23	28	42	47	29	14	52	61	39	98	19	14	41	14	12	34	27	29	25	20	24	17	17	36	19	38	44	39	41	25	7	44	73	37	48	24	17	19	19	89	9	11	16	3	16	37	10	5	7	44	21	5	17	9	12	2	13	22	57	35	20	65	36	64	24	6	32	23	46	8	8	8	14
hsa-miR-3974	317	230	263	174	34	19	18	14	24	38	23	20	235	375	466	191	717	964	480	675	205	159	261	200	950	346	318	324	305	164	209	290	394	503	353	182	249	346	943	446	560	460	843	285	288	143	255	774	577	518	499	760	130	91	175	88	7	13	3	18	22	5	2	6	25	10	3	6	280	207	84	209	324	494	445	276	213	240	914	273	10	193	175	245	2	14	21	12
hsa-miR-3976	13	1	6	4	4	2	1	0	7	1	9	7	13	12	11	7	9	11	13	14	1	10	5	9	22	8	8	8	7	5	8	15	8	13	6	3	2	3	7	5	13	13	17	12	11	1	2	20	16	10	4	15	2	5	3	8	0	4	0	2	10	3	0	0	11	0	0	1	3	12	4	3	4	12	2	10	5	9	15	9	5	14	10	22	2	4	12	5
hsa-miR-3977	11	8	3	6	8	0	1	8	0	0	0	0	3	7	15	4	11	14	10	17	1	7	3	18	15	5	4	6	7	5	14	10	5	6	2	2	7	4	0	15	9	21	5	20	6	1	11	10	12	14	5	2	0	0	0	0	0	0	0	0	0	0	0	0	0	0	0	0	0	0	0	3	6	5	3	2	6	5	7	5	0	3	11	12	2	3	1	1
hsa-miR-3978	14	8	4	7	16	6	8	4	10	0	11	13	124	161	300	97	217	295	118	278	3	16	20	10	145	99	78	86	72	28	76	67	112	121	104	59	72	99	189	201	146	192	154	115	122	50	83	193	223	233	174	225	13	2	24	5	4	2	2	6	10	1	0	0	0	0	0	0	6	12	8	8	77	89	75	63	89	60	121	92	3	78	67	77	11	5	4	5
hsa-miR-409-3p	4703	6549	1332	7185	88	55	376	25	2499	40	1205	906	461	2541	618	549	181	91	479	154	30	122	289	1733	1574	1468	7372	752	84	354	85	86	2252	524	3919	164	484	611	898	46	56	53	149	54	231	39	28	2473	1920	6646	407	467	4010	5189	5022	86	2595	1300	144	448	109	204	4	11	3154	1168	924	72	68	20	551	55	90	716	4404	182	804	6093	7723	378	770	1082	384	1216	6737	148	907	22
hsa-miR-409-5p	142	173	26	149	10	3	14	4	98	9	17	19	24	40	24	19	24	9	19	13	21	14	24	42	63	65	342	33	9	10	23	16	75	18	168	17	20	27	49	23	19	24	11	14	13	2	15	55	97	162	30	26	67	100	103	10	55	36	6	10	10	2	1	3	102	30	35	8	4	4	20	2	8	29	154	11	23	171	247	18	27	28	16	52	102	5	17	3
hsa-miR-410-5p	13	6	15	8	18	7	2	4	13	10	14	19	25	20	26	17	17	29	15	20	15	12	7	9	37	9	8	16	15	4	20	9	8	19	10	18	7	8	9	9	18	26	10	21	8	2	5	18	15	9	4	6	15	4	22	7	7	9	4	3	19	5	1	4	17	15	1	12	3	13	3	10	11	16	9	11	14	13	24	10	3	13	16	23	6	4	4	5
hsa-miR-411-3p	16	11	5	9	14	0	9	4	16	1	10	5	55	82	109	29	90	69	52	47	14	19	21	6	96	51	97	31	80	21	26	18	50	71	56	24	20	46	88	44	52	54	59	39	36	13	30	60	57	72	53	47	18	11	20	6	7	3	1	2	11	0	0	2	16	16	1	0	7	14	3	12	49	49	75	23	31	35	87	35	2	21	29	38	8	1	5	3
hsa-miR-411-5p	292	270	42	413	9	7	46	11	507	33	86	96	32	140	42	27	9	16	17	17	5	12	40	148	307	192	931	39	6	25	18	11	145	49	401	13	22	26	68	6	7	8	11	9	9	3	9	109	141	468	35	34	405	475	546	10	194	80	10	19	14	9	0	3	580	109	61	7	24	4	51	4	10	89	350	25	64	333	276	31	103	114	38	84	678	7	44	3
hsa-miR-412-3p	35	17	22	11	38	2	6	8	11	1	16	17	25	26	31	15	19	23	18	19	15	30	22	9	52	10	5	17	20	8	15	27	12	19	11	10	6	8	12	18	29	24	85	28	12	5	25	27	24	28	11	9	13	17	28	2	9	7	3	10	30	3	1	9	16	10	1	9	3	14	8	4	11	11	14	14	22	27	45	15	6	18	10	41	3	6	6	3
hsa-miR-412-5p	54	105	16	90	6	5	2	11	23	2	24	13	12	12	17	13	8	11	16	19	8	8	6	40	28	18	16	7	5	3	9	6	40	11	87	4	4	6	14	21	11	11	15	11	10	1	17	32	30	90	11	8	36	72	38	5	0	8	3	1	3	5	0	3	16	25	6	0	2	3	2	1	6	12	13	7	10	11	32	4	1	8	7	12	71	1	20	2
hsa-miR-421	153	154	28	200	10	9	46	11	285	4	36	66	34	245	40	18	22	21	29	16	25	41	46	97	89	155	686	50	9	28	17	68	143	35	262	6	52	21	39	8	13	10	14	5	10	1	4	103	25	89	12	8	96	156	166	21	70	26	5	31	30	8	0	4	99	50	17	0	160	2	418	32	15	52	351	14	39	426	637	28	84	88	32	71	177	8	19	4
hsa-miR-422a	21	6	3	5	5	3	2	2	6	2	8	13	12	6	5	5	8	2	3	7	8	4	6	12	56	9	4	8	3	7	2	13	5	5	5	10	2	4	9	10	8	12	7	5	8	1	0	9	3	10	5	1	7	9	8	10	0	0	0	0	0	0	0	2	12	0	0	0	8	2	2	6	7	14	8	6	16	4	11	6	2	8	4	21	0	0	0	0
hsa-miR-423-3p	4267	6534	1008	7331	336	234	1555	275	2069	129	947	883	1327	6386	1373	1326	618	450	1245	549	122	356	718	2884	2100	3626	13085	2141	267	1537	328	1037	4876	1236	13406	376	1605	2168	2743	215	248	121	376	147	447	79	78	4942	927	2730	276	372	3754	4457	5675	306	3070	3018	229	869	355	151	5	23	2634	926	994	137	1483	194	8557	966	227	1097	9206	513	1047	10414	15583	858	3584	3955	1370	4135	3917	208	593	55
hsa-miR-423-5p	12208	27356	5801	24766	4224	2350	7099	4326	5727	808	8245	7774	6431	26586	11871	7570	4939	8712	7622	4808	3137	5193	6188	8808	11081	13588	14160	10568	4576	22001	5289	31280	23651	8589	28343	5587	7720	10717	10930	5104	2648	3015	2436	1761	3412	449	1077	23622	7199	24052	3133	3154	9557	19311	14995	3983	15344	14821	2235	11630	4139	3067	141	882	19649	9415	8994	3045	7336	2566	11577	6431	2109	5997	23782	5843	7725	29594	36703	8081	11396	17694	9268	17860	15400	2843	6323	1560
hsa-miR-424-3p	25	18	2	16	9	4	6	3	16	10	11	2	34	72	53	21	26	39	45	30	5	8	7	7	28	9	27	10	26	14	13	19	37	26	31	15	11	17	35	12	28	30	41	18	15	1	12	47	65	52	16	22	9	8	56	2	0	0	1	0	0	0	0	0	11	0	0	0	15	5	10	21	8	12	10	14	12	17	35	11	7	12	20	19	3	3	8	2
hsa-miR-424-5p	81	103	18	93	8	9	24	13	211	9	18	36	23	42	17	26	18	40	8	12	21	28	36	27	383	66	242	30	3	14	43	28	33	29	52	9	5	6	11	5	7	8	8	13	3	5	6	55	8	3	3	4	39	64	55	22	16	13	0	10	25	1	1	5	35	0	0	7	336	18	359	38	16	70	26	68	96	54	56	12	18	26	24	34	20	3	5	9
hsa-miR-425-3p	836	1205	163	1286	44	27	253	44	1814	68	192	213	170	1241	253	175	83	55	94	57	27	63	111	324	373	725	3051	201	43	191	67	92	891	187	2275	55	246	385	372	21	26	19	32	21	41	15	12	668	310	1000	47	56	710	977	1086	43	670	582	50	172	35	37	0	5	1011	278	316	19	567	30	3180	172	40	195	1732	41	190	1660	2635	110	671	514	157	477	1647	40	92	17
hsa-miR-425-5p	13784	19081	2695	15245	1202	778	6808	1346	11055	575	2346	2965	3746	16201	3367	2898	2245	4204	2303	1389	438	1785	2892	14234	4788	9520	33668	4769	758	4894	1120	5390	11595	3162	21060	949	6609	4782	5898	1127	568	659	796	254	1206	189	343	11789	6203	15331	1475	1916	8411	12132	20319	1323	7841	5951	527	2833	781	389	17	184	8805	2758	1736	643	8257	805	36121	3776	670	3302	20209	1064	3167	20011	18941	2091	10173	11644	3441	10623	9685	766	1388	331
hsa-miR-4251	58	22	36	45	22	3	18	5	24	26	47	12	539	953	1395	350	756	780	446	497	41	29	55	36	700	310	317	246	302	126	221	210	296	647	581	196	170	284	1195	345	445	550	749	310	197	207	190	674	720	631	524	466	42	30	34	15	16	8	4	4	21	1	1	4	0	0	0	7	47	47	20	48	329	302	391	192	134	172	539	293	4	192	215	235	5	10	13	12
hsa-miR-4252	10	2	13	2	8	5	2	1	0	0	0	0	12	15	28	7	13	12	14	14	7	20	6	7	39	6	13	11	7	2	13	15	8	7	6	5	2	7	6	7	14	10	12	19	10	1	8	7	14	6	6	4	3	4	8	4	0	1	0	0	11	1	0	0	0	0	0	1	2	2	1	6	4	22	5	11	10	11	13	5	3	6	7	20	2	0	2	1
hsa-miR-4253	13	5	6	5	11	1	3	1	2	3	11	8	23	36	45	16	44	25	15	20	8	8	10	5	36	16	6	15	17	10	15	12	19	17	18	6	8	12	29	19	25	18	30	17	9	11	14	26	31	23	25	9	3	3	5	7	0	3	0	0	12	0	0	0	16	0	0	0	3	14	0	10	10	12	16	10	8	8	26	11	0	15	12	25	0	0	0	0
hsa-miR-4254	53	27	31	22	34	33	41	20	22	13	29	31	532	855	2204	488	954	1838	553	1400	37	35	56	35	405	233	149	188	254	175	301	223	370	455	239	218	310	339	1048	1247	453	714	1144	399	642	249	358	770	2568	2227	2017	3292	38	23	38	17	26	15	8	13	26	4	2	7	25	20	9	14	22	24	20	42	210	238	163	91	352	114	225	207	5	143	132	191	12	12	22	13
hsa-miR-4255	8	4	7	5	3	3	7	2	6	1	2	10	7	6	14	7	11	12	6	8	4	6	3	5	16	3	3	9	0	0	0	0	4	4	6	6	0	0	5	13	8	14	8	4	4	0	8	7	6	6	5	2	0	0	0	0	0	0	0	0	0	0	0	0	0	0	0	4	0	0	0	11	0	0	2	0	4	4	17	6	2	6	5	14	0	0	0	0
hsa-miR-4257	60	26	42	25	20	13	12	11	8	8	11	6	47	77	73	33	59	44	42	30	21	22	53	41	114	43	42	39	23	21	22	52	44	46	35	10	8	29	64	29	62	47	41	20	14	12	25	60	22	47	14	17	32	12	25	21	6	11	5	3	14	3	0	7	10	13	7	10	43	26	8	36	38	44	55	24	29	40	105	18	5	24	18	65	4	2	9	5
hsa-miR-4258	23	12	13	6	17	4	8	8	24	12	31	17	37	37	43	20	40	54	50	39	9	11	15	5	66	47	17	19	19	6	20	34	30	53	22	13	5	24	53	41	51	42	192	33	19	18	63	58	32	26	31	27	11	17	17	2	19	6	2	8	10	3	2	6	0	0	0	1	8	5	1	6	16	28	15	21	12	16	37	62	0	54	54	71	7	8	5	13
hsa-miR-4259	123	19	10	30	23	4	18	5	20	20	18	45	20	20	19	13	20	21	27	21	2	69	110	33	66	31	59	21	14	17	44	29	16	26	11	13	6	9	8	7	18	22	19	35	17	2	18	20	11	9	15	5	17	20	24	7	12	13	3	12	45	5	0	4	26	20	13	9	9	13	19	9	8	30	32	10	122	37	72	26	8	26	22	79	5	6	10	6
hsa-miR-4260	13	4	1	9	16	4	1	1	6	2	11	2	17	15	12	10	16	18	13	13	17	6	7	11	20	10	8	12	14	2	19	26	6	11	6	7	4	3	5	8	9	28	16	12	6	0	20	33	28	19	4	6	10	1	7	10	9	4	2	5	20	1	0	0	17	0	0	6	5	10	2	8	11	16	9	7	11	15	39	8	4	9	10	30	3	9	7	0
hsa-miR-4262	3	5	10	2	8	5	4	1	4	7	8	12	10	19	18	4	15	16	10	15	3	6	8	8	30	6	7	7	4	6	11	11	12	5	7	3	3	4	5	7	12	14	12	14	6	1	4	16	0	28	5	5	7	4	10	5	0	4	1	0	15	3	0	0	0	0	0	5	1	5	2	5	0	0	2	0	10	12	24	2	0	0	0	0	0	0	0	0
hsa-miR-4266	16	2	7	4	10	4	1	1	7	3	4	7	5	20	18	7	8	7	9	12	4	14	12	7	31	11	4	11	7	6	10	10	13	15	8	7	3	9	16	4	8	8	9	12	9	4	4	23	19	9	6	14	0	0	0	0	0	0	0	1	0	0	0	0	0	0	0	0	0	0	0	1	9	8	5	9	14	6	14	7	0	6	5	17	0	0	5	2
hsa-miR-4267	21	4	2	26	13	5	5	5	0	0	0	0	8	11	16	12	13	31	6	17	9	9	18	10	32	10	5	12	12	8	6	16	20	12	4	5	3	10	9	9	31	9	8	17	11	5	11	23	19	12	2	6	4	15	9	4	3	0	2	3	0	0	1	0	13	11	0	3	1	3	3	13	8	8	15	6	15	3	18	5	1	16	9	24	3	1	7	1
hsa-miR-4268	12	12	20	8	15	1	7	8	22	15	9	6	32	36	47	19	22	32	38	43	7	22	24	20	63	18	1	15	8	7	32	24	19	23	9	18	9	11	13	26	39	29	40	36	32	5	39	53	42	34	21	24	10	9	12	4	6	2	3	6	20	8	0	8	13	14	1	4	3	9	6	14	12	28	15	17	12	25	41	6	3	7	10	34	4	4	3	6
hsa-miR-4270	12	2	2	2	13	2	2	9	0	0	0	0	3	10	5	6	5	6	8	5	0	0	0	0	16	0	0	0	4	4	4	7	8	7	7	3	3	2	6	3	9	11	4	12	3	3	4	8	11	6	5	2	3	5	10	2	0	0	0	3	0	0	0	0	14	0	0	0	0	0	0	0	5	13	4	7	3	6	10	7	4	7	6	25	0	0	0	0
hsa-miR-4271	15	8	24	7	4	2	4	7	4	2	13	9	16	43	34	11	23	20	15	18	12	10	13	12	37	27	8	13	2	4	14	15	13	14	21	13	6	22	42	13	9	11	19	11	26	12	16	588	28	22	15	15	10	5	6	1	13	0	1	0	0	0	0	0	15	0	0	0	5	10	1	13	11	24	22	16	12	26	24	13	2	10	9	22	7	6	3	18
hsa-miR-4272	5	5	7	4	2	2	2	4	0	0	0	0	10	3	8	4	4	9	0	8	0	0	0	0	20	0	0	0	11	0	7	10	3	8	4	3	1	1	3	5	13	2	4	16	1	1	0	10	4	5	1	4	0	0	0	0	0	3	0	3	10	2	0	0	0	0	0	4	0	0	0	0	0	0	2	0	5	5	17	4	1	5	7	11	0	0	0	0
hsa-miR-4273	11	3	5	3	3	2	2	2	13	4	30	2	4	13	10	5	10	18	10	7	1	7	2	9	26	0	0	0	5	4	10	17	3	5	4	9	2	6	1	5	3	9	6	10	2	1	8	13	5	7	8	2	10	3	7	2	4	1	4	0	10	2	1	3	14	0	0	2	5	3	1	3	0	0	2	0	2	1	11	16	0	12	14	29	5	2	9	4
hsa-miR-4274	35	18	27	9	45	15	12	7	10	7	18	20	37	54	39	31	46	53	44	32	18	27	31	81	103	16	8	34	22	8	33	30	36	44	30	23	10	11	31	23	56	47	41	42	36	8	61	64	37	33	20	12	16	27	45	14	21	19	4	10	31	14	15	5	619	26	11	16	8	18	5	15	32	43	27	33	35	24	58	30	8	58	48	99	4	13	26	1
hsa-miR-4275	7	28	9	11	18	3	2	7	8	4	11	14	14	42	28	12	37	21	38	33	16	11	27	18	45	10	7	21	4	9	9	14	8	15	27	8	5	3	9	5	42	27	8	13	6	4	18	19	17	42	8	1	6	7	8	9	10	11	5	7	19	14	0	3	16	0	0	5	2	7	13	14	8	22	15	17	23	23	73	5	7	8	16	44	7	2	11	0
hsa-miR-4278	0	0	0	0	6	3	1	5	1	7	2	1	21	50	51	19	21	23	17	30	0	0	0	0	79	26	23	13	12	17	16	15	20	28	12	11	5	8	19	11	22	22	20	10	12	6	9	28	19	9	6	2	0	0	0	0	2	1	0	0	3	0	0	0	0	0	0	0	0	0	0	0	18	24	27	18	11	18	42	25	3	13	23	24	1	2	0	1
hsa-miR-4279	12	5	16	9	15	4	7	5	6	2	10	7	15	12	21	7	16	21	20	10	6	24	11	18	35	6	7	20	6	8	10	13	10	18	7	5	8	9	12	10	17	24	24	29	13	6	19	20	22	19	12	5	1	11	10	7	8	0	2	3	0	0	1	3	0	18	2	6	5	14	4	10	7	15	10	17	19	11	38	9	6	11	7	64	3	2	4	6
hsa-miR-4280	0	0	0	0	2	3	0	4	0	0	0	0	6	5	2	1	0	10	7	0	6	8	6	15	38	0	0	0	6	2	9	15	4	4	2	4	0	5	3	15	11	14	0	0	0	2	16	8	2	3	1	2	4	7	10	7	0	0	0	3	0	0	0	0	0	0	0	0	0	0	0	0	2	2	12	12	8	7	26	3	0	0	0	0	0	0	0	0
hsa-miR-4281	27	5	19	4	13	3	4	7	4	5	3	6	23	33	46	17	35	34	24	27	6	10	22	11	151	34	6	15	18	12	9	12	21	27	21	19	9	8	43	47	26	14	39	15	18	30	23	28	59	47	48	60	15	12	7	10	0	1	0	0	10	0	0	0	0	0	0	0	6	13	2	15	15	39	15	48	38	21	36	23	0	16	21	38	2	1	1	1
hsa-miR-4282	11	2	11	3	4	1	2	6	9	2	24	3	11	8	12	9	11	14	8	5	15	3	12	5	14	5	5	6	3	6	7	6	0	5	7	7	1	4	6	8	18	5	10	13	6	0	6	9	6	11	2	0	7	6	14	8	2	5	1	2	11	4	0	0	0	0	0	4	0	0	0	13	1	10	4	5	3	6	15	8	0	4	6	16	1	4	7	1
hsa-miR-4284	23	10	12	13	11	4	3	3	16	8	8	7	15	17	14	6	25	14	13	18	7	21	13	15	23	7	3	7	9	8	24	20	10	18	12	14	11	4	18	8	27	10	16	8	9	0	6	19	18	23	6	10	10	8	5	4	1	0	1	6	0	0	0	2	0	10	1	0	2	10	4	7	4	16	8	5	7	14	17	14	1	13	14	18	7	3	13	3
hsa-miR-4285	11	9	11	8	11	4	5	5	6	7	10	18	22	14	30	16	15	29	12	12	11	12	8	13	49	12	10	13	5	8	9	18	2	15	4	6	5	6	25	8	14	18	19	13	16	8	10	22	32	27	18	14	6	6	15	5	5	0	2	0	0	0	0	0	0	0	0	0	7	7	6	13	11	15	9	5	7	6	13	16	2	13	13	19	6	5	5	0
hsa-miR-4286	822	560	123	995	24	13	83	10	249	45	41	62	22	117	52	29	23	22	30	27	12	43	79	370	297	830	3511	187	6	34	25	33	199	52	310	16	36	50	83	13	11	16	19	13	7	3	6	97	47	92	7	14	359	467	381	20	65	51	8	13	12	5	0	2	129	39	33	5	246	17	1122	101	42	161	1764	69	187	1404	2571	183	93	140	71	84	107	5	31	4
hsa-miR-4287	10	3	6	5	5	8	0	1	19	1	9	4	8	11	3	3	8	11	17	5	0	2	11	6	29	8	7	14	2	2	6	9	8	8	7	4	3	1	9	1	10	3	3	10	4	4	7	13	10	3	4	2	0	0	0	0	5	0	2	0	0	0	0	0	0	0	0	5	0	0	0	3	7	14	1	3	2	2	9	5	0	0	0	0	0	0	0	0
hsa-miR-4288	38	42	29	21	9	6	3	9	50	15	53	14	19	39	66	16	23	50	27	66	17	36	39	21	84	22	20	37	15	9	36	22	23	26	14	13	8	6	13	7	22	26	24	52	11	5	15	33	34	18	23	13	20	14	49	12	8	5	3	4	20	3	1	10	25	24	7	8	5	51	20	21	4	41	24	13	58	37	57	28	0	23	30	49	3	7	7	21
hsa-miR-429	32	20	34	21	12	17	27	8	33	5	7	6	17	20	25	13	5	9	2	8	23	14	31	11	1941	146	63	47	3	17	20	23	43	57	9	8	0	0	5	5	6	2	2	3	3	2	1	13	8	8	2	0	135	464	53	83	0	5	0	0	10	0	2	0	11	0	0	0	75	16	38	8	44	349	67	69	297	43	59	28	6	36	44	45	10	7	6	4
hsa-miR-4290	53	10	11	17	22	5	27	14	24	20	57	24	15	44	32	13	17	38	43	39	10	35	28	15	89	26	12	17	16	20	36	34	26	33	26	17	8	12	16	22	33	23	41	45	13	11	26	49	34	27	13	22	9	25	155	17	30	11	1	5	14	6	1	7	26	14	4	16	7	11	2	13	14	27	25	25	29	22	30	14	5	58	42	75	16	14	21	13
hsa-miR-4291	4	6	3	2	7	6	6	2	0	0	0	0	11	11	9	4	5	17	14	9	0	0	0	0	14	0	0	0	3	6	12	5	0	0	0	0	3	0	3	5	10	6	6	9	3	1	2	7	3	3	2	1	0	0	0	0	0	0	0	0	0	0	0	0	0	0	0	0	0	3	3	0	4	15	10	4	6	6	12	4	0	4	2	15	0	0	0	0
hsa-miR-4292	18	7	2	9	7	8	3	0	3	7	8	2	8	16	16	7	24	25	14	19	3	6	15	20	32	8	3	7	14	7	6	16	17	16	10	4	3	8	16	17	13	21	34	9	12	7	13	19	6	17	11	6	3	7	9	7	0	0	0	0	0	0	0	0	0	0	0	0	3	6	4	2	10	19	7	4	13	11	24	14	2	8	13	23	0	0	0	0
hsa-miR-4293	81	12	6	8	6	7	15	8	12	17	12	4	11	17	23	5	19	18	18	19	8	53	31	24	41	17	6	15	12	10	19	25	15	21	5	6	4	8	20	13	14	24	27	17	6	12	19	23	25	11	16	9	6	17	1097	11	0	3	3	2	13	3	0	4	14	0	0	7	14	6	21	19	10	18	14	10	29	5	29	15	3	16	15	18	2	11	10	6
hsa-miR-4294	15	4	9	2	2	3	10	9	1	1	5	5	43	7	6	10	10	12	7	14	1	12	3	5	35	9	5	13	5	6	7	12	20	17	6	1	2	3	10	5	10	11	10	11	8	1	4	14	9	13	4	5	4	15	7	8	0	0	0	0	0	0	0	1	0	0	0	0	2	8	2	2	2	14	6	12	9	2	13	36	1	22	20	35	7	5	2	3
hsa-miR-4297	20	5	3	0	8	1	5	3	11	2	5	24	6	6	7	11	9	26	12	16	5	14	26	3	25	6	1	1	2	9	8	15	12	5	2	6	2	3	3	8	13	10	7	16	12	2	4	12	15	14	5	6	0	6	11	2	0	0	0	3	0	0	0	0	0	0	0	4	0	2	1	5	1	6	4	10	28	1	14	3	1	6	6	14	0	0	0	0
hsa-miR-4298	18	3	4	1	15	2	1	5	0	0	0	0	12	13	16	11	16	20	17	15	5	13	17	3	20	4	2	2	11	9	18	8	17	14	8	4	2	4	17	6	17	29	28	13	3	1	5	24	18	15	4	6	0	0	0	0	0	0	0	0	0	0	0	0	0	0	0	1	2	2	2	7	3	10	5	5	26	8	18	2	5	6	7	23	0	0	0	0
hsa-miR-4299	29	9	4	7	0	0	0	0	0	0	0	0	5	9	8	3	7	8	3	5	6	16	9	8	13	0	0	0	0	0	0	0	0	0	0	0	0	3	4	9	10	3	7	7	1	2	4	8	7	3	1	4	5	5	14	3	0	0	0	0	0	0	0	0	0	0	0	0	0	0	0	6	5	9	6	4	4	4	15	6	1	3	9	17	0	0	0	0
hsa-miR-4300	2	9	6	3	5	2	3	1	2	2	4	4	40	22	31	8	21	19	11	14	15	10	6	5	34	11	8	6	16	3	8	12	7	17	19	14	8	7	20	12	18	21	22	17	11	8	6	23	18	25	9	11	3	5	12	3	0	0	3	1	0	0	0	0	0	0	0	0	1	6	2	10	9	12	11	8	9	6	24	16	0	10	11	24	0	0	0	0
hsa-miR-4301	175	243	65	112	82	31	25	32	45	4	65	74	82	166	121	63	320	198	218	203	94	115	121	109	354	88	94	119	48	64	86	161	58	83	55	50	35	36	46	34	233	177	163	270	106	10	62	221	55	70	39	13	50	43	68	13	40	54	11	37	205	28	2	41	89	53	15	56	38	101	30	37	59	191	115	104	81	133	293	67	42	89	62	190	51	28	41	11
hsa-miR-4302	49	23	14	32	56	12	27	14	95	16	72	21	49	82	51	31	53	87	114	58	35	38	47	25	143	35	50	52	23	25	44	68	38	47	24	33	9	20	30	25	96	61	49	69	28	17	85	104	57	58	24	22	51	26	44	16	31	20	5	15	47	9	0	9	25	27	12	11	9	26	23	13	26	68	24	31	47	29	81	56	12	64	45	113	20	16	20	16
hsa-miR-4303	114	49	87	51	30	9	15	6	16	16	7	9	201	435	456	151	356	405	261	318	68	90	103	108	317	169	182	171	128	62	76	106	151	226	149	71	109	108	389	146	262	259	446	192	133	95	108	327	411	255	241	202	58	36	110	39	12	8	4	8	21	9	0	4	0	17	2	22	98	81	26	88	170	171	266	110	103	141	309	145	4	82	104	132	5	19	7	2
hsa-miR-4304	96	81	19	65	7	1	8	3	6	3	15	28	16	57	17	13	19	16	15	17	20	328	122	712	79	34	179	23	10	15	6	22	17	28	103	8	8	9	13	13	5	11	14	9	8	4	9	29	24	32	9	7	20	39	193	34	11	2	0	14	11	0	0	0	34	10	2	0	28	26	201	28	3	47	110	39	49	64	78	27	11	28	19	46	39	4	6	6
hsa-miR-4305	16	4	4	12	13	5	3	5	18	7	25	19	40	36	12	25	78	65	42	65	23	13	25	40	55	9	4	18	5	11	39	29	37	31	12	18	8	11	9	15	82	46	24	41	18	3	27	29	115	40	5	6	10	8	14	11	7	7	2	5	10	6	2	0	12	11	4	3	3	12	6	11	6	38	5	10	28	20	22	16	9	28	23	39	7	5	14	3
hsa-miR-4307	6	1	4	2	8	0	2	3	4	1	2	10	5	12	8	5	40	6	30	22	18	3	20	5	40	7	3	8	2	3	6	8	6	9	11	5	1	6	3	2	28	8	10	6	5	0	5	12	20	17	5	5	0	0	0	0	0	0	0	2	0	25	0	0	0	0	0	8	0	3	0	12	4	9	7	12	11	5	18	9	2	7	5	17	3	2	5	0
hsa-miR-4308	7	5	6	1	0	0	0	0	0	0	0	0	4	0	0	0	0	0	0	0	1	10	3	0	13	0	0	0	3	2	4	2	1	4	0	2	0	0	0	0	4	3	0	0	0	0	0	8	0	0	0	3	0	0	0	0	0	0	0	0	0	0	0	2	0	0	0	0	0	0	0	3	2	0	0	7	3	2	3	4	1	3	7	15	0	0	0	0
hsa-miR-4309	7	6	4	4	6	1	1	1	0	0	0	0	8	4	13	3	13	10	6	10	0	0	0	0	16	2	4	1	3	0	8	2	4	11	3	1	2	3	9	5	12	8	8	5	4	4	5	8	10	13	10	14	1	4	12	0	0	0	0	0	0	0	0	0	0	10	0	0	7	7	1	0	4	7	6	4	9	4	12	3	2	11	6	20	0	0	0	0
hsa-miR-4310	9	3	2	6	9	1	1	4	5	1	12	11	5	1	10	6	5	8	0	10	4	2	3	4	17	3	1	6	5	9	7	12	6	9	1	5	4	1	5	0	11	6	5	8	3	2	0	16	1	10	4	1	4	3	4	1	39	25	2	4	6	0	0	2	34	19	15	7	0	0	0	1	1	8	5	2	2	3	6	12	0	17	14	17	2	2	5	4
hsa-miR-4311	17	7	2	4	7	4	3	5	13	3	19	6	11	12	10	7	19	11	19	5	7	23	18	8	28	2	8	10	3	3	5	13	6	5	6	3	3	2	3	2	5	10	6	17	5	2	7	19	4	3	4	3	6	12	8	5	1121	564	54	129	31	12	0	1	1597	330	248	20	4	10	8	0	3	14	4	5	22	6	14	10	0	9	12	9	3	7	6	1
hsa-miR-4312	25	23	5	8	10	4	7	9	16	3	21	11	22	40	19	19	31	27	21	20	16	14	15	8	65	19	10	10	14	8	17	22	21	12	11	14	10	21	9	21	22	29	23	16	18	3	39	39	33	40	14	16	5	6	18	2	4	0	0	2	15	1	0	0	0	0	0	0	6	13	8	11	6	20	9	10	18	20	42	12	2	13	12	36	7	2	7	2
hsa-miR-4313	11	2	7	7	11	4	0	7	0	0	0	0	8	7	10	3	11	21	6	5	16	6	12	12	40	7	2	5	6	7	12	9	9	9	4	2	0	4	10	8	15	14	13	5	8	3	6	11	10	6	6	5	10	5	22	8	0	4	0	5	14	2	0	6	0	0	0	0	5	6	0	7	9	4	8	8	13	8	19	4	0	11	6	49	0	0	0	0
hsa-miR-431-3p	44	19	13	16	15	7	14	9	47	26	13	10	58	96	220	53	117	189	80	140	9	14	25	19	81	53	73	30	93	15	36	48	94	92	99	66	71	50	179	142	79	86	75	38	84	72	57	99	262	194	274	324	52	53	65	9	4	5	1	2	13	2	0	0	0	0	0	6	14	6	0	8	13	20	57	20	54	47	110	38	8	70	85	65	49	2	5	8
hsa-miR-4315	10	2	3	3	9	1	2	3	0	0	0	0	4	13	8	7	9	11	14	6	0	0	0	0	26	6	2	6	5	2	11	21	5	8	5	5	4	5	10	6	20	18	9	14	11	1	15	12	6	8	1	5	3	8	11	2	0	0	1	7	0	0	0	0	0	0	0	0	0	0	0	0	4	8	5	7	3	8	14	3	1	7	9	13	0	0	0	0
hsa-miR-431-5p	658	971	119	1031	31	37	298	9	827	22	248	275	112	397	145	170	57	33	90	55	13	60	158	492	383	685	4166	178	20	96	25	37	1103	172	2159	62	235	232	433	20	26	15	30	18	51	16	22	689	636	2742	87	96	1422	2021	1560	21	0	0	0	0	0	0	0	0	0	13	1	2	28	14	85	12	38	239	1753	40	248	2308	2454	234	361	423	173	415	1481	32	142	9
hsa-miR-4316	15	12	13	2	16	3	8	4	9	6	21	4	16	28	16	6	8	18	23	22	7	7	10	10	37	9	3	12	8	8	12	17	10	11	16	13	2	7	12	8	19	15	9	21	13	3	14	38	5	21	5	4	10	10	44	9	9	8	4	7	27	3	0	0	14	11	0	3	2	12	3	5	3	8	5	11	11	9	43	14	5	22	8	34	2	7	14	3
hsa-miR-4317	44	54	15	58	8	3	2	6	14	10	33	18	8	12	14	7	7	22	19	18	16	13	31	67	63	33	76	16	12	6	9	14	7	16	8	17	3	3	5	2	18	7	6	11	2	5	22	14	6	7	2	1	32	30	45	12	2	2	1	0	17	2	1	2	12	0	0	2	25	12	52	28	10	20	63	11	28	58	112	17	2	20	19	23	6	7	12	4
hsa-miR-432-3p	6	15	19	9	5	1	5	0	0	0	0	0	15	16	20	10	20	19	12	14	2	12	18	14	27	10	20	14	9	11	13	5	13	17	11	8	4	2	11	12	16	9	11	14	11	5	5	19	13	11	8	10	6	4	11	7	0	0	1	0	0	0	0	0	0	0	0	0	5	33	5	8	11	12	15	11	11	9	21	9	2	10	1	13	4	4	6	2
hsa-miR-432-5p	1305	1628	406	2670	283	173	789	54	2601	250	1696	1188	655	2006	1431	760	723	965	1045	748	47	117	257	1046	1907	1675	2962	1230	388	576	267	280	3365	1077	4027	426	975	1746	2350	369	504	504	769	450	698	132	168	3205	3589	7605	1911	1801	3301	5405	3831	113	4093	3321	397	1363	149	493	8	27	7500	2749	2669	177	75	31	144	35	341	690	4932	568	866	5714	6539	1049	942	1842	963	2285	4829	209	1455	27
hsa-miR-4320	3	0	0	3	1	0	0	1	0	0	0	0	17	4	8	2	0	0	0	0	0	0	0	0	12	0	0	0	0	0	0	0	4	2	2	1	1	0	4	0	5	4	0	0	0	0	0	4	0	0	0	1	2	3	5	0	0	0	0	0	0	0	0	0	0	0	0	0	0	0	0	0	0	0	0	0	0	0	0	0	0	0	0	0	2	4	3	1
hsa-miR-4321	14	10	4	2	5	1	3	0	4	10	3	2	15	11	19	10	21	17	7	12	9	5	7	19	31	6	13	11	11	7	5	9	11	14	9	4	5	8	22	14	13	17	22	7	10	6	7	19	23	17	12	13	9	4	17	11	0	0	0	0	0	0	0	0	0	0	0	0	2	5	4	9	3	14	15	11	7	4	15	12	0	14	8	22	3	1	0	10
hsa-miR-4322	34	27	12	18	26	11	9	9	14	12	18	30	28	18	23	14	37	43	27	15	22	23	36	19	103	12	18	36	18	16	16	28	26	25	10	28	10	19	14	11	26	40	41	35	12	1	33	34	24	19	11	9	13	12	26	3	36	13	4	5	23	4	0	6	50	13	5	7	5	11	3	15	18	44	28	14	50	26	94	24	3	23	25	40	4	6	7	1
hsa-miR-4323	38	2	10	4	6	4	5	2	5	2	8	9	11	14	6	9	7	10	2	16	9	24	42	3	26	4	3	10	2	3	9	12	9	14	5	5	6	3	7	8	5	10	5	15	9	2	9	13	10	10	4	2	3	25	7	6	0	0	1	6	0	0	0	0	0	0	0	0	0	1	4	4	3	6	6	6	41	7	27	5	1	7	6	23	2	0	8	4
hsa-miR-4324	16	5	14	17	18	6	19	3	25	7	33	15	21	24	18	7	14	30	20	8	6	17	29	16	113	14	8	11	4	11	9	41	18	27	9	17	3	6	19	6	23	12	11	18	11	2	15	31	10	11	6	12	18	18	21	19	16	8	5	4	15	5	0	3	27	15	5	10	12	4	8	8	8	39	20	29	41	9	34	21	4	44	29	34	7	2	11	6
hsa-miR-4325	9	8	10	1	6	6	16	12	15	12	11	16	9	14	10	10	12	18	2	5	11	13	9	8	16	5	4	12	7	11	10	11	5	12	6	2	7	4	5	10	3	8	6	40	6	1	7	11	13	16	6	5	5	10	10	8	4	2	1	0	10	3	0	0	37	11	5	0	17	9	5	11	2	16	3	3	12	7	35	5	6	11	9	7	3	3	5	3
hsa-miR-4326	109	80	72	149	22	2	17	5	34	3	28	9	33	76	109	47	69	80	37	63	59	92	86	89	86	54	94	24	29	18	23	34	39	59	87	27	24	37	34	35	27	39	70	47	31	16	31	101	72	83	17	24	27	18	23	16	9	10	5	9	30	3	0	3	31	20	5	4	75	52	85	48	27	63	104	22	49	76	97	41	17	67	30	72	46	8	14	4
hsa-miR-4327	28	14	14	14	11	5	8	5	3	12	17	20	27	33	26	19	35	33	22	22	16	24	22	16	88	25	27	24	23	17	17	23	20	33	18	15	13	11	34	15	31	24	19	17	13	7	17	31	20	19	15	8	6	15	15	7	12	14	2	12	16	2	2	8	113	0	0	5	4	10	9	12	21	39	28	24	20	28	63	28	5	28	32	62	1	7	9	3
hsa-miR-4328	13	17	5	9	14	4	2	28	8	0	11	14	13	17	31	13	23	23	33	25	11	9	11	18	17	8	5	9	7	16	27	17	7	11	6	7	2	2	3	96	42	106	9	31	14	0	108	13	14	20	14	4	7	5	14	8	10	17	3	7	16	5	3	4	33	93	6	12	2	21	4	4	3	12	4	9	25	16	88	4	5	9	16	24	0	5	54	2
hsa-miR-4329	32	10	21	16	11	1	5	1	3	13	6	3	15	26	19	12	16	12	11	14	12	19	31	20	49	15	10	11	8	8	8	10	25	18	9	14	7	7	21	9	15	15	14	13	6	6	4	15	15	20	8	9	16	12	18	20	0	0	2	2	0	0	0	0	0	0	0	0	19	23	7	20	15	19	28	16	17	10	26	25	4	15	14	30	0	0	0	0
hsa-miR-4330	15	1	2	2	5	0	0	5	0	0	0	0	9	7	7	7	11	8	2	6	0	0	0	0	12	4	0	7	3	2	6	11	0	0	0	0	2	3	1	4	5	12	7	7	4	0	4	6	7	3	0	3	1	3	31	5	16	12	0	8	11	2	0	3	17	15	10	8	0	0	0	0	0	7	0	6	0	0	0	0	3	3	1	14	0	0	0	0
hsa-miR-433-3p	16	18	22	11	15	4	10	1	13	11	24	6	18	24	14	14	23	36	18	18	11	15	12	8	65	27	142	18	10	9	9	15	29	25	38	8	15	16	30	8	31	17	22	9	6	2	9	39	29	42	10	26	20	28	34	5	0	0	1	3	0	0	0	0	0	0	0	0	18	9	3	9	9	35	50	13	18	73	200	16	4	23	24	30	15	2	4	6
hsa-miR-4417	16	11	10	9	22	3	2	4	16	21	24	20	19	19	23	13	30	30	17	19	6	16	21	12	53	17	6	11	8	16	25	40	12	14	6	14	2	8	14	10	26	23	15	20	6	4	26	30	19	25	5	11	14	4	43	8	12	11	5	9	35	10	0	5	24	16	4	8	9	15	7	5	9	29	13	15	11	20	44	26	4	25	18	37	3	18	12	4
hsa-miR-4418	11	3	6	4	5	1	3	0	0	0	0	0	5	4	9	2	11	13	0	3	4	8	4	3	56	14	6	4	0	0	0	0	0	0	0	0	1	2	5	2	7	3	14	9	7	0	0	10	6	3	1	2	0	0	0	0	0	0	0	1	0	0	0	0	0	0	0	0	0	0	0	1	7	9	33	20	6	4	22	2	1	4	6	18	2	0	4	2
hsa-miR-4419b	15	10	5	5	8	4	0	3	5	1	8	25	9	19	11	2	9	17	4	6	7	18	7	5	29	8	4	10	8	1	13	17	7	10	8	8	2	2	8	8	21	3	4	14	7	2	6	12	4	13	3	7	0	0	0	0	0	0	4	0	0	0	0	0	0	0	0	0	0	0	0	1	2	7	3	4	10	8	19	6	0	9	11	14	4	3	7	0
hsa-miR-4420	39	23	13	18	24	8	3	5	27	2	8	5	40	95	144	44	128	143	90	101	15	13	17	26	97	36	39	26	37	21	51	46	60	117	94	39	32	59	174	81	59	113	138	52	44	21	50	98	154	78	104	122	17	6	11	9	11	0	3	1	0	0	2	2	0	0	0	4	12	25	3	21	44	59	54	24	26	29	86	50	3	49	36	68	4	7	5	5
hsa-miR-4421	13	14	9	14	18	15	8	6	28	3	17	25	26	46	30	30	35	27	28	36	12	12	7	14	43	10	12	11	7	10	50	25	16	17	24	14	12	10	9	17	51	22	27	33	33	5	19	62	24	27	17	7	20	22	20	4	12	9	1	6	29	3	0	6	15	14	5	10	5	9	2	8	5	29	7	16	14	11	23	12	6	28	11	51	8	10	17	3
hsa-miR-4422	7	4	4	4	6	3	5	3	0	0	0	0	3	7	16	6	9	16	11	16	0	0	0	0	15	4	11	2	0	0	0	0	12	12	7	2	1	2	9	4	10	4	11	13	9	2	6	15	14	3	2	8	4	3	10	1	0	0	1	0	0	0	0	0	0	0	0	0	0	0	0	0	6	10	6	1	8	6	10	4	0	0	0	0	0	0	0	0
hsa-miR-4423-3p	6	3	4	6	5	1	3	5	5	0	3	39	17	8	5	2	0	0	0	0	0	0	0	0	10	3	1	6	3	2	5	12	3	8	8	4	0	1	3	2	0	0	0	0	0	1	0	0	0	0	1	0	4	6	11	4	0	0	0	1	0	0	0	0	0	0	0	3	0	2	1	0	1	9	2	4	0	5	20	8	3	14	7	11	2	0	5	2
hsa-miR-4423-5p	15	14	5	10	12	3	3	3	10	1	8	15	14	27	17	3	15	14	16	6	5	18	9	44	21	6	4	12	7	6	7	15	8	10	10	5	3	6	10	8	7	13	6	12	4	3	10	18	12	21	9	7	5	7	6	6	11	11	1	3	20	3	0	1	14	0	0	6	7	7	6	10	6	4	7	8	9	11	58	6	5	6	7	22	8	5	9	1
hsa-miR-4425	7	8	11	15	15	9	4	9	16	11	16	16	71	101	191	58	105	178	75	125	8	15	13	9	100	46	43	33	26	26	26	45	45	82	52	22	33	42	123	59	60	86	118	64	56	16	44	92	89	129	37	61	8	14	11	9	0	0	0	2	0	0	0	5	0	0	0	0	3	8	2	9	48	57	55	26	43	28	51	58	5	35	47	65	7	10	9	1
hsa-miR-4427	7	7	6	4	4	4	2	4	2	3	4	2	16	18	14	6	10	17	18	20	0	0	0	0	17	6	3	14	3	4	18	34	8	21	8	11	3	9	6	13	8	12	6	15	9	0	10	13	20	16	7	12	0	0	0	0	0	0	0	0	0	0	0	0	0	0	0	0	0	0	0	0	3	6	2	18	4	6	28	10	2	3	12	14	0	0	0	0
hsa-miR-4429	31	26	27	38	50	18	27	13	27	13	34	27	32	44	29	16	25	29	26	38	16	27	18	24	55	37	18	43	33	31	34	36	66	29	36	27	14	26	23	13	43	44	24	49	21	4	21	64	53	51	11	15	17	16	43	18	24	34	5	16	25	18	0	10	69	39	24	14	16	24	11	23	23	21	46	21	22	63	142	22	24	48	29	99	17	9	18	21
hsa-miR-4432	4	3	2	4	3	6	1	4	0	0	0	0	13	4	12	3	8	11	10	8	0	0	0	0	21	3	0	7	2	4	9	7	1	4	1	2	1	1	4	4	8	17	4	8	3	2	10	11	6	7	0	2	0	0	0	0	0	0	0	3	0	0	0	0	12	0	0	2	1	1	1	0	2	3	6	6	4	8	9	4	2	4	5	26	0	0	0	0
hsa-miR-4433a-3p	321	82	57	193	70	66	80	3	73	50	108	46	28	281	131	29	32	7	54	39	8	10	55	168	195	706	1075	146	46	68	10	18	295	113	384	46	10	20	78	4	22	8	39	12	49	10	9	180	103	67	77	27	84	99	69	1	91	90	8	24	32	20	0	3	762	284	118	0	54	15	187	117	12	62	663	58	32	190	390	28	316	573	178	318	288	28	123	9
hsa-miR-4433a-5p	32	10	3	13	6	2	12	6	5	3	11	6	79	400	123	39	20	12	44	14	4	7	10	7	42	26	52	9	13	26	7	14	369	20	302	5	1	5	8	6	5	11	29	19	4	2	8	39	18	14	11	4	291	367	351	3	299	231	24	38	7	30	15	3	28	0	0	0	9	7	16	9	5	35	21	6	23	14	21	7	16	17	11	19	20	1	4	1
hsa-miR-4433b-3p	69	67	12	87	5	7	25	6	55	13	34	20	33	101	33	23	33	14	24	18	1	10	31	108	71	205	844	49	7	25	14	5	69	28	193	11	2	11	24	4	25	9	23	25	14	0	5	91	42	173	52	5	20	17	10	11	70	73	5	13	20	15	1	8	151	23	30	8	61	13	231	42	8	23	259	14	22	101	197	11	124	117	30	69	175	8	6	3
hsa-miR-4433b-5p	858	528	173	1138	262	223	321	19	498	93	404	268	363	2779	918	418	230	86	482	275	24	80	340	1167	1521	4494	12074	1163	166	377	77	104	1823	618	2628	170	97	163	539	31	190	96	434	196	296	30	61	2045	473	879	328	193	527	597	507	15	1548	1069	137	388	299	169	2	17	2213	801	674	71	367	50	1828	373	96	410	4102	307	283	1441	2937	180	2109	3038	1119	2293	2544	128	647	11
hsa-miR-4435	21	12	3	32	9	4	8	2	10	3	7	11	10	32	21	8	12	14	1	11	3	15	15	18	64	8	26	18	10	6	8	11	20	8	36	3	5	2	12	3	8	5	7	8	5	1	10	19	16	16	4	5	17	10	17	5	9	5	2	6	15	10	0	3	10	0	0	5	8	7	24	10	2	13	18	7	18	30	52	3	11	14	4	14	23	8	9	3
hsa-miR-4436b-3p	16	5	9	6	9	8	0	6	2	7	10	13	13	22	19	7	25	12	15	13	14	7	6	8	30	6	7	3	12	9	16	21	12	7	10	3	3	4	7	6	16	20	12	13	11	1	8	21	22	14	7	19	11	4	9	6	7	0	1	10	0	0	0	1	0	0	0	0	2	5	5	4	1	6	4	13	6	14	21	6	6	10	12	22	6	2	10	3
hsa-miR-4436b-5p	13	10	8	9	15	3	5	0	15	0	31	9	13	18	14	8	18	35	32	15	12	13	12	2	38	5	9	13	6	2	13	16	11	20	10	19	4	6	6	5	12	12	13	21	8	2	19	18	15	10	6	11	18	5	8	4	10	0	2	8	0	0	0	1	0	0	0	3	4	8	6	4	4	16	8	7	9	11	22	15	6	19	18	46	6	14	4	3
hsa-miR-4437	4	15	3	2	8	6	0	4	0	0	0	0	7	7	2	2	0	12	7	0	6	5	6	457	30	4	3	5	5	2	4	3	5	6	3	3	3	1	4	7	11	3	0	0	0	0	5	20	7	3	2	0	1	50	12	9	0	0	1	0	0	0	0	0	0	0	0	0	0	0	0	4	1	16	8	5	12	2	11	3	0	3	3	15	0	0	0	0
hsa-miR-4438	5	5	8	6	10	4	0	5	2	1	2	8	3	7	8	2	7	6	0	6	0	0	0	0	23	0	0	0	2	6	7	9	0	0	0	0	2	3	2	3	6	2	7	3	2	2	0	6	10	2	0	4	0	0	0	0	0	0	0	0	0	0	0	0	0	0	0	0	0	0	0	0	0	0	2	0	4	4	10	3	0	0	0	0	0	0	0	0
hsa-miR-4440	22	14	17	11	19	5	10	7	18	6	25	9	20	37	24	21	28	29	24	34	16	15	23	17	76	12	6	25	10	11	42	37	23	28	19	13	7	11	19	17	34	30	16	31	15	4	17	37	38	26	13	7	12	11	23	13	11	9	4	7	35	3	1	4	21	0	0	14	6	11	7	16	10	33	18	22	19	13	41	11	13	13	29	50	5	8	15	3
hsa-miR-4442	32	5	2	7	10	1	2	2	6	9	5	2	10	18	14	5	14	31	8	17	2	19	41	26	36	10	3	15	12	9	6	22	7	15	5	8	3	6	17	19	13	11	11	14	6	4	17	17	24	23	16	16	0	13	61	5	10	0	1	4	0	0	0	4	15	10	6	0	13	3	9	3	3	12	12	2	28	10	19	7	1	14	13	16	0	0	0	0
hsa-miR-4443	41	17	12	15	39	16	7	4	3	15	21	32	28	37	30	20	50	50	27	54	14	27	37	24	58	18	20	24	8	26	34	61	25	30	40	21	9	11	22	19	38	52	19	60	31	7	44	57	29	39	12	5	35	15	54	15	16	15	1	18	22	12	0	12	25	31	12	7	7	7	8	27	4	39	23	25	37	21	59	19	25	35	19	51	9	11	23	6
hsa-miR-4444	3	4	2	3	7	3	7	4	3	9	8	8	8	12	21	11	12	10	11	9	0	0	0	0	32	4	7	9	4	10	10	14	10	18	5	5	2	6	3	4	4	13	4	10	5	2	13	18	12	9	0	5	1	2	6	4	4	0	3	3	0	0	0	0	0	0	0	1	9	2	3	0	7	8	6	7	10	4	12	17	4	12	12	36	3	1	1	4
hsa-miR-4445-3p	3	0	0	2	0	0	0	0	5	0	6	12	5	8	12	4	9	0	7	12	0	0	0	0	12	0	0	0	5	2	5	6	0	0	0	0	1	0	1	6	8	3	5	15	4	0	4	8	0	0	4	4	3	11	3	2	0	0	0	0	0	0	0	0	0	0	0	0	0	0	0	0	1	1	0	3	0	0	0	0	1	7	7	15	0	0	0	0
hsa-miR-4446-3p	76	173	34	347	11	13	36	3	78	12	53	33	59	298	160	48	31	9	88	33	3	1	9	28	51	63	159	28	8	44	10	13	217	62	334	20	25	59	66	7	14	12	23	10	46	4	10	178	34	241	14	35	86	212	144	1	133	103	19	60	17	51	0	3	241	64	160	9	23	4	283	22	4	31	98	7	27	174	240	21	212	245	73	198	180	9	48	2
hsa-miR-4446-5p	264	214	188	287	80	22	27	22	69	21	85	60	123	321	252	89	152	140	105	128	110	155	162	229	264	159	147	95	88	48	79	86	154	150	154	48	64	131	192	63	114	74	159	116	85	32	68	291	125	294	90	99	89	89	99	35	67	34	13	35	64	21	2	7	58	33	15	8	181	102	75	181	86	128	167	81	78	113	214	61	23	120	56	160	15	15	18	18
hsa-miR-4448	102	23	13	17	22	11	13	7	10	11	26	10	15	22	25	8	33	47	35	27	18	206	137	416	65	14	9	18	9	13	18	31	15	33	13	8	9	6	20	5	38	32	27	20	18	2	16	26	23	22	13	11	12	41	29	20	11	9	3	1	26	3	0	5	17	20	7	9	7	6	32	11	10	25	28	33	126	19	25	24	3	28	20	50	10	4	14	3
hsa-miR-4449	30	15	34	22	21	3	8	4	10	5	10	18	42	63	39	31	47	45	30	47	17	38	23	25	70	38	23	33	19	15	25	36	29	47	27	15	15	28	53	30	42	40	61	31	25	10	34	67	44	60	22	34	10	8	23	8	10	16	3	7	13	2	1	8	15	9	14	8	9	30	7	19	29	38	29	13	34	24	77	34	3	28	22	99	2	7	15	6
hsa-miR-4451	84	58	104	68	38	15	2	8	15	11	21	13	474	891	1204	356	640	878	448	637	79	93	102	53	384	213	203	178	394	169	199	234	463	419	231	204	207	248	690	389	342	437	772	306	272	163	189	611	871	981	450	590	46	34	54	35	9	11	3	7	15	1	2	9	0	19	2	12	71	89	21	80	257	244	301	149	162	165	432	181	6	120	135	152	3	3	9	4
hsa-miR-4452	66	49	59	45	56	36	10	30	49	34	48	53	131	91	148	91	86	97	107	74	33	48	45	55	171	27	36	91	67	27	95	76	37	58	24	31	9	22	22	101	167	205	65	127	32	8	51	110	45	56	9	13	32	24	86	53	36	67	19	31	111	20	7	16	48	75	12	28	22	62	14	71	42	63	32	45	48	68	164	28	13	47	47	94	9	27	48	31
hsa-miR-4453	0	0	0	0	8	0	2	2	12	2	4	12	11	11	12	3	15	12	5	8	0	0	0	0	13	9	1	2	15	2	1	10	7	10	5	11	3	1	12	6	9	8	6	11	9	3	8	20	10	5	8	13	0	0	0	0	0	0	1	0	0	0	0	0	0	0	0	0	0	0	0	0	4	10	8	3	9	7	11	2	0	0	0	0	0	0	0	0
hsa-miR-4454	323	333	59	236	32	13	67	17	364	28	43	47	126	360	375	103	263	312	196	189	33	41	84	192	449	346	1176	179	58	91	67	118	382	258	716	68	126	126	525	79	178	199	326	120	91	56	85	294	223	283	199	256	130	228	380	15	131	58	10	40	19	5	2	7	152	48	47	14	246	26	1134	62	127	222	607	77	123	411	498	129	86	145	122	180	126	8	11	5
hsa-miR-4456	13	8	6	6	3	5	1	7	13	7	47	5	6	16	2	5	6	22	7	7	9	4	7	4	31	7	11	4	1	3	3	13	6	10	2	3	3	2	2	1	15	11	4	10	1	1	8	30	10	8	2	1	11	4	11	9	0	6	0	0	10	2	0	1	0	0	0	1	1	10	4	9	3	18	6	20	12	2	10	3	2	12	7	17	0	0	0	0
hsa-miR-4457	13	5	6	9	9	0	4	3	8	1	6	10	7	5	13	12	12	13	12	14	8	17	11	10	30	10	4	17	8	7	9	16	14	13	7	4	2	8	4	4	6	9	5	16	6	8	7	19	18	15	12	0	8	5	14	7	0	0	0	3	0	0	0	0	15	0	0	1	5	5	6	12	2	19	13	10	7	6	20	14	2	18	12	30	3	8	4	2
hsa-miR-4458	26	16	19	11	12	4	4	4	5	1	17	17	23	24	27	14	27	28	22	26	8	9	6	19	58	10	4	18	11	10	18	16	18	26	12	10	4	4	12	12	19	18	15	25	15	5	13	28	26	31	3	8	13	7	27	11	9	6	2	9	13	5	0	3	28	11	5	4	7	14	9	20	8	20	10	15	17	12	41	10	3	21	10	40	7	5	11	2
hsa-miR-4459	34	13	26	19	33	13	18	5	49	15	50	11	45	64	66	53	111	137	93	72	19	31	29	17	127	38	27	41	43	33	47	60	51	83	56	50	20	40	108	57	75	66	114	73	47	32	60	143	72	77	44	45	23	15	28	17	43	17	8	14	31	11	0	15	33	11	10	11	10	27	9	10	17	45	33	23	26	34	62	63	7	66	61	103	16	15	16	6
hsa-miR-4460	7	6	3	6	7	4	4	4	5	1	3	46	15	19	6	2	6	7	7	9	18	7	9	8	10	5	5	2	6	4	10	16	3	10	4	2	0	3	3	7	12	7	10	12	7	4	1	11	4	8	2	0	7	6	21	0	1	3	0	0	15	5	0	2	0	0	0	0	1	4	2	8	2	5	3	8	4	7	20	7	1	12	11	10	3	3	2	3
hsa-miR-4461	9	8	4	6	11	4	2	8	6	4	9	10	11	17	21	8	8	13	10	11	16	11	14	7	31	7	10	10	8	15	16	13	9	13	9	7	4	1	9	12	19	26	5	18	8	0	19	22	8	9	5	5	4	6	12	6	11	1	1	4	21	0	0	4	21	0	0	3	1	7	1	1	5	16	7	8	14	11	39	5	5	11	7	16	3	5	12	2
hsa-miR-4462	16	9	6	8	20	1	5	1	12	12	7	14	10	19	7	10	23	9	8	14	10	17	16	12	37	7	13	12	4	9	10	18	13	9	9	7	6	6	8	16	20	9	8	9	7	3	8	12	24	23	2	4	5	10	16	8	0	4	2	5	13	3	0	2	26	11	7	2	2	7	20	7	4	15	6	7	8	18	34	6	6	12	6	22	8	5	10	2
hsa-miR-4463	27	12	8	10	8	12	3	5	5	3	4	7	15	21	17	7	16	9	9	12	9	19	16	13	38	8	4	7	4	4	14	15	16	14	23	11	6	10	12	7	8	14	13	15	9	5	15	25	26	25	6	11	6	14	9	9	7	5	2	5	10	3	0	0	0	0	0	0	4	16	4	10	9	14	16	13	17	8	25	14	9	12	15	30	7	3	5	1
hsa-miR-4464	11	7	8	4	21	13	4	2	16	0	18	15	22	26	16	6	18	28	24	22	8	16	10	7	22	6	5	11	4	6	14	15	13	17	4	11	4	9	4	5	29	19	15	20	9	1	8	23	7	19	5	11	7	14	7	7	8	5	0	9	12	2	0	2	0	0	0	5	5	7	6	15	2	12	7	5	6	5	19	19	3	16	16	31	5	10	12	2
hsa-miR-4465	3	2	3	1	3	5	0	6	0	0	0	0	7	14	16	8	16	10	8	10	0	1	4	2	30	10	2	8	11	3	6	10	12	14	6	7	2	9	11	11	18	4	16	7	10	2	10	3	11	6	9	6	2	0	5	2	0	0	0	0	0	0	0	0	0	0	0	0	0	2	1	3	4	7	8	10	8	7	12	3	0	6	2	19	0	0	0	0
hsa-miR-4466	65	26	29	19	33	14	4	11	14	9	22	45	42	51	48	22	49	51	34	41	16	50	51	26	111	15	8	44	34	12	30	41	27	39	25	27	7	16	35	49	40	69	140	52	21	11	77	52	40	39	16	21	18	15	40	13	11	24	5	13	32	3	1	3	42	35	12	18	8	76	3	16	27	57	17	38	79	34	75	25	5	32	18	89	9	30	14	7
hsa-miR-4467	22	2	0	3	9	4	6	1	1	3	10	10	0	10	14	3	3	4	8	7	6	14	3	3	16	0	0	0	8	13	9	29	6	12	7	7	5	5	4	6	3	3	8	6	7	0	7	1	11	7	6	2	6	9	16	18	0	2	0	5	11	5	0	3	0	0	0	0	7	5	3	6	0	16	7	8	9	8	10	11	1	9	9	11	0	2	2	2
hsa-miR-4468	7	2	3	3	6	1	1	2	0	0	0	0	6	5	10	5	12	11	12	3	14	11	3	4	25	0	0	0	6	3	11	8	1	2	5	8	2	2	12	1	12	6	7	7	9	2	8	12	10	5	5	8	0	0	0	0	1	0	0	0	0	0	0	0	10	0	0	3	3	2	4	2	5	12	3	7	4	2	11	11	2	6	5	19	0	0	0	0
hsa-miR-4469	28	11	7	10	6	1	5	2	13	6	16	6	15	19	5	16	18	19	14	14	10	12	15	8	70	14	8	13	10	6	12	16	9	15	7	8	5	3	5	11	17	18	19	18	11	4	13	34	18	13	8	10	6	6	32	5	7	8	1	2	20	3	2	3	0	15	2	3	12	4	8	7	6	15	13	8	21	17	31	8	3	12	10	22	4	6	7	3
hsa-miR-4470	13	2	5	2	10	1	4	5	0	0	0	0	9	7	16	5	32	24	18	16	0	0	0	0	30	10	11	8	10	3	7	22	13	13	7	4	2	3	4	7	9	7	15	30	4	2	7	14	29	11	5	7	5	7	15	0	5	4	0	0	16	2	1	3	12	0	0	7	0	0	0	0	3	18	10	7	5	14	13	7	3	11	9	45	0	0	0	0
hsa-miR-4472	19	6	11	10	7	2	5	4	9	7	5	63	9	14	10	8	10	7	9	7	3	6	11	81	22	36	105	10	6	3	3	14	35	11	35	4	7	5	6	1	11	4	9	6	5	2	5	19	6	8	7	6	9	24	20	4	0	0	0	0	0	0	0	0	0	0	0	0	12	6	13	9	4	9	23	12	13	44	102	10	6	19	12	20	7	4	5	3
hsa-miR-4473	13	5	5	7	6	0	0	2	12	8	9	8	26	31	36	10	33	28	28	31	5	17	9	8	40	21	17	17	11	4	15	13	22	15	14	13	13	17	33	11	21	19	22	20	13	3	28	27	26	30	7	17	4	7	8	2	0	0	1	0	0	0	0	0	25	11	4	2	1	1	5	6	19	14	18	13	11	12	28	18	1	26	16	21	0	0	0	0
hsa-miR-4474-5p	5	2	5	2	7	3	0	7	6	1	2	3	9	10	9	1	11	7	5	10	6	9	3	2	15	0	0	0	4	3	9	11	7	10	0	3	1	1	1	8	4	4	6	60	5	0	4	12	13	6	8	5	0	0	0	0	0	0	0	0	0	0	0	0	0	0	0	0	0	7	1	0	2	10	4	13	4	2	13	9	1	10	10	23	0	0	0	0
hsa-miR-4476	18	6	6	5	0	0	0	0	2	0	10	1	3	6	11	2	8	6	0	15	5	10	6	3	14	4	0	5	8	7	12	4	3	1	6	0	3	3	9	2	13	6	2	6	4	2	0	12	7	4	3	2	7	1	17	0	0	0	0	0	0	0	0	0	0	0	0	0	1	6	1	4	1	15	7	7	8	3	14	3	0	7	5	11	3	2	6	1
hsa-miR-4477a	3	1	1	3	3	2	2	1	6	3	15	7	0	3	2	3	0	0	0	0	0	11	2	7	10	0	0	0	0	0	0	0	3	2	6	1	1	1	3	3	0	0	0	0	0	0	0	0	0	0	0	0	4	3	11	4	0	0	0	0	0	0	0	0	23	0	0	0	0	0	0	4	1	3	0	1	0	0	0	0	0	4	6	10	0	0	0	0
hsa-miR-4478	23	13	9	17	6	0	0	3	6	31	7	3	11	21	26	13	9	31	14	17	9	18	15	9	38	18	15	11	15	4	12	12	12	7	8	9	6	9	14	13	19	14	17	10	9	6	8	20	30	16	9	5	5	17	13	5	0	0	0	3	0	0	0	0	0	0	0	0	13	10	12	10	7	13	14	12	14	9	12	3	1	6	2	21	0	0	0	0
hsa-miR-4479	58	16	26	8	31	9	22	13	8	4	14	23	87	160	163	48	131	135	72	114	34	28	40	19	138	44	39	40	36	23	34	39	67	74	55	36	42	61	126	79	86	77	225	78	54	32	40	133	115	84	93	88	25	19	95	14	10	10	0	4	10	10	1	10	12	0	0	3	14	19	7	29	42	64	59	39	54	44	69	48	4	37	41	57	3	5	5	3
hsa-miR-4480	9	3	6	5	30	2	3	2	11	2	7	5	6	8	8	4	13	9	9	10	10	8	3	2	36	0	0	0	3	4	7	7	5	3	2	2	0	1	3	2	8	15	6	21	8	0	9	13	6	13	4	3	5	4	3	3	5	5	0	4	15	5	0	0	0	0	0	4	0	0	0	6	0	0	8	0	5	9	35	4	0	0	0	0	0	0	0	0
hsa-miR-4481	11	5	7	4	10	1	6	6	8	0	10	7	8	14	13	10	6	8	6	9	0	0	0	0	29	3	3	9	10	8	20	6	7	14	4	8	3	10	10	15	17	20	5	18	5	2	35	18	7	11	4	4	6	5	12	4	3	10	0	4	9	4	0	0	11	0	0	8	4	13	2	0	9	7	5	8	7	10	30	9	4	10	6	15	1	3	9	2
hsa-miR-4482-5p	10	3	4	6	3	4	3	3	5	1	7	6	3	7	5	5	24	0	6	10	6	4	10	6	17	4	8	6	5	3	10	5	16	1	5	4	1	1	2	2	16	6	5	7	2	1	0	4	0	0	2	5	5	1	4	4	0	0	1	0	0	0	0	0	41	0	0	0	2	3	4	4	0	0	10	0	1	6	13	1	1	5	2	15	0	0	0	0
hsa-miR-4484	19	20	15	14	18	4	8	3	51	13	78	6	17	29	17	6	17	35	42	12	12	21	3	15	77	33	75	34	4	9	13	9	14	11	34	24	5	13	10	13	22	22	26	24	11	3	28	45	7	30	6	3	22	18	14	8	31	7	7	10	22	7	0	7	21	18	11	6	12	16	44	4	16	22	28	63	20	36	68	39	15	44	24	47	17	7	21	5
hsa-miR-4485-3p	21	14	9	14	16	14	7	5	6	12	11	12	15	17	17	10	22	36	23	12	10	9	18	9	28	10	9	23	22	13	12	19	3	8	5	8	4	5	15	36	17	54	37	14	13	4	50	31	23	16	12	13	5	6	19	2	6	15	2	3	9	2	1	5	21	28	14	3	4	12	7	9	8	22	6	19	16	16	76	9	2	12	8	40	6	4	15	2
hsa-miR-4485-5p	11	7	5	6	5	6	2	5	7	10	9	9	20	14	15	11	14	19	7	11	8	7	4	33	30	4	9	10	20	9	14	18	9	7	4	8	1	0	3	5	16	13	6	16	8	0	13	24	6	14	2	8	5	12	20	0	2	6	1	1	20	4	0	0	0	0	0	0	5	10	12	5	4	10	5	8	8	17	33	5	6	8	6	12	2	10	2	7
hsa-miR-4486	60	11	13	8	6	5	2	1	7	11	11	10	26	31	30	15	26	28	22	18	13	28	64	21	76	27	10	35	25	12	18	10	23	37	12	9	10	11	21	27	19	25	21	27	6	10	4	30	34	24	8	7	12	13	14	6	0	0	1	0	0	0	0	5	0	0	0	2	2	6	1	12	29	22	35	22	64	21	28	29	3	16	14	26	1	5	5	0
hsa-miR-4487	4	5	6	5	5	0	5	0	7	2	9	11	10	10	11	3	9	9	6	3	4	17	7	60	23	9	1	8	8	2	10	3	5	7	9	3	1	1	2	7	7	7	13	11	11	0	4	11	10	10	2	2	3	7	9	3	0	0	1	1	0	0	0	0	16	0	0	0	2	4	9	6	5	12	6	9	11	13	13	12	1	13	13	27	2	3	7	4
hsa-miR-4488	28	43	23	7	16	1	8	7	5	14	11	4	17	12	20	12	18	20	18	22	16	9	14	3	80	12	10	14	11	5	17	14	14	11	11	11	9	11	21	21	28	36	8082	17	14	9	45	37	23	22	7	13	10	10	30	8	11	7	0	3	7	3	0	4	60	16	7	7	3	11	2	10	14	27	9	29	17	14	43	11	2	13	15	53	4	6	7	6
hsa-miR-4489	26	15	10	11	17	12	6	18	7	4	20	14	38	23	43	17	26	26	28	18	13	11	10	13	52	15	10	31	142	5	35	46	10	38	13	44	7	12	9	35	61	47	10	49	16	3	39	48	36	23	13	17	16	6	27	7	12	19	2	12	39	10	2	10	41	12	19	16	2	99	1	11	20	30	15	16	22	23	120	34	8	41	30	67	5	20	22	15
hsa-miR-4491	20	11	8	9	14	3	3	4	9	3	11	16	13	18	24	4	14	32	18	25	23	15	11	3	25	8	2	7	4	1	7	20	6	9	3	9	3	3	5	8	24	14	34	25	9	3	8	22	9	11	10	6	9	11	10	4	8	3	1	10	23	4	0	1	0	25	7	6	3	15	1	6	7	10	9	13	10	7	19	9	2	13	11	29	2	9	5	3
hsa-miR-4492	21	22	13	7	14	7	2	4	4	5	17	4	27	30	36	12	16	35	21	29	20	19	15	7	81	27	13	22	19	8	21	15	18	25	5	13	2	10	22	36	44	47	35	47	12	3	30	39	13	20	13	15	9	10	31	8	6	5	3	2	29	4	2	3	18	12	2	13	5	10	1	13	13	24	18	22	26	25	28	22	1	21	13	70	0	4	8	7
hsa-miR-4493	7	9	7	3	4	6	2	1	9	1	12	5	21	17	17	7	21	24	9	19	10	14	9	9	27	16	8	9	12	4	4	17	8	18	9	7	2	10	14	11	15	14	15	13	13	6	7	16	9	6	5	4	9	9	6	1	0	0	0	1	0	0	0	0	0	0	0	0	8	5	5	4	4	21	12	11	5	8	18	11	2	9	4	17	4	2	5	1
hsa-miR-4494	9	7	9	8	5	0	10	0	0	0	0	0	13	9	16	3	14	17	20	24	2	13	9	10	30	6	2	10	4	2	10	8	9	6	4	3	4	4	5	7	19	8	382	16	7	3	7	7	16	7	6	6	2	7	16	6	0	2	1	2	11	1	0	1	26	0	0	0	0	0	0	8	7	13	1	8	14	8	33	2	0	0	0	0	0	0	0	0
hsa-miR-4495	13	10	15	4	4	2	0	9	9	2	5	3	9	7	4	4	14	8	9	7	3	9	10	4	47	5	5	12	4	2	9	10	5	16	4	4	1	0	7	8	9	17	16	9	4	0	3	18	8	3	0	1	8	4	7	4	0	3	0	6	15	3	0	0	12	0	0	1	0	0	0	6	7	16	8	9	8	16	36	9	2	8	11	17	0	0	0	0
hsa-miR-4496	13	19	11	17	22	15	7	26	17	8	31	47	51	23	30	17	36	19	19	24	20	47	14	43	55	17	8	28	4	7	16	16	23	13	32	16	7	10	3	15	23	28	26	86	19	3	29	30	55	77	14	4	5	15	24	12	8	8	4	6	12	5	1	8	21	17	4	7	6	17	7	11	7	27	11	17	28	49	100	14	8	20	17	38	6	18	20	5
hsa-miR-4497	13	8	7	10	11	8	3	1	2	1	8	11	16	20	24	9	16	18	18	16	6	10	13	6	99	14	7	11	10	9	9	16	9	13	9	6	3	6	18	13	16	15	196	7	19	5	13	29	23	10	11	7	7	9	43	6	4	0	1	4	0	0	0	0	0	11	2	1	5	6	1	9	9	31	7	20	20	20	23	18	0	18	11	30	1	0	3	6
hsa-miR-4498	0	0	0	0	0	1	0	3	4	0	6	1	5	10	5	5	9	5	8	8	0	0	0	0	22	0	0	0	2	8	7	3	9	11	6	2	3	3	5	2	5	3	5	7	8	1	8	15	15	6	0	3	0	0	0	0	4	0	1	0	0	0	0	0	16	0	0	0	0	2	2	0	4	9	9	5	4	4	13	20	2	16	20	23	3	1	5	6
hsa-miR-4499	13	6	11	7	9	1	4	3	9	4	9	13	15	13	19	7	27	10	22	17	13	16	4	18	59	22	8	22	8	2	16	11	6	12	10	3	6	7	22	8	24	9	20	13	8	4	11	31	15	17	10	8	4	7	10	3	0	3	0	4	21	3	0	0	13	0	0	4	7	12	2	7	12	22	11	14	11	10	29	11	3	13	8	28	2	5	3	9
hsa-miR-449a	17	8	5	18	5	3	8	2	15	6	10	3	21	24	28	8	16	15	14	17	6	23	13	9	362	35	32	12	7	5	16	20	16	25	24	10	4	4	18	4	20	8	12	14	12	2	10	25	18	44	6	6	13	72	51	19	0	4	0	4	13	2	0	0	0	0	0	0	17	10	31	5	13	57	34	18	49	25	43	13	6	16	14	20	7	4	6	1
hsa-miR-449b-3p	15	6	4	2	8	2	0	6	9	8	10	12	16	29	44	15	22	37	16	23	6	15	11	8	19	10	13	5	28	9	24	21	19	18	8	17	8	3	13	17	22	28	10	16	15	6	6	17	48	16	20	25	2	3	6	1	9	0	0	0	11	2	0	0	17	0	0	4	2	8	1	1	4	8	4	14	11	8	33	10	3	18	16	26	3	12	8	5
hsa-miR-449b-5p	28	9	8	0	10	12	8	7	8	5	9	13	16	26	23	11	27	22	16	24	6	11	12	15	76	13	4	14	7	13	13	19	21	26	6	18	4	9	12	9	20	19	22	16	11	4	10	24	11	26	9	8	8	16	24	7	3	4	3	0	11	3	0	0	12	0	0	3	6	13	7	2	9	24	15	12	15	12	12	8	3	11	8	29	1	6	9	1
hsa-miR-449c-3p	18	9	8	19	6	4	4	4	0	0	0	0	17	38	33	15	20	34	14	24	7	18	21	13	40	12	15	9	20	15	12	21	23	18	14	8	9	7	27	7	16	20	18	20	11	7	9	19	19	19	5	12	9	5	8	7	0	0	0	0	14	1	0	0	0	0	0	0	5	15	4	16	9	10	16	11	15	15	23	7	3	13	8	23	0	0	0	0
hsa-miR-449c-5p	4	6	5	4	1	1	4	1	6	1	5	1	10	15	10	7	12	18	12	11	0	0	0	0	27	1	12	5	7	3	22	14	9	12	8	8	2	4	8	2	14	12	3	9	7	2	8	18	3	13	9	3	5	10	6	5	0	0	1	0	0	0	0	3	0	0	0	0	2	2	8	0	1	28	7	2	14	9	19	11	2	13	7	21	1	2	6	6
hsa-miR-4501	61	43	62	44	55	24	29	26	341	24	298	23	76	79	66	44	45	122	123	54	35	51	41	37	175	40	60	50	18	29	57	73	38	68	31	67	20	27	25	29	108	58	32	71	21	10	122	112	93	53	73	26	111	44	89	24	87	34	22	37	43	21	2	24	54	25	19	29	11	42	46	28	21	76	23	11	35	32	112	96	5	81	70	183	61	20	53	19
hsa-miR-4505	22	14	12	9	22	4	2	8	8	25	9	31	244	410	497	137	527	470	334	390	14	21	26	11	378	121	124	115	148	51	77	104	230	175	186	75	145	156	326	195	299	362	405	236	180	105	156	421	234	296	177	98	5	11	21	9	8	16	3	8	23	5	3	2	11	10	0	9	9	11	7	18	134	219	155	54	82	76	257	121	2	92	94	106	2	5	8	12
hsa-miR-4506	14	5	2	6	6	2	1	4	2	4	8	51	19	10	6	7	10	4	6	3	2	4	5	11	9	0	0	0	2	3	3	51	0	0	0	0	1	2	1	4	11	9	5	11	5	1	9	11	6	11	6	6	4	4	13	1	0	0	2	0	0	0	0	0	0	0	0	0	0	0	0	5	1	9	1	2	4	2	22	7	1	9	8	12	0	0	0	0
hsa-miR-4507	10	4	7	5	14	6	7	4	4	1	5	7	9	5	7	7	9	7	6	10	9	8	9	9	26	5	3	12	5	6	8	5	10	11	5	6	2	8	9	1	10	9	11	8	2	1	4	15	9	8	2	3	4	5	3	3	14	0	1	8	0	0	0	0	47	0	0	2	3	5	1	6	3	10	2	17	8	7	18	9	2	12	7	18	2	5	2	2
hsa-miR-4508	18	20	12	18	27	9	15	8	7	4	21	13	11	29	16	9	27	49	21	12	11	35	38	9	53	15	9	17	14	22	10	35	22	10	28	5	20	30	14	10	23	10	21	10	14	6	11	53	24	32	10	23	33	29	34	14	10	21	3	21	17	7	0	5	29	4	14	13	18	8	9	8	8	19	18	11	24	12	36	22	14	15	15	59	6	5	4	2
hsa-miR-450a-1-3p	5	8	5	17	9	2	3	4	13	4	4	10	9	12	7	3	10	12	9	20	0	0	0	0	13	8	8	2	5	8	8	9	11	14	10	1	2	0	3	4	11	15	14	12	6	1	3	12	7	6	11	3	0	0	0	0	0	0	0	3	10	1	0	1	15	0	0	0	6	4	15	0	2	15	7	6	7	3	19	9	2	13	12	22	2	3	4	3
hsa-miR-450a-2-3p	0	0	0	0	6	3	1	1	14	7	7	6	9	14	4	2	6	5	8	14	6	15	8	17	11	4	6	9	1	3	9	7	8	5	8	4	2	1	2	5	11	14	5	8	3	2	12	11	9	5	2	3	0	0	0	0	0	9	0	0	10	3	0	0	0	0	0	0	5	11	1	4	4	11	4	9	10	5	37	7	3	7	4	13	0	0	0	0
hsa-miR-450a-5p	3	9	4	6	10	3	2	7	23	1	29	2	4	13	9	3	5	9	6	6	5	2	10	3	59	9	16	6	3	1	5	9	6	7	1	5	0	0	3	0	13	6	6	25	3	0	5	9	7	4	5	0	9	14	3	4	2	0	1	0	0	0	0	1	10	0	0	0	16	7	15	4	1	18	3	4	14	3	6	6	1	11	11	27	1	3	7	0
hsa-miR-450b-3p	6	4	6	5	8	9	3	2	3	3	10	4	6	13	10	6	4	15	4	8	6	11	7	12	19	7	2	4	9	8	6	13	4	6	3	3	3	4	4	1	9	12	6	13	5	4	1	13	12	13	4	5	0	0	0	0	2	0	2	3	0	0	0	0	0	0	0	0	0	0	0	11	4	4	7	2	2	3	12	12	3	12	7	23	0	0	0	0
hsa-miR-450b-5p	28	31	1	28	1	5	6	3	60	3	3	30	14	19	8	5	8	12	3	3	5	5	11	17	13	11	37	4	5	4	8	13	18	11	7	3	3	2	8	3	8	6	3	4	2	1	1	22	10	4	1	3	10	11	12	3	0	0	2	0	0	0	0	0	15	0	0	0	60	10	136	11	3	7	10	3	8	12	21	10	14	15	7	16	7	3	2	3
hsa-miR-4510	46	60	36	102	47	47	83	25	64	25	109	60	16	55	38	15	20	27	41	26	41	47	76	35	52	34	25	22	20	23	31	38	65	39	57	23	50	45	47	6	27	16	7	8	12	4	10	46	55	42	30	18	52	79	63	36	22	25	5	21	14	6	0	5	89	53	10	7	91	15	58	51	1	22	69	17	29	73	98	32	72	149	60	90	52	18	33	12
hsa-miR-4511	7	7	5	8	4	0	0	20	11	8	10	7	18	18	21	6	11	12	8	9	1	9	2	7	20	7	8	9	1	5	4	15	0	0	0	0	5	2	6	3	8	3	3	2	3	2	4	10	8	10	2	4	7	5	10	3	0	0	0	1	0	0	0	0	0	0	0	0	12	9	7	8	6	12	9	2	3	8	31	1	1	0	3	5	0	0	0	0
hsa-miR-4512	33	9	14	7	24	2	5	10	7	4	10	13	19	30	20	10	25	23	28	26	10	17	11	14	43	11	9	19	3	7	23	11	16	17	9	6	8	7	21	10	26	18	23	21	7	3	15	25	21	12	13	3	7	14	21	3	4	3	0	7	21	4	0	4	16	0	0	3	6	4	3	13	7	30	7	13	16	10	26	26	3	21	24	42	5	8	5	1
hsa-miR-4513	52	3	12	6	6	1	0	2	2	0	4	9	10	10	5	8	8	33	42	11	9	64	52	11	47	14	7	10	10	8	8	18	7	10	5	11	1	5	11	7	7	14	69	10	6	2	7	17	19	60	4	81	12	11	29	4	3	0	0	3	0	0	0	3	0	0	0	0	0	0	0	8	5	25	7	4	102	5	9	14	0	6	11	17	0	0	0	0
hsa-miR-4514	33	4	4	6	10	2	2	6	6	10	8	5	11	12	10	5	10	23	34	54	5	22	30	13	37	8	9	8	9	5	14	16	15	19	12	6	9	9	13	13	29	18	14	11	10	3	18	18	15	16	6	6	7	13	17	7	7	0	2	2	0	0	0	0	0	0	0	3	5	3	2	9	2	8	6	11	24	6	31	22	3	22	17	18	4	4	4	4
hsa-miR-4515	50	35	14	11	27	3	4	16	13	12	21	31	29	31	28	17	41	32	28	29	9	63	33	34	65	19	19	11	11	16	17	28	22	38	27	12	8	9	30	18	27	30	28	32	19	12	26	54	16	20	8	11	11	9	94	8	13	5	1	11	24	6	1	2	20	10	2	5	4	21	2	16	19	36	18	29	47	26	51	21	8	35	26	48	12	19	9	7
hsa-miR-4516	80	31	21	5	21	7	16	14	3	5	12	22	15	15	13	13	12	15	15	11	14	20	16	13	97	12	9	7	13	15	12	17	14	15	13	8	6	5	21	9	12	10	13	19	7	2	8	45	15	16	4	2	9	26	351	5	8	5	1	5	8	2	0	3	65	13	2	0	9	5	6	9	14	31	7	53	35	16	23	41	6	35	37	33	4	3	7	2
hsa-miR-4518	14	4	5	15	11	0	8	8	46	7	95	13	22	12	20	10	13	29	51	18	6	14	3	11	41	12	9	5	2	5	12	18	13	30	5	15	4	5	6	8	21	19	21	20	10	3	22	26	14	21	16	3	11	7	20	8	22	2	2	4	18	6	0	4	10	13	2	10	0	8	8	3	5	23	4	6	13	8	21	33	4	39	27	36	6	7	12	9
hsa-miR-4519	6	5	10	4	6	2	1	1	0	0	0	0	7	10	6	0	0	3	0	0	0	0	0	0	19	0	0	0	3	1	3	10	12	5	10	3	0	2	5	6	6	3	0	0	0	0	0	15	8	4	0	2	0	0	0	0	0	0	0	0	0	0	0	0	0	0	0	0	0	0	0	0	0	0	3	0	4	5	6	9	0	0	0	0	0	0	0	0
hsa-miR-451a	17701	9085	2552	3503	2911	2224	16481	7957	34134	2146	2413	8310	4855	11468	2921	3602	7120	14321	3830	2336	6155	18020	30452	45621	14706	10658	11669	7043	1362	17717	6003	25547	7644	5604	8867	2522	14728	3595	3429	3180	1830	2894	1447	762	1715	330	1470	11678	3338	8320	1024	2439	8469	14975	48957	7496	1279	827	237	2522	5075	202	33	483	8775	3658	1448	2202	80747	3354	14060	7060	1607	7559	5092	2558	7886	13070	19332	3796	4748	8460	3866	4664	2449	1907	1166	1444
hsa-miR-451b	71	32	13	23	24	13	46	35	84	19	30	22	15	58	16	8	27	64	19	14	44	52	115	117	43	39	22	29	11	51	25	85	33	17	39	8	38	16	16	6	18	13	13	13	7	2	16	40	18	27	7	8	38	44	159	33	8	6	4	15	18	3	0	3	76	19	9	12	164	17	42	49	3	24	15	8	22	49	96	31	27	46	33	35	21	8	12	11
hsa-miR-452-5p	21	26	6	37	3	8	9	5	19	2	5	8	8	15	6	18	12	4	7	7	2	6	6	13	27	42	184	12	11	12	10	15	14	18	87	4	7	17	31	3	16	6	2	7	1	5	10	17	24	44	2	3	14	26	15	4	15	13	2	2	14	4	0	2	13	0	0	0	7	8	49	3	7	14	16	4	13	68	69	8	31	31	23	26	72	6	8	10
hsa-miR-4521	10	4	1	5	16	4	4	4	7	2	6	12	11	7	13	8	13	7	7	6	0	0	0	0	13	5	9	7	4	5	11	12	8	11	9	2	5	4	13	7	15	18	10	20	3	1	12	14	11	13	6	4	0	0	0	0	0	5	2	1	14	6	0	4	0	0	0	0	4	17	5	0	2	10	6	1	6	10	55	4	8	8	5	20	5	3	8	1
hsa-miR-4522	6	7	5	3	7	5	2	5	0	0	0	0	6	11	12	9	16	15	8	5	5	4	11	2	22	3	3	4	4	3	6	7	2	8	2	4	1	4	4	11	7	9	6	4	3	1	6	9	10	10	1	5	0	5	15	4	0	0	0	0	0	0	0	0	0	0	0	0	0	0	0	4	5	9	8	2	4	2	8	3	0	0	0	0	0	0	0	0
hsa-miR-4523	20	14	8	8	17	2	0	4	6	11	17	18	16	33	18	9	15	18	14	5	6	15	21	221	44	8	19	9	7	7	14	10	11	11	14	5	3	2	10	9	9	20	18	13	8	6	37	19	13	16	5	11	13	30	29	10	7	10	1	1	3	4	3	0	21	0	0	3	8	13	27	8	10	35	18	8	12	16	42	19	3	29	16	43	4	7	2	3
hsa-miR-4524a-5p	5	7	4	7	10	3	4	1	9	5	9	9	15	18	7	5	26	10	13	14	6	17	10	5	23	5	2	14	3	8	15	9	11	17	6	10	5	5	8	3	7	15	20	20	6	6	14	23	10	14	2	2	6	6	8	5	2	2	1	1	17	2	0	0	0	0	0	0	3	9	3	13	8	14	4	12	7	9	39	15	2	8	6	16	1	3	3	1
hsa-miR-4526	7	7	10	6	0	0	0	0	2	2	2	3	14	17	15	9	13	13	16	17	6	6	10	9	26	6	3	5	13	4	8	10	9	11	6	4	7	4	15	10	6	11	18	11	6	8	8	19	25	13	6	7	3	0	21	8	4	3	0	1	3	1	0	0	0	0	0	1	4	1	6	10	2	13	11	10	8	6	9	8	3	12	8	20	0	0	0	0
hsa-miR-4527	0	0	0	0	1	4	0	2	8	6	4	0	21	19	15	13	14	30	17	29	4	10	9	1	43	23	8	23	10	16	28	24	6	21	5	23	7	13	21	20	24	15	12	20	11	3	41	64	19	29	10	12	3	3	10	3	4	0	0	1	0	0	0	0	11	0	0	0	0	0	0	9	14	13	6	17	26	18	51	20	1	20	11	26	0	0	0	0
hsa-miR-4528	3	4	2	1	1	2	2	1	5	5	40	2	2	4	6	4	0	14	8	0	0	0	0	0	17	0	0	0	0	1	7	11	0	0	0	0	1	2	8	3	6	2	0	0	0	2	6	7	5	4	6	6	0	0	0	0	6	0	0	0	0	0	0	0	0	0	0	0	3	3	3	0	0	0	0	0	0	0	0	0	0	4	4	19	3	0	6	2
hsa-miR-4529-3p	0	0	0	0	6	0	0	4	0	0	0	0	5	4	5	2	2	0	6	4	0	0	0	0	12	0	0	0	0	0	0	0	0	0	0	0	0	4	4	2	6	7	5	3	4	0	2	5	0	0	1	2	0	0	0	0	0	0	0	2	0	0	0	0	30	0	0	0	0	0	0	0	2	10	0	3	0	0	0	0	1	2	0	10	0	0	0	0
hsa-miR-4529-5p	13	3	4	4	6	5	6	5	21	1	35	5	8	13	13	8	22	13	36	13	0	0	0	0	38	4	5	8	10	2	1	13	8	12	2	8	4	2	8	7	23	15	18	23	6	2	16	15	12	17	10	5	6	5	17	8	7	6	3	3	15	4	1	1	0	0	0	5	2	6	6	0	9	14	8	3	6	12	47	14	1	11	16	33	6	11	6	5
hsa-miR-4530	22	12	6	11	9	3	3	3	6	0	10	3	8	13	19	7	19	22	15	20	11	10	23	8	50	11	16	10	15	7	8	8	6	17	5	7	1	4	10	9	11	13	162	9	8	6	12	19	11	19	10	10	8	10	35	3	0	8	2	3	11	0	1	1	36	0	0	0	3	9	8	5	8	20	8	8	12	12	26	11	4	14	16	35	5	1	8	5
hsa-miR-4531	13	5	9	14	13	8	11	9	11	1	18	21	33	32	28	11	27	32	25	28	19	21	14	39	56	15	6	26	24	13	14	23	17	17	8	13	15	14	17	16	33	35	27	36	16	2	13	49	37	40	11	9	11	19	23	9	13	13	4	16	24	6	0	6	15	28	10	13	5	10	3	14	12	29	6	17	21	17	29	5	6	13	11	37	5	7	11	9
hsa-miR-4532	19	79	7	6	11	2	9	4	2	4	9	8	16	19	11	6	15	18	9	15	8	15	21	10	241	25	7	24	14	15	25	16	14	21	7	4	8	10	17	3	12	11	10	16	11	9	15	28	19	15	5	6	18	21	17	25	0	0	2	0	0	0	1	1	0	0	0	5	16	2	2	6	9	56	18	103	42	16	23	21	7	25	22	39	2	2	2	0
hsa-miR-4533	18	25	13	18	14	3	17	12	16	7	16	13	24	23	32	11	25	17	22	16	7	14	16	32	71	18	19	24	18	8	26	22	22	31	26	9	11	7	9	18	17	16	57	22	13	3	17	29	26	27	19	14	20	18	30	13	11	11	1	5	14	2	0	2	15	0	0	7	12	14	13	8	12	30	17	15	20	22	37	17	8	25	11	84	9	16	9	6
hsa-miR-4534	25	6	12	3	15	6	0	4	6	1	18	10	27	33	40	15	28	26	22	23	3	30	35	8	31	11	3	15	22	11	17	24	19	33	16	24	10	32	43	14	26	28	44	26	15	16	16	30	27	36	22	30	6	16	11	1	5	5	1	3	17	1	1	8	0	0	0	1	0	0	0	8	13	12	16	12	23	9	17	18	4	19	14	21	4	5	8	2
hsa-miR-4535	23	8	8	4	10	4	6	1	15	1	19	4	18	19	26	8	26	58	53	40	0	0	0	0	50	22	12	18	11	10	18	23	26	37	8	38	8	11	30	16	21	26	33	35	19	4	80	81	30	38	35	8	12	6	275	6	5	0	1	1	0	0	0	0	11	0	0	8	3	3	4	0	14	29	8	11	18	13	26	34	1	25	28	36	4	2	3	2
hsa-miR-4537	6	8	7	5	13	4	7	7	10	9	8	6	12	16	27	12	27	34	16	22	4	19	12	13	32	11	9	7	11	3	7	21	11	21	15	2	6	3	16	8	20	13	31	14	8	4	7	23	20	14	12	4	1	9	13	10	8	4	2	4	18	0	0	4	13	0	0	0	2	8	1	6	7	16	23	14	12	15	21	22	2	19	16	26	3	7	5	4
hsa-miR-4538	19	3	12	5	17	2	3	6	9	6	9	8	15	21	23	8	23	22	15	21	4	23	8	24	50	14	5	17	10	5	13	21	17	13	15	8	3	7	10	22	23	29	6	18	16	2	21	16	19	26	10	5	11	6	15	5	6	10	0	10	19	8	0	0	0	14	6	4	6	13	6	6	12	18	12	12	17	11	54	18	3	12	10	34	2	4	10	8
hsa-miR-4539	13	9	4	5	14	15	3	5	8	7	19	10	19	17	32	12	24	24	20	22	9	8	17	11	34	7	6	11	11	7	36	30	16	16	5	7	9	8	10	14	19	30	24	32	21	5	21	19	16	23	12	3	5	7	4	7	9	5	3	7	26	2	0	6	10	0	0	4	4	4	3	8	4	22	20	18	10	13	15	16	2	20	13	34	3	6	12	5
hsa-miR-4540	0	0	0	0	9	0	3	3	9	4	14	6	8	4	9	7	11	19	28	11	4	14	8	3	32	7	4	10	7	3	8	3	9	14	3	11	2	2	3	2	11	14	9	16	6	2	8	16	5	10	3	2	0	0	0	0	7	2	1	0	13	0	0	1	0	0	0	1	3	7	2	0	9	11	5	6	3	3	7	14	0	18	13	18	1	0	10	4
hsa-miR-454-3p	1042	1058	76	2658	47	27	182	34	1182	22	394	694	364	2884	373	241	142	90	102	45	26	203	313	560	343	896	4392	138	22	201	62	50	586	213	2841	50	186	81	328	13	16	16	31	14	37	10	14	506	160	504	39	50	971	969	1500	27	459	276	26	97	77	21	3	3	607	117	83	12	1813	44	5526	191	19	201	1520	38	180	2112	2500	166	1022	978	209	643	2866	26	157	6
hsa-miR-454-5p	47	99	9	82	3	0	46	4	99	0	7	18	20	65	11	9	15	7	16	4	2	12	13	38	9	29	146	7	5	8	7	17	68	16	81	4	27	10	17	1	5	6	8	5	3	2	0	44	24	52	1	6	38	61	51	7	42	13	2	6	6	1	1	0	48	0	0	0	69	3	209	12	6	11	63	7	12	77	89	4	70	48	6	35	54	3	9	2
hsa-miR-455-5p	0	0	0	0	6	2	5	4	12	3	2	7	5	4	3	4	10	7	6	4	2	3	6	7	83	15	5	7	3	1	8	5	6	11	6	2	1	4	4	7	3	8	8	8	2	2	2	6	17	12	4	1	7	11	11	1	0	0	0	1	0	0	0	0	0	0	0	0	0	0	0	1	4	11	6	5	9	4	13	9	3	10	6	12	0	0	0	0
hsa-miR-4632-3p	40	6	4	6	20	8	3	10	6	18	7	20	24	30	32	18	26	47	26	32	9	19	14	10	45	11	9	13	18	4	19	20	8	14	18	8	8	8	39	16	27	38	46	47	19	7	20	47	14	12	9	15	6	8	117	2	4	7	1	11	10	1	0	1	0	13	1	7	9	8	1	13	6	24	22	13	20	4	55	12	5	11	10	28	1	14	5	7
hsa-miR-4632-5p	36	21	7	9	22	0	14	4	7	0	11	5	16	12	16	4	12	10	17	9	8	29	27	14	57	8	6	12	18	11	12	13	18	17	13	8	1	4	11	4	14	14	15	18	6	1	10	29	13	7	2	6	5	14	13	9	13	5	5	3	25	6	0	3	11	0	0	9	3	8	0	6	5	33	12	7	26	8	23	23	6	21	18	54	3	8	11	1
hsa-miR-4634	67	17	12	14	21	4	10	9	6	13	14	7	58	59	78	40	81	96	48	71	30	36	45	21	126	45	13	32	46	18	41	38	50	86	36	34	31	48	102	77	48	56	145	38	53	47	59	73	48	69	35	49	22	12	115	11	6	11	0	3	10	2	8	1	34	0	0	3	14	10	8	25	45	54	58	21	67	29	46	33	5	29	26	397	1	5	8	16
hsa-miR-4635	16	13	10	20	13	10	2	4	20	4	13	17	27	34	34	13	26	33	25	19	16	18	20	22	47	11	9	22	7	8	8	25	16	28	16	7	6	13	19	16	20	24	33	27	18	17	19	29	27	20	15	9	16	11	22	10	11	10	2	2	17	6	0	6	19	15	2	3	6	8	3	18	14	31	10	9	19	24	45	21	4	21	15	37	6	14	8	7
hsa-miR-4636	14	14	5	4	7	4	8	7	18	10	29	13	18	32	26	13	43	61	27	42	9	13	13	17	37	14	6	30	11	9	29	12	10	12	18	12	6	9	19	13	44	51	25	24	24	1	48	25	12	14	13	9	13	6	5	8	7	6	3	3	9	2	1	2	0	0	0	4	8	6	6	5	13	21	11	17	11	20	31	15	1	12	21	20	3	4	5	3
hsa-miR-4638-3p	42	15	44	14	18	4	5	8	16	6	12	10	38	32	37	33	47	31	32	44	5	37	54	18	95	18	31	35	20	20	31	28	21	42	14	10	7	18	34	23	35	42	471	37	26	7	25	57	43	27	18	12	14	15	30	7	9	8	2	6	24	3	0	4	131	13	8	4	9	13	5	11	20	43	21	28	88	43	34	37	4	42	37	62	1	11	11	7
hsa-miR-4638-5p	11	5	7	6	14	5	3	7	14	0	11	7	6	15	13	14	12	22	12	12	3	6	11	9	32	7	8	20	12	6	8	16	9	6	6	1	5	10	8	3	21	15	6	13	6	6	10	16	23	16	4	7	8	9	11	7	7	0	0	2	0	0	3	2	0	0	0	4	0	10	3	6	8	7	11	6	7	9	19	8	3	14	2	26	2	4	8	1
hsa-miR-4639-3p	0	0	0	0	6	2	1	3	2	3	3	7	10	12	10	5	14	16	8	9	6	14	2	5	0	0	0	0	2	1	3	4	4	6	1	10	3	7	0	6	20	5	9	18	7	1	12	5	13	7	4	0	0	0	0	0	0	0	0	3	0	0	0	0	0	0	0	0	0	11	1	4	3	8	9	4	4	14	21	6	3	8	6	10	0	0	0	0
hsa-miR-4639-5p	3	6	4	5	5	5	1	1	14	7	6	4	15	10	14	2	9	26	24	12	0	0	0	0	12	4	6	6	3	3	6	14	8	13	3	16	2	4	8	9	14	7	10	16	7	1	40	26	25	14	8	1	5	4	12	2	0	0	0	0	0	0	0	0	14	0	0	0	0	0	0	0	1	9	2	3	4	4	4	7	1	13	8	18	8	0	1	5
hsa-miR-4640-3p	44	3	6	6	7	4	3	6	8	0	7	3	5	8	19	7	18	19	17	11	9	8	13	8	31	12	2	9	9	7	14	16	2	14	7	11	0	6	15	9	33	16	16	25	9	6	18	29	17	19	3	3	4	6	13	6	3	2	4	4	11	2	0	2	11	11	1	2	3	6	1	2	8	10	7	10	8	10	50	2	4	10	3	11	0	0	0	0
hsa-miR-4640-5p	20	1	7	3	12	0	3	7	0	0	0	0	7	10	9	5	9	11	7	12	7	17	5	8	32	5	6	10	1	2	7	7	9	9	3	4	5	6	12	5	12	9	13	4	6	3	3	9	4	14	3	4	7	14	21	1	0	7	0	0	11	0	0	0	29	0	0	0	3	5	1	4	6	12	4	10	6	3	27	8	2	3	5	16	0	0	0	0
hsa-miR-4642	11	16	19	5	13	1	4	2	8	1	15	19	15	20	23	6	19	23	13	18	5	17	19	11	32	10	9	23	18	6	19	21	11	18	16	12	3	9	13	18	22	24	27	23	12	3	38	24	7	18	9	6	8	3	17	6	8	7	0	3	18	9	0	5	0	12	3	3	3	20	2	7	9	15	15	21	15	19	62	14	5	18	19	28	7	2	7	7
hsa-miR-4644	10	7	9	7	8	11	5	5	5	6	8	14	10	20	6	6	9	10	10	10	3	6	15	18	29	10	13	8	5	1	5	12	2	8	17	5	3	5	8	5	6	4	11	17	8	3	2	21	16	17	10	7	2	8	5	9	0	2	0	3	11	1	0	1	0	0	0	4	5	4	4	3	4	15	10	13	18	10	15	8	4	16	12	21	3	2	4	4
hsa-miR-4645-3p	18	18	6	14	8	1	2	1	18	0	6	6	12	22	8	7	2	3	4	1	0	4	4	11	13	17	40	1	2	3	6	5	19	7	38	4	3	8	12	3	4	1	5	4	5	0	3	16	10	13	0	4	6	14	8	0	10	0	1	0	0	0	0	0	17	0	0	0	13	4	53	10	0	4	23	3	4	21	18	4	14	11	2	19	24	1	5	0
hsa-miR-4646-3p	17	13	14	23	11	4	7	6	9	5	7	13	16	26	22	3	17	23	10	23	11	14	15	9	34	10	33	23	8	8	12	11	11	19	18	0	7	6	8	5	13	16	5	27	3	4	7	30	20	21	7	7	15	10	17	4	11	11	2	8	13	4	1	2	16	0	0	6	4	8	7	3	6	20	25	9	12	32	58	9	4	24	15	54	8	6	7	6
hsa-miR-4646-5p	16	11	11	9	3	5	2	0	3	0	6	1	33	49	63	28	103	143	106	99	12	14	17	10	70	30	21	15	23	12	30	34	41	44	64	12	43	43	141	61	78	76	148	50	56	32	46	105	30	47	33	40	9	12	12	3	0	0	0	8	0	0	0	0	0	0	0	0	11	7	6	7	19	29	17	21	22	14	27	15	7	15	14	23	10	2	1	3
hsa-miR-4647	17	7	13	10	31	3	4	4	13	3	37	5	21	14	24	7	19	29	24	16	9	4	8	14	53	14	9	13	12	10	7	17	19	21	9	11	9	8	23	11	17	13	28	36	13	10	29	38	16	17	27	19	12	7	32	1	14	0	3	3	0	0	2	9	0	0	0	3	2	11	6	7	11	28	18	6	10	6	26	18	3	17	20	33	13	1	13	3
hsa-miR-4648	11	6	6	0	4	0	0	7	0	0	0	0	11	8	9	5	10	6	0	4	3	5	3	12	16	2	2	2	1	4	5	7	6	5	3	3	1	3	3	5	14	11	41	11	5	0	0	14	7	17	0	2	1	5	10	2	0	0	1	0	0	0	0	0	0	0	0	0	0	0	0	3	0	9	6	5	2	2	18	2	0	4	4	11	0	0	0	0
hsa-miR-4649-3p	0	0	0	0	2	4	1	3	1	1	0	3	7	5	4	5	0	0	4	0	0	0	0	0	23	5	0	5	2	1	6	6	0	0	0	0	1	3	3	4	16	7	0	0	0	0	3	7	0	0	0	0	0	0	0	0	0	0	1	0	0	0	0	0	22	0	0	0	0	0	0	0	9	11	3	4	7	7	27	3	1	2	3	11	0	0	0	0
hsa-miR-4649-5p	30	33	33	16	24	12	3	10	18	10	22	22	38	38	36	28	25	32	27	27	14	34	18	21	80	14	16	37	18	23	32	25	13	32	16	5	6	3	10	11	40	37	20	40	15	2	6	34	25	22	12	12	18	10	26	7	17	25	7	8	23	14	2	6	42	0	0	16	12	15	6	17	21	35	15	25	10	17	48	28	5	17	28	52	7	19	9	5
hsa-miR-4650-3p	5	5	6	0	5	0	2	4	0	0	0	0	5	10	4	6	0	9	3	0	10	3	7	5	14	8	1	1	0	0	0	0	0	0	0	0	1	1	1	4	5	2	0	0	0	0	5	5	9	0	0	2	0	0	0	0	0	0	0	0	0	0	0	0	0	0	0	0	0	0	0	3	0	0	0	0	0	0	0	0	0	0	0	0	0	0	0	0
hsa-miR-4650-5p	8	3	7	6	5	2	5	0	9	6	4	8	7	9	8	6	12	11	14	12	19	9	15	11	27	2	2	6	9	7	10	8	6	12	5	8	2	4	5	8	10	6	5	5	6	2	6	11	11	13	8	0	5	9	6	3	0	4	0	0	13	5	0	0	10	0	0	3	4	9	17	2	3	2	6	4	3	6	23	12	1	13	11	31	1	4	5	10
hsa-miR-4651	34	12	14	11	15	3	6	3	5	5	11	14	13	10	20	7	18	14	8	21	4	16	14	7	58	6	6	19	18	13	10	23	20	29	14	9	1	4	20	7	12	17	21	16	11	7	12	19	14	17	7	11	10	12	12	7	0	14	1	5	7	4	1	2	0	0	0	6	2	8	1	5	5	30	15	13	22	12	29	22	3	26	20	26	8	9	11	1
hsa-miR-4652-3p	24	22	13	45	10	8	7	7	24	7	66	33	27	56	28	14	26	32	29	20	20	23	16	18	58	19	30	24	16	18	23	22	20	27	31	13	4	11	21	13	33	28	24	34	12	6	31	42	23	22	8	12	20	15	21	13	13	9	4	8	19	9	0	12	33	25	7	5	16	15	51	28	14	32	46	18	14	22	52	30	15	52	32	61	37	21	12	8
hsa-miR-4652-5p	19	6	4	9	8	9	5	5	21	3	52	7	11	26	11	9	13	27	24	13	9	8	9	21	36	8	2	14	17	11	12	13	17	11	10	7	1	2	5	2	20	12	6	21	6	2	15	25	7	11	5	4	13	10	12	13	6	6	3	9	26	3	0	3	0	10	5	6	1	9	6	5	2	12	15	12	8	10	29	22	6	21	18	27	6	2	7	3
hsa-miR-4653-3p	12	11	10	12	8	1	2	4	6	5	9	10	11	15	6	2	10	10	6	16	12	23	16	10	24	11	3	7	4	1	6	8	19	7	7	2	2	4	2	6	15	14	16	12	4	2	2	10	8	9	3	1	14	4	3	3	0	0	0	4	0	0	0	0	0	0	0	4	3	8	2	1	3	18	5	7	6	6	19	4	6	8	11	15	10	8	7	25
hsa-miR-4654	14	23	4	17	18	5	1	10	16	12	15	14	30	16	29	13	14	21	23	23	10	21	10	8	26	12	2	20	6	6	24	16	11	15	20	7	4	9	19	19	50	50	14	31	12	3	22	27	14	26	10	8	6	14	17	12	4	10	2	3	22	6	0	6	29	33	2	5	1	11	9	12	6	18	9	24	15	20	23	15	4	21	14	35	2	1	21	1
hsa-miR-4655-3p	11	11	22	7	7	14	5	6	8	13	13	5	39	39	69	26	46	84	42	65	8	15	13	15	71	20	13	26	22	15	29	30	28	37	42	12	21	23	76	36	55	49	77	42	31	18	35	60	60	57	55	41	11	10	13	5	7	0	3	5	0	0	0	2	0	0	0	0	10	14	4	18	13	28	31	16	18	15	30	23	5	27	20	25	1	8	5	7
hsa-miR-4655-5p	243	40	121	62	125	34	41	30	41	70	92	128	1268	1988	2451	782	1434	1704	968	1198	71	210	207	61	1054	588	183	459	674	319	395	502	914	1084	565	356	548	989	1946	975	1155	995	1509	921	663	408	637	1638	1684	1643	1225	1160	37	39	65	29	50	37	10	27	88	12	2	14	28	51	11	17	215	60	58	68	938	485	799	542	457	262	406	913	17	529	641	700	22	11	29	20
hsa-miR-4657	16	2	3	11	2	2	2	2	0	0	0	0	9	12	5	2	10	5	7	3	0	0	0	0	11	4	4	4	1	5	10	6	15	7	12	2	3	4	3	2	11	8	2	6	1	1	4	8	10	15	2	1	5	11	11	1	0	0	1	0	0	0	0	0	0	0	0	0	0	0	0	0	2	5	7	5	2	7	9	8	3	15	10	16	0	0	0	0
hsa-miR-4658	23	10	20	25	21	12	9	9	19	16	54	3	17	18	28	8	20	37	33	32	10	27	23	10	84	28	10	13	11	12	28	32	16	23	10	26	10	11	15	6	33	25	27	35	16	2	33	49	31	25	11	7	20	14	32	16	18	11	2	19	18	5	1	4	17	15	3	14	11	22	2	13	11	37	18	13	27	22	36	37	4	27	30	58	10	7	21	1
hsa-miR-4659b-3p	22	14	1	12	18	2	1	0	25	5	17	5	10	18	6	2	9	5	15	9	6	10	2	8	28	9	44	4	2	3	8	4	6	9	21	1	5	0	4	9	6	7	5	9	1	0	7	18	3	17	0	6	0	0	0	0	0	5	0	0	11	1	0	2	0	14	1	0	13	8	30	6	1	8	14	8	14	19	81	5	5	7	5	12	10	2	5	3
hsa-miR-466	11	10	6	11	4	2	4	4	3	6	20	5	19	24	18	6	20	25	7	16	8	4	19	9	52	17	7	14	9	8	15	17	18	14	9	8	9	4	10	10	28	22	19	20	10	0	8	34	11	10	14	10	8	8	15	4	4	2	1	3	11	3	0	5	0	0	0	6	3	12	1	5	8	30	21	8	9	11	42	6	3	9	9	26	3	7	1	3
hsa-miR-4660	12	12	5	6	9	9	3	6	15	6	27	13	10	32	15	7	14	27	7	13	2	24	12	11	45	10	14	9	7	4	22	20	9	10	11	5	0	8	8	10	26	6	16	19	6	5	7	30	10	19	9	4	10	3	12	6	4	6	1	0	12	2	0	5	10	0	0	0	10	3	6	6	3	15	21	13	9	18	24	14	2	21	12	52	14	7	10	3
hsa-miR-4661-5p	43	41	11	9	17	5	3	19	14	11	15	13	16	18	13	14	20	20	15	21	7	13	13	16	37	12	4	7	12	5	20	5	18	14	11	11	10	4	8	7	20	24	21	14	6	7	7	26	56	15	5	5	13	12	39	7	7	10	3	3	16	3	0	8	33	18	6	6	6	5	9	7	8	12	7	12	19	11	15	26	4	18	26	40	3	12	11	1
hsa-miR-4662a-5p	73	57	36	75	2	2	11	2	61	3	12	11	85	180	194	51	158	158	116	135	63	32	58	61	178	69	133	54	82	47	44	42	128	97	72	41	51	53	148	75	61	65	147	88	48	39	39	171	187	197	91	86	61	46	47	14	20	0	1	4	0	0	1	1	20	0	0	2	54	40	130	43	64	94	85	57	56	79	182	50	19	55	31	51	26	1	14	8
hsa-miR-4663	9	9	10	2	10	8	0	7	7	4	9	12	12	24	13	8	10	14	12	7	0	0	0	0	26	3	5	14	7	11	24	20	8	10	5	11	4	5	8	7	24	26	9	34	9	5	20	34	19	10	8	4	6	6	19	5	2	4	1	6	16	2	0	0	40	11	2	2	2	15	3	0	9	10	5	9	9	8	41	8	0	12	9	22	4	4	2	2
hsa-miR-4664-3p	48	39	66	32	40	16	16	18	27	12	54	26	109	190	242	76	153	256	147	182	48	61	57	77	169	97	59	83	110	47	71	78	116	156	72	65	46	120	235	145	165	145	166	135	97	85	102	206	342	257	220	223	33	22	36	28	26	25	4	11	30	12	1	7	167	23	11	10	23	48	17	38	109	88	103	75	67	62	125	120	12	85	71	138	22	7	20	10
hsa-miR-4664-5p	38	59	10	30	6	3	4	1	0	0	0	0	9	14	16	6	13	15	13	17	18	5	11	19	68	35	238	9	10	4	2	6	7	9	9	6	8	3	15	6	5	8	7	8	15	9	2	19	13	9	5	13	15	27	14	4	0	0	1	0	0	0	0	0	0	0	0	0	18	7	114	26	5	18	96	12	30	101	197	6	1	8	5	17	2	3	4	3
hsa-miR-4665-3p	31	15	13	8	56	7	6	10	6	4	9	8	27	37	35	25	32	34	18	22	12	29	41	9	89	29	13	15	32	10	12	29	27	23	17	14	9	18	24	18	31	27	124	22	35	6	15	30	27	24	10	12	8	13	26	8	10	10	2	3	18	3	0	0	0	0	0	5	15	12	5	20	24	34	21	20	29	24	32	22	2	25	18	43	2	6	15	9
hsa-miR-4665-5p	43	14	7	28	19	5	2	4	12	4	20	18	15	50	30	9	15	22	21	24	6	36	40	15	34	14	10	17	22	10	16	21	25	26	44	7	5	16	24	16	26	25	58	29	19	4	43	54	24	48	8	9	15	27	37	6	20	28	1	11	15	6	2	3	30	20	16	10	7	8	12	12	16	21	13	11	36	26	40	18	9	30	21	43	19	9	10	1
hsa-miR-4666a-3p	4	5	5	2	7	5	1	0	0	0	0	0	18	4	22	6	13	19	15	13	0	0	0	0	15	2	2	3	1	8	35	13	10	7	3	14	2	3	4	16	12	12	11	12	6	4	1	12	9	14	7	12	10	5	3	3	0	0	1	2	0	0	0	0	0	0	0	3	0	0	0	0	2	5	3	7	4	1	10	5	1	3	7	17	0	7	4	0
hsa-miR-4666b	6	8	13	7	5	4	3	9	7	14	15	7	8	11	11	5	0	3	0	0	12	7	9	7	21	10	4	2	5	4	16	15	9	6	7	8	3	6	4	5	2	2	0	0	0	0	0	13	17	2	0	1	7	6	10	9	5	0	1	0	0	0	0	0	0	0	0	0	4	10	2	3	6	12	5	6	7	5	13	12	5	20	10	24	2	2	5	9
hsa-miR-4667-3p	17	2	7	4	13	3	2	0	5	2	3	8	11	8	14	8	7	17	7	11	4	21	28	16	24	2	4	2	13	9	5	7	9	7	2	5	1	6	5	27	8	10	8	9	7	1	5	11	14	10	1	3	7	10	7	6	4	3	0	4	12	3	3	2	0	0	0	0	0	0	0	8	6	16	12	12	40	10	25	9	4	11	5	16	0	0	0	0
hsa-miR-4667-5p	25	4	9	9	6	8	4	4	13	5	10	11	15	20	6	13	12	7	13	14	6	69	4	8	42	5	4	10	0	7	11	10	4	15	8	6	2	4	9	8	13	30	9	18	5	2	50	13	11	13	5	10	9	10	38	2	7	2	1	3	12	4	0	1	14	0	0	9	1	5	3	12	7	24	7	13	14	8	29	16	2	12	15	37	5	5	6	1
hsa-miR-4668-5p	8	5	7	4	8	2	12	3	16	1	9	36	9	8	13	4	10	4	4	8	7	10	11	10	20	4	5	5	4	8	5	13	11	4	13	3	5	6	6	3	5	12	10	4	7	1	3	14	17	19	6	5	6	1	11	5	0	0	1	0	0	0	0	0	0	0	0	0	0	0	0	4	6	12	4	5	10	6	6	4	3	8	2	15	0	0	0	0
hsa-miR-4669	44	29	40	28	27	5	2	3	13	10	25	17	53	53	47	29	44	41	32	38	16	37	41	33	78	9	9	33	19	12	40	38	22	35	32	22	12	27	19	38	61	46	31	44	25	10	44	56	46	27	6	7	13	7	54	10	20	17	3	23	51	5	0	4	42	16	7	13	12	32	9	28	19	25	23	13	24	26	130	16	3	26	22	70	9	7	13	5
hsa-miR-4670-5p	0	0	0	0	0	0	0	0	0	0	0	0	6	14	11	5	0	0	0	0	0	0	0	0	14	2	5	12	6	2	6	3	4	9	4	11	0	1	5	1	6	10	0	0	0	5	0	11	0	0	4	4	0	0	0	0	0	7	0	1	12	1	0	0	0	0	0	0	2	2	3	0	0	0	3	0	6	7	15	3	0	0	0	0	4	3	2	8
hsa-miR-4671-3p	3	0	10	1	2	3	1	0	0	0	0	0	4	3	5	1	6	7	8	11	11	3	2	3	18	5	2	0	0	0	0	0	0	0	0	0	2	5	5	3	5	3	5	3	10	0	3	11	10	9	10	11	0	0	0	0	0	2	0	0	4	1	0	0	0	0	0	0	0	0	0	2	0	0	0	0	0	0	0	0	0	3	3	9	0	0	0	0
hsa-miR-4671-5p	20	12	6	7	11	3	7	1	13	8	7	10	56	117	134	38	88	104	62	83	5	9	11	18	57	12	12	16	24	19	27	38	36	35	30	20	25	22	67	53	39	66	79	68	56	17	34	65	55	74	41	45	12	8	11	5	0	4	0	0	11	7	0	0	11	15	1	8	1	10	4	5	15	29	12	18	14	25	38	13	3	20	17	35	5	1	3	0
hsa-miR-4672	3	2	3	2	0	0	0	0	0	0	0	0	6	9	8	5	0	5	7	0	0	0	0	0	18	1	2	4	1	5	9	9	0	0	0	0	1	3	5	12	5	6	0	0	0	3	4	6	11	6	5	1	0	0	0	0	0	0	1	0	0	0	0	0	0	0	0	0	3	1	3	0	6	9	0	9	0	0	0	0	1	8	11	12	0	0	0	0
hsa-miR-4673	12	6	10	9	9	5	5	1	6	4	4	4	42	68	72	26	66	72	57	55	8	32	18	3	53	19	8	19	30	23	26	25	36	33	28	23	14	26	56	34	55	44	88	34	38	12	19	66	43	54	28	39	2	6	8	2	4	0	0	5	0	0	1	1	18	0	0	0	5	11	3	6	14	28	12	14	33	8	19	11	4	15	7	16	0	0	0	0
hsa-miR-4674	13	10	3	8	11	2	4	3	9	6	3	12	9	13	23	13	19	20	16	12	11	17	8	10	35	11	1	9	9	4	12	16	8	22	7	7	6	6	12	10	11	20	46	16	15	6	9	21	20	17	10	11	8	4	30	5	0	0	3	0	0	0	0	0	81	14	3	0	1	21	1	17	4	12	8	12	7	14	23	21	2	17	14	42	0	0	0	0
hsa-miR-4675	4	1	5	3	10	2	0	5	8	1	5	4	7	6	19	11	6	6	9	8	0	0	0	0	10	9	5	3	8	6	17	4	3	10	6	7	2	4	3	2	11	8	7	11	3	4	4	8	10	12	4	1	2	1	2	2	0	0	2	0	16	0	0	0	0	0	0	0	0	20	3	0	5	10	7	4	6	4	11	9	1	11	7	16	0	0	0	0
hsa-miR-4676-3p	14	4	9	3	4	0	5	2	10	0	13	5	9	16	13	8	10	15	9	8	8	9	4	11	24	4	15	18	4	0	9	8	5	5	13	7	2	6	7	4	23	14	14	13	9	0	10	11	11	6	3	0	4	4	6	2	0	0	0	0	0	0	0	0	0	0	0	0	5	6	20	5	7	5	12	18	7	18	31	1	6	7	2	13	0	0	0	0
hsa-miR-4676-5p	20	1	4	3	6	4	4	5	0	0	0	0	12	8	5	3	15	21	10	9	12	31	6	12	42	17	7	9	8	4	10	16	9	13	4	8	3	6	0	13	13	10	12	10	2	3	10	9	27	11	4	3	1	5	9	5	0	0	0	2	0	0	0	0	0	0	0	3	0	0	0	4	8	20	6	10	14	9	26	7	2	8	9	19	2	3	11	3
hsa-miR-4677-3p	13	13	10	14	5	3	12	5	24	6	6	11	7	10	10	5	4	5	3	5	0	0	0	0	10	8	22	3	1	9	1	8	6	13	31	2	6	4	4	5	5	7	6	8	1	1	3	14	12	9	3	3	7	10	6	1	0	0	0	0	0	0	0	3	10	0	0	0	4	1	58	0	2	10	11	3	5	10	21	6	1	16	15	11	9	3	7	0
hsa-miR-4677-5p	41	30	16	15	19	11	15	17	32	3	40	28	27	45	54	22	41	46	37	32	16	9	14	21	49	13	17	22	8	15	33	28	27	25	14	23	4	8	10	29	60	71	20	63	12	6	72	45	23	12	21	15	19	15	30	5	16	10	3	18	47	4	0	10	22	47	5	14	10	16	16	9	15	26	19	16	21	14	70	16	7	31	17	50	15	11	21	6
hsa-miR-4678	5	4	4	1	2	1	6	1	0	0	0	0	6	5	11	5	5	9	4	11	0	0	0	0	15	0	0	0	0	0	0	0	0	0	0	0	0	0	2	2	12	7	7	4	4	0	2	4	6	3	0	1	11	3	5	0	0	0	0	0	0	0	0	0	0	0	0	0	3	8	2	0	0	0	0	0	0	0	0	0	0	0	0	0	0	0	0	0
hsa-miR-4680-3p	10	4	9	4	2	0	1	9	0	0	0	0	4	8	13	6	7	17	6	10	4	5	7	12	33	5	3	8	0	4	4	9	0	0	0	0	1	0	4	6	5	10	5	6	3	0	5	8	10	4	0	1	5	1	12	3	0	0	0	0	0	0	0	0	0	0	0	0	8	6	14	5	7	5	3	5	8	2	15	2	0	6	6	10	0	0	0	0
hsa-miR-4680-5p	19	10	8	8	13	12	4	6	44	12	25	27	21	27	24	10	22	23	31	22	5	20	24	22	40	13	10	8	7	4	12	17	13	17	7	12	5	1	6	18	36	34	17	29	6	3	18	16	14	18	9	14	12	12	20	7	9	4	2	11	8	1	0	8	34	0	0	9	12	13	6	5	3	13	8	7	13	11	28	14	3	13	14	35	8	4	12	3
hsa-miR-4681	17	11	24	7	16	5	1	2	8	29	20	12	15	20	19	11	17	17	14	20	3	15	8	7	36	4	5	6	4	5	16	14	6	15	5	13	4	5	13	11	22	22	7	36	9	0	29	11	22	12	8	5	9	1	23	5	3	10	1	6	13	2	0	8	0	10	2	4	3	18	2	18	6	14	3	6	13	3	40	18	1	17	15	29	3	9	9	5
hsa-miR-4682	46	30	21	26	12	6	15	3	2	8	9	5	58	133	121	37	96	87	62	77	17	29	37	102	81	44	48	28	30	12	28	36	40	36	29	17	33	26	89	57	63	48	93	40	38	25	18	90	169	159	66	52	17	22	22	18	0	0	1	3	0	0	0	0	0	0	0	0	33	27	16	19	24	44	48	18	35	27	33	15	1	17	17	15	1	3	1	7
hsa-miR-4683	36	13	9	8	20	9	8	2	16	1	10	84	18	23	29	11	28	25	20	22	10	30	32	12	49	8	1	8	7	4	24	40	13	15	10	12	6	7	20	10	22	17	17	56	19	5	16	32	23	18	14	4	8	22	20	6	9	0	3	2	0	0	3	2	33	12	1	0	5	16	7	6	15	20	7	12	34	25	26	11	3	25	10	59	5	9	6	0
hsa-miR-4684-3p	6	3	9	1	10	3	3	10	4	1	12	2	13	5	11	9	9	23	13	20	6	7	8	30	25	12	6	6	6	10	8	17	6	13	3	5	2	12	14	10	11	21	7	16	15	0	12	20	14	17	6	13	12	6	10	6	4	2	2	3	11	3	0	0	0	0	0	4	2	5	2	4	5	8	5	7	10	6	10	5	2	17	9	17	11	3	6	0
hsa-miR-4685-5p	34	27	16	8	26	1	4	5	7	8	5	10	22	22	14	7	12	27	11	17	16	13	24	74	44	12	5	19	14	14	10	20	14	17	13	11	6	9	18	6	16	17	24	15	13	11	9	21	14	14	7	5	8	20	22	12	11	7	2	3	31	6	0	5	11	0	0	4	5	23	4	7	8	18	19	14	11	12	28	18	3	15	15	56	4	3	4	3
hsa-miR-4686	21	24	10	18	14	13	8	8	10	4	20	17	34	28	63	39	102	165	62	186	11	18	7	22	86	27	17	45	9	24	67	63	30	40	7	16	13	12	20	35	127	130	51	96	83	6	40	71	25	35	20	31	17	16	15	11	6	10	2	3	21	5	0	2	11	11	2	13	4	11	4	10	12	32	22	21	39	43	60	46	5	30	42	65	3	14	11	12
hsa-miR-4687-3p	16	6	11	9	11	3	4	1	2	1	6	7	15	12	6	8	9	11	13	15	5	10	5	19	25	11	14	7	8	0	10	10	12	11	9	9	3	12	11	5	12	10	11	16	7	4	5	20	11	19	6	6	9	4	17	4	6	13	1	7	7	1	1	1	12	0	0	2	2	5	7	5	1	12	9	12	11	9	19	10	4	8	8	20	7	3	6	4
hsa-miR-4687-5p	38	9	34	16	34	10	9	16	19	10	21	21	39	44	43	13	32	36	23	22	24	43	22	24	74	16	18	16	26	13	47	48	30	29	12	14	5	7	19	23	34	37	63	33	12	6	14	51	54	32	10	6	14	16	85	15	12	10	4	13	29	10	0	12	24	20	12	8	11	25	9	16	14	40	16	13	23	24	81	24	6	31	22	98	6	23	24	7
hsa-miR-4688	24	17	15	17	11	4	4	3	6	3	9	35	14	20	12	11	11	20	16	13	10	5	9	8	22	8	11	12	9	4	10	17	15	9	15	12	5	4	7	5	11	8	12	8	9	6	8	21	19	26	6	14	5	10	109	7	12	11	1	3	1	2	0	2	61	0	0	0	4	7	9	16	7	17	14	8	11	8	31	11	8	17	11	25	9	1	5	1
hsa-miR-4689	17	15	18	12	3	3	0	6	2	6	6	17	13	23	21	6	16	14	12	11	12	14	24	8	24	16	6	10	10	10	2	12	11	21	6	6	9	7	20	5	10	10	17	12	4	2	8	24	17	10	4	4	3	8	7	5	0	0	1	2	0	0	0	0	25	0	0	0	6	14	2	6	12	11	15	6	16	8	21	13	1	15	18	23	0	0	0	0
hsa-miR-4690-5p	13	5	8	8	5	4	2	8	0	0	0	0	4	16	13	8	8	10	12	13	3	12	7	25	24	10	5	10	6	12	12	10	9	18	7	4	3	8	10	9	8	11	17	19	10	2	3	20	8	18	1	4	5	10	22	9	0	0	0	0	0	0	1	0	10	0	0	2	2	12	2	14	9	12	10	13	10	7	24	11	0	4	7	14	0	0	0	0
hsa-miR-4691-3p	49	16	7	11	6	2	1	0	8	2	2	2	48	80	101	34	79	101	51	86	9	21	35	21	72	38	34	18	15	11	26	37	43	46	32	11	31	22	76	40	41	56	77	33	33	9	19	76	77	76	41	42	18	20	33	6	0	0	0	0	0	0	0	0	11	0	0	0	15	11	16	13	18	33	47	11	41	28	51	8	2	8	11	23	0	0	0	0
hsa-miR-4691-5p	43	20	19	23	22	5	12	7	28	10	12	15	25	28	36	16	42	36	36	29	9	18	30	27	100	17	15	42	19	14	27	30	19	23	17	14	4	10	18	14	43	41	47	25	24	10	19	39	27	26	14	12	13	14	34	8	16	14	1	7	36	3	0	11	18	23	13	12	7	22	10	15	21	42	25	17	21	26	41	20	4	23	26	51	8	14	4	5
hsa-miR-4692	9	9	8	14	3	7	1	2	12	0	6	6	10	4	9	7	10	5	9	5	6	4	16	9	21	0	0	0	2	2	2	10	2	7	6	2	3	2	2	6	14	10	2	14	3	0	6	5	3	16	0	1	13	0	16	5	0	0	1	0	0	0	0	0	14	0	0	0	0	0	0	2	0	8	9	2	7	10	25	4	4	18	3	17	6	2	2	0
hsa-miR-4693-3p	25	18	8	10	19	15	8	13	23	10	39	30	35	29	23	22	15	21	23	21	18	19	26	13	49	11	4	12	17	26	37	43	20	31	15	15	8	9	6	8	26	30	16	29	9	5	7	37	17	27	7	7	9	10	18	21	10	13	6	10	33	8	2	10	11	26	6	12	7	16	7	13	9	35	16	20	16	9	34	25	6	25	28	46	14	21	9	4
hsa-miR-4693-5p	16	9	18	12	22	3	8	24	32	3	34	20	23	31	45	16	20	43	21	19	12	23	17	17	26	8	13	14	7	5	10	12	13	12	4	14	8	4	9	8	46	36	22	23	9	2	34	29	15	20	10	10	16	3	14	8	6	10	4	7	25	4	3	3	23	38	10	9	6	18	9	17	8	13	5	8	22	25	65	9	8	21	15	46	4	11	18	11
hsa-miR-4694-5p	5	10	1	5	7	0	2	1	0	0	0	0	14	8	6	4	9	9	5	10	10	33	8	14	14	7	1	7	2	1	3	3	6	10	2	1	2	2	0	2	12	12	7	7	1	0	3	9	3	4	0	1	0	0	0	0	0	0	1	0	0	0	0	0	0	14	0	0	0	0	0	4	2	7	6	2	5	11	7	5	0	0	0	0	0	0	0	0
hsa-miR-4695-3p	336	224	42	284	20	17	7	4	17	2	28	15	47	43	57	16	48	35	24	53	18	26	46	170	269	260	1453	97	15	18	30	25	29	43	16	26	13	10	37	24	38	33	48	54	13	5	33	47	30	35	15	13	167	234	156	11	8	6	2	5	15	6	1	10	21	12	5	8	78	15	391	29	25	105	738	36	82	674	1576	31	3	15	9	58	11	17	16	4
hsa-miR-4695-5p	11	6	4	11	9	8	10	7	33	1	16	4	21	18	22	13	8	16	17	15	6	9	12	6	45	11	10	15	8	4	9	15	10	25	12	26	10	7	12	7	31	20	16	25	8	6	35	31	17	32	11	10	14	8	9	4	8	6	2	7	8	3	2	2	10	16	6	5	2	5	2	13	7	19	6	7	11	10	22	27	2	24	30	41	5	8	8	1
hsa-miR-4696	0	0	0	0	8	1	1	3	0	0	0	0	4	7	10	5	5	6	6	6	0	0	0	0	8	0	0	0	2	6	4	10	4	7	3	1	1	4	3	2	6	8	4	3	4	0	1	6	6	2	1	1	0	0	0	0	1	3	0	0	11	0	0	0	0	0	0	2	0	0	0	0	0	0	4	0	4	2	8	1	0	0	0	0	0	0	0	0
hsa-miR-4697-3p	16	5	3	5	5	4	0	0	4	2	3	7	14	34	32	7	17	22	18	22	13	13	11	8	49	9	11	12	16	12	9	11	17	17	6	4	10	10	21	14	14	24	34	5	7	11	8	29	14	14	10	8	4	3	15	7	2	2	0	0	11	2	0	0	0	0	0	0	1	4	2	4	9	15	10	12	10	6	21	7	1	6	13	8	3	0	2	3
hsa-miR-4699-3p	10	6	5	4	9	2	3	2	0	0	0	0	2	6	14	5	4	7	3	4	0	0	0	0	20	0	0	0	3	5	11	11	3	9	3	3	2	0	3	3	4	6	5	5	0	0	3	2	11	3	0	0	0	0	0	0	0	0	0	0	0	0	0	0	14	0	0	0	2	6	2	0	6	6	2	8	2	6	12	2	2	4	5	14	0	0	0	0
hsa-miR-4700-3p	31	11	27	30	29	4	6	11	14	4	14	11	19	20	26	15	23	18	26	14	8	18	17	15	59	12	5	21	11	4	20	18	14	15	8	10	7	7	4	17	43	43	9	31	16	2	51	20	35	14	12	11	6	5	21	7	17	14	3	2	22	3	0	4	23	21	17	9	3	257	2	12	14	19	13	20	26	21	140	12	6	15	9	40	6	16	21	6
hsa-miR-4700-5p	34	20	17	16	13	2	1	2	5	1	12	16	32	20	22	16	29	42	15	34	29	33	31	20	69	12	13	9	11	10	22	20	13	20	4	9	12	17	21	22	31	32	27	23	18	3	30	36	27	44	11	4	14	16	13	5	10	0	0	0	0	0	0	0	14	0	0	0	13	11	3	21	19	21	23	17	14	16	39	9	3	18	12	31	4	7	5	6
hsa-miR-4701-3p	37	4	11	21	14	3	3	10	1	3	23	11	14	22	23	4	21	28	11	19	11	34	29	35	27	8	8	14	11	6	15	23	12	17	14	9	4	9	18	17	27	22	15	28	16	6	16	22	14	28	17	14	5	14	11	4	7	6	3	3	23	2	1	7	28	11	3	11	3	4	2	8	16	9	15	20	21	18	36	11	3	15	18	39	3	8	5	1
hsa-miR-4701-5p	30	14	7	7	12	1	13	5	10	6	6	22	12	20	14	10	11	11	7	10	9	7	11	6	30	9	19	6	5	11	13	22	18	17	12	11	10	4	13	6	12	7	5	11	9	5	3	27	10	20	10	8	7	11	29	3	11	7	0	4	13	4	2	2	0	0	0	5	6	7	15	5	6	5	12	9	8	15	36	4	4	13	11	24	4	6	4	2
hsa-miR-4703-3p	0	0	0	0	7	2	2	0	3	0	3	31	8	15	16	1	3	8	5	10	0	0	0	0	10	4	0	5	1	2	10	9	5	5	2	1	0	0	2	0	10	6	6	8	1	0	4	9	2	2	0	2	0	0	0	0	2	0	0	0	0	0	0	0	0	11	0	0	0	0	0	0	1	14	2	3	2	2	10	2	3	5	4	16	0	0	0	0
hsa-miR-4703-5p	5	9	0	1	0	0	0	0	14	5	0	5	3	2	3	2	0	0	4	0	0	0	0	0	0	0	0	0	3	1	3	1	8	3	9	0	0	0	2	0	0	0	0	0	0	0	3	0	0	0	0	0	1	2	9	2	0	0	0	0	0	0	0	0	0	0	0	0	2	0	14	0	0	0	5	0	2	11	17	3	0	1	3	10	0	0	0	0
hsa-miR-4705	16	10	4	12	7	0	0	8	4	0	15	6	21	31	30	7	22	14	15	10	11	5	16	25	16	16	7	13	3	8	6	9	14	11	12	3	9	3	14	5	18	18	10	12	6	2	18	76	15	15	17	7	12	6	7	3	0	0	2	0	0	0	0	0	0	0	0	0	22	12	5	14	6	5	8	4	12	9	38	5	0	0	0	0	0	1	7	1
hsa-miR-4706	94	15	18	18	13	8	7	3	6	10	18	47	25	33	33	18	30	28	22	19	18	66	75	23	74	18	11	20	7	8	21	28	21	26	10	18	7	11	21	23	30	21	48	29	14	10	9	39	27	24	7	12	11	14	23	4	10	8	4	6	12	4	9	3	26	0	0	3	8	12	7	10	11	26	13	26	65	26	33	17	5	12	15	52	10	6	5	6
hsa-miR-4707-3p	64	39	40	28	98	12	10	35	30	12	35	34	67	73	58	58	72	84	59	52	39	54	54	36	224	46	21	91	52	28	86	67	40	76	32	59	21	41	35	43	85	142	41	93	46	6	65	94	61	39	25	19	45	24	61	33	36	31	14	26	76	16	3	20	97	37	15	25	18	37	7	41	36	71	36	53	69	62	136	87	11	84	78	265	17	35	33	20
hsa-miR-4707-5p	41	44	32	26	32	7	10	21	8	4	16	22	43	62	87	27	66	60	37	32	33	34	34	115	155	52	23	45	58	11	39	47	40	83	23	31	15	27	57	50	73	55	88	48	26	17	42	74	77	52	24	23	25	15	36	9	9	12	0	5	23	9	1	9	110	39	6	8	21	26	24	34	45	71	45	47	37	53	106	48	7	43	35	82	11	6	12	8
hsa-miR-4708-3p	5	4	2	11	4	2	1	0	5	1	4	4	4	11	7	8	7	8	6	13	0	0	0	0	18	7	3	7	3	4	9	6	0	0	0	0	4	4	7	4	3	8	10	10	3	3	6	10	4	8	3	7	0	0	0	0	0	0	0	0	0	0	0	2	0	0	0	0	0	0	0	0	3	11	8	6	5	1	15	9	2	8	2	13	0	0	0	0
hsa-miR-4709-5p	25	6	8	4	9	2	7	9	8	0	16	11	4	14	9	3	4	20	15	10	6	16	11	19	34	7	4	6	2	1	7	13	11	8	12	0	7	3	5	2	13	8	9	19	3	0	9	19	4	9	1	4	18	5	35	7	5	0	1	0	0	0	0	0	0	0	0	3	2	5	9	5	4	13	3	9	9	7	27	12	1	8	10	20	1	6	6	3
hsa-miR-4710	5	18	3	14	2	4	4	0	0	0	0	0	5	11	1	6	6	6	6	7	3	4	10	11	30	9	1	4	4	3	1	3	15	9	16	4	2	8	7	3	4	3	4	2	6	0	4	15	4	13	0	3	8	14	15	4	12	0	0	0	0	0	0	0	0	0	0	0	1	2	3	4	2	7	19	8	7	12	30	1	4	10	4	10	6	1	4	1
hsa-miR-4711-3p	9	8	5	3	6	0	0	2	4	2	4	17	10	4	11	5	5	10	7	6	6	3	6	6	20	6	2	6	8	1	5	12	7	11	5	3	6	2	1	2	3	6	3	7	1	0	3	6	4	5	0	2	0	5	12	0	0	0	0	1	0	0	0	0	0	0	0	2	2	6	2	6	4	12	1	4	0	9	12	6	1	10	6	18	0	0	0	0
hsa-miR-4712-5p	7	5	8	5	3	5	0	3	11	2	9	8	5	11	13	8	13	14	14	21	5	19	4	8	20	5	4	14	6	9	11	16	16	12	5	1	1	3	2	2	13	8	8	20	5	1	4	12	13	8	7	3	5	5	8	5	2	0	3	0	0	0	0	0	0	0	0	2	4	5	4	10	4	9	7	3	7	5	25	14	3	16	14	22	3	2	4	7
hsa-miR-4713-3p	18	10	20	11	30	7	7	7	11	7	31	21	20	30	35	19	38	39	54	35	14	26	18	16	66	10	2	26	39	10	31	39	17	22	9	17	2	5	15	19	54	81	31	96	19	5	47	41	33	22	9	13	7	10	17	10	9	16	4	10	62	10	2	24	21	9	10	18	3	15	1	16	13	23	6	13	19	24	39	11	9	16	20	45	5	17	19	4
hsa-miR-4713-5p	22	7	3	5	14	7	6	7	5	2	8	8	17	21	9	11	20	17	12	16	15	8	12	22	38	14	9	8	11	7	14	14	7	8	6	6	1	5	9	0	16	13	14	12	8	2	11	23	6	12	9	4	2	5	23	4	4	6	2	3	13	1	0	0	0	0	0	3	3	7	2	7	4	31	9	15	15	17	18	5	7	11	8	32	0	0	0	0
hsa-miR-4714-3p	3	7	15	8	11	5	2	4	10	23	6	4	20	22	16	12	13	8	12	24	11	6	7	11	33	8	8	13	9	6	14	17	13	15	13	8	9	2	1	10	17	20	8	20	8	3	11	22	10	16	7	6	7	8	12	4	6	12	3	7	23	4	2	5	0	15	2	9	6	10	3	8	8	16	11	9	19	15	47	14	1	12	14	24	6	9	4	3
hsa-miR-4714-5p	15	10	5	8	18	5	8	15	18	7	18	15	13	27	19	12	16	30	18	24	16	22	16	19	29	7	5	16	8	5	23	33	20	27	19	14	2	10	13	18	31	17	18	22	17	6	22	36	21	29	6	12	18	11	57	8	8	4	1	5	17	7	2	2	0	0	0	8	7	13	4	6	6	11	4	15	15	6	13	23	8	29	22	62	4	11	19	5
hsa-miR-4715-3p	0	0	0	0	7	5	6	6	0	0	0	0	5	8	5	3	8	8	8	5	10	3	6	8	0	0	0	0	1	5	8	11	7	5	1	4	1	5	0	2	5	5	5	17	0	2	11	12	3	5	1	5	0	0	0	0	0	0	0	1	0	0	0	0	0	0	0	0	4	4	3	1	2	10	2	2	7	5	10	1	1	6	3	11	0	0	0	0
hsa-miR-4715-5p	6	3	10	3	6	3	3	2	0	0	0	0	4	15	6	5	7	9	11	12	0	0	0	0	28	5	5	6	3	7	12	21	2	8	5	5	5	1	3	1	11	14	6	6	5	0	2	16	11	10	4	0	0	0	0	0	5	3	0	0	19	1	0	0	0	0	0	0	1	1	2	0	2	10	7	10	6	13	22	7	0	8	4	12	3	4	9	6
hsa-miR-4716-5p	9	0	4	5	9	2	5	2	3	5	10	9	11	7	7	4	9	7	12	4	0	0	0	0	26	11	5	6	5	2	11	12	7	9	11	5	2	3	6	3	8	11	4	6	5	3	5	8	13	12	3	9	11	4	11	1	0	0	0	3	0	0	0	0	19	0	0	0	0	0	0	0	3	8	6	6	18	14	19	4	4	11	3	14	3	5	1	2
hsa-miR-4717-5p	9	7	2	6	3	1	3	5	0	0	0	0	4	12	7	1	7	9	0	5	0	0	0	0	23	0	0	0	5	1	7	2	5	2	4	2	2	3	1	6	11	12	3	13	1	0	0	10	3	6	0	3	0	0	0	0	0	0	0	2	0	0	0	0	12	0	0	0	0	0	0	0	0	0	5	0	9	7	20	2	0	0	0	0	0	0	0	0
hsa-miR-4718	30	26	21	14	10	5	3	1	39	2	10	7	19	40	42	13	33	42	43	47	16	38	25	39	44	13	19	22	5	3	21	21	13	24	15	7	11	5	19	22	52	39	28	37	16	4	19	40	34	28	7	10	9	9	12	4	11	2	4	7	28	8	0	13	10	13	4	10	22	12	7	18	7	24	10	13	21	16	57	17	2	21	13	42	3	9	14	2
hsa-miR-4720-3p	20	17	18	4	17	5	2	15	10	0	13	28	25	44	48	9	24	41	19	13	14	20	11	15	41	17	22	12	16	8	20	19	15	29	21	16	8	9	17	17	48	46	32	33	12	5	26	37	12	32	20	13	11	6	17	6	0	6	1	2	10	3	0	0	10	10	1	0	11	14	7	13	8	33	22	16	17	18	88	15	3	17	16	31	4	5	26	4
hsa-miR-4721	40	33	14	17	11	6	10	5	34	4	31	7	13	21	18	10	18	19	13	8	5	18	22	52	55	13	18	14	7	17	10	8	18	12	11	9	3	9	13	5	27	10	14	16	9	3	16	24	7	11	5	8	17	17	115	5	6	0	2	4	0	0	0	4	26	0	0	2	5	4	36	12	13	28	12	7	20	14	27	24	2	31	30	39	6	3	7	0
hsa-miR-4722-3p	7	5	5	2	8	0	3	1	5	2	6	1	10	8	5	3	8	5	0	11	9	12	4	7	22	0	0	0	5	7	3	10	2	8	2	1	2	7	7	7	6	10	2	8	8	0	0	8	4	6	6	2	0	0	0	0	0	0	1	1	0	0	0	0	12	0	0	0	0	3	3	8	5	9	7	9	5	4	22	9	2	9	11	12	0	0	0	0
hsa-miR-4722-5p	15	5	11	2	13	2	4	4	2	2	9	5	9	0	9	4	9	14	21	11	13	8	7	65	12	9	4	11	10	1	8	5	7	8	4	2	3	0	10	5	18	16	8	10	4	0	27	16	7	13	3	3	7	14	65	7	0	0	0	0	0	0	0	0	19	0	0	0	0	0	0	3	1	11	3	3	15	7	22	7	0	10	5	11	0	0	0	0
hsa-miR-4723-3p	21	1	8	3	10	3	6	4	3	5	10	5	9	10	6	3	14	5	6	8	6	15	16	8	26	5	4	8	5	2	5	8	5	5	5	5	0	2	4	8	7	11	4	7	2	1	1	7	14	12	2	3	1	12	8	5	0	0	0	1	0	0	0	0	11	0	0	0	0	0	0	6	4	6	5	5	27	5	15	7	3	19	10	18	0	0	0	0
hsa-miR-4723-5p	11	7	4	7	9	2	1	3	8	3	15	10	11	22	14	6	12	18	9	12	6	12	6	8	16	5	1	4	15	7	10	13	8	8	3	8	1	2	2	2	27	11	12	22	8	1	11	17	16	11	8	3	2	3	12	4	0	6	3	4	30	7	0	0	0	0	0	0	3	10	1	10	6	6	6	4	5	8	37	11	1	10	8	16	2	5	10	3
hsa-miR-4724-3p	8	6	5	5	1	5	4	1	8	7	3	3	8	11	19	5	9	18	13	7	5	7	6	8	41	6	8	6	4	9	12	7	9	7	5	5	4	6	6	2	6	13	19	12	4	5	2	11	6	16	2	2	6	3	3	3	0	0	1	0	10	2	0	0	0	0	0	0	3	5	1	6	2	15	5	5	5	12	23	5	0	5	3	18	0	0	0	0
hsa-miR-4724-5p	10	4	3	6	2	3	0	2	4	1	11	3	12	20	10	7	8	11	5	7	3	17	8	2	20	0	0	0	2	6	10	7	8	23	2	2	2	2	12	5	9	10	9	10	4	0	9	9	10	9	7	3	0	0	0	0	7	0	0	2	0	0	0	0	0	0	0	0	4	5	0	1	2	7	3	5	8	9	13	14	3	18	14	20	0	0	0	0
hsa-miR-4725-3p	31	23	16	14	16	10	6	7	12	13	22	22	34	35	30	19	31	53	39	30	12	64	20	100	90	19	17	23	17	25	26	61	20	36	13	26	11	16	18	25	36	44	45	58	21	9	34	56	30	40	14	7	22	23	143	18	12	9	2	7	21	6	1	6	47	0	0	7	21	11	11	14	19	47	14	27	18	16	56	28	11	29	24	73	5	10	7	10
hsa-miR-4725-5p	181	127	45	293	8	11	2	1	6	2	12	5	9	6	6	6	8	10	18	5	9	14	23	110	102	186	399	66	4	4	6	9	9	2	12	9	2	4	5	6	8	5	5	13	9	3	6	18	12	11	6	2	102	115	124	2	3	3	0	8	14	3	0	0	0	0	0	2	29	5	92	35	16	46	320	25	54	321	479	35	3	8	5	13	5	3	6	1
hsa-miR-4726-3p	47	15	9	6	13	7	6	10	15	6	17	6	7	12	13	11	15	22	19	10	7	31	26	9	59	14	2	7	12	7	10	16	17	26	7	11	9	10	5	5	11	9	16	11	9	3	15	35	10	20	15	2	10	11	157	7	15	5	5	11	16	1	0	12	0	0	0	3	7	8	7	8	6	16	6	5	12	18	17	29	6	30	24	46	8	1	9	8
hsa-miR-4726-5p	25	17	14	19	14	7	12	4	12	7	15	11	22	43	37	24	20	39	21	33	20	19	29	21	60	21	12	34	20	13	23	20	22	33	20	14	7	9	28	19	35	17	34	32	15	15	12	27	23	33	19	7	17	16	22	18	9	11	10	1	20	3	1	6	22	12	1	9	8	17	8	17	21	31	21	20	20	28	44	24	7	17	15	68	7	4	9	0
hsa-miR-4727-5p	11	5	1	4	7	8	5	4	11	4	7	12	12	11	11	4	3	17	15	5	6	7	4	10	84	10	4	15	5	4	18	15	7	14	7	4	7	7	3	3	6	14	9	14	4	1	12	14	10	11	4	5	9	8	13	3	0	6	1	3	16	1	0	0	0	9	19	6	1	17	2	3	5	29	5	14	13	15	39	7	2	7	7	23	4	3	7	1
hsa-miR-4728-3p	10	3	6	2	8	3	0	5	0	0	0	0	4	10	11	5	8	9	8	9	0	0	0	0	21	9	2	6	9	4	11	7	7	6	4	4	5	2	7	10	6	8	9	10	3	3	6	9	7	5	2	1	3	8	5	1	0	0	0	3	0	0	0	0	0	0	0	0	1	13	2	0	6	13	5	5	6	14	18	5	4	9	10	15	0	5	8	6
hsa-miR-4729	13	17	8	6	8	3	3	6	16	11	23	7	11	33	19	9	14	29	19	24	12	11	18	9	65	13	11	10	11	12	12	24	13	9	7	15	3	5	8	7	32	23	10	18	9	0	23	23	17	24	3	4	17	25	15	12	15	5	4	4	8	7	1	4	12	0	0	1	7	7	5	6	4	16	12	17	8	26	23	22	5	20	16	54	8	9	8	12
hsa-miR-4730	23	9	17	8	23	8	3	3	16	29	16	25	18	21	24	17	13	17	17	16	19	26	23	24	44	11	5	10	40	10	18	15	17	20	9	11	3	8	17	10	7	14	17	16	7	10	9	18	10	9	4	7	16	14	10	20	12	8	3	4	24	3	1	6	0	14	2	4	14	18	5	14	7	13	7	7	19	5	23	37	2	31	22	32	7	5	8	14
hsa-miR-4731-3p	10	3	3	6	4	2	9	4	16	6	7	14	12	17	18	10	11	17	13	16	12	17	5	10	40	17	9	16	7	4	11	11	8	26	11	6	5	6	12	2	26	10	22	10	4	5	15	35	24	9	4	5	8	7	8	4	7	0	1	4	0	0	0	2	0	0	0	8	6	8	6	12	6	21	9	7	16	26	14	50	2	33	34	55	3	2	2	2
hsa-miR-4732-3p	89	22	34	27	126	57	77	141	34	29	78	100	53	185	56	27	77	192	75	56	29	131	99	87	101	62	34	76	51	258	86	373	54	69	59	42	202	68	46	77	61	50	31	45	32	1	42	146	64	116	40	57	56	48	267	76	41	32	18	197	103	15	1	40	133	134	33	81	119	35	10	47	25	50	34	80	85	69	162	71	40	118	80	125	22	56	52	38
hsa-miR-4732-5p	75	93	56	27	219	55	99	196	55	11	127	224	58	251	82	44	102	261	108	70	76	175	143	120	103	51	29	124	56	265	84	473	62	117	55	43	154	98	51	71	54	92	61	36	43	5	41	414	84	97	56	74	70	91	238	95	40	20	23	188	187	37	3	48	187	167	51	108	201	33	23	44	44	68	60	81	67	137	205	144	52	177	104	238	40	65	98	34
hsa-miR-4733-3p	93	1	1	3	5	4	1	3	11	2	6	9	10	6	8	2	6	8	9	10	4	106	165	7	22	13	3	7	2	4	10	5	12	15	5	4	2	4	6	6	5	6	11	11	4	1	8	10	1	7	2	3	5	28	4	1	0	3	1	1	11	2	0	0	0	0	0	0	0	0	0	2	0	0	4	0	92	6	10	15	3	13	9	25	0	0	0	0
hsa-miR-4733-5p	8	4	8	8	8	13	4	4	10	1	17	10	18	27	16	14	19	25	14	18	0	0	0	0	27	11	6	10	6	9	27	21	6	17	7	10	9	8	18	12	13	16	14	24	9	1	12	25	13	28	9	3	9	5	7	3	8	5	3	2	11	3	0	8	0	0	0	6	5	7	1	0	5	17	10	2	11	13	18	9	3	9	5	34	5	3	7	3
hsa-miR-4734	39	12	9	5	13	4	5	5	15	14	10	12	22	18	27	6	7	18	13	12	15	31	27	41	59	14	18	7	12	0	13	13	9	22	11	4	3	5	8	7	20	19	19	14	8	6	17	21	25	25	17	5	9	12	51	12	4	7	2	2	16	7	0	0	17	0	0	4	6	18	11	8	6	15	21	12	18	12	25	18	4	22	15	47	3	7	14	2
hsa-miR-4735-5p	18	6	7	4	3	0	5	1	0	0	0	0	11	12	12	9	5	14	5	8	7	6	7	14	22	4	2	1	9	1	11	13	1	8	6	3	5	3	4	5	16	9	14	18	4	3	4	16	8	7	4	3	0	0	0	0	0	0	0	5	0	0	0	0	0	0	0	0	3	5	2	4	3	9	4	6	3	6	8	2	1	5	2	12	0	0	0	0
hsa-miR-4736	10	7	8	2	4	6	2	4	11	4	8	12	13	16	16	7	19	16	10	18	5	13	5	9	37	0	0	0	5	7	13	17	6	12	4	6	5	4	7	8	21	17	9	16	5	4	15	15	12	11	4	7	0	0	0	0	0	5	1	8	12	2	1	5	14	0	0	0	0	0	0	3	3	13	2	1	6	13	22	5	6	4	7	26	10	6	6	3
hsa-miR-4737	13	11	14	6	9	4	9	4	15	6	20	6	8	11	17	2	12	17	13	14	9	9	11	13	38	17	11	16	8	0	10	15	9	8	8	8	1	7	1	10	23	12	11	14	11	4	15	18	11	9	6	7	10	11	13	0	3	7	0	2	12	5	0	0	18	0	0	11	6	10	6	4	12	18	10	6	11	18	47	17	1	21	11	33	8	3	1	3
hsa-miR-4738-3p	11	16	4	21	14	2	4	0	0	0	0	0	15	34	23	15	8	19	24	11	3	11	10	6	25	4	18	10	7	7	9	14	15	18	34	13	9	4	15	15	24	12	19	7	5	4	3	24	13	29	19	8	7	11	13	7	12	0	0	0	0	0	0	2	15	0	0	0	9	5	11	8	8	11	21	7	9	24	31	8	4	19	7	20	17	1	3	1
hsa-miR-4738-5p	13	11	12	4	9	4	12	3	12	5	6	45	14	6	19	5	16	18	12	12	8	11	5	5	43	6	5	12	6	7	11	13	12	13	13	6	6	4	5	8	17	9	13	16	5	1	11	22	14	7	7	5	11	5	11	4	6	0	0	7	0	0	0	5	12	0	0	5	0	0	0	8	8	15	4	2	8	10	28	7	7	9	8	18	3	5	9	8
hsa-miR-4739	17	5	13	11	17	8	7	11	2	2	14	9	13	15	26	11	20	19	12	16	9	32	16	6	56	10	8	11	16	4	20	16	19	15	3	9	5	5	11	19	8	21	15	15	11	1	10	22	17	14	8	9	8	8	19	1	7	7	2	3	22	1	0	2	0	0	0	3	2	9	0	18	6	18	6	11	21	9	25	5	8	10	7	24	4	5	20	5
hsa-miR-4740-3p	11	11	6	6	14	1	2	4	8	16	11	5	9	12	18	7	10	17	16	7	7	18	8	4	40	13	9	15	11	7	11	24	5	15	10	3	1	7	15	14	20	15	6	8	7	3	21	16	17	20	6	7	7	7	11	7	6	0	1	4	0	0	0	0	0	0	0	3	7	17	4	7	11	18	3	11	13	6	18	7	0	9	5	28	0	0	0	0
hsa-miR-4740-5p	40	11	18	15	52	26	5	12	12	10	35	34	34	32	39	23	29	47	42	45	12	26	25	22	40	17	16	18	12	12	45	27	14	29	7	27	3	4	12	15	58	50	24	52	23	3	32	37	32	18	4	10	11	18	83	10	7	8	2	3	22	6	3	4	21	0	0	8	11	26	4	19	11	28	12	10	12	15	33	15	8	18	20	50	5	11	19	10
hsa-miR-4741	151	22	18	15	41	5	9	9	20	16	28	18	45	37	57	16	39	49	43	43	19	23	154	35	126	43	19	47	12	10	22	41	30	60	20	26	10	24	24	34	49	48	94	50	32	4	33	57	38	46	37	23	11	38	1178	43	21	11	6	13	22	10	1	11	113	18	14	12	26	28	11	23	28	53	23	25	41	27	37	39	10	45	29	76	8	15	11	15
hsa-miR-4742-3p	11	16	6	24	5	3	17	8	10	0	5	14	8	21	9	6	5	12	7	2	5	8	8	12	18	18	36	9	1	9	5	14	15	6	17	3	19	6	9	5	5	8	7	3	5	2	5	20	10	16	6	2	11	10	20	8	12	5	1	11	2	4	0	2	14	0	0	0	14	0	14	5	3	7	18	4	6	33	23	2	25	15	7	11	10	9	4	0
hsa-miR-4743-5p	13	6	7	3	13	2	5	0	6	9	10	4	4	12	3	6	11	11	8	8	7	6	15	11	30	4	6	11	3	2	9	5	8	8	4	5	4	7	6	8	9	5	7	8	8	5	6	9	1	14	4	8	3	2	14	6	0	0	0	0	0	0	1	1	16	0	0	0	0	0	0	37	1	5	7	6	6	8	14	1	3	6	5	15	7	2	2	3
hsa-miR-4744	6	3	8	2	8	5	2	2	4	14	9	4	6	18	12	2	8	9	6	10	4	9	4	2	15	6	2	9	0	4	9	13	6	6	3	2	1	4	4	7	8	5	6	6	3	2	5	13	12	17	1	6	7	5	8	10	0	4	2	0	13	5	0	0	0	0	0	0	2	4	1	4	1	11	3	7	4	8	11	7	2	5	7	19	0	0	0	0
hsa-miR-4745-3p	60	21	31	18	67	9	10	14	26	9	88	23	44	62	53	27	72	75	64	50	43	58	62	16	109	46	11	51	43	23	51	57	42	62	16	40	18	30	31	63	65	78	47	67	47	14	102	77	83	75	24	32	15	12	52	21	42	25	3	17	29	13	1	14	508	37	24	19	8	25	4	21	20	48	25	33	79	32	78	47	6	57	45	121	19	24	27	11
hsa-miR-4745-5p	23	18	17	8	15	13	8	11	12	14	18	6	21	21	28	9	23	18	14	14	6	26	41	21	94	13	9	17	10	6	19	21	11	25	12	2	8	13	18	14	16	18	85	10	12	3	13	20	19	17	4	3	11	18	21	10	3	4	0	0	15	1	0	0	37	12	1	0	2	12	7	6	22	34	6	10	49	19	40	19	2	15	19	49	3	4	9	5
hsa-miR-4746-3p	35	11	14	11	8	0	12	6	21	7	35	6	16	42	29	13	30	37	30	39	16	15	31	9	53	15	13	16	21	17	21	26	10	34	20	9	8	3	19	14	37	29	23	34	18	3	18	47	17	37	10	8	16	3	31	9	14	9	2	5	18	2	0	3	24	11	1	4	5	18	5	6	10	34	13	14	34	17	23	31	2	34	30	40	5	9	15	16
hsa-miR-4746-5p	33	17	15	24	12	4	7	0	16	4	15	3	31	73	67	20	54	74	41	37	14	21	27	43	116	28	34	20	25	13	18	34	36	46	43	19	13	13	74	21	29	28	61	33	13	13	17	53	19	30	8	11	13	12	32	15	6	0	2	4	0	0	0	4	0	0	0	1	21	23	17	14	34	37	57	19	27	26	52	38	2	25	28	74	7	4	6	5
hsa-miR-4747-3p	16	7	5	3	3	3	3	0	1	2	3	19	15	25	29	13	34	35	17	26	12	20	16	25	46	20	17	22	15	5	14	12	21	25	14	10	5	11	20	21	19	24	17	23	15	11	12	32	48	40	13	16	3	1	11	6	0	1	0	1	15	2	0	0	0	0	0	0	3	10	1	8	22	28	32	32	26	15	35	33	5	23	16	30	2	2	7	3
hsa-miR-4747-5p	0	0	0	0	2	3	4	1	0	0	0	0	3	11	3	2	3	0	4	5	8	4	5	7	12	0	0	0	0	0	0	0	6	4	2	6	4	6	14	4	5	9	5	2	4	0	7	6	0	0	3	0	0	0	0	0	0	0	1	7	0	0	0	0	0	0	0	0	2	8	2	2	0	0	6	0	8	4	17	3	1	3	3	8	0	0	0	0
hsa-miR-4748	29	20	11	16	9	6	3	5	12	17	17	10	19	34	25	12	30	25	22	24	13	16	13	8	57	18	14	19	13	19	15	19	29	30	25	18	15	15	24	10	15	17	26	20	14	5	6	35	27	31	12	15	13	7	12	6	10	16	4	11	18	13	0	4	15	15	2	9	7	7	7	7	9	17	22	17	10	20	34	22	5	27	27	41	9	4	3	0
hsa-miR-4749-5p	17	7	16	11	12	5	6	5	5	1	3	5	15	26	16	4	11	17	15	14	7	14	9	41	40	6	3	9	9	6	10	5	16	10	8	11	9	6	11	5	17	14	10	10	8	0	7	24	17	12	8	13	7	13	10	6	0	0	0	0	0	0	0	0	0	0	0	0	2	6	2	3	4	7	8	14	13	9	19	10	1	9	5	19	0	0	0	0
hsa-miR-4750-3p	11	3	5	0	6	1	1	4	7	7	9	5	6	6	11	2	0	10	8	0	11	3	5	5	27	5	3	8	2	2	8	6	7	16	9	5	2	4	2	7	9	6	0	0	0	3	26	16	7	10	2	6	3	7	6	2	0	0	0	3	0	0	0	1	17	0	0	0	2	4	1	7	4	9	6	7	9	5	42	8	3	9	10	49	0	0	0	0
hsa-miR-4750-5p	48	43	21	24	15	6	6	9	17	9	16	21	37	47	45	21	21	27	34	27	22	37	29	26	66	17	19	26	32	3	28	23	31	28	26	18	15	15	25	44	40	58	34	30	16	6	23	43	31	43	11	12	25	17	51	6	24	21	8	17	52	8	1	15	52	19	9	10	104	24	18	34	10	30	24	9	37	23	73	22	16	42	23	73	15	9	16	9
hsa-miR-4751	9	3	2	0	11	2	7	0	1	6	12	32	15	26	24	13	28	24	21	19	6	10	9	7	56	22	16	19	12	15	18	29	14	20	11	11	11	13	25	12	27	24	32	13	16	8	9	51	37	18	13	27	4	3	13	2	2	0	0	3	0	0	0	0	0	0	0	4	3	9	7	10	14	44	22	12	13	9	41	10	5	17	13	25	2	4	6	1
hsa-miR-4752	2	3	2	3	10	4	6	0	5	2	9	4	8	5	10	2	1	9	6	7	6	4	10	7	19	9	1	4	7	1	9	4	8	6	4	3	4	4	1	4	14	10	2	15	2	0	8	8	2	1	3	1	0	0	0	0	4	0	0	0	0	0	0	0	0	0	0	5	5	5	5	2	4	5	0	12	0	0	0	0	2	10	12	16	2	1	12	2
hsa-miR-4753-5p	9	3	5	6	20	1	5	4	9	0	9	10	10	13	12	3	6	10	12	8	4	17	18	5	24	7	5	13	4	3	7	9	6	11	7	3	0	5	3	5	10	15	11	18	5	0	5	10	13	8	6	3	6	6	11	3	0	0	1	0	0	0	0	0	0	0	0	5	1	3	2	3	3	18	9	6	9	8	17	14	2	11	10	26	6	3	7	9
hsa-miR-4754	32	16	12	13	19	7	13	7	41	7	32	12	16	42	23	14	33	22	38	22	22	25	27	16	46	13	13	15	3	6	14	28	18	26	11	12	6	4	12	18	47	42	21	42	25	3	46	47	38	33	10	4	33	18	53	10	29	16	6	10	24	11	1	14	35	50	8	8	11	21	15	10	9	31	14	18	21	32	107	19	6	24	20	63	15	8	37	1
hsa-miR-4755-3p	11	1	6	0	23	1	2	2	7	1	1	27	16	13	10	4	8	10	7	8	6	10	9	7	9	8	6	11	4	8	5	12	5	6	6	7	2	2	1	0	4	6	4	11	5	4	1	9	11	5	6	2	0	0	0	0	0	0	0	0	0	0	0	0	0	0	0	0	2	5	3	8	3	7	3	5	14	19	15	2	5	5	5	11	1	7	10	2
hsa-miR-4757-3p	5	29	10	6	6	3	0	7	7	4	17	18	12	17	15	5	14	13	24	9	6	16	15	24	44	8	8	18	6	5	18	14	7	17	9	6	1	1	16	16	23	12	9	12	10	1	17	22	14	14	5	8	13	26	50	3	0	14	2	4	12	0	0	2	0	0	0	5	4	6	3	5	4	8	4	11	15	10	32	10	3	8	12	40	1	7	7	1
hsa-miR-4757-5p	17	25	18	18	57	14	3	11	16	4	25	12	29	47	101	28	67	66	49	63	9	12	9	13	67	29	8	47	21	10	33	44	35	33	28	33	12	25	36	44	69	57	45	55	43	8	45	52	79	54	56	46	12	31	17	15	10	9	4	8	21	13	3	3	42	13	14	13	4	12	3	10	31	28	37	22	33	26	82	11	10	13	15	41	4	11	18	4
hsa-miR-4758-3p	43	3	11	7	18	1	2	6	7	3	8	10	20	20	24	15	15	19	22	31	7	22	38	12	25	17	7	10	21	13	8	25	12	18	19	12	6	6	20	17	20	42	21	21	12	10	15	32	12	15	6	4	7	6	14	9	11	0	2	0	0	0	0	0	11	0	0	0	0	0	0	8	9	26	8	6	33	15	25	9	1	12	5	13	1	4	4	1
hsa-miR-4758-5p	77	14	9	6	24	2	4	4	7	13	12	14	17	17	36	13	25	34	12	28	22	91	147	9	50	14	11	28	9	17	25	37	29	22	21	16	10	5	15	22	28	34	227	25	26	6	37	32	15	23	6	11	12	25	10	2	10	16	0	9	17	9	0	7	28	0	0	8	3	15	8	13	6	34	18	17	176	20	55	20	4	20	33	82	4	5	17	9
hsa-miR-4761-3p	0	0	0	0	2	1	0	4	0	0	0	0	8	7	11	5	7	11	6	7	7	10	10	5	23	7	4	7	4	3	12	5	9	1	4	3	4	3	8	5	10	11	14	7	6	2	7	12	6	10	3	3	3	4	11	1	0	0	0	1	0	0	0	0	0	0	0	0	2	8	2	4	3	8	11	2	10	5	10	1	1	7	3	17	0	0	0	0
hsa-miR-4763-3p	0	0	0	0	0	0	0	0	0	6	3	10	16	9	8	9	17	7	9	16	12	7	3	5	26	5	5	8	5	2	12	4	8	19	4	5	4	6	10	9	13	18	13	7	2	9	9	13	4	8	4	7	5	6	10	12	0	0	0	3	0	0	0	0	0	13	0	0	0	0	0	5	6	10	6	9	19	5	14	11	2	5	11	30	0	0	0	0
hsa-miR-4763-5p	18	8	14	9	21	8	7	6	9	10	27	8	34	18	17	14	12	23	13	31	6	9	11	7	34	7	10	11	9	15	15	14	15	27	10	10	2	9	18	10	29	15	18	23	9	5	12	23	33	31	22	11	7	8	15	4	9	3	1	3	25	4	1	1	377	10	1	5	2	8	4	13	7	6	9	9	6	14	20	26	5	27	24	51	8	11	8	2
hsa-miR-4764-3p	19	6	13	6	9	2	0	3	6	4	12	3	22	43	40	23	35	48	30	33	7	11	17	12	41	22	21	14	20	19	22	13	15	21	8	4	10	12	36	21	29	23	47	19	18	8	20	41	41	37	21	25	5	2	16	7	0	0	1	2	0	0	0	0	16	0	0	0	7	7	6	8	12	20	16	18	8	20	9	18	0	22	22	28	1	3	4	1
hsa-miR-4764-5p	17	3	9	8	15	3	4	4	3	0	9	4	11	12	7	2	13	11	3	7	5	8	10	9	25	0	0	0	4	6	11	12	4	9	1	4	4	3	6	6	13	13	3	8	2	4	5	15	10	12	2	3	3	5	9	5	0	0	0	1	0	0	0	0	10	0	0	0	1	9	3	8	0	15	2	10	8	11	17	8	1	4	10	20	0	0	0	0
hsa-miR-4765	5	2	3	4	10	4	4	4	10	8	13	7	11	15	11	4	8	9	5	9	5	8	8	6	34	7	3	11	6	3	13	7	7	11	1	3	0	2	7	5	11	6	9	7	3	0	8	8	15	6	4	6	0	0	0	0	9	12	5	5	12	2	1	1	12	0	0	0	3	6	5	4	5	6	5	10	10	6	10	9	2	5	3	21	0	0	0	0
hsa-miR-4766-3p	12	6	6	10	5	3	13	5	13	8	6	10	9	21	12	5	9	6	3	9	4	7	4	42	26	7	17	4	13	6	17	8	3	19	11	11	2	13	6	6	11	6	15	13	3	5	6	21	11	9	3	9	6	8	13	5	6	6	0	8	11	4	0	0	10	0	0	3	8	8	13	20	4	11	8	5	5	13	14	23	2	9	13	37	8	6	7	3
hsa-miR-4767	16	18	14	10	23	6	5	6	5	11	15	1	15	27	37	16	30	36	30	24	10	16	21	12	74	23	14	20	15	11	28	27	23	32	14	16	12	12	38	39	37	77	72	20	22	6	49	46	35	26	26	23	7	8	58	8	8	7	1	6	8	1	1	0	76	18	0	0	4	14	4	15	22	40	27	24	39	14	62	24	1	28	32	57	4	4	6	6
hsa-miR-4768-3p	5	8	8	4	10	1	7	1	0	0	0	0	4	6	10	3	7	13	15	11	5	8	6	5	29	5	2	8	6	7	5	9	2	7	0	5	0	3	3	6	18	8	8	16	7	1	3	9	5	10	5	3	4	11	12	1	2	0	0	0	0	0	0	0	0	10	2	0	0	0	0	5	1	11	3	12	8	7	15	5	2	8	5	17	0	0	0	0
hsa-miR-4769-5p	6	3	5	7	0	0	0	0	0	0	0	0	0	5	5	4	0	4	2	0	2	5	10	10	21	4	4	4	2	4	5	11	2	4	2	3	1	2	1	5	0	0	0	0	0	0	4	0	6	12	0	0	8	5	5	2	0	0	0	0	0	0	0	0	0	0	0	0	0	0	0	2	2	11	5	7	11	1	9	6	0	8	7	18	0	0	0	0
hsa-miR-4771	9	4	11	3	5	2	4	4	3	1	9	9	11	13	8	4	13	12	11	15	4	9	6	10	33	3	0	16	7	8	12	17	4	12	3	1	7	6	4	41	14	68	9	17	9	0	12	18	12	18	1	3	6	9	5	5	2	5	2	3	12	5	0	0	10	17	5	1	2	9	2	1	4	17	7	9	8	6	40	5	5	8	7	22	8	5	9	2
hsa-miR-4772-3p	28	29	14	20	8	1	25	4	90	12	47	5	15	26	12	12	15	33	9	11	4	32	16	13	41	11	7	14	9	10	8	25	12	12	12	5	6	3	5	10	19	14	12	15	13	6	16	32	15	13	5	9	11	15	54	10	15	12	3	3	17	3	0	1	15	0	0	6	27	17	45	18	5	16	6	15	15	15	23	33	1	23	19	49	5	7	7	7
hsa-miR-4772-5p	4	3	2	2	6	1	8	5	8	4	5	4	6	15	6	4	51	0	26	65	12	8	2	5	50	3	0	1	4	3	7	3	5	15	14	0	1	2	0	3	63	6	3	2	4	0	3	4	0	0	1	2	0	0	0	0	0	3	0	7	4	18	0	0	0	0	0	18	10	3	0	7	1	3	3	3	10	5	31	2	1	3	4	16	1	1	13	3
hsa-miR-4773	10	2	4	5	8	3	5	2	7	5	1	5	5	9	13	7	3	15	8	22	5	5	14	6	28	0	0	0	5	5	4	17	2	8	6	5	3	4	4	7	13	1	8	4	10	1	2	23	13	12	8	2	0	0	0	0	1	2	1	0	18	3	0	3	10	0	0	9	7	1	0	3	5	8	5	3	4	4	7	8	2	5	4	20	0	0	0	0
hsa-miR-4775	20	22	6	10	3	19	9	6	25	4	21	27	29	21	9	7	10	15	14	9	7	13	17	13	28	6	7	9	6	6	16	21	8	13	8	5	2	6	8	8	15	15	10	17	9	2	10	20	22	8	6	5	19	9	33	12	5	3	2	2	10	2	0	4	0	13	1	2	13	9	21	6	6	21	5	8	8	4	20	9	4	20	9	22	12	8	9	7
hsa-miR-4778-3p	42	19	29	16	19	11	3	5	15	17	13	21	81	122	163	60	190	128	131	95	7	26	22	44	508	248	287	158	53	29	48	63	109	182	131	43	56	96	227	62	77	93	158	46	31	33	66	171	79	64	35	25	24	11	21	16	0	2	0	4	20	1	1	1	0	0	0	0	34	26	10	18	228	205	286	105	55	112	477	143	6	101	108	146	9	3	12	2
hsa-miR-4778-5p	6	8	11	10	15	4	6	4	19	16	63	6	15	11	17	11	15	18	25	9	15	21	10	11	43	11	7	5	13	12	19	18	12	15	4	16	4	3	8	4	11	20	12	14	6	8	20	30	22	17	4	3	18	6	13	8	12	3	3	3	17	0	0	2	12	0	0	1	7	15	9	7	6	16	8	4	11	6	21	13	1	13	15	32	10	5	13	6
hsa-miR-4779	0	0	0	0	3	2	0	4	0	0	0	0	8	7	12	4	6	11	8	11	0	0	0	0	13	0	0	0	0	0	0	0	10	9	2	4	1	5	1	2	5	5	10	5	5	0	4	9	8	15	3	2	0	0	0	0	2	1	0	0	17	4	0	0	0	0	0	0	0	0	0	0	3	6	2	2	5	5	20	0	1	2	1	12	0	0	0	0
hsa-miR-4780	30	16	18	17	2	4	9	1	19	27	39	6	11	10	13	9	19	34	25	15	6	51	19	12	64	16	11	21	7	7	16	17	12	18	10	20	9	9	9	9	20	23	11	19	10	2	82	25	17	20	8	3	29	28	15	6	13	5	0	5	28	5	18	1	0	0	0	10	4	11	15	8	11	23	10	2	13	26	51	28	2	37	23	45	6	8	15	5
hsa-miR-4781-3p	17	3	12	10	26	5	15	6	15	2	14	4	17	30	30	15	16	31	13	27	10	20	19	20	43	8	6	9	8	13	14	19	20	10	10	13	4	11	16	6	40	24	13	24	16	5	6	34	28	25	19	12	12	13	17	9	8	5	4	3	16	5	1	3	28	0	0	9	5	5	7	15	10	21	20	10	8	14	39	8	6	23	14	25	3	8	5	5
hsa-miR-4781-5p	21	10	15	16	16	2	9	9	39	14	78	15	18	32	19	12	26	30	20	16	20	39	11	11	50	12	15	14	10	4	60	28	14	20	10	17	7	9	7	14	32	17	16	24	12	1	19	34	13	22	11	9	33	7	21	6	31	2	5	8	29	4	0	8	33	20	3	11	4	6	11	13	10	18	10	6	14	14	28	22	5	17	23	44	11	8	11	1
hsa-miR-4782-5p	21	22	28	23	25	13	12	13	73	1	69	30	0	0	0	0	0	3	0	0	22	42	26	25	49	10	5	16	0	0	0	0	0	0	0	0	0	0	0	0	0	0	0	0	0	0	0	0	0	3	0	0	28	16	28	7	12	6	4	14	23	8	1	8	23	20	9	16	12	90	7	9	3	33	8	16	18	22	37	22	2	26	28	56	8	23	34	2
hsa-miR-4783-3p	28	10	11	7	11	4	5	5	7	5	11	9	46	55	57	22	30	35	36	38	9	9	11	11	57	9	7	18	12	21	43	35	18	33	17	20	3	6	12	19	55	31	19	58	13	4	28	41	22	50	9	7	8	6	58	0	12	3	3	6	10	4	0	0	12	0	0	0	0	7	3	5	9	19	5	15	11	12	22	5	1	11	9	20	6	12	6	4
hsa-miR-4783-5p	8	1	5	2	7	3	4	4	3	4	5	6	22	35	29	10	21	19	15	13	0	0	0	0	53	12	7	15	4	15	6	6	16	17	13	18	2	10	26	13	9	16	18	12	5	4	12	9	18	18	13	7	10	3	14	7	0	0	0	6	0	0	0	0	0	0	0	0	11	5	1	0	10	24	14	7	18	10	16	14	4	13	11	30	2	4	3	0
hsa-miR-4784	105	200	29	200	49	11	48	24	18	18	70	58	59	265	100	44	46	33	42	32	24	244	80	369	128	116	629	63	26	35	42	54	43	85	294	30	21	33	80	18	39	39	52	39	38	12	30	110	47	91	46	18	47	72	258	29	53	86	10	51	42	13	0	5	153	38	22	11	25	32	198	66	31	94	228	48	59	233	246	77	60	177	73	178	228	24	41	6
hsa-miR-4785	44	49	41	20	70	15	6	15	30	11	20	23	41	91	66	39	61	68	51	61	8	30	27	26	107	44	47	58	33	36	41	43	48	61	53	33	22	36	37	70	86	96	49	74	38	19	91	96	73	76	39	34	25	27	46	15	18	20	4	8	27	7	2	9	69	22	7	17	22	23	21	36	38	44	47	36	44	62	108	57	18	56	41	78	13	12	33	8
hsa-miR-4786-3p	12	4	8	7	4	3	3	6	3	2	5	4	15	13	34	8	23	13	14	16	5	6	11	7	22	10	5	7	16	11	16	13	7	18	8	6	2	4	19	15	12	22	18	20	9	2	18	20	18	16	7	13	2	15	16	0	2	0	1	3	0	0	0	0	0	0	0	6	5	23	5	10	3	9	10	9	27	2	36	12	3	13	14	16	2	15	4	1
hsa-miR-4786-5p	28	27	26	17	5	1	1	6	6	8	7	9	35	62	96	36	64	73	46	70	21	19	25	12	59	29	21	32	21	15	23	17	19	33	24	19	13	17	54	44	50	46	62	24	18	17	23	72	44	57	30	46	15	10	27	4	2	0	1	0	0	0	0	0	10	0	0	7	21	17	9	19	21	63	31	26	28	24	44	20	2	13	16	27	4	3	2	5
hsa-miR-4787-3p	23	21	27	18	19	7	6	11	12	6	18	17	27	31	41	9	36	25	16	28	12	17	19	15	76	15	15	30	14	15	14	21	30	30	15	16	3	12	20	18	43	38	28	29	16	9	28	36	27	25	15	10	10	10	21	21	12	8	3	5	19	4	7	6	19	0	0	5	1	13	9	16	11	36	15	20	30	30	40	19	6	23	29	43	6	14	14	4
hsa-miR-4787-5p	97	70	157	53	41	17	9	5	23	28	28	18	306	369	680	238	446	570	254	405	161	101	125	79	227	115	28	73	443	98	151	131	245	340	75	141	109	168	432	303	313	410	478	306	170	395	274	326	218	233	122	86	52	26	48	60	12	26	4	7	18	4	0	8	23	17	4	5	43	142	5	123	201	103	73	108	130	43	98	358	6	234	231	235	7	12	19	11
hsa-miR-4788	5	7	3	4	10	1	0	1	13	0	11	8	14	8	10	7	20	12	11	12	4	2	9	21	30	7	8	8	2	3	17	12	6	9	4	3	2	6	11	2	12	18	12	13	4	2	9	19	14	9	3	6	12	13	14	1	0	2	0	0	10	1	1	0	10	12	3	2	0	0	0	4	2	17	9	6	5	13	19	3	0	0	0	0	4	0	6	5
hsa-miR-4789-3p	7	5	7	7	9	1	0	4	22	3	39	4	8	12	5	4	11	23	20	7	7	7	12	3	12	0	0	0	2	5	2	10	7	11	4	4	3	0	3	4	26	4	1	25	3	0	16	21	5	7	4	0	13	9	2	2	8	3	0	1	18	2	1	2	0	0	0	9	1	10	6	2	2	10	3	2	5	4	15	19	0	22	8	32	9	1	6	7
hsa-miR-4790-3p	12	6	5	3	5	4	2	7	0	0	0	0	13	9	14	5	12	12	14	5	0	0	0	0	12	5	1	7	3	1	7	8	6	7	2	7	4	1	5	5	18	27	8	15	4	0	15	10	11	11	5	5	5	1	10	5	0	3	0	0	10	5	0	0	12	0	0	5	0	0	0	0	6	12	10	1	5	3	61	4	2	3	8	11	0	0	0	0
hsa-miR-4790-5p	0	0	0	0	2	2	1	6	0	0	0	0	2	7	3	3	4	3	9	13	0	0	0	0	7	0	0	0	0	1	7	6	9	2	1	3	0	0	1	36	7	24	5	2	2	0	34	5	2	3	0	0	0	0	0	0	0	12	0	0	3	1	0	0	0	12	0	0	0	0	0	0	0	0	1	0	3	2	16	0	0	0	0	0	0	0	0	0
hsa-miR-4792	15	13	4	10	20	7	3	5	11	10	13	5	16	15	26	15	30	28	20	36	4	36	11	12	59	19	9	16	12	12	19	16	15	17	12	8	5	11	19	15	28	19	36	42	24	5	17	24	26	26	20	13	6	5	22	8	12	9	2	8	21	3	0	0	13	10	0	4	4	11	11	9	12	35	10	11	14	20	31	36	3	34	26	81	4	6	9	9
hsa-miR-4793-3p	17	4	10	8	9	5	5	1	7	7	8	7	10	25	20	11	23	22	22	22	2	11	5	6	40	20	14	8	21	6	16	28	9	19	12	6	5	4	25	10	43	26	18	21	17	11	9	32	33	25	12	14	9	7	26	7	0	0	2	3	0	0	0	0	12	23	9	0	1	10	1	16	5	16	11	17	14	7	24	15	3	29	25	37	4	2	2	6
hsa-miR-4793-5p	24	12	15	25	24	3	15	5	21	11	29	7	31	17	18	20	20	23	33	15	8	114	14	13	67	13	6	20	8	6	19	30	23	27	11	12	2	11	9	7	20	20	30	24	17	2	26	33	17	19	12	5	20	8	29	11	27	10	4	8	12	1	0	4	0	14	2	8	2	11	9	17	5	29	10	11	19	17	40	32	1	29	25	45	4	7	6	5
hsa-miR-4795-3p	4	6	3	7	8	10	11	6	21	5	23	2	6	10	11	10	6	19	10	6	18	11	9	8	14	6	3	8	10	5	4	13	0	15	3	5	4	1	3	6	9	9	8	11	3	0	11	14	7	7	4	7	15	1	8	10	6	2	1	2	7	4	2	7	0	0	0	2	4	3	7	4	2	4	3	6	5	3	13	16	2	15	16	17	1	5	4	4
hsa-miR-4796-3p	11	10	2	13	11	10	1	6	11	1	13	13	6	16	23	13	19	19	22	20	12	16	8	13	28	10	5	11	5	8	11	17	14	11	12	12	2	3	10	3	12	19	11	21	10	0	5	23	7	9	3	7	6	10	5	3	6	8	2	5	28	1	0	0	11	12	6	0	6	10	7	9	4	20	3	5	8	17	29	4	4	5	14	31	11	9	4	1
hsa-miR-4796-5p	8	4	3	4	13	5	0	9	5	2	5	8	4	8	15	6	7	8	10	6	0	0	0	0	7	0	0	0	9	4	8	5	4	3	4	6	1	1	3	0	14	7	10	16	2	0	6	5	4	8	5	3	0	0	0	0	5	0	0	0	0	0	0	1	15	24	0	0	0	0	0	0	2	3	1	3	4	9	21	3	1	5	2	12	0	0	0	0
hsa-miR-4798-3p	16	8	9	6	5	5	0	2	11	4	3	9	10	9	14	6	5	17	11	17	6	16	1	8	31	8	4	14	3	6	10	11	13	9	2	8	4	5	7	7	12	9	18	12	10	1	5	20	28	14	8	14	4	4	5	4	6	10	1	2	13	5	0	0	239	0	0	4	0	0	0	6	2	6	7	11	5	5	33	9	2	4	10	22	0	0	0	0
hsa-miR-4798-5p	12	6	10	4	16	3	3	3	10	2	16	15	14	7	6	5	17	12	19	20	15	10	20	7	37	0	8	9	7	2	8	17	12	13	6	3	0	3	10	9	10	15	10	9	4	4	3	14	23	14	8	3	12	5	6	4	3	1	0	1	11	3	0	0	44	14	1	4	4	6	5	6	0	8	4	4	8	6	24	7	0	7	6	15	2	5	2	6
hsa-miR-4799-5p	25	8	2	5	0	0	0	0	0	0	0	0	9	19	9	6	10	10	6	8	2	17	3	27	9	12	22	7	2	5	2	1	12	5	13	2	2	6	6	13	6	12	7	6	6	0	3	22	7	10	7	10	1	10	50	0	0	0	1	0	0	0	0	0	0	0	0	0	1	1	15	4	2	16	7	3	8	15	25	4	2	5	7	11	10	1	2	5
hsa-miR-4800-3p	16	17	1	4	11	3	11	11	12	10	14	13	20	16	10	6	16	20	13	18	7	17	15	11	18	6	7	14	10	9	18	22	9	27	12	20	7	9	12	8	20	22	17	21	11	3	15	21	14	24	16	13	6	11	11	3	8	0	4	5	0	0	1	3	0	0	0	6	4	3	4	8	9	9	4	8	25	8	20	15	2	19	19	29	5	14	12	2
hsa-miR-4800-5p	18	12	17	12	25	13	0	5	14	11	23	12	25	46	61	20	29	40	21	45	16	28	21	11	74	17	6	19	32	12	17	37	31	29	16	19	15	16	37	20	21	32	29	28	19	19	10	36	73	46	37	46	12	13	20	18	9	6	1	11	22	7	0	8	13	0	0	0	15	20	10	8	20	20	16	21	16	17	23	40	3	40	33	60	3	7	7	14
hsa-miR-4801	16	3	5	7	14	3	0	0	8	4	5	12	6	6	6	4	9	5	0	12	3	11	44	3	19	0	0	0	10	8	8	13	6	4	4	1	3	6	0	7	11	2	7	16	3	2	0	13	4	5	9	10	7	11	4	1	0	0	1	2	0	0	0	1	0	0	0	0	2	4	4	1	3	10	5	7	12	6	22	7	0	3	4	13	2	1	5	1
hsa-miR-4802-3p	14	6	9	6	9	7	3	6	20	17	14	11	5	9	10	6	11	14	12	13	10	17	6	12	36	10	7	9	8	8	6	14	8	23	9	3	2	5	7	15	22	12	20	13	6	7	11	19	4	11	1	2	10	8	10	6	7	4	2	0	10	5	0	0	12	6	10	0	3	8	7	10	6	15	5	8	15	8	15	18	1	32	11	33	4	3	2	11
hsa-miR-4802-5p	10	2	2	3	0	0	0	0	0	0	0	0	0	3	13	3	0	5	0	0	0	0	0	0	16	0	0	0	0	3	3	6	0	0	0	0	1	0	1	1	0	0	0	0	0	0	0	0	7	9	2	0	3	2	26	0	0	0	0	1	0	0	0	0	0	0	0	0	0	0	0	0	0	0	0	0	0	0	0	0	1	2	0	52	0	0	0	0
hsa-miR-4803	21	25	10	15	23	2	6	1	11	0	10	9	23	33	18	8	22	24	30	22	9	20	11	47	46	12	9	31	5	4	19	22	9	27	7	7	4	7	4	17	32	31	29	16	13	0	26	18	8	21	5	9	8	10	11	4	4	4	1	3	22	3	0	2	0	11	2	7	14	26	17	15	13	45	20	5	22	24	106	6	6	12	13	37	5	5	21	1
hsa-miR-4804-3p	8	19	7	16	16	8	1	1	15	0	18	28	17	36	21	10	13	44	17	9	24	33	11	5	41	6	9	16	12	7	16	11	11	18	11	11	2	2	9	18	19	24	19	29	10	0	33	24	21	35	14	8	14	14	22	1	0	12	1	7	18	9	0	3	24	13	5	0	9	9	3	11	7	19	13	10	14	21	34	7	10	9	6	27	7	10	13	5
hsa-miR-4804-5p	64	7	5	7	13	7	6	0	3	2	13	9	17	14	17	7	11	17	10	23	9	18	16	11	32	8	3	6	3	3	25	21	12	9	8	2	2	5	3	4	11	6	12	19	7	0	4	22	11	12	3	11	12	8	173	12	0	0	1	6	0	0	0	0	12	0	0	5	4	9	3	3	5	16	7	3	13	10	17	5	8	8	5	20	4	8	11	12
hsa-miR-483-3p	71	12	25	52	89	22	22	19	12	68	88	48	35	56	58	32	116	49	44	39	24	28	40	61	114	19	18	27	42	55	87	81	47	45	22	24	5	22	20	26	60	30	44	35	14	3	23	73	26	43	23	30	17	12	26	13	29	37	7	22	32	5	2	20	64	45	10	37	4	19	6	17	22	106	58	51	38	46	93	62	30	163	78	140	31	27	30	12
hsa-miR-483-5p	149	72	167	184	144	63	63	38	37	43	276	139	71	210	157	137	227	123	139	97	55	76	67	190	249	41	14	115	91	129	91	137	143	95	79	48	37	92	83	66	68	55	54	56	31	6	18	325	107	222	70	53	32	49	67	39	196	170	43	145	47	42	2	23	245	144	118	75	27	69	16	41	156	244	182	205	64	92	90	68	62	253	145	286	71	51	99	25
hsa-miR-484	1037	1222	294	812	729	232	670	860	438	190	312	432	428	1677	454	458	764	1390	717	451	170	611	742	1187	1444	2355	9419	1462	564	3144	1003	6359	2258	923	3223	473	1083	884	1022	615	307	339	274	146	251	39	223	2604	485	1289	229	325	857	1036	1981	508	931	613	107	923	424	53	5	69	781	461	246	467	786	171	719	452	284	1250	3819	789	688	4926	8899	1129	1142	1770	988	1864	760	233	225	166
hsa-miR-485-3p	1741	736	256	1941	50	23	74	14	119	37	192	148	74	522	133	96	84	40	116	53	10	44	68	263	312	590	1909	167	31	62	33	19	416	115	842	42	117	196	407	23	42	27	53	27	47	7	28	517	282	587	134	119	598	682	440	11	761	537	39	128	42	34	1	0	1622	699	538	37	37	4	55	16	29	137	1527	72	188	1309	2584	115	285	349	153	351	1657	27	216	9
hsa-miR-485-5p	170	258	63	312	21	9	35	10	59	4	47	32	34	144	71	33	36	24	44	36	4	11	9	48	123	133	222	72	5	20	17	20	166	46	244	20	50	98	123	13	23	26	31	10	32	0	11	188	325	775	131	170	116	147	151	3	192	135	16	40	9	14	1	1	293	83	136	13	11	0	19	8	11	53	318	27	40	360	388	29	79	112	33	118	331	9	61	8
hsa-miR-486-3p	7113	2449	4723	2358	18325	6141	10150	17074	3821	2292	3441	3088	1310	5227	2100	886	2713	5953	1777	1990	2017	2896	6114	3494	4384	2666	1771	3336	3712	12021	4030	20910	3564	4132	3093	2873	7407	2905	1842	2699	2003	2213	937	717	1161	264	1063	3816	4709	3590	6738	6355	3354	3347	10817	8197	1404	1731	405	5205	2228	1075	41	2294	11051	10917	2116	2876	7018	1648	1230	4181	961	2600	3640	3100	2902	3969	6251	2692	3489	11276	4834	7014	1549	3027	2084	2592
hsa-miR-486-5p	27665	25040	21128	22306	83131	23736	62092	90822	41065	6331	22234	30937	27286	98228	29360	15541	42431	115770	30993	32143	8956	36162	40948	42360	60343	28149	28447	59460	20526	114675	38729	202200	32632	36951	33647	19247	84403	39877	18783	36752	32455	40864	21098	16589	17782	1557	14510	74433	35777	59632	51927	67220	28875	34411	127230	34664	32261	23979	7173	113683	40530	8704	1313	13795	54891	48277	19337	51306	77164	9927	19863	18749	15581	47793	44073	34507	30180	64596	90000	30390	37479	78830	32746	60855	20983	23568	18647	10802
hsa-miR-487a-3p	16	29	4	16	2	0	4	1	11	9	3	4	3	5	6	3	3	4	9	6	0	0	0	0	18	12	67	2	6	2	3	4	7	4	23	2	1	6	3	4	6	2	0	3	2	0	1	14	7	11	0	1	7	18	16	3	0	0	2	0	0	0	0	0	17	0	0	0	0	0	0	0	0	0	12	0	10	23	36	3	1	1	3	10	0	0	0	0
hsa-miR-487a-5p	25	23	4	16	6	1	3	2	11	0	7	5	7	18	18	7	12	17	8	13	6	7	10	9	39	12	45	8	4	7	14	10	11	11	13	2	4	3	6	9	20	6	6	19	8	1	4	15	10	26	10	5	9	12	11	2	15	0	0	0	0	0	0	0	0	0	0	5	4	6	2	4	2	9	32	7	11	27	67	2	3	11	1	9	13	6	1	3
hsa-miR-487b-3p	325	325	28	781	5	2	48	1	355	18	29	46	14	165	44	67	11	12	26	18	4	26	24	145	92	833	2990	74	2	14	9	3	347	38	1057	15	53	150	230	6	6	8	7	9	18	16	6	243	106	385	11	24	294	644	273	8	258	253	14	32	5	5	0	1	526	73	223	0	19	3	27	5	6	61	710	16	60	1046	1243	23	176	97	24	83	839	5	18	7
hsa-miR-487b-5p	36	22	14	26	14	4	8	7	12	17	16	7	72	83	149	52	85	109	58	107	21	21	34	25	47	38	52	32	43	28	26	33	40	55	46	29	37	30	93	62	144	64	80	48	64	45	48	86	167	167	157	193	31	43	44	8	23	12	2	6	4	2	0	2	28	13	8	0	15	19	10	14	23	37	61	22	29	59	52	42	6	48	44	62	37	2	5	2
hsa-miR-488-3p	10	9	17	13	7	2	2	4	12	3	9	21	8	18	7	3	14	19	10	8	6	11	13	8	26	8	3	6	1	5	8	10	6	8	6	5	2	3	6	5	14	9	17	18	2	1	13	17	11	11	5	4	2	4	14	11	4	2	2	0	10	1	0	0	29	0	0	3	1	4	4	15	7	8	11	16	4	5	28	8	5	11	6	21	4	7	9	3
hsa-miR-488-5p	19	3	2	9	8	3	6	4	8	19	13	19	16	26	17	2	19	30	15	24	11	11	22	10	44	12	7	15	19	5	19	26	15	16	11	8	12	11	32	7	16	26	11	28	9	10	7	24	23	21	11	13	10	5	8	2	5	2	0	6	19	4	0	0	0	0	0	12	3	9	5	12	9	15	15	12	18	5	39	12	3	15	9	31	5	9	7	15
hsa-miR-489-5p	13	5	5	3	3	5	3	1	0	0	0	0	0	6	4	1	0	0	0	0	12	2	6	7	21	9	9	6	8	14	16	16	27	21	12	14	3	0	2	0	0	0	0	0	0	0	1	0	0	0	0	0	12	3	11	1	3	0	0	0	0	0	0	11	0	17	1	1	4	6	2	14	8	16	10	10	16	12	16	13	2	10	12	17	0	3	4	1
hsa-miR-490-3p	22	7	8	19	16	7	2	7	10	5	24	5	17	28	37	14	23	47	14	67	10	4	9	10	40	12	7	5	12	2	15	6	12	13	19	7	5	18	34	29	31	20	23	10	28	7	21	27	37	49	19	16	13	11	13	3	8	12	2	8	9	4	0	5	13	0	0	2	2	14	16	1	12	6	19	7	15	12	41	6	5	14	14	19	11	4	5	1
hsa-miR-490-5p	30	5	6	6	2	1	4	6	3	3	2	2	6	11	3	8	8	11	9	9	5	5	13	3	35	4	3	10	5	7	7	7	5	8	2	2	3	3	6	3	7	8	10	7	3	2	2	10	5	10	2	0	7	17	110	2	0	3	0	0	10	1	0	0	0	0	0	0	0	0	0	13	6	6	13	7	4	10	38	8	1	6	8	9	9	1	1	0
hsa-miR-491-3p	14	6	5	8	4	7	1	2	10	2	8	9	12	11	14	4	10	9	8	10	6	9	9	16	19	8	13	8	8	3	4	15	4	8	10	4	0	6	3	6	12	21	8	12	10	0	5	10	19	13	2	5	6	4	10	4	0	2	1	3	12	1	0	0	0	10	0	0	4	5	6	5	1	9	5	1	8	6	15	7	0	9	7	17	0	0	0	0
hsa-miR-491-5p	159	214	76	206	19	10	36	11	111	0	45	28	49	194	58	42	30	16	32	31	36	52	40	75	101	126	337	89	23	27	36	29	105	43	379	26	37	60	86	11	36	18	33	20	8	7	11	133	69	104	22	22	93	100	143	16	110	130	9	28	17	5	1	3	92	33	42	6	93	33	309	42	19	63	269	16	48	391	495	25	97	86	43	135	171	6	26	8
hsa-miR-492	20	26	39	14	10	2	2	1	6	3	4	5	46	59	92	22	60	61	48	60	10	23	27	15	96	54	35	40	55	29	28	37	62	71	50	24	32	42	115	46	45	41	163	31	31	17	22	77	57	55	34	40	16	10	15	5	0	0	1	2	0	0	0	0	0	0	0	0	18	18	11	20	38	29	85	35	40	36	60	49	0	38	27	42	1	1	2	0
hsa-miR-493-3p	121	129	17	162	6	0	30	0	177	0	53	53	14	120	25	30	19	5	9	10	5	22	15	81	98	178	768	51	7	9	7	16	166	39	473	14	24	53	82	5	5	3	3	4	7	1	5	104	111	390	12	23	246	397	318	5	215	201	15	33	3	5	0	2	367	53	131	0	3	0	15	1	4	52	424	12	42	479	596	19	72	69	20	64	553	6	53	6
hsa-miR-493-5p	125	173	13	241	8	14	24	6	112	2	17	28	15	111	36	40	16	8	20	12	7	21	28	109	58	128	987	30	5	18	8	10	192	35	488	7	42	12	69	5	13	3	8	6	12	7	6	135	67	384	7	15	242	403	254	11	136	64	5	27	7	1	1	0	193	26	28	0	4	2	39	4	5	48	346	5	34	453	523	13	75	70	16	52	447	8	24	5
hsa-miR-494-3p	225	279	36	243	14	13	31	4	392	1	121	42	18	112	48	30	20	26	29	19	12	24	17	189	111	214	1416	51	2	12	14	21	162	43	266	20	27	38	71	12	35	26	17	23	17	1	34	131	95	200	17	18	170	278	175	9	138	65	4	19	24	1	0	2	157	43	44	3	14	14	45	4	8	34	457	16	45	512	872	23	47	63	24	95	332	8	34	8
hsa-miR-495-3p	62	90	4	62	12	1	10	6	50	11	4	10	10	50	37	23	42	9	12	15	12	3	11	22	34	73	448	13	2	13	2	17	44	23	67	4	15	5	39	10	10	23	13	4	13	7	7	40	31	45	11	14	41	48	42	1	13	5	1	0	12	5	0	0	64	14	12	0	10	6	8	2	2	15	102	4	11	140	265	10	12	33	6	27	71	6	3	0
hsa-miR-496	40	55	5	25	9	1	4	2	48	4	7	4	3	8	4	3	11	1	3	4	0	0	0	0	24	18	168	5	0	6	7	8	10	12	14	4	2	4	4	4	1	9	4	8	3	0	2	15	14	10	0	8	12	33	16	2	11	0	2	0	0	0	0	0	20	0	0	0	0	5	3	0	3	9	44	6	6	39	88	6	2	18	6	22	12	2	4	2
hsa-miR-497-3p	25	10	5	7	8	3	0	11	7	6	6	94	24	25	58	15	41	43	21	38	7	11	12	21	44	3	6	11	5	4	13	41	16	13	7	6	8	8	19	14	26	23	44	31	20	0	9	33	38	45	22	35	11	8	35	6	0	0	3	3	0	0	0	0	0	0	0	0	8	5	12	0	8	12	12	9	11	10	37	8	4	5	3	15	6	2	0	4
hsa-miR-497-5p	75	52	9	40	9	3	23	3	68	1	10	16	10	40	11	16	4	11	2	8	8	19	29	36	610	72	136	29	3	12	15	19	55	35	140	4	7	9	12	3	5	7	6	8	6	2	4	18	15	14	2	1	55	97	57	10	11	0	0	0	0	0	0	1	34	10	9	0	85	10	185	30	15	127	65	74	108	58	77	14	35	43	35	42	79	6	3	5
hsa-miR-498	19	9	3	5	7	1	1	2	10	1	13	3	7	16	11	6	10	3	13	17	9	11	7	23	21	7	5	4	9	5	9	8	8	17	5	4	3	7	20	10	16	13	11	10	7	4	12	16	14	5	8	6	6	12	9	2	0	0	3	0	0	0	0	0	12	0	0	0	1	11	5	7	5	15	8	9	11	8	21	13	2	20	10	32	0	0	0	0
hsa-miR-4999-3p	30	31	29	58	37	15	8	57	35	8	67	26	63	61	101	39	62	80	103	60	26	65	21	29	64	24	13	44	17	24	65	74	36	44	32	29	8	10	19	112	140	239	36	123	44	5	213	76	31	52	9	10	23	26	34	17	32	32	7	19	97	30	5	7	97	186	18	27	6	41	5	24	16	29	28	30	53	53	282	32	15	42	60	105	21	34	100	8
hsa-miR-5000-3p	7	3	1	1	3	1	9	8	0	0	0	0	13	4	11	1	11	6	5	10	0	0	0	0	12	3	3	4	0	0	0	0	0	0	0	0	2	5	1	4	10	5	0	9	5	1	1	12	7	3	11	2	4	5	17	5	0	0	0	0	0	0	0	0	0	0	0	0	7	2	3	0	2	5	5	3	4	5	17	6	1	5	5	23	0	1	3	3
hsa-miR-5000-5p	7	10	14	11	18	2	8	3	11	9	3	3	13	15	11	8	14	15	13	17	20	11	15	12	44	11	3	14	6	7	23	20	11	10	7	6	2	4	3	9	14	21	10	17	13	4	11	21	14	11	7	15	10	4	11	7	1	6	0	0	13	0	1	2	15	0	0	7	7	10	3	7	7	12	7	13	10	9	70	8	1	16	6	17	1	6	6	1
hsa-miR-5001-3p	69	28	17	42	10	6	4	1	20	6	13	12	39	70	52	26	71	65	49	56	9	25	30	29	47	31	28	14	19	22	17	37	48	35	49	17	36	27	61	28	43	61	58	35	34	21	33	71	44	35	24	31	19	13	31	4	6	15	1	5	12	2	0	4	0	0	0	0	24	17	33	19	33	28	35	19	20	26	45	13	9	24	13	32	15	3	4	1
hsa-miR-5001-5p	41	43	87	39	63	24	24	24	41	25	158	30	77	76	71	40	85	84	65	66	35	93	31	36	134	47	22	66	35	15	52	87	54	73	20	52	17	30	48	45	106	104	55	107	54	10	90	83	84	89	64	25	59	59	52	21	77	20	16	30	71	27	5	20	463	46	17	28	19	24	12	27	38	72	20	39	46	50	94	114	8	110	92	169	18	18	40	15
hsa-miR-5002-3p	18	7	3	6	9	2	2	6	10	13	10	3	10	18	20	8	15	17	15	9	4	10	10	9	18	7	4	9	17	3	8	9	8	16	12	14	3	6	12	4	7	8	12	12	9	0	1	16	18	11	7	12	6	4	6	1	0	0	0	0	0	0	0	10	0	0	0	0	1	5	2	12	6	11	11	6	9	13	16	7	1	11	6	25	2	7	1	7
hsa-miR-5003-3p	17	20	6	19	28	4	8	4	12	18	19	25	17	27	23	17	30	16	18	27	15	17	17	65	59	22	43	21	40	12	25	24	26	28	17	18	11	21	28	14	36	23	11	32	17	3	30	38	22	26	11	6	16	20	24	12	10	9	1	15	27	4	0	2	43	23	1	9	12	22	9	15	16	22	49	31	14	30	73	24	19	57	34	67	11	4	9	14
hsa-miR-5003-5p	17	8	2	6	6	6	4	9	14	5	29	13	17	27	14	4	21	25	19	19	12	37	4	8	28	8	6	7	7	11	19	38	15	18	5	11	3	15	12	7	18	15	12	19	9	5	19	28	14	13	9	2	12	10	12	8	3	7	3	4	10	6	1	5	13	0	0	3	11	16	9	9	11	17	8	3	13	1	21	8	0	10	8	27	6	7	7	4
hsa-miR-5004-3p	30	8	7	7	12	4	11	5	69	6	41	18	18	26	12	9	17	24	25	14	9	211	14	16	58	17	10	13	2	7	18	19	15	12	11	7	3	4	7	16	26	30	29	18	11	5	14	32	60	34	6	6	15	10	34	11	14	5	1	6	11	4	2	1	15	13	3	13	7	9	15	12	3	14	7	7	19	9	30	16	9	20	12	52	13	11	12	6
hsa-miR-5004-5p	0	0	0	0	0	0	0	0	8	4	11	2	4	7	3	6	6	10	7	4	0	0	0	0	13	8	10	3	0	0	0	0	5	8	9	1	4	1	5	2	0	0	9	2	2	1	8	0	8	10	2	0	0	0	0	0	0	0	1	0	0	0	0	0	0	0	0	0	0	0	0	0	0	0	4	0	3	4	7	7	1	7	9	21	0	0	0	0
hsa-miR-5006-3p	25	12	26	16	38	3	19	10	23	14	20	34	44	30	19	18	43	31	18	26	17	62	35	28	85	19	26	23	12	6	18	20	7	17	10	13	8	5	13	18	44	24	16	40	22	3	22	63	32	25	13	11	10	13	108	9	13	17	4	8	17	5	0	4	31	10	2	12	9	12	28	10	6	25	17	18	33	15	51	6	9	16	13	46	16	18	19	7
hsa-miR-5006-5p	8	1	4	4	8	3	2	1	0	0	0	0	5	7	5	5	14	9	5	6	1	19	11	9	36	6	4	3	2	3	6	10	4	6	10	5	1	4	5	4	11	6	6	11	8	1	6	17	7	6	4	1	2	5	9	3	0	1	0	0	12	1	0	0	0	0	0	0	0	0	0	6	0	0	5	0	10	5	10	1	0	0	0	0	0	0	0	0
hsa-miR-5007-3p	14	10	5	4	19	3	6	8	14	11	21	15	26	21	17	16	24	17	18	36	7	19	14	11	53	9	5	19	2	8	17	20	10	20	5	8	1	6	10	16	33	19	17	24	16	4	12	18	19	18	18	15	6	20	9	5	7	2	0	4	30	0	0	0	13	0	0	0	1	11	6	10	8	41	14	13	13	16	21	17	0	24	8	29	9	2	7	5
hsa-miR-5007-5p	21	4	5	1	0	0	0	0	0	0	0	0	12	18	15	6	7	11	7	10	0	0	0	0	28	5	10	1	8	1	9	7	7	7	6	6	1	5	6	4	11	7	13	5	8	2	5	16	13	13	6	4	3	2	43	10	0	0	0	0	0	0	0	2	0	0	0	0	0	0	0	0	5	5	3	9	9	5	20	7	1	10	10	14	3	3	5	0
hsa-miR-5008-3p	23	9	7	11	11	5	1	2	8	5	24	14	11	22	14	9	11	28	22	16	2	8	15	19	49	13	22	17	10	4	12	16	4	14	4	7	2	2	6	8	14	14	20	13	4	8	24	28	15	10	11	4	13	6	35	5	10	6	1	2	11	0	2	9	0	0	0	4	3	7	17	7	6	23	6	7	12	12	31	17	2	9	15	39	5	1	2	8
hsa-miR-5009-3p	13	2	3	5	9	1	6	2	9	3	13	9	7	10	9	2	9	10	5	10	11	10	3	14	24	5	6	6	3	3	4	10	5	6	1	6	1	1	3	0	8	10	3	7	3	2	7	9	11	7	3	1	4	5	5	3	0	0	1	0	0	0	0	0	0	0	0	0	2	6	8	3	0	0	3	0	8	6	14	5	4	11	9	22	3	4	7	1
hsa-miR-5009-5p	13	8	9	17	15	2	3	1	8	1	11	16	19	31	12	7	11	16	11	14	8	8	9	13	22	10	7	9	4	10	13	16	10	10	8	5	3	5	4	9	7	11	13	7	6	1	20	26	9	9	3	14	9	14	16	6	3	0	3	1	0	0	1	1	19	0	0	0	4	11	8	6	2	16	13	14	9	13	44	5	4	19	6	27	3	7	9	2
hsa-miR-500a-3p	93	104	37	147	24	17	67	24	263	21	103	51	42	152	37	30	20	25	22	16	9	37	29	36	128	60	165	36	14	30	23	31	100	50	205	15	68	51	46	20	31	32	17	25	11	2	14	94	51	127	14	25	72	68	157	15	76	72	8	40	30	14	2	5	92	21	32	8	128	27	280	27	17	40	97	19	32	129	161	21	117	126	37	119	110	15	16	6
hsa-miR-500a-5p	19	8	5	4	0	0	0	0	0	0	0	0	2	8	1	1	0	0	2	0	6	10	5	5	20	4	14	7	3	7	4	7	9	3	14	4	8	6	2	4	3	5	0	0	0	0	2	11	0	0	0	0	3	6	29	5	0	3	0	0	12	0	0	0	20	0	0	0	9	1	13	0	0	0	8	0	4	5	19	3	4	10	4	10	0	0	0	0
hsa-miR-5010-3p	37	18	15	33	19	3	8	12	26	15	23	15	32	45	20	10	22	23	29	24	3	14	14	22	43	21	40	36	15	10	17	26	25	27	31	7	12	16	16	18	26	51	15	22	16	1	47	44	34	27	17	18	12	21	30	9	147	128	14	77	57	13	0	12	160	43	56	30	14	22	30	9	20	25	22	16	20	46	84	17	6	30	12	45	12	3	22	3
hsa-miR-5010-5p	25	16	11	33	11	4	4	12	10	0	28	13	11	49	31	13	18	24	21	19	11	38	7	12	31	22	13	22	13	28	18	34	27	15	19	11	8	9	14	6	13	15	18	13	11	4	5	34	19	20	8	9	9	24	14	6	17	20	1	4	7	5	0	4	21	16	3	7	15	8	8	19	15	18	14	20	17	33	41	29	13	27	16	29	8	14	18	6
hsa-miR-5011-5p	13	9	9	3	10	6	10	9	17	0	6	5	18	23	26	16	26	20	15	19	15	58	13	12	29	7	6	12	2	13	22	23	12	10	15	10	4	2	10	4	24	23	16	24	11	0	11	23	24	26	6	5	11	16	18	3	16	29	7	8	26	7	0	8	22	29	3	11	7	5	4	3	6	11	11	13	9	14	33	7	0	15	9	32	4	13	18	6
hsa-miR-501-3p	121	170	64	191	67	12	177	64	121	20	48	48	25	37	56	43	82	143	65	72	29	54	48	175	142	86	115	108	32	114	58	202	212	81	265	33	143	107	83	59	65	61	28	45	34	6	48	261	95	158	43	47	70	120	252	44	11	13	6	9	21	11	0	4	29	12	19	3	117	33	155	44	37	105	159	50	52	203	201	36	175	223	68	199	87	24	34	24
hsa-miR-501-5p	34	49	7	40	12	7	8	5	9	1	21	15	31	63	53	22	47	38	38	48	14	31	32	19	88	34	87	25	13	22	44	40	27	21	72	20	21	14	37	20	34	43	24	55	33	4	35	58	33	59	47	25	16	15	51	11	8	7	1	2	23	4	0	0	18	14	5	8	16	19	62	15	19	27	44	20	25	67	57	22	10	25	24	59	28	6	9	2
hsa-miR-502-3p	56	63	16	62	19	10	67	9	93	6	14	18	22	92	32	23	18	19	13	16	3	28	30	55	71	63	122	43	16	42	22	46	106	23	180	21	47	42	22	18	7	7	8	7	5	2	1	81	25	59	7	13	45	59	112	11	42	39	3	25	15	1	0	4	54	15	19	6	88	12	113	16	7	34	83	14	21	71	88	10	71	51	22	70	59	7	6	4
hsa-miR-502-5p	11	11	2	3	6	1	4	3	0	0	0	0	3	14	12	4	11	12	7	3	9	7	7	14	32	4	8	2	2	2	6	8	6	11	6	5	2	3	0	5	15	5	7	13	7	3	5	11	2	18	5	1	4	6	15	9	15	3	0	5	11	2	0	0	0	0	0	0	5	10	7	8	3	16	14	1	10	11	19	2	2	15	3	15	4	3	4	0
hsa-miR-503-3p	22	8	7	9	3	2	8	0	5	11	6	4	14	17	10	5	13	11	7	13	5	15	11	6	45	14	3	11	2	0	3	9	17	11	14	7	3	7	4	4	8	11	15	13	2	0	8	10	6	12	2	4	4	12	58	9	0	0	2	0	0	0	0	0	0	0	0	0	5	6	12	9	3	9	11	8	13	8	22	10	8	8	7	11	2	0	5	3
hsa-miR-503-5p	149	160	38	267	23	22	40	25	228	10	84	95	41	226	45	28	17	31	31	23	23	53	49	67	243	54	163	22	21	53	26	42	59	45	141	9	35	38	41	14	16	18	17	12	12	2	13	76	20	24	5	10	74	93	113	13	92	46	11	32	46	7	1	5	74	32	16	9	199	30	408	64	35	41	188	70	56	70	169	20	84	102	36	67	33	9	12	14
hsa-miR-504-5p	15	13	9	28	18	6	17	3	18	3	9	11	15	19	16	3	25	23	20	22	4	10	16	13	64	11	14	11	7	12	15	13	21	15	23	4	4	8	8	16	31	32	10	19	11	1	21	31	17	21	7	8	9	12	11	8	14	10	3	6	24	4	0	4	0	10	4	5	13	7	28	2	14	19	18	15	11	29	73	9	4	21	15	29	16	2	8	2
hsa-miR-5047	11	10	18	7	6	0	1	6	4	1	10	11	9	14	12	7	16	5	8	13	12	2	7	11	16	7	8	7	5	9	12	24	8	14	6	8	3	5	4	3	18	15	7	13	6	6	7	19	17	14	22	4	9	14	9	3	6	1	2	4	10	1	0	5	10	0	0	3	3	11	2	8	4	15	11	5	11	12	16	11	0	12	6	35	4	4	9	3
hsa-miR-505-3p	111	118	23	119	10	5	35	11	155	13	40	25	22	122	30	23	15	22	23	11	14	23	16	69	146	76	379	35	7	17	21	18	87	26	195	18	21	25	35	12	15	17	9	13	7	1	28	50	37	48	6	4	77	74	109	12	61	51	4	8	21	8	0	2	51	41	23	5	85	31	253	21	17	77	510	38	35	190	381	17	53	58	27	68	101	7	11	6
hsa-miR-505-5p	71	80	21	122	12	6	27	17	57	7	54	44	33	129	40	26	25	14	42	16	11	34	24	39	51	110	191	38	6	66	18	52	115	33	151	15	27	33	74	6	13	11	12	4	12	0	12	96	37	64	13	15	40	112	57	10	69	35	8	20	36	7	0	11	70	40	26	5	54	6	98	17	29	46	662	77	30	298	481	38	52	84	51	112	118	15	22	0
hsa-miR-508-3p	11	13	3	11	7	16	0	5	14	3	21	5	5	12	7	9	0	14	11	0	13	13	14	14	16	2	5	4	11	9	10	10	6	6	5	5	3	3	10	3	9	8	0	0	0	2	3	12	4	8	1	4	6	15	4	17	0	0	2	2	0	0	0	0	17	0	0	2	14	5	15	4	2	13	15	12	7	8	20	10	1	12	11	20	3	8	8	7
hsa-miR-508-5p	11	4	7	12	9	3	4	3	29	4	38	8	8	17	10	5	11	19	12	16	11	23	15	22	39	10	15	4	15	4	7	10	11	19	11	8	5	6	10	8	9	15	15	18	6	7	19	16	13	16	17	10	13	8	12	5	9	6	8	4	15	4	1	2	13	0	0	0	2	7	22	1	5	19	3	8	8	6	24	22	0	15	15	42	3	7	6	4
hsa-miR-5088-3p	6	16	11	7	29	9	10	15	13	9	13	5	17	14	20	18	30	12	30	30	11	32	7	12	63	12	12	27	12	9	26	30	13	28	9	16	8	17	18	22	22	38	16	22	19	5	37	51	29	28	4	7	6	4	12	6	4	11	1	11	11	2	0	5	15	23	4	7	6	10	7	13	15	21	20	26	21	33	109	11	5	15	9	33	4	8	12	9
hsa-miR-5088-5p	11	4	8	7	14	1	8	6	12	10	11	9	7	12	17	10	14	18	11	15	0	13	9	9	32	12	5	5	6	5	7	10	12	23	16	7	4	6	5	7	13	17	14	11	6	0	4	19	9	13	5	6	5	6	8	5	0	3	2	6	12	0	0	0	12	0	0	5	2	8	0	5	2	13	5	12	12	7	15	16	2	20	19	28	3	9	10	9
hsa-miR-5089-3p	45	34	34	22	25	19	19	11	31	11	25	17	32	46	39	17	43	62	38	49	30	50	33	59	67	28	15	40	23	19	37	40	20	53	31	15	3	14	13	37	72	53	36	45	27	6	27	52	22	18	9	8	22	36	27	9	19	19	4	19	34	2	2	2	33	33	18	8	9	21	17	21	14	36	30	22	24	19	76	23	16	33	25	84	23	11	23	6
hsa-miR-5089-5p	11	5	1	5	10	1	3	2	0	0	0	0	4	5	6	3	0	14	10	0	10	6	2	9	15	4	4	2	2	2	8	6	1	3	1	4	0	2	1	4	5	4	0	0	0	0	3	4	2	5	0	2	5	10	5	0	0	0	0	0	0	0	0	0	0	0	0	0	0	0	0	2	0	0	8	0	7	7	11	0	0	0	0	0	0	0	0	0
hsa-miR-5090	72	8	18	26	15	4	1	9	19	2	47	11	35	39	22	11	31	25	30	28	29	43	70	25	39	8	11	14	3	10	13	21	25	26	10	20	8	10	24	9	29	17	23	32	11	5	9	54	22	24	17	10	29	12	17	9	12	11	2	4	14	1	0	3	27	0	0	6	12	26	8	16	7	21	21	10	57	41	34	21	5	31	27	59	9	8	10	6
hsa-miR-5091	14	7	11	4	5	1	4	7	5	8	12	23	20	18	16	9	18	15	14	13	5	12	20	6	43	2	4	7	12	2	11	21	5	19	7	12	7	3	4	25	33	21	13	11	18	3	40	23	27	13	6	13	6	5	14	6	4	10	0	5	14	2	0	2	11	26	1	2	8	5	2	4	4	16	7	15	27	5	36	15	4	16	12	56	5	3	5	8
hsa-miR-509-3p	26	14	9	17	18	7	5	0	15	1	16	9	11	26	17	10	29	23	11	19	5	21	12	10	14	7	8	12	2	16	13	10	19	19	12	0	13	15	9	11	18	12	37	19	15	4	7	26	19	31	6	16	11	7	8	9	19	8	6	8	22	9	3	5	20	0	0	7	9	19	19	7	4	11	10	13	12	9	24	21	6	22	17	50	5	3	15	1
hsa-miR-5095	52	13	42	16	44	21	13	11	21	14	24	29	56	54	55	32	51	36	42	46	17	33	103	28	133	18	26	51	54	22	48	46	28	46	25	30	15	15	41	59	53	110	45	53	31	11	111	68	40	43	14	7	21	19	26	31	1	4	0	0	11	1	0	0	0	11	4	0	23	27	10	26	37	73	27	72	77	41	133	36	7	37	35	82	7	13	28	8
hsa-miR-509-5p	13	6	4	8	6	5	3	5	12	5	14	4	9	7	10	5	13	18	8	11	9	9	16	13	35	9	2	5	4	9	11	10	10	11	7	7	3	3	3	8	16	7	11	7	7	2	10	16	17	7	4	3	0	8	29	4	15	20	5	12	80	11	4	6	38	41	5	24	1	12	2	9	1	20	8	8	15	4	25	12	4	16	10	25	4	5	4	3
hsa-miR-5096	19	15	8	25	6	4	13	5	11	3	8	2	15	34	20	13	11	22	17	22	2	14	12	6	22	11	17	9	11	3	15	11	23	17	34	10	5	12	28	15	10	22	21	13	9	2	15	26	14	30	9	11	11	11	10	7	0	13	2	0	8	0	0	0	0	0	0	0	3	3	20	5	6	13	29	9	20	22	35	8	8	11	8	19	12	1	0	3
hsa-miR-5100	24	15	14	20	32	6	10	10	11	9	19	18	29	29	20	16	21	23	20	16	6	15	22	12	76	13	33	16	10	8	16	33	15	8	19	10	2	14	10	7	20	31	17	23	11	1	16	40	14	23	12	6	12	11	31	3	52	68	6	18	17	12	0	7	26	27	9	15	2	10	14	8	12	24	34	9	15	33	75	13	3	16	11	43	6	10	13	6
hsa-miR-510-3p	84	86	48	36	37	24	163	15	292	75	66	28	18	62	44	41	31	23	46	26	21	115	46	272	2620	203	65	59	11	29	38	33	93	127	116	21	33	30	20	12	31	26	32	21	18	4	7	37	66	69	23	15	138	273	112	134	11	12	2	8	21	5	2	1	18	10	5	12	181	22	203	38	69	435	122	150	356	73	96	88	24	82	97	135	63	31	15	13
hsa-miR-512-5p	25	33	40	24	38	11	10	7	51	28	74	53	26	34	42	15	33	51	34	30	21	34	17	19	86	7	13	43	11	15	49	46	18	19	10	26	3	18	12	9	46	41	19	34	14	5	19	46	22	17	17	12	28	9	31	18	28	14	6	9	41	6	1	5	26	15	9	11	11	23	8	25	13	19	18	24	18	11	51	29	7	45	23	51	7	7	15	7
hsa-miR-513a-5p	7	3	0	7	10	1	2	4	0	0	0	0	5	12	13	10	7	8	9	8	3	6	6	7	12	0	0	0	1	3	7	7	8	9	4	2	1	4	6	7	11	7	11	18	8	0	13	13	2	6	3	4	1	6	8	1	0	0	1	0	0	0	0	0	0	0	0	0	1	3	4	2	4	8	5	7	8	2	8	6	2	4	4	9	6	2	6	1
hsa-miR-513b-3p	0	0	0	0	4	0	5	3	3	7	2	4	2	8	6	3	0	10	9	0	2	13	5	6	19	0	0	0	0	5	8	1	12	6	4	3	1	5	9	5	6	6	0	0	0	0	0	5	7	5	0	10	7	3	18	1	2	1	0	1	10	0	0	0	13	0	0	0	0	0	0	1	4	10	4	3	12	4	10	8	1	2	6	12	0	0	0	0
hsa-miR-513c-5p	6	4	11	10	9	2	0	2	7	7	24	8	12	7	11	6	11	14	8	8	6	10	12	3	18	3	3	8	6	3	11	16	5	11	1	17	3	2	7	7	6	6	15	8	2	2	6	12	5	10	6	2	8	2	6	0	3	0	0	2	0	0	0	0	0	0	0	0	0	0	0	8	2	6	5	5	16	5	17	8	2	5	3	14	4	0	12	4
hsa-miR-514a-5p	25	11	49	51	32	15	15	11	19	7	193	56	8	26	21	12	30	11	12	12	21	15	30	47	35	9	3	7	12	13	23	36	27	18	14	13	8	4	13	12	4	4	8	4	2	5	3	22	29	25	9	18	14	13	14	32	11	3	0	0	6	5	0	1	40	13	8	0	8	18	3	3	9	18	117	18	23	16	23	6	6	60	30	35	10	8	12	8
hsa-miR-514b-5p	6	7	2	2	5	0	0	9	4	8	20	2	15	7	3	1	7	7	13	7	7	19	7	34	23	10	3	26	1	2	7	9	2	11	11	6	4	8	2	2	5	8	19	79	2	3	1	6	16	28	4	0	8	3	6	1	3	0	0	0	0	0	0	0	0	0	0	1	3	4	6	1	0	10	8	14	4	22	45	5	2	6	7	12	0	0	0	0
hsa-miR-515-3p	4	7	4	4	6	0	1	5	0	0	0	0	12	11	6	6	12	12	8	4	0	0	0	0	22	8	2	9	2	3	3	6	7	7	3	4	2	1	5	11	10	13	13	6	5	2	17	9	10	18	2	2	0	0	0	0	0	0	0	4	6	11	0	0	10	0	0	0	2	4	0	0	5	10	5	6	2	1	27	4	6	4	3	15	0	0	0	0
hsa-miR-516a-3p	0	0	0	0	7	4	2	1	0	0	0	0	10	5	3	1	7	6	0	7	0	0	0	0	16	2	3	6	0	0	0	0	7	5	3	9	1	6	8	6	13	6	10	6	7	1	0	7	9	7	3	3	0	0	0	0	1	0	1	0	0	0	0	0	0	0	0	0	0	0	0	0	0	0	4	0	2	0	7	1	0	0	0	0	0	0	0	0
hsa-miR-516b-3p	8	7	4	9	3	6	1	8	11	7	6	6	6	11	11	2	9	11	7	12	4	6	3	8	28	2	2	10	4	3	14	9	5	4	4	5	3	1	2	3	12	13	4	8	3	3	12	10	9	6	2	0	2	4	9	5	0	0	0	4	0	0	0	0	12	0	0	0	1	8	0	12	1	10	4	8	5	10	33	7	2	9	3	13	0	0	0	0
hsa-miR-5187-3p	10	8	2	11	12	4	2	5	7	5	4	7	6	14	4	3	5	14	20	8	11	16	8	31	22	3	11	9	11	1	3	16	5	7	8	3	1	1	11	3	10	9	11	11	4	1	7	22	20	8	5	8	6	5	18	4	0	5	0	0	12	0	0	0	0	0	0	0	6	6	5	0	1	12	12	3	8	13	12	6	2	12	7	26	3	3	2	3
hsa-miR-5187-5p	106	66	34	102	18	15	21	9	61	4	51	59	31	124	41	34	25	33	34	27	18	33	17	299	66	44	46	36	14	9	18	18	92	30	119	4	15	57	48	12	21	14	33	19	11	2	26	64	56	110	32	18	43	109	147	10	101	84	10	30	17	21	0	8	121	41	48	7	31	18	106	30	10	26	80	22	30	124	149	28	55	81	33	106	85	15	29	7
hsa-miR-5188	31	33	13	23	21	16	25	24	75	3	29	30	72	110	127	46	103	87	62	103	17	29	28	23	97	35	43	36	23	19	68	86	63	74	41	18	19	40	106	56	83	71	83	72	58	30	40	159	125	104	69	91	29	20	42	17	26	7	3	14	79	10	0	7	32	27	2	26	17	14	5	9	17	55	45	25	20	28	83	24	9	33	18	98	12	31	20	9
hsa-miR-5189-3p	49	43	31	58	43	12	10	19	38	14	55	26	68	75	59	33	40	59	62	47	32	40	36	41	116	39	71	67	54	17	50	59	76	51	79	19	22	34	29	35	76	115	240	51	28	3	107	93	60	97	29	18	25	40	69	21	36	28	6	16	48	13	2	16	92	36	18	18	21	55	52	29	13	57	56	44	40	33	92	34	30	50	40	149	63	26	20	13
hsa-miR-5189-5p	20	16	7	29	9	4	3	4	11	3	21	8	8	36	22	9	20	12	13	16	5	11	12	5	32	15	15	12	10	9	7	4	31	8	37	17	8	13	19	6	12	12	7	17	14	0	16	21	20	22	4	11	9	17	21	6	8	11	2	2	7	4	0	3	26	13	2	0	8	6	17	5	7	17	22	10	8	29	38	11	13	28	19	31	21	2	13	13
hsa-miR-518a-3p	16	13	8	30	14	3	7	1	55	4	80	7	15	30	15	7	14	23	38	18	10	26	10	6	57	23	14	21	12	4	12	26	13	13	17	19	4	5	8	3	24	15	19	32	4	0	22	25	19	26	17	4	19	9	10	5	38	7	5	13	21	16	1	5	19	0	0	4	1	10	15	8	4	23	4	6	10	12	37	16	7	23	15	53	13	5	11	1
hsa-miR-518b	23	22	23	24	23	7	20	15	28	33	65	49	20	36	30	14	22	24	20	19	33	34	34	19	68	16	14	11	46	13	29	39	30	42	20	21	4	17	18	11	21	21	14	34	11	11	9	42	21	34	9	8	29	19	38	17	13	16	4	21	61	9	0	13	32	0	0	5	13	26	5	17	10	29	24	23	12	23	31	62	3	52	54	73	13	24	16	27
hsa-miR-518d-3p	15	11	3	19	13	6	5	4	23	7	31	7	17	22	46	13	28	56	33	24	10	19	9	21	33	20	16	9	18	9	17	15	22	30	17	13	11	18	35	18	29	33	24	18	23	5	26	41	17	34	15	19	12	6	18	5	10	2	3	5	15	10	1	1	14	0	0	3	3	10	4	7	8	16	13	6	8	11	69	10	4	20	14	45	10	6	4	3
hsa-miR-518e-3p	9	6	13	21	9	2	3	4	31	14	46	13	16	15	12	2	17	8	19	6	5	10	11	7	47	14	10	14	17	3	11	10	8	20	5	21	1	12	13	4	9	9	8	12	5	1	11	31	10	9	4	6	16	10	24	12	25	8	5	6	13	5	1	5	36	0	0	2	7	6	8	7	11	11	9	6	12	18	37	23	0	16	24	42	11	2	2	4
hsa-miR-5191	25	31	28	38	34	11	8	21	30	6	17	106	37	47	48	21	30	62	42	33	42	27	33	37	46	17	14	29	19	10	20	42	31	19	11	32	4	9	10	22	69	79	19	62	19	8	48	36	28	34	10	10	15	15	28	27	9	19	5	7	21	11	1	9	38	44	7	6	9	30	8	17	13	24	19	28	24	27	115	14	7	29	12	65	7	15	33	15
hsa-miR-5192	14	14	2	3	11	2	4	5	6	10	11	3	16	16	7	8	10	9	14	21	10	12	12	14	22	0	0	0	5	6	5	15	7	12	2	6	0	4	8	8	9	14	5	15	9	0	5	14	6	7	7	9	6	8	6	4	5	2	3	0	10	1	0	0	0	0	0	2	7	8	2	4	1	10	16	7	11	7	28	14	4	15	22	25	4	1	2	0
hsa-miR-5193	33	48	22	50	45	24	20	22	58	4	81	38	47	76	56	28	48	54	60	58	30	35	25	34	84	36	101	30	18	29	41	56	46	53	40	17	16	10	21	35	63	60	37	53	32	6	44	83	37	42	17	26	50	37	53	11	35	17	2	21	53	6	2	12	65	35	15	30	14	25	29	16	15	36	53	22	29	66	131	23	21	46	39	123	48	21	30	16
hsa-miR-5194	31	4	8	4	21	2	1	2	7	1	11	8	9	12	10	12	13	14	1	10	8	17	15	7	39	12	5	7	5	2	13	20	10	13	6	3	3	2	3	5	8	8	15	13	6	3	4	5	6	8	4	1	5	8	209	8	6	3	1	2	10	3	0	0	19	0	0	0	5	3	4	7	7	15	6	5	11	14	13	5	1	10	6	20	6	2	2	7
hsa-miR-5195-3p	17	6	5	3	13	0	6	4	8	6	22	6	5	16	9	4	14	44	22	17	0	0	0	0	40	11	13	9	9	5	11	13	14	16	6	7	4	13	9	12	12	12	13	16	4	7	17	21	5	17	9	9	9	5	11	2	5	3	1	6	15	3	0	1	0	0	0	4	1	5	6	0	4	13	6	9	14	11	22	18	0	15	9	36	4	8	8	2
hsa-miR-5195-5p	12	9	9	6	21	4	1	1	26	5	42	10	11	19	12	10	7	15	22	15	5	15	12	8	35	7	17	17	7	5	10	13	11	25	5	13	4	9	4	6	13	18	11	22	3	0	15	29	11	17	6	10	14	8	22	1	16	2	0	10	12	5	1	6	0	0	0	2	3	6	6	6	3	19	2	8	5	6	28	24	0	21	19	41	3	10	10	1
hsa-miR-5196-3p	27	8	14	19	20	5	0	11	5	7	14	5	16	31	14	10	27	20	11	22	9	14	16	21	71	17	51	14	11	8	14	21	14	13	15	13	5	8	17	20	28	18	15	24	15	7	8	31	27	24	7	19	14	14	36	5	8	8	3	15	17	6	1	8	13	0	0	3	9	10	7	4	12	28	36	25	27	36	54	6	3	13	12	33	5	16	8	6
hsa-miR-5196-5p	73	19	20	16	13	14	11	6	7	5	19	12	32	35	60	26	59	58	31	48	23	47	55	27	80	21	20	30	30	19	35	43	51	49	21	20	14	59	49	180	45	30	61	30	20	11	21	48	69	58	17	33	17	23	81	8	14	11	3	7	27	3	0	6	101	13	9	9	8	17	7	18	16	40	37	33	57	24	40	37	6	58	39	65	6	3	24	6
hsa-miR-5197-3p	11	15	11	3	12	2	6	5	32	3	22	8	13	22	20	6	19	16	24	16	11	10	9	16	40	6	10	17	13	8	35	14	9	20	5	12	9	2	8	17	28	24	18	15	5	0	21	21	10	8	5	6	6	2	15	9	9	10	1	2	17	1	0	0	11	15	4	7	11	15	3	1	10	15	2	6	12	12	56	20	2	13	17	38	2	3	8	6
hsa-miR-5197-5p	16	9	8	6	6	4	7	2	19	4	31	11	11	17	6	6	8	6	15	9	4	12	7	13	21	4	8	8	4	0	12	12	15	10	5	9	0	4	5	6	14	3	8	11	8	0	7	20	6	12	4	1	13	3	8	9	2	0	0	2	0	0	0	0	12	12	0	4	4	4	5	4	6	7	7	1	8	9	23	11	0	14	9	31	3	3	4	1
hsa-miR-519e-5p	12	10	13	11	6	5	1	7	14	0	34	14	9	6	9	6	9	20	13	18	10	9	2	6	30	7	7	16	10	4	4	10	10	7	1	9	2	5	5	5	14	9	6	7	8	1	6	17	10	3	7	5	7	4	9	8	4	6	6	4	20	4	0	6	11	0	0	8	5	13	3	13	4	10	3	9	8	6	21	12	2	11	13	17	1	5	7	9
hsa-miR-520a-3p	14	5	5	1	10	3	0	6	9	1	14	6	10	7	6	5	11	9	9	9	13	10	19	22	27	5	2	15	3	1	6	6	7	12	8	7	0	2	4	4	14	8	14	26	9	1	1	8	23	23	4	3	5	9	5	2	1	0	0	0	0	0	0	0	0	0	0	0	3	3	3	11	6	12	5	7	18	18	26	7	2	13	6	22	0	0	0	0
hsa-miR-520g-5p	0	0	0	0	14	2	4	4	0	0	0	0	12	1	14	3	2	8	5	7	0	0	0	0	13	0	0	0	2	1	9	10	0	0	0	0	1	3	10	3	1	8	10	4	4	0	7	16	8	12	2	5	0	0	0	0	0	0	0	3	10	3	0	0	15	0	0	5	0	0	0	0	4	10	12	9	6	4	15	3	1	3	1	19	0	0	0	0
hsa-miR-520h	7	2	0	7	1	4	3	2	9	1	19	3	18	11	12	6	6	13	14	8	0	0	0	0	17	7	6	10	1	1	7	7	5	5	0	2	5	3	11	9	10	8	8	5	3	2	14	10	11	13	4	6	0	0	0	0	9	0	0	0	0	0	0	0	0	0	0	2	0	0	0	0	4	5	1	3	3	3	12	2	3	3	6	20	0	0	0	0
hsa-miR-532-3p	87	65	21	45	30	6	39	15	78	23	25	24	31	78	40	27	38	67	37	23	29	72	57	98	141	77	212	55	17	70	24	143	62	38	72	14	40	29	36	24	27	25	21	30	9	6	23	97	26	60	13	7	28	48	98	25	33	20	6	34	42	10	0	9	47	24	12	19	84	19	57	16	18	55	137	35	38	87	168	30	24	58	31	79	34	14	14	12
hsa-miR-532-5p	377	370	115	369	72	37	278	84	1066	36	120	189	136	649	121	100	70	113	51	47	32	232	198	512	501	204	500	83	15	206	68	239	270	138	551	41	271	158	102	47	30	24	19	30	39	2	23	239	196	470	57	69	270	432	1456	188	227	136	21	135	57	52	2	14	287	116	77	37	528	45	1084	81	54	167	300	75	172	339	495	60	341	386	95	239	502	38	40	23
hsa-miR-539-3p	37	13	0	31	3	3	4	3	50	4	12	8	1	7	4	4	5	7	1	8	1	11	4	14	12	16	118	5	1	3	5	7	8	9	19	4	5	1	5	0	4	4	4	3	2	0	3	9	8	25	0	0	23	33	20	3	0	0	0	0	0	0	0	0	27	0	0	0	4	0	19	2	1	14	20	9	10	39	31	3	2	5	5	14	53	3	6	2
hsa-miR-539-5p	0	0	0	0	5	5	2	1	11	1	3	5	7	7	12	5	6	0	8	7	3	9	10	27	12	8	17	9	0	0	0	0	4	7	3	2	1	0	3	1	7	10	6	10	0	0	12	8	0	0	1	1	0	0	0	0	0	1	0	3	13	2	0	0	11	0	0	1	0	0	0	1	0	0	13	0	9	18	41	2	2	11	7	12	0	0	0	0
hsa-miR-541-5p	36	4	4	6	10	8	6	9	6	2	11	4	15	8	13	8	9	13	9	10	9	15	13	7	25	12	9	4	1	0	14	10	10	15	11	2	0	0	4	6	17	8	9	13	9	0	13	20	20	11	4	8	12	13	39	2	6	6	2	4	13	0	0	0	33	0	0	0	3	7	3	5	4	18	12	8	24	9	19	7	4	15	12	24	1	3	0	1
hsa-miR-542-3p	59	36	8	68	17	4	20	3	117	4	24	24	21	42	10	10	15	16	13	21	8	24	13	21	119	18	51	15	4	10	13	12	13	22	29	11	7	3	5	6	17	12	2	6	6	6	2	18	19	7	1	4	15	45	27	8	0	9	1	0	13	1	0	4	14	0	0	1	85	6	239	26	2	41	15	17	23	17	30	5	19	10	5	22	12	9	4	4
hsa-miR-542-5p	48	41	12	46	9	7	14	8	60	5	19	14	25	50	33	13	23	25	13	16	12	31	11	25	89	21	31	12	15	9	14	13	19	14	27	3	9	10	20	14	18	23	18	14	13	7	31	36	10	18	7	8	19	20	28	14	13	17	1	3	4	3	0	1	13	0	0	0	25	12	43	16	6	22	24	17	29	15	35	16	20	19	8	26	6	2	4	2
hsa-miR-543	83	80	12	83	2	6	9	2	31	0	14	97	15	22	14	10	12	5	7	6	4	6	11	13	22	50	324	20	2	6	5	11	35	12	31	2	6	8	17	3	6	9	18	8	3	2	1	28	13	27	2	2	40	37	106	1	18	10	0	0	9	1	0	0	33	14	10	0	1	3	3	7	3	11	167	12	24	140	314	14	9	30	18	29	42	5	4	4
hsa-miR-544a	11	5	4	8	2	0	1	2	21	2	14	5	7	13	11	6	5	10	12	6	0	0	0	0	22	5	25	4	2	4	6	9	3	9	1	5	5	3	3	2	15	2	4	11	5	0	3	12	5	5	5	9	8	9	10	2	1	0	1	0	0	0	0	0	0	0	0	2	0	0	0	0	0	0	1	0	5	12	19	4	0	6	6	10	0	0	0	0
hsa-miR-545-5p	7	12	5	6	15	7	10	5	11	5	2	11	11	7	15	4	0	12	4	0	0	0	0	0	21	5	44	6	4	2	4	13	1	4	6	2	1	1	3	1	6	12	0	0	0	2	3	6	7	12	2	4	7	13	13	8	0	2	0	0	11	2	0	0	10	0	0	0	8	3	20	0	4	11	8	11	6	13	24	4	5	4	6	10	0	0	0	0
hsa-miR-548a	32	13	7	32	0	0	1	0	13	0	2	22	6	22	14	4	13	6	5	13	0	0	0	0	10	15	87	4	10	2	3	5	11	2	25	7	5	5	13	5	8	14	6	2	2	4	4	12	18	11	7	5	12	15	11	1	0	0	0	0	0	0	0	2	11	0	0	0	9	2	31	0	1	5	30	1	3	40	63	2	0	0	0	0	17	3	1	0
hsa-miR-548a-3p	86	27	3	63	3	0	1	0	102	10	5	7	8	24	6	15	11	9	7	9	2	8	4	22	12	56	252	16	6	9	5	10	13	8	49	5	2	4	9	7	7	5	2	4	1	0	3	23	18	22	3	1	44	22	24	3	0	0	1	0	0	0	0	2	31	0	0	0	31	3	308	13	10	14	44	3	10	66	75	11	11	22	9	13	31	1	0	1
hsa-miR-548ac	18	24	12	11	18	8	4	8	13	2	22	12	28	47	19	30	28	34	23	32	25	34	22	17	63	20	12	16	11	15	30	35	21	28	13	19	16	7	23	18	24	24	28	36	13	3	9	28	16	44	4	14	17	11	16	16	3	8	1	5	12	5	0	3	10	0	0	0	10	25	7	14	13	22	18	16	16	18	36	17	5	24	15	35	2	13	22	6
hsa-miR-548ad-3p	36	35	56	59	40	11	15	12	15	77	13	13	521	677	1497	493	489	822	272	569	90	59	81	45	370	202	236	123	441	130	250	220	220	524	222	165	157	247	621	520	290	459	545	323	193	191	114	412	841	627	585	664	33	13	30	47	10	10	4	6	9	0	1	0	73	2	11	1	51	72	29	51	274	153	316	162	158	134	279	455	2	299	297	346	4	4	5	5
hsa-miR-548ad-5p	12	2	3	13	2	1	9	3	41	6	22	4	6	15	7	1	8	19	29	26	7	1	6	7	18	12	26	3	3	6	18	16	28	13	8	4	1	0	3	5	42	2	5	5	2	3	16	16	4	3	1	0	23	17	17	4	5	3	1	1	10	2	1	0	0	0	0	8	4	8	27	11	1	12	13	1	9	14	37	3	5	7	8	23	8	3	6	2
hsa-miR-548ag	0	0	0	0	4	0	0	2	2	3	10	22	6	9	7	4	4	0	3	4	0	0	0	0	13	10	13	4	4	4	2	8	9	4	7	6	5	2	1	0	8	7	1	10	5	0	0	5	0	0	2	0	5	3	16	4	0	3	0	0	10	1	0	0	0	0	0	0	6	4	15	0	6	3	4	2	3	11	6	1	0	0	0	0	0	0	0	0
hsa-miR-548al	0	0	0	0	6	3	7	1	11	2	5	5	11	6	14	7	5	7	3	13	0	0	0	0	14	0	0	0	8	9	14	16	5	3	11	4	2	3	8	3	11	5	2	4	3	3	3	15	10	8	7	14	0	0	0	0	0	0	0	0	0	0	0	0	0	0	0	2	0	0	0	0	2	9	4	3	7	6	7	7	4	9	7	15	0	0	0	0
hsa-miR-548an	7	22	5	8	13	11	2	10	14	4	12	15	17	29	10	7	11	19	10	13	9	13	9	0	16	7	4	6	3	13	19	32	19	20	19	11	6	6	10	6	29	12	11	19	16	0	5	30	5	20	5	3	0	0	0	0	19	9	2	9	13	4	0	3	10	0	0	6	1	5	14	0	1	10	14	10	9	20	25	1	4	13	9	21	6	8	18	3
hsa-miR-548ao-3p	13	14	12	9	9	3	4	1	18	7	6	4	67	86	120	73	161	154	91	110	8	3	10	7	121	63	60	53	77	30	50	53	74	113	79	21	25	38	241	77	76	96	166	70	40	107	55	124	43	62	41	42	15	10	14	7	4	0	0	3	0	0	1	1	0	0	0	0	6	12	6	8	50	36	93	35	29	37	101	48	4	42	21	44	5	5	7	6
hsa-miR-548ao-5p	39	23	10	47	13	4	3	7	93	7	11	29	12	33	21	7	16	3	12	8	2	9	18	22	20	36	151	13	8	6	13	11	19	11	34	6	0	3	10	4	12	14	8	9	6	2	14	26	6	11	3	6	23	32	25	4	14	6	1	4	19	1	0	1	28	15	1	0	26	10	146	18	6	13	30	13	16	47	82	13	18	14	14	15	22	7	6	3
hsa-miR-548ap-3p/548t-3p/548aa	55	45	16	81	6	1	15	10	74	0	26	39	19	64	12	8	9	21	17	11	16	27	24	31	27	31	169	11	6	18	15	34	35	16	75	6	3	4	10	3	11	1	8	12	7	2	3	22	14	27	2	3	39	32	44	8	13	11	3	6	13	3	0	4	23	0	0	0	65	8	158	22	3	19	34	8	11	50	86	15	26	32	9	36	50	7	13	3
hsa-miR-548ap-5p/548j-5p	444	359	77	639	24	26	139	10	330	3	71	59	93	652	115	81	34	13	39	21	8	134	139	137	80	167	601	89	7	31	10	11	326	60	688	15	39	66	91	6	11	21	9	11	18	1	14	293	124	256	37	48	224	319	398	6	309	193	24	65	12	13	1	6	259	51	65	7	128	11	906	64	7	58	419	10	146	407	457	27	255	343	85	223	511	11	36	0
hsa-miR-548as-3p	5	27	2	19	1	2	1	5	23	0	7	10	4	17	4	8	4	0	10	9	13	5	3	4	16	14	23	8	0	6	7	6	11	6	17	6	2	7	6	3	4	3	6	10	1	0	2	12	0	0	3	1	13	12	8	4	12	0	4	0	0	0	0	0	14	0	0	0	13	10	23	4	2	6	29	5	4	25	41	8	7	17	7	10	17	5	2	0
hsa-miR-548at-5p	14	9	3	16	5	4	7	0	17	1	6	82	29	25	14	6	9	12	5	4	11	13	19	22	31	6	30	5	4	10	7	63	11	6	12	6	2	8	7	7	5	5	15	15	7	1	25	12	10	13	3	7	5	12	23	2	0	0	1	0	0	0	0	0	25	0	0	0	6	6	27	6	12	13	17	6	15	13	50	7	5	14	10	12	6	4	4	3
hsa-miR-548au-5p/548c-5p/548o-5p/548am-5p	130	93	17	107	1	4	2	1	92	4	6	21	16	53	6	13	10	7	2	2	1	17	15	44	37	63	326	8	4	3	2	10	29	8	55	6	6	4	12	2	2	5	12	5	5	0	5	31	14	34	0	0	39	55	45	2	18	0	2	2	0	0	0	0	27	0	0	0	33	3	132	12	4	20	115	2	22	132	167	6	28	26	12	19	52	2	3	2
hsa-miR-548av-5p/548k	31	20	6	23	3	1	5	5	35	7	9	2	30	29	34	10	10	16	17	14	10	23	5	22	32	25	83	11	16	10	14	11	23	17	71	11	7	8	34	22	6	18	18	14	8	3	10	26	37	32	13	21	13	25	33	8	12	0	3	3	0	0	0	6	13	0	0	0	15	13	61	17	4	16	28	9	15	25	32	8	22	12	19	26	21	4	7	1
hsa-miR-548ay-3p	72	58	64	48	18	4	6	4	14	8	12	60	137	212	518	92	210	322	127	273	38	38	86	65	186	104	84	78	60	46	82	78	92	150	67	74	90	87	255	217	143	158	245	90	128	27	68	170	535	476	509	925	34	28	57	22	19	19	5	9	28	2	2	4	10	0	0	5	77	71	34	58	86	136	125	58	127	54	133	78	3	62	55	66	5	4	8	7
hsa-miR-548az-5p	15	9	4	9	8	0	2	3	0	0	0	0	5	11	5	2	0	10	7	0	7	14	16	9	15	3	7	2	2	1	8	7	0	2	8	3	0	1	3	3	2	2	0	0	0	2	5	10	7	9	1	1	0	0	0	0	0	3	0	2	10	2	0	0	0	0	0	0	0	0	0	0	0	0	3	0	4	8	9	1	1	2	1	10	5	4	6	5
hsa-miR-548b-3p	6	4	3	4	13	5	3	2	10	6	19	10	24	17	15	11	9	13	16	10	7	13	13	6	26	10	13	11	4	6	15	10	7	13	12	5	0	4	4	8	26	12	79	15	13	1	16	14	12	10	1	5	4	8	5	2	3	8	2	6	10	1	0	3	16	0	0	2	0	0	0	3	9	10	12	8	9	7	29	7	1	14	9	21	1	5	2	5
hsa-miR-548d-5p	15	10	8	14	0	0	0	0	47	0	7	7	5	42	7	6	4	2	3	0	11	5	17	21	13	16	34	4	3	8	11	21	4	4	14	1	4	1	1	2	0	0	2	1	2	0	2	0	2	13	0	0	15	16	29	2	0	0	0	0	0	0	0	0	0	0	0	0	87	3	45	14	1	4	8	1	8	19	34	1	0	0	0	0	13	2	1	4
hsa-miR-548e-3p	13	12	7	23	3	3	5	5	26	0	2	2	9	13	10	6	4	2	0	6	0	7	5	10	7	7	67	8	1	5	2	5	15	7	26	2	0	5	5	0	2	1	4	3	2	0	2	20	9	9	0	3	12	13	21	4	0	0	2	0	0	0	0	0	0	0	0	0	18	2	92	2	2	3	23	2	5	31	29	3	6	8	5	10	11	0	1	1
hsa-miR-548e-5p	31	14	5	17	6	2	3	0	48	1	5	5	1	8	5	2	0	4	5	0	1	19	10	1	17	11	46	6	1	4	7	2	3	5	9	1	1	2	6	2	3	3	0	0	0	2	1	7	6	12	7	7	12	17	54	2	0	0	0	0	0	0	0	0	0	0	0	0	7	1	30	8	3	9	12	3	9	11	19	5	0	0	0	0	0	0	0	0
hsa-miR-548f-3p	10	4	13	5	5	4	12	1	45	5	175	7	8	22	16	6	4	40	31	14	22	16	9	5	22	6	14	3	4	0	12	26	14	14	7	30	3	1	5	5	13	8	6	22	5	1	14	24	4	6	1	0	23	5	9	4	4	3	0	0	7	0	0	1	12	0	0	2	6	12	8	4	0	3	2	6	2	6	22	17	1	20	25	32	11	7	25	1
hsa-miR-548h-3p	26	17	11	36	6	5	11	0	26	0	5	12	4	15	5	0	3	7	3	1	2	2	2	17	8	12	50	4	0	2	2	3	23	9	38	0	1	3	3	0	3	2	0	4	0	0	0	9	10	12	0	13	18	19	20	3	0	0	0	0	0	0	0	1	26	0	0	0	9	1	37	9	1	5	28	0	9	20	33	2	15	21	6	16	22	2	5	0
hsa-miR-548h-5p	10	14	6	6	8	3	5	0	18	8	10	8	8	22	25	7	10	10	9	9	10	10	10	89	21	11	23	4	9	5	9	15	17	16	25	5	8	8	28	7	5	11	8	6	4	2	5	15	16	10	12	14	10	18	11	5	0	0	0	0	0	0	1	1	0	0	0	0	8	5	26	11	4	7	29	10	8	19	29	12	3	17	16	16	0	0	0	0
hsa-miR-548l	32	35	11	78	13	7	13	9	69	3	40	297	42	119	32	27	18	26	25	25	11	22	17	31	42	34	112	31	6	11	25	80	64	31	86	13	8	26	23	3	15	11	196	31	15	2	21	59	26	52	16	8	48	48	52	5	31	22	4	5	15	6	0	2	29	19	7	6	16	8	70	17	5	22	72	12	16	83	143	12	67	65	16	82	64	15	20	5
hsa-miR-548t-5p	16	7	8	8	6	3	1	5	5	2	7	3	18	21	12	4	22	15	11	21	10	10	9	12	13	7	9	7	2	4	10	17	6	7	11	4	6	11	26	9	19	21	14	19	7	4	14	38	31	15	7	13	12	6	12	6	0	0	1	4	0	0	0	5	0	0	0	0	3	16	7	5	8	7	13	13	5	12	31	6	8	18	12	27	4	2	8	0
hsa-miR-548w	61	37	46	34	10	4	8	0	19	4	19	16	284	640	610	229	103	170	92	148	51	42	70	42	96	70	68	38	54	23	32	45	84	94	98	39	39	31	150	41	76	102	184	80	43	51	33	125	151	123	72	66	41	17	38	19	5	0	0	4	0	0	0	0	11	0	0	0	39	50	30	37	56	49	120	44	41	45	89	38	1	17	27	42	15	0	4	6
hsa-miR-548z	27	25	20	43	1	3	27	0	29	0	10	6	3	35	3	4	2	4	3	3	1	3	9	19	9	15	42	4	1	7	6	2	25	13	51	3	4	7	8	0	5	2	4	4	1	0	1	10	9	9	0	3	22	21	18	2	10	10	0	0	2	1	0	1	27	12	5	0	11	7	47	11	1	3	28	0	8	29	40	1	14	31	9	21	23	2	4	1
hsa-miR-549a	25	5	9	3	13	4	0	4	11	0	15	10	14	16	14	5	8	12	11	19	13	11	14	11	24	8	7	7	3	3	5	9	5	10	3	6	3	0	2	5	21	6	7	15	6	7	5	9	14	21	5	5	4	3	13	3	7	7	1	0	15	2	0	0	30	0	0	5	6	9	10	8	3	17	7	11	19	15	17	14	3	13	12	18	5	2	7	8
hsa-miR-550a-3-5p	0	0	0	0	4	2	3	2	0	0	0	0	6	14	11	2	0	0	3	0	2	16	5	2	10	0	0	0	5	4	1	3	9	12	9	6	2	2	4	2	3	4	0	0	0	0	1	11	0	0	0	1	0	0	0	0	0	0	1	0	0	0	0	0	0	0	0	0	2	3	5	9	4	7	9	1	3	10	22	5	1	7	5	11	0	0	0	0
hsa-miR-550a-3p	9	6	3	9	8	1	5	10	13	0	7	2	5	12	8	7	11	13	13	6	3	12	10	4	32	13	27	19	2	26	4	36	5	8	6	2	7	11	7	6	7	11	3	7	7	1	15	19	6	8	6	0	0	6	17	7	0	8	0	5	16	3	0	0	0	0	0	0	26	4	5	7	2	14	17	13	10	26	45	6	4	11	3	14	3	5	4	2
hsa-miR-550b-3p	5	5	1	2	0	0	0	0	2	4	2	18	4	4	2	5	10	2	5	4	0	0	0	0	10	0	0	0	2	1	8	1	5	6	11	0	1	1	1	1	6	10	9	5	2	0	7	9	9	3	0	3	0	0	0	0	0	0	0	0	0	0	0	0	0	0	0	0	2	42	2	0	3	10	3	3	5	4	10	8	0	13	7	15	0	0	0	0
hsa-miR-551a	20	20	13	5	10	7	12	4	30	11	12	13	10	18	18	2	27	26	10	17	9	23	12	27	50	10	16	11	8	8	17	14	14	15	16	14	6	6	4	17	31	17	15	14	9	3	13	42	13	10	2	5	11	10	19	2	16	13	3	5	26	8	2	7	13	22	5	6	14	16	9	15	11	17	14	14	12	9	42	13	5	24	16	34	12	2	12	8
hsa-miR-551b-3p	34	43	5	24	1	4	8	0	38	5	7	12	6	18	3	7	3	0	2	6	3	9	8	25	19	19	129	5	1	2	11	6	25	13	52	3	0	2	5	2	4	0	7	6	3	1	3	14	0	0	4	1	23	19	18	1	10	0	0	0	0	0	0	0	17	0	0	0	23	7	95	8	1	6	22	6	7	35	43	5	9	10	15	15	12	4	3	1
hsa-miR-551b-5p	36	27	17	19	8	6	3	7	7	3	15	65	20	36	37	16	26	33	27	32	23	27	52	35	86	15	26	23	27	20	21	27	31	34	24	11	5	17	36	17	31	15	39	20	6	14	17	47	45	34	20	19	20	13	32	13	9	8	0	2	15	6	0	0	12	10	5	4	21	21	7	16	31	38	39	15	28	15	72	31	6	28	21	32	3	5	12	4
hsa-miR-552-3p	6	4	3	3	0	0	0	0	0	0	0	0	3	1	7	2	1	5	0	4	5	9	5	17	4	0	0	0	0	2	3	4	10	8	5	5	2	2	5	2	4	6	10	9	2	0	0	6	2	3	0	2	1	4	17	0	0	4	0	0	11	0	0	0	0	0	0	0	2	6	13	0	1	6	0	4	0	0	0	0	1	9	6	11	0	0	0	0
hsa-miR-552-5p	17	13	9	32	8	9	2	3	14	25	13	11	145	239	238	82	138	153	95	159	20	13	15	34	109	71	55	50	59	47	40	60	98	107	97	44	46	82	155	64	90	110	109	107	71	50	57	150	73	147	55	49	12	15	15	13	0	5	1	7	11	1	0	0	0	0	0	0	13	17	20	15	68	51	77	40	51	55	80	47	2	49	37	49	8	6	9	3
hsa-miR-553	21	9	13	7	14	4	2	3	24	9	33	6	19	33	25	16	35	26	32	28	8	15	10	7	46	14	32	6	11	6	14	29	29	17	26	13	9	16	39	19	23	35	43	19	12	7	11	53	41	26	6	23	10	7	9	7	4	1	0	4	11	1	0	0	0	0	0	2	4	7	5	18	20	19	12	16	17	11	33	15	1	14	10	23	2	2	10	4
hsa-miR-554	38	13	5	6	9	1	3	8	31	0	26	9	7	18	11	5	12	14	20	7	15	18	15	64	31	6	7	8	7	3	9	14	5	15	8	3	6	4	5	12	22	10	10	18	6	1	6	14	8	5	7	3	11	13	99	9	5	12	2	4	14	3	1	2	0	0	0	4	14	12	9	8	4	18	6	12	14	13	23	13	5	16	6	27	0	0	0	0
hsa-miR-555	19	9	4	3	6	0	4	1	9	0	14	8	19	19	9	3	8	6	11	15	9	6	12	28	20	4	2	10	6	3	11	8	7	6	5	1	2	3	5	5	6	15	12	10	5	0	7	23	5	12	3	6	11	9	1	2	3	2	0	0	12	1	1	1	0	0	0	0	0	0	0	2	4	8	7	9	14	4	17	6	3	6	10	17	6	10	2	3
hsa-miR-556-3p	26	20	4	24	18	6	2	1	38	3	14	7	11	19	15	7	5	12	10	11	12	22	8	20	26	11	40	21	1	6	13	14	11	11	23	10	3	3	6	3	11	10	6	10	9	2	10	18	4	6	0	1	11	14	17	5	7	0	1	0	0	0	0	2	0	0	0	0	25	4	86	3	3	9	11	5	7	16	31	8	6	11	7	18	16	1	5	4
hsa-miR-556-5p	16	8	1	11	3	1	1	1	16	10	7	5	9	15	4	6	0	11	8	0	0	0	0	0	23	10	20	6	4	2	9	5	13	7	10	2	1	1	5	4	1	7	0	0	0	0	7	7	4	7	0	0	8	11	15	2	0	0	0	0	0	0	0	0	0	0	0	0	11	0	26	0	4	5	10	7	6	18	26	11	2	21	5	16	9	2	8	2
hsa-miR-557	23	8	11	3	12	1	0	2	3	9	18	4	13	17	21	14	21	27	18	18	3	22	25	20	43	11	11	12	3	5	7	13	18	10	8	4	6	10	17	10	11	19	26	17	6	1	11	14	17	12	8	7	7	7	13	2	0	0	1	1	0	0	0	0	23	0	0	0	5	6	8	1	4	15	18	4	18	17	29	7	0	6	4	25	0	0	0	0
hsa-miR-5571-3p	11	4	3	5	8	3	3	3	12	3	7	6	12	28	34	16	20	37	20	27	3	17	12	9	22	4	5	9	5	6	11	13	7	23	4	13	8	6	17	15	18	24	30	21	12	0	7	39	14	22	15	12	6	2	14	2	5	0	2	0	0	0	0	0	0	0	0	3	0	0	0	10	8	12	3	4	8	6	13	11	1	10	8	21	0	3	6	6
hsa-miR-5571-5p	11	3	2	1	4	0	4	3	0	0	0	0	16	9	8	3	12	15	6	5	1	8	10	7	12	3	1	6	6	0	6	13	2	5	4	6	2	6	3	2	5	7	8	3	2	1	10	10	10	16	3	1	0	0	0	0	1	0	0	0	0	0	0	0	0	0	0	0	0	0	0	0	1	3	6	5	13	7	15	6	4	5	5	11	0	0	0	0
hsa-miR-5572	37	6	6	7	2	1	3	1	2	4	9	2	9	14	5	4	8	12	12	13	4	4	5	6	15	11	9	5	6	3	12	13	12	10	11	5	7	4	12	3	6	7	7	19	4	0	7	24	4	9	8	0	6	1	6	3	4	4	4	1	23	3	0	0	15	0	0	0	1	1	4	4	3	8	10	9	4	14	21	11	5	15	6	17	4	6	9	4
hsa-miR-5579-3p	35	15	5	9	1	4	1	0	12	3	3	2	4	8	7	3	9	6	2	9	10	8	34	24	64	15	12	6	0	1	3	5	12	7	6	1	2	5	6	9	3	4	6	7	4	2	0	5	8	8	7	15	25	16	43	4	0	0	0	0	0	0	0	0	0	0	0	0	22	5	16	4	2	18	8	7	12	12	21	9	0	8	10	16	2	2	3	3
hsa-miR-558	14	7	5	5	6	5	2	2	8	7	7	5	29	63	41	20	36	46	24	29	6	10	8	37	60	27	22	19	34	20	25	21	35	35	27	9	10	16	42	19	23	18	41	18	12	7	13	37	52	55	26	28	1	9	19	8	0	0	0	3	0	0	0	0	0	0	0	3	2	4	6	11	31	28	49	33	10	20	60	29	3	23	17	34	3	1	1	1
hsa-miR-5580-3p	15	13	9	4	29	9	14	2	14	12	14	21	226	431	741	256	351	436	260	283	5	7	10	11	401	424	266	230	209	104	146	141	267	327	123	108	160	173	430	347	114	200	397	154	156	71	151	310	435	459	200	226	8	10	10	5	5	0	0	4	0	0	0	1	0	0	0	0	6	7	6	19	337	148	435	232	282	261	414	289	6	198	198	205	3	4	5	8
hsa-miR-5581-3p	0	0	0	0	7	0	9	2	0	0	0	0	4	6	4	9	5	3	6	2	3	13	4	4	18	0	0	0	9	1	10	7	8	12	7	4	0	2	4	1	16	12	4	11	3	0	6	11	12	5	3	0	6	4	10	4	0	0	0	3	0	0	0	0	0	0	0	0	0	0	0	4	3	7	7	5	5	9	18	2	4	2	7	20	0	0	0	0
hsa-miR-5581-5p	0	0	0	0	9	2	0	1	4	7	12	3	6	6	9	7	4	14	3	7	3	10	4	9	25	19	7	6	4	2	8	7	5	5	3	8	0	2	9	7	8	7	11	6	1	5	5	16	14	10	10	7	0	0	0	0	2	0	0	0	0	0	0	2	0	0	0	1	0	0	0	7	7	14	5	4	6	6	13	12	0	9	11	16	2	2	3	5
hsa-miR-5583-3p	1	6	4	12	0	0	0	0	0	0	0	0	3	18	7	1	2	2	1	5	0	0	0	0	7	3	11	1	0	3	0	5	10	2	12	2	1	4	2	2	0	0	0	2	0	0	2	0	2	13	0	0	10	16	6	1	0	0	0	0	0	0	0	0	28	0	0	0	4	3	23	0	0	0	6	0	0	18	11	2	0	0	0	0	14	0	2	0
hsa-miR-5583-5p	8	7	4	4	3	1	3	1	0	0	0	0	3	10	7	0	9	6	5	3	0	0	0	0	9	0	0	0	0	0	0	0	10	7	2	4	2	3	2	1	5	7	3	5	1	0	4	10	7	10	0	3	3	14	3	1	0	0	0	1	0	0	0	0	0	0	0	1	0	0	0	0	0	0	0	0	0	0	0	0	1	10	8	18	0	0	0	0
hsa-miR-5584-3p	4	5	7	5	9	0	1	0	3	0	3	6	4	5	3	3	5	13	4	6	0	0	0	0	24	0	0	0	0	4	8	8	3	7	6	4	2	7	1	4	9	8	3	7	4	0	4	15	7	12	2	1	4	20	7	2	0	0	1	0	0	0	0	0	0	0	0	0	2	4	1	0	2	11	11	4	8	21	8	5	3	8	7	14	0	0	0	0
hsa-miR-5584-5p	24	16	11	25	30	1	7	10	16	4	22	24	24	47	24	16	34	25	28	27	16	20	13	7	63	18	13	24	7	8	23	23	22	19	24	13	7	9	10	15	42	32	26	21	9	2	8	58	33	44	11	12	11	7	24	8	9	11	3	6	22	10	1	0	15	12	6	5	12	22	20	9	7	18	16	20	17	39	51	7	18	14	17	38	21	12	14	5
hsa-miR-5585-3p	6	3	10	2	9	2	3	9	5	3	13	3	146	267	362	86	184	217	146	198	1	12	5	6	26	23	7	9	87	16	37	60	134	80	56	49	44	37	209	106	73	114	253	90	51	18	39	159	155	263	73	103	0	0	0	0	6	0	0	4	0	0	1	0	0	0	0	2	1	10	3	4	10	13	18	6	12	10	72	12	0	9	12	26	1	1	6	0
hsa-miR-5585-5p	23	11	7	3	21	6	2	9	12	3	12	20	13	10	21	9	15	26	23	21	6	29	13	14	30	6	3	16	2	10	23	18	7	22	7	6	7	5	12	38	24	58	9	24	15	3	95	24	20	12	8	6	6	4	16	7	7	13	0	2	21	3	1	2	20	35	2	3	4	11	4	14	7	24	10	20	23	17	34	21	4	19	22	44	5	8	10	7
hsa-miR-5586-5p	16	8	5	25	5	2	19	10	60	6	39	6	18	17	17	12	7	62	42	17	9	3	14	13	27	13	40	8	1	6	14	11	4	10	22	20	6	1	6	4	19	5	6	26	10	4	30	42	16	8	15	5	22	7	12	1	16	0	3	6	0	0	1	2	13	0	0	6	14	4	127	4	2	22	7	4	3	12	25	20	7	21	20	35	17	4	4	2
hsa-miR-5587-3p	27	6	14	12	12	3	5	5	10	0	8	4	20	30	29	23	23	37	22	30	13	9	11	10	42	11	12	17	11	13	26	26	13	20	11	19	6	10	12	11	33	26	20	36	10	4	16	31	36	18	17	8	11	6	36	4	5	4	3	0	5	5	0	0	17	0	0	4	6	12	4	9	7	13	15	22	19	9	39	12	2	9	12	40	9	2	8	4
hsa-miR-5587-5p	8	7	3	12	11	7	5	2	15	3	17	2	20	18	15	11	15	11	22	10	4	6	18	22	39	6	5	8	6	3	12	6	12	11	11	10	6	1	5	5	23	8	10	17	7	3	9	28	8	3	4	6	14	6	26	5	4	1	3	4	14	2	0	2	18	0	0	2	1	3	9	4	7	22	13	12	12	14	16	10	4	14	11	19	0	0	0	0
hsa-miR-5588-5p	10	7	2	8	7	1	0	1	8	1	8	7	4	10	8	5	4	5	12	9	4	14	6	21	16	8	7	3	11	5	13	10	9	8	7	5	4	2	7	3	9	5	10	8	4	0	2	10	8	9	0	1	7	7	11	1	4	0	0	3	0	0	1	2	12	0	0	0	3	7	8	6	1	15	4	4	4	8	17	5	0	8	8	16	2	5	2	0
hsa-miR-5589-3p	0	0	0	0	6	1	2	3	8	6	7	29	5	8	4	6	0	2	10	0	5	11	4	3	0	0	0	0	0	0	0	0	6	10	1	1	3	0	3	1	0	0	0	0	0	1	5	0	14	4	3	0	0	0	0	0	0	0	0	0	0	0	0	2	0	0	0	2	0	0	0	2	1	2	8	5	3	6	14	7	1	7	5	13	0	0	0	0
hsa-miR-5589-5p	9	7	4	4	7	2	2	3	0	0	0	0	4	6	7	7	27	14	17	28	0	0	0	0	24	2	2	7	2	5	5	6	3	12	5	6	3	0	1	9	21	11	10	20	7	0	9	7	8	10	12	4	2	3	16	0	5	0	0	2	0	0	0	0	0	0	0	0	1	7	3	0	0	0	6	0	7	8	5	9	2	9	8	16	0	0	0	0
hsa-miR-5591-3p	12	4	3	4	15	1	0	5	0	0	0	0	2	13	5	8	8	6	5	5	0	0	0	0	15	0	0	0	0	0	0	0	9	7	3	5	3	3	4	1	6	5	5	6	2	0	3	15	4	6	1	3	0	0	0	0	0	4	2	0	12	0	0	0	0	10	1	0	0	0	0	0	3	8	2	6	7	8	6	10	1	10	5	14	0	0	0	0
hsa-miR-561-3p	9	10	7	13	9	1	7	0	20	7	19	6	0	0	0	1	0	0	0	0	8	5	14	6	23	5	7	16	6	3	2	11	8	8	6	2	0	1	1	1	10	2	0	0	0	0	0	5	0	0	0	1	14	8	8	8	4	0	1	0	0	0	0	0	0	0	0	0	5	10	14	2	4	10	3	3	13	9	12	17	0	9	14	35	4	2	10	3
hsa-miR-562	4	7	3	3	4	0	8	4	0	0	0	0	5	11	2	4	8	10	7	2	5	8	5	13	10	0	0	0	3	2	5	6	5	12	6	7	3	5	3	2	9	7	6	6	3	1	4	2	7	7	10	10	0	0	0	0	0	0	1	1	0	0	0	0	0	0	0	0	1	7	2	8	3	13	5	4	2	6	18	5	1	3	4	14	0	0	0	0
hsa-miR-564	17	5	1	5	2	0	1	1	2	8	5	2	15	29	58	14	29	47	19	22	10	22	12	9	28	19	11	18	25	6	12	7	22	13	21	15	8	9	27	23	14	23	39	16	6	7	6	26	42	50	20	25	7	3	10	2	0	0	0	0	0	0	0	0	0	0	0	0	9	8	1	3	23	27	10	9	24	10	25	18	4	24	11	16	0	11	1	1
hsa-miR-566	10	2	17	15	15	9	4	7	14	15	29	10	7	18	17	9	14	15	9	11	8	17	13	12	21	18	8	6	17	11	17	16	11	12	8	10	3	4	7	2	12	9	11	17	9	4	11	23	10	13	3	4	13	4	13	10	8	13	1	11	17	3	1	3	22	0	0	5	6	13	3	10	5	18	6	9	18	11	14	20	3	11	19	31	10	7	8	18
hsa-miR-567	7	4	2	2	5	0	0	3	8	1	12	6	8	6	10	9	13	8	9	6	9	11	5	13	35	2	4	4	4	7	13	13	7	15	2	2	1	3	1	7	11	13	9	10	8	2	9	7	1	8	3	3	8	2	8	2	4	0	2	0	0	0	0	0	14	0	0	5	3	1	2	1	3	10	7	9	6	6	8	4	2	6	4	21	5	4	3	10
hsa-miR-568	6	3	4	3	5	4	6	5	15	5	21	10	7	14	8	2	9	13	10	4	2	13	2	16	17	0	0	0	2	2	5	10	2	8	3	3	3	4	3	3	9	3	2	13	6	0	5	9	14	7	2	3	9	2	8	8	1	1	0	0	13	1	0	1	0	0	0	2	3	8	5	5	0	0	3	0	6	6	12	14	3	21	13	12	0	0	0	0
hsa-miR-5680	10	4	11	17	12	1	3	15	45	4	144	7	8	16	18	5	16	44	45	35	10	16	11	3	45	6	16	11	4	14	13	13	17	21	8	20	2	5	9	2	26	22	22	44	13	0	26	29	11	16	13	5	23	4	16	7	18	0	2	4	9	3	1	3	13	12	3	6	6	12	13	7	5	13	4	11	9	13	30	26	6	37	18	48	14	11	32	4
hsa-miR-5681b	8	9	8	4	9	0	5	19	39	2	8	4	14	18	3	5	9	8	7	10	5	21	2	6	35	2	7	6	6	6	4	10	5	9	6	6	7	4	17	3	8	21	11	18	10	7	10	17	7	13	6	8	5	3	10	3	1	0	0	0	0	0	0	2	11	0	0	0	2	5	3	6	6	9	7	6	7	11	23	15	3	18	8	38	17	5	10	1
hsa-miR-5682	32	15	8	11	9	4	3	6	24	1	22	5	60	93	108	37	42	60	44	57	13	22	30	9	68	24	22	14	50	27	29	26	42	38	14	17	7	13	41	18	53	30	46	41	20	17	13	46	22	41	13	4	7	13	31	4	6	0	3	1	12	5	2	3	0	10	2	1	9	14	5	10	20	27	30	12	20	10	39	37	1	16	22	34	4	4	4	5
hsa-miR-5683	4	13	2	5	10	3	7	3	7	1	7	10	7	22	10	4	18	13	17	15	10	11	7	3	28	8	3	13	6	4	14	13	12	10	3	3	1	6	9	9	23	19	9	19	4	3	12	18	10	18	3	15	3	3	4	0	5	5	3	0	13	1	0	0	10	0	0	3	1	8	5	3	0	13	9	10	7	14	24	11	1	14	11	19	5	3	4	17
hsa-miR-5684	7	16	4	7	8	3	1	3	9	7	13	12	24	36	58	16	39	45	20	26	6	7	5	4	23	11	24	8	16	11	23	30	20	30	27	7	12	19	65	34	34	24	31	15	10	14	8	33	53	21	21	47	12	7	10	3	0	3	0	2	11	4	0	2	0	0	0	0	1	2	13	6	6	16	14	8	10	10	30	11	3	15	10	21	11	0	4	3
hsa-miR-5685	12	3	5	5	5	1	1	3	10	1	3	4	7	26	28	7	14	16	17	20	6	7	5	8	27	5	8	10	2	3	8	12	6	14	7	5	2	7	13	7	20	15	14	13	10	16	8	23	16	12	6	12	4	4	10	3	2	0	1	0	0	0	0	0	0	0	0	0	6	3	2	9	9	8	18	12	5	15	15	3	1	0	2	15	0	0	0	0
hsa-miR-5687	0	0	0	0	4	1	2	2	0	0	0	0	4	13	12	1	5	13	0	12	0	0	0	0	12	0	0	0	5	0	10	12	0	0	0	0	1	3	1	1	10	3	3	6	4	5	0	10	6	6	2	5	0	0	0	0	0	2	0	0	12	1	0	0	0	0	0	0	0	0	0	0	2	5	0	6	0	0	0	0	0	0	0	0	0	0	0	0
hsa-miR-5689	18	9	11	6	10	7	1	3	11	0	3	2	13	15	16	8	8	24	6	14	12	12	25	28	30	6	4	9	8	10	22	25	2	7	11	6	2	1	6	2	13	20	6	9	5	1	8	23	19	7	2	4	7	12	12	2	4	5	3	5	23	5	0	4	0	0	0	1	3	5	6	3	4	13	11	5	16	5	22	9	4	5	12	30	1	5	1	1
hsa-miR-569	13	5	7	3	3	1	2	3	5	9	0	3	11	10	6	3	5	2	0	5	3	24	3	4	13	7	4	8	0	0	0	0	6	4	6	2	1	1	2	2	9	7	7	9	3	0	0	12	14	9	0	0	7	4	12	4	0	0	1	0	0	0	0	0	0	13	0	0	4	6	2	3	4	14	5	7	5	5	13	6	4	7	8	15	0	0	0	0
hsa-miR-5690	7	9	4	7	11	0	1	6	0	0	0	0	5	10	9	1	3	10	7	7	10	4	4	8	13	3	5	5	0	0	0	0	5	10	6	4	3	1	3	7	6	3	7	9	3	1	5	14	7	8	3	7	4	4	12	9	0	0	0	4	0	0	0	0	0	0	0	0	3	2	11	2	2	8	6	2	3	3	14	4	0	9	3	10	0	0	0	0
hsa-miR-5691	34	8	7	8	10	14	5	5	8	4	9	12	15	8	20	4	20	6	19	12	12	14	18	8	33	8	2	9	10	6	9	6	10	14	3	6	12	4	5	7	26	17	2223	14	7	1	14	28	13	10	9	8	7	4	35	6	0	4	0	4	9	6	0	2	17	0	0	6	3	6	5	10	10	15	6	8	8	12	19	16	3	15	9	27	4	8	2	9
hsa-miR-5692a	40	22	8	22	24	7	7	2	15	7	70	15	26	39	23	8	24	28	32	20	25	33	21	18	55	16	11	20	4	15	40	19	16	28	14	10	3	14	16	7	29	19	16	13	13	2	26	39	13	21	6	7	23	16	29	14	20	10	4	10	38	2	1	6	24	20	2	9	7	20	9	12	10	21	13	10	19	25	49	25	2	25	18	63	10	6	13	1
hsa-miR-5692c	0	0	0	0	7	3	1	1	0	0	0	0	4	8	3	3	0	0	7	0	0	0	0	0	0	0	0	0	6	0	2	4	2	5	5	4	1	1	1	5	3	12	0	0	0	0	5	10	0	0	0	1	0	0	0	0	0	0	1	0	0	0	0	0	0	0	0	0	0	0	0	0	4	8	8	2	7	7	14	2	0	0	0	0	0	0	0	0
hsa-miR-5694	10	6	6	8	31	36	9	12	17	6	16	10	22	19	24	17	19	26	25	15	6	13	4	10	66	1	10	10	7	26	15	25	32	122	69	16	4	10	4	16	26	23	9	25	12	3	16	42	13	18	10	10	5	3	10	4	13	29	2	6	30	4	0	0	19	3	36	12	5	6	2	5	19	11	22	32	8	5	51	5	13	40	46	59	5	21	3	7
hsa-miR-5695	8	2	4	8	8	0	5	3	11	3	5	7	9	9	4	3	11	0	2	10	2	9	12	3	20	4	5	9	2	1	2	3	0	0	0	0	0	0	2	0	14	10	5	8	2	1	2	2	0	0	1	6	9	3	10	4	0	0	2	0	0	0	0	0	0	0	0	0	2	5	5	4	4	4	1	4	4	6	7	2	0	4	4	15	0	0	0	0
hsa-miR-5696	5	4	10	10	4	2	5	5	13	4	15	6	20	24	39	11	26	45	47	31	0	0	0	0	24	13	10	11	3	8	27	30	10	13	2	14	4	11	13	77	58	47	19	37	22	1	139	45	22	48	10	8	0	0	0	0	5	7	2	0	12	0	0	0	0	0	0	1	0	0	0	0	7	14	5	2	39	20	66	10	2	6	9	27	4	4	11	4
hsa-miR-5697	10	5	2	10	5	3	5	6	6	0	10	10	14	7	2	5	4	12	6	8	6	30	9	12	19	5	10	3	1	4	4	3	0	0	0	0	1	2	2	3	8	8	4	5	12	4	4	10	11	6	1	0	1	7	42	3	4	0	1	2	0	0	0	3	75	0	0	0	4	4	11	5	0	0	4	0	4	11	6	4	2	16	5	34	9	0	3	3
hsa-miR-5698	10	4	4	9	15	2	6	2	37	0	19	23	11	32	13	6	30	22	31	35	40	6	41	8	49	11	3	11	8	22	14	27	22	21	27	4	4	12	13	5	50	14	10	4	9	1	6	13	13	42	3	3	21	11	7	5	10	1	2	10	16	10	0	0	17	10	6	9	7	4	14	14	3	5	10	6	14	19	32	11	7	13	15	46	8	8	7	12
hsa-miR-5699-3p	2	2	4	7	8	1	0	1	0	0	0	0	8	5	16	7	17	23	11	12	3	8	9	7	28	6	8	20	0	4	11	6	11	13	3	5	1	2	4	25	10	39	18	11	9	4	19	23	11	16	2	7	4	4	4	1	2	0	0	0	0	0	0	0	0	0	0	0	0	0	0	4	7	28	6	6	12	6	22	3	1	2	5	12	0	0	0	0
hsa-miR-5699-5p	38	16	18	26	44	6	7	4	24	11	21	16	33	50	49	20	46	66	56	39	7	66	27	22	93	36	30	27	8	8	22	18	30	42	37	13	7	28	65	31	44	75	57	43	26	7	50	64	35	40	34	28	14	17	50	9	26	22	1	8	15	3	4	5	71	10	8	8	4	13	7	24	26	40	33	27	24	35	67	25	9	28	29	53	13	8	14	10
hsa-miR-5700	6	6	4	5	7	1	7	6	42	1	37	5	8	11	9	5	9	21	5	8	13	3	11	8	18	4	2	2	9	4	10	12	17	7	4	13	1	3	4	3	6	9	4	22	8	1	12	12	10	6	3	4	14	8	7	7	0	0	1	0	0	0	0	0	0	0	0	0	2	18	2	3	2	15	4	8	5	8	15	11	3	15	10	25	0	4	4	1
hsa-miR-5701	19	8	13	17	5	1	6	11	7	3	11	3	18	15	25	5	37	20	11	14	19	13	29	16	38	8	4	0	18	2	11	9	8	18	16	9	2	5	19	12	5	13	32	16	13	2	9	19	11	28	4	8	10	7	8	9	8	4	1	0	12	7	0	0	10	10	0	0	0	0	0	6	7	13	17	11	17	10	19	10	4	14	10	23	3	2	8	2
hsa-miR-5702	26	11	15	9	17	1	6	4	18	0	45	7	20	23	18	9	16	44	34	27	9	20	14	47	29	13	6	4	6	7	22	16	14	27	7	19	8	0	13	11	34	22	35	24	9	1	35	31	26	25	16	9	14	17	46	3	0	0	0	1	0	0	0	0	0	0	0	3	7	12	16	12	10	16	10	10	16	11	16	28	2	19	26	57	12	5	10	6
hsa-miR-5703	45	10	12	24	19	5	8	8	22	15	48	13	39	50	90	27	64	99	71	58	11	43	36	17	95	44	29	35	54	24	31	40	39	60	30	45	12	29	68	46	52	65	61	56	20	45	49	73	79	51	35	36	20	14	21	6	6	2	5	0	13	5	0	4	0	0	0	7	10	15	5	11	29	41	41	26	52	29	76	56	7	50	55	124	13	8	12	7
hsa-miR-570-3p	9	9	7	12	4	6	2	4	9	11	6	16	11	13	5	9	8	9	14	7	0	0	0	0	19	8	12	17	7	1	5	6	7	9	7	3	1	2	4	6	11	10	9	6	3	4	10	12	1	10	6	4	9	5	13	3	30	16	7	11	17	5	1	5	27	0	0	15	14	9	18	0	6	4	5	3	3	11	27	10	1	13	4	16	0	0	0	0
hsa-miR-5704	5	2	5	7	13	1	3	1	15	0	31	4	8	17	8	5	21	21	27	12	7	11	13	8	28	8	8	12	4	3	4	20	14	22	8	14	3	0	8	4	16	16	14	23	6	2	13	28	7	22	7	3	7	5	6	1	8	3	4	0	11	6	1	5	0	0	0	8	3	12	2	5	11	16	3	4	5	7	21	30	3	31	27	55	11	4	10	3
hsa-miR-5705	10	3	4	6	6	1	1	2	10	7	17	2	9	19	19	7	3	22	7	13	0	0	0	0	38	8	5	6	13	7	7	12	10	6	8	7	2	6	3	15	17	21	4	26	5	3	18	10	5	8	6	6	10	6	9	5	7	0	1	7	0	0	1	1	0	0	0	0	3	11	1	0	6	17	3	10	10	7	23	8	5	15	10	15	6	3	6	0
hsa-miR-5706	6	1	7	5	3	2	4	2	0	0	0	0	10	8	12	9	23	14	4	16	5	7	7	5	32	5	10	11	1	8	17	10	15	8	8	8	2	4	3	12	17	14	15	15	5	3	9	23	13	19	2	5	5	9	9	4	0	0	3	2	0	0	1	0	0	0	0	0	0	0	0	2	4	18	14	18	4	5	28	8	0	11	13	12	0	0	0	0
hsa-miR-5707	0	0	0	0	3	4	0	25	5	0	8	16	11	8	46	8	6	18	8	13	4	19	3	4	42	1	1	4	5	4	12	35	11	6	3	2	8	6	5	12	9	8	10	13	8	0	11	7	16	11	13	4	6	1	4	4	0	0	2	0	0	0	0	2	0	0	0	0	0	15	1	3	1	6	4	3	6	9	14	4	1	7	10	14	1	3	5	1
hsa-miR-571	118	3	1	4	5	0	0	2	2	4	2	10	7	9	9	8	22	12	15	17	5	4	17	1	19	6	0	7	8	5	9	4	4	7	5	4	2	6	3	7	24	5	11	7	3	3	9	14	10	13	6	2	6	4	48	3	0	1	0	0	10	5	0	0	0	0	0	0	3	6	0	5	2	8	3	3	18	9	12	4	0	10	5	11	0	0	0	0
hsa-miR-572	27	22	33	20	20	3	10	11	14	19	17	18	24	41	39	24	53	43	48	35	13	16	21	21	115	33	18	32	39	20	53	34	41	50	18	20	12	19	38	50	55	55	95	61	28	15	87	58	40	29	27	24	11	20	37	23	14	20	3	15	42	6	0	11	26	15	6	17	14	15	6	16	29	42	23	19	38	32	53	49	3	38	39	94	4	34	13	7
hsa-miR-573	26	10	13	2	13	1	1	0	7	6	10	9	26	33	31	26	18	35	10	15	20	30	27	11	35	14	16	11	11	14	10	21	10	13	15	3	10	7	22	16	18	21	21	23	12	13	6	20	13	8	9	9	12	10	8	6	0	0	1	0	0	0	0	0	12	0	0	0	12	16	2	10	14	14	15	13	10	9	29	19	2	11	15	23	2	2	1	8
hsa-miR-5739	11	6	5	4	10	5	3	3	4	9	22	8	7	3	5	8	17	11	14	11	8	6	7	7	49	7	2	6	10	4	12	6	8	14	4	7	2	3	10	3	13	10	8	15	10	6	9	21	10	6	4	1	5	8	14	6	9	7	4	4	15	1	0	3	19	0	0	8	6	9	4	11	5	18	4	10	2	13	16	35	1	23	16	40	4	7	6	4
hsa-miR-574-3p	573	414	259	495	66	21	76	36	347	53	177	87	169	470	373	132	280	246	230	190	384	300	471	585	599	328	790	140	110	101	97	108	339	227	522	89	115	95	275	84	114	150	292	91	97	63	70	499	263	438	91	93	350	441	365	89	178	101	8	32	85	25	1	11	270	93	63	11	538	380	880	362	172	270	797	106	253	564	1047	102	166	241	93	224	268	22	52	9
hsa-miR-574-5p	48	32	12	78	4	4	19	4	70	2	24	30	12	56	12	29	12	14	7	9	8	17	20	40	54	49	171	21	12	22	13	9	50	21	241	5	9	28	34	1	6	8	3	8	3	1	0	67	24	54	0	5	67	158	96	8	31	72	3	12	6	4	0	1	147	8	36	0	68	6	584	18	7	40	202	7	37	188	337	12	108	74	17	63	142	3	6	1
hsa-miR-575	26	9	11	2	11	3	4	8	7	1	14	7	12	13	18	8	14	20	11	13	13	16	5	9	20	4	6	3	6	4	12	8	1	9	7	8	4	2	3	6	26	19	10	23	6	1	10	19	3	6	5	7	8	22	92	5	0	2	0	1	14	4	0	3	0	0	0	0	6	16	3	4	4	13	8	9	7	8	22	10	1	14	14	28	0	0	0	0
hsa-miR-576-3p	37	31	17	30	30	4	18	15	55	6	106	22	24	46	18	13	20	54	32	19	21	18	30	15	50	25	51	23	8	12	19	30	23	30	33	20	7	18	13	7	27	27	20	49	14	3	37	55	15	25	7	11	37	25	47	12	23	11	4	15	19	9	1	5	15	14	5	9	23	50	56	17	12	26	24	5	15	35	61	48	15	37	25	84	29	18	30	1
hsa-miR-576-5p	215	260	29	217	46	15	196	32	396	26	41	72	41	177	37	36	61	94	43	20	13	111	86	192	85	94	389	34	10	100	33	135	191	56	221	14	124	26	55	24	22	22	16	31	17	0	10	148	49	159	18	20	126	228	439	10	95	31	3	50	33	7	0	0	171	41	23	11	488	19	594	27	8	48	208	14	48	200	217	26	161	139	40	76	189	11	21	5
hsa-miR-578	10	3	3	3	1	1	0	4	16	1	19	8	7	9	9	5	6	12	11	7	0	0	0	0	22	12	1	4	6	2	5	12	10	4	4	4	5	4	2	2	18	10	7	13	5	0	11	13	2	9	7	4	10	8	10	4	4	5	1	4	12	3	1	2	12	0	0	3	0	0	0	0	1	11	5	5	3	1	19	8	3	11	11	16	6	1	3	2
hsa-miR-5787	16	18	25	22	18	9	5	3	10	0	18	9	17	15	23	9	26	25	18	11	9	50	11	7	105	14	3	25	16	5	13	23	10	23	18	7	8	10	14	4	29	27	16	19	6	5	14	27	14	26	10	7	9	12	23	10	21	11	0	9	26	9	0	9	29	0	0	9	11	6	2	9	15	23	18	13	22	22	26	28	3	19	26	76	9	4	14	1
hsa-miR-579-3p	10	12	1	20	7	4	0	9	28	3	42	13	14	32	16	7	10	16	21	17	2	11	15	30	34	11	35	11	7	7	8	17	13	12	11	4	3	5	10	6	16	9	13	16	4	3	9	22	14	21	14	6	20	6	10	1	5	3	3	2	15	4	1	1	14	0	0	4	12	6	13	3	7	13	4	1	7	13	41	23	6	28	19	29	9	8	15	1
hsa-miR-579-5p	7	14	6	4	7	2	7	7	10	15	5	5	15	15	8	6	3	14	7	7	5	7	15	10	13	7	23	5	15	8	6	12	7	10	9	3	8	5	6	5	7	13	7	9	4	9	4	14	14	12	4	5	8	5	9	4	0	0	1	1	0	0	0	0	10	0	0	0	9	5	14	10	12	4	9	7	8	9	14	7	0	10	5	14	4	2	5	9
hsa-miR-580-3p	13	6	3	7	5	2	5	3	12	4	9	5	11	7	9	11	9	10	5	5	7	9	4	6	13	1	8	8	7	3	7	10	7	9	19	5	2	1	5	6	7	4	9	26	7	0	7	12	7	1	2	3	5	0	15	2	0	0	1	0	0	0	0	0	0	0	0	0	8	9	17	8	1	8	5	5	7	14	13	9	1	17	12	13	10	1	6	2
hsa-miR-580-5p	3	3	2	4	9	0	1	4	5	0	3	9	9	9	11	2	17	21	16	14	0	0	0	0	23	4	4	12	4	3	14	10	2	10	6	14	0	3	5	10	12	15	9	12	9	1	8	16	11	8	6	6	5	1	3	10	0	0	0	2	0	0	0	0	0	0	0	2	2	3	2	0	1	1	9	7	7	9	7	16	0	13	10	28	0	0	0	0
hsa-miR-581	8	9	4	9	11	0	1	6	13	0	4	7	8	9	14	3	9	9	7	6	8	6	6	6	10	3	6	2	2	6	4	4	3	7	8	3	1	3	7	3	12	7	13	10	5	3	2	15	17	14	5	5	2	4	6	6	0	0	1	0	0	0	0	0	0	0	0	0	5	4	15	2	2	14	4	5	5	13	7	5	1	3	3	13	0	0	0	0
hsa-miR-582-3p	27	18	12	18	16	10	20	9	108	10	10	11	11	11	16	6	13	25	8	20	17	17	15	9	64	9	10	6	12	7	22	27	9	16	8	8	7	4	3	7	10	10	10	15	5	2	8	23	19	25	3	7	6	14	15	5	13	8	2	6	15	2	0	6	17	0	0	4	51	9	35	17	2	16	11	16	9	7	22	7	6	19	5	32	10	6	12	3
hsa-miR-582-5p	12	4	4	13	10	3	11	1	49	9	45	14	14	15	13	6	16	22	23	23	24	6	13	14	24	9	10	6	8	9	21	16	14	12	7	12	12	2	9	9	14	18	13	17	7	4	9	23	21	10	10	16	18	8	11	6	6	6	0	0	10	3	0	1	10	0	0	0	35	4	15	3	3	12	8	7	12	9	17	15	1	17	13	27	11	5	7	6
hsa-miR-583	3	4	4	2	0	0	0	0	4	0	4	6	0	6	8	2	2	0	0	3	2	6	7	12	22	3	1	6	0	0	0	0	6	8	6	1	1	3	1	1	7	5	6	4	1	0	0	2	0	0	0	0	0	0	0	0	0	0	0	0	0	0	0	0	0	0	0	0	0	0	0	1	0	4	1	1	5	4	10	7	3	9	2	10	0	0	0	0
hsa-miR-584-3p	10	14	21	13	19	2	6	3	16	10	15	6	13	13	17	13	13	23	16	9	5	5	4	17	43	15	53	8	11	6	9	19	16	9	19	2	6	3	15	16	27	14	146	14	7	4	6	23	14	12	9	6	10	7	9	11	0	5	1	5	21	1	0	2	0	0	0	5	14	7	37	4	5	11	17	13	13	13	23	11	7	14	5	36	14	4	4	0
hsa-miR-584-5p	2558	4144	916	5407	377	350	1556	203	2944	103	1486	1073	1832	12223	2445	1217	370	281	534	352	113	258	573	1874	1367	2756	10290	992	145	854	237	469	4316	1167	7258	332	818	1344	1982	105	93	95	186	95	208	57	68	3491	1697	5310	667	895	3727	5086	4392	182	6624	4720	484	1653	187	375	7	34	4751	1408	1376	122	1833	261	10151	1000	154	796	7526	210	807	7193	9989	506	4114	5555	1211	3582	6549	240	911	43
hsa-miR-585-5p	16	4	5	6	12	0	7	11	3	5	12	2	11	11	6	3	6	9	5	4	12	8	6	5	13	0	0	0	6	9	12	12	4	6	4	10	1	6	4	6	21	3	8	9	5	2	4	12	10	3	8	10	2	6	12	2	0	0	1	4	0	0	0	0	0	0	0	0	0	0	0	4	3	7	3	2	8	3	16	6	3	8	6	13	5	3	4	8
hsa-miR-587	0	0	0	0	1	1	6	0	3	1	7	3	18	24	25	11	12	24	13	11	2	3	8	14	17	10	3	3	2	5	8	11	8	15	3	0	8	3	16	9	12	9	10	8	4	6	4	22	26	22	11	15	0	0	0	0	0	0	0	0	0	0	0	0	0	0	0	0	11	9	4	11	6	10	4	2	6	6	10	5	3	1	8	11	0	0	0	0
hsa-miR-588	6	7	6	3	2	3	6	3	0	0	0	0	5	14	11	7	8	8	6	9	9	10	10	7	24	10	9	10	7	2	9	28	11	13	3	3	2	3	5	2	9	2	15	10	3	1	7	10	1	6	4	2	2	2	11	2	0	0	0	0	0	0	0	0	0	0	0	0	4	8	3	3	6	16	2	7	6	8	22	2	1	7	4	21	0	0	0	0
hsa-miR-589-3p	28	13	6	19	3	6	10	1	32	6	1	6	14	27	15	5	7	8	11	11	7	11	6	10	27	12	60	11	4	13	13	11	15	14	26	14	4	5	8	4	9	10	6	7	5	4	5	23	13	9	7	11	10	14	18	6	6	0	1	5	0	0	0	0	25	0	0	0	16	2	31	7	3	11	23	13	9	22	83	6	5	14	8	39	11	4	7	3
hsa-miR-589-5p	120	132	34	157	24	12	107	27	230	5	70	44	39	161	43	25	21	44	53	29	5	29	32	86	80	63	220	39	6	37	27	51	98	53	187	32	67	49	62	23	36	22	16	36	15	1	32	143	88	165	39	44	97	88	106	15	129	87	11	33	22	15	1	25	112	48	46	18	117	24	285	24	14	31	124	19	35	134	153	47	120	108	51	104	143	14	26	3
hsa-miR-590-3p	172	119	16	395	7	4	40	9	532	3	27	47	31	169	39	30	15	8	16	9	1	9	30	50	50	174	1005	14	5	54	12	5	113	25	420	7	8	5	28	5	4	12	7	7	6	8	2	92	28	84	5	5	126	170	83	2	47	15	1	12	4	1	0	0	154	9	11	0	330	3	2984	9	3	32	119	8	43	256	249	4	129	94	23	50	397	3	3	3
hsa-miR-591	4	9	2	2	6	9	8	3	24	1	63	7	15	16	8	7	10	15	19	26	5	15	4	5	22	7	3	6	5	10	19	15	13	25	5	16	4	0	8	6	34	7	6	9	7	4	12	18	15	12	9	4	15	2	10	6	8	1	1	1	10	3	1	4	25	0	0	6	2	10	8	6	6	19	1	7	4	4	16	10	1	13	10	25	3	8	9	5
hsa-miR-593-5p	28	23	24	23	49	20	11	15	13	7	19	14	32	36	40	17	44	51	49	27	19	25	17	23	72	14	15	22	23	9	29	23	18	26	12	19	9	15	24	12	37	31	40	40	22	8	21	54	33	26	13	10	21	5	27	12	10	26	7	12	42	9	1	5	23	39	11	6	10	23	5	23	23	25	26	17	21	37	43	17	8	24	21	72	4	5	8	8
hsa-miR-595	19	11	9	5	3	1	5	4	4	3	5	25	13	19	23	7	28	28	12	8	5	39	5	7	36	10	9	10	3	4	7	8	6	13	13	9	4	7	13	7	12	10	24	10	8	9	8	17	20	11	4	5	5	5	10	2	1	2	0	0	13	4	0	0	0	0	0	0	0	0	0	18	10	21	13	10	13	6	22	7	0	12	5	18	0	5	7	5
hsa-miR-596	40	16	14	14	34	2	11	21	10	7	9	7	18	33	56	22	51	33	34	33	8	72	60	15	201	32	12	28	16	12	40	51	20	46	19	15	5	19	56	26	40	34	215	24	29	24	37	56	22	37	17	18	14	30	38	15	17	10	2	5	18	1	0	0	17	15	4	0	9	12	4	7	21	71	21	56	91	19	38	26	1	17	31	80	4	4	6	2
hsa-miR-597-3p	4	10	8	2	11	2	3	4	13	10	17	9	9	18	3	2	2	9	8	3	0	0	0	0	17	10	9	6	3	0	4	4	7	3	15	3	2	4	9	0	8	2	2	6	2	0	5	8	8	7	5	3	5	8	17	7	6	0	0	0	0	0	0	7	14	0	0	4	4	4	9	0	0	0	4	0	4	16	15	2	4	8	7	14	0	0	0	0
hsa-miR-597-5p	29	18	17	8	17	4	8	2	13	6	10	16	25	17	10	14	37	36	14	31	14	15	12	62	97	5	23	12	9	12	21	25	11	19	7	13	0	2	5	15	40	23	20	26	19	2	11	28	21	31	14	7	13	11	46	5	11	5	2	3	17	1	0	6	50	0	0	5	10	4	20	9	7	24	12	10	18	17	41	7	3	19	13	32	2	7	4	7
hsa-miR-598-3p	158	128	35	157	30	19	139	19	594	18	74	61	63	193	64	35	35	67	45	31	18	36	48	70	135	84	346	38	16	45	41	66	125	59	160	18	41	20	62	30	34	34	30	45	21	7	42	129	106	248	46	55	128	152	204	22	73	49	14	32	26	6	2	2	171	58	28	9	149	15	747	37	17	72	135	22	43	165	205	80	73	123	65	137	174	21	27	23
hsa-miR-598-5p	25	11	3	20	9	5	5	2	26	10	15	9	16	20	18	10	17	33	14	20	17	37	19	11	66	15	14	17	15	10	13	12	14	24	9	14	4	7	7	10	20	14	10	16	9	2	12	23	24	21	15	6	8	10	16	6	11	4	2	0	17	8	0	0	14	17	3	0	6	11	6	4	5	19	12	13	31	8	26	12	2	14	14	35	8	3	11	4
hsa-miR-599	8	9	2	3	7	1	3	3	13	1	7	11	2	11	4	1	3	10	4	3	4	4	7	4	14	9	9	6	0	6	6	10	7	12	6	4	0	5	8	2	7	6	1	7	3	1	2	9	2	5	2	3	0	9	3	3	0	5	1	1	10	1	0	0	0	0	0	0	16	3	21	7	0	10	7	6	1	5	9	6	2	12	12	10	3	4	4	0
hsa-miR-600	5	13	1	1	6	2	2	0	5	0	5	15	8	10	9	1	13	18	6	9	1	6	13	4	19	6	5	8	0	0	0	0	3	10	9	5	3	8	21	7	4	10	14	3	11	1	10	20	10	6	2	5	0	0	0	0	0	0	0	0	0	0	0	0	0	0	0	1	0	0	0	4	10	6	6	4	6	7	16	1	2	4	5	30	0	0	0	0
hsa-miR-601	29	16	17	16	28	14	4	5	7	7	27	16	39	39	51	18	32	49	25	30	24	20	28	34	47	14	7	24	34	17	46	21	35	36	18	18	10	12	27	41	44	61	27	30	28	8	28	54	49	48	18	19	17	16	27	11	10	16	4	6	11	9	0	1	40	18	31	10	8	19	3	17	27	26	24	16	20	21	66	18	8	21	18	48	4	20	13	7
hsa-miR-602	19	8	5	2	7	5	2	6	10	2	5	21	14	19	23	12	34	18	14	19	8	10	12	12	50	7	7	12	15	5	7	26	13	15	7	9	8	5	10	9	14	17	683	20	12	6	5	18	28	8	7	13	4	0	11	3	2	7	1	1	13	3	1	0	0	10	3	3	4	12	2	7	7	15	9	9	18	9	23	12	1	15	8	44	3	2	2	4
hsa-miR-604	12	1	6	4	12	2	0	1	3	1	5	5	10	11	14	5	10	13	4	14	6	20	20	6	23	6	5	11	5	1	9	13	5	11	2	3	4	1	3	20	19	16	10	18	8	3	7	13	6	10	10	2	6	13	17	2	0	4	0	4	11	3	0	0	0	0	0	0	1	8	10	4	3	20	2	12	26	3	15	4	3	4	8	14	0	0	0	0
hsa-miR-605-3p	10	5	5	13	8	1	0	4	8	4	9	3	4	14	5	12	13	12	4	12	6	4	3	11	13	10	12	9	1	4	3	14	17	17	78	5	6	3	5	4	9	6	8	12	2	1	8	15	2	13	7	6	5	4	9	4	0	0	0	0	0	0	1	1	10	0	0	0	1	5	12	5	4	20	12	4	6	18	24	6	7	10	6	22	6	4	3	7
hsa-miR-605-5p	15	7	6	12	26	1	1	8	15	3	6	14	14	15	12	6	14	16	18	8	7	39	7	12	47	15	11	15	8	4	11	15	13	12	8	6	4	7	6	5	24	30	8	13	4	3	11	20	21	19	10	8	3	7	15	2	7	5	2	6	16	2	0	1	33	0	0	0	6	2	5	10	7	19	11	16	15	8	27	5	3	16	10	24	8	6	5	3
hsa-miR-606	20	35	26	6	16	6	3	5	38	7	68	23	29	28	29	15	15	20	24	32	30	15	22	9	37	11	10	12	11	10	23	28	17	27	5	9	5	5	11	10	38	16	11	29	15	3	22	17	26	14	2	3	24	19	7	14	16	6	1	3	16	6	1	4	0	16	1	6	3	21	11	9	6	17	3	5	14	12	46	10	5	13	23	48	6	16	12	17
hsa-miR-6068	72	22	19	9	16	8	5	2	10	8	14	12	24	29	20	21	27	39	30	18	23	16	34	24	79	32	4	21	21	14	21	43	18	28	15	17	13	12	21	21	27	17	175	37	14	11	20	59	36	31	13	20	18	15	354	28	11	13	2	8	11	3	0	5	26	0	0	5	9	19	5	15	10	33	11	24	26	24	65	17	6	15	25	81	2	4	7	3
hsa-miR-6070	72	9	8	2	8	2	5	1	6	2	6	11	11	12	22	8	22	19	10	5	9	64	50	11	43	15	7	12	7	5	9	17	9	12	9	14	3	3	16	5	16	13	18	37	5	3	9	10	26	15	4	9	4	20	164	9	0	0	2	3	0	0	0	0	0	0	0	0	12	10	4	7	8	29	11	9	30	15	10	11	2	11	13	20	3	4	4	3
hsa-miR-6071	11	7	5	10	0	0	0	0	7	6	4	1	6	13	21	5	8	9	13	11	4	17	8	5	27	14	34	11	7	3	8	13	6	3	11	2	3	4	13	8	5	10	10	4	3	10	5	14	11	9	7	2	7	3	23	4	0	0	0	4	0	0	0	0	40	0	0	0	3	3	14	5	7	17	18	6	7	9	12	14	3	13	8	15	6	2	2	0
hsa-miR-6072	35	5	6	9	8	2	2	3	5	0	10	4	14	30	30	10	30	24	27	12	10	21	27	38	80	23	16	21	19	8	24	20	12	22	23	5	5	9	22	9	17	22	32	7	7	0	11	25	19	15	9	1	14	20	11	10	7	2	1	1	12	4	1	1	0	0	0	0	10	14	2	16	18	26	34	14	20	12	92	17	1	10	11	24	0	0	0	0
hsa-miR-6074	11	6	4	1	21	6	1	8	9	1	10	14	18	12	26	9	15	9	20	18	10	18	9	17	22	7	6	14	7	5	12	15	5	12	11	8	2	4	10	12	21	29	13	29	11	0	18	25	14	18	13	2	5	7	13	7	3	0	0	1	0	0	0	0	0	10	2	6	1	11	2	7	8	19	6	8	12	8	50	9	3	8	15	24	1	3	9	11
hsa-miR-6075	33	17	32	27	30	8	10	10	10	15	20	21	49	58	97	36	70	75	43	61	37	19	22	12	102	26	28	38	51	20	23	46	46	32	26	23	22	21	70	38	62	76	54	75	26	13	37	67	55	53	34	17	19	10	31	7	23	10	2	8	43	7	0	7	25	14	15	16	10	98	4	18	26	43	36	34	29	31	95	24	7	31	32	51	9	19	21	1
hsa-miR-6076	10	12	6	5	8	1	2	1	0	0	0	0	14	11	15	10	18	31	9	6	0	12	5	4	24	4	4	10	5	2	20	14	7	19	3	9	8	6	8	14	13	18	7	17	7	4	8	24	12	20	6	7	7	3	6	1	5	6	1	2	10	4	0	0	12	0	0	3	1	5	1	3	1	8	5	5	6	4	14	6	0	2	11	18	0	0	0	0
hsa-miR-6077	9	10	5	2	7	8	1	0	5	6	12	5	7	12	24	4	5	11	11	9	2	10	13	23	64	7	5	13	9	8	27	8	7	6	10	2	5	4	7	3	6	7	11	9	6	4	7	16	4	11	9	11	5	4	12	2	0	1	0	0	10	2	0	0	0	0	0	0	5	1	1	7	3	17	9	3	15	10	28	7	0	8	8	27	0	0	0	0
hsa-miR-6078	106	90	108	78	22	15	15	6	27	4	45	21	266	536	575	204	315	386	274	310	72	74	93	72	374	158	101	191	140	53	77	86	217	265	108	91	147	240	408	206	267	289	309	215	165	114	131	382	429	359	402	425	71	31	47	42	17	19	7	10	13	5	0	5	26	13	3	9	60	76	13	83	225	135	238	133	122	115	261	193	11	152	142	165	8	10	4	6
hsa-miR-6079	55	48	34	27	17	3	4	2	6	0	12	14	58	92	89	39	56	74	47	56	37	45	125	54	139	76	55	50	45	27	22	53	71	108	51	22	16	20	67	36	28	52	68	31	28	17	16	58	40	90	21	22	22	36	24	19	5	3	0	3	13	7	0	1	10	12	0	6	35	25	14	46	68	55	88	57	64	67	119	58	4	43	37	56	0	7	10	5
hsa-miR-608	25	9	4	4	9	7	2	2	5	8	9	9	17	20	23	9	24	20	12	16	5	23	17	29	54	18	26	18	15	13	13	21	19	21	23	12	9	9	13	15	25	16	36	14	8	6	10	23	26	14	7	5	13	23	17	5	11	6	0	3	13	4	0	6	29	12	2	4	4	6	5	5	11	21	24	11	9	20	28	9	12	20	12	54	15	8	14	5
hsa-miR-6080	20	6	7	8	16	2	3	3	0	0	0	0	14	17	10	12	12	13	10	12	4	19	22	8	29	6	4	11	6	9	9	14	7	8	10	3	2	2	4	13	17	16	313	12	10	4	20	18	12	26	10	11	6	11	11	2	0	0	2	2	0	0	0	0	0	0	0	2	6	15	1	5	4	22	7	2	28	3	18	6	1	4	5	17	2	1	8	1
hsa-miR-6081	30	58	30	34	28	5	11	10	20	4	18	15	49	50	58	27	54	44	52	43	11	23	23	42	116	31	107	52	28	20	37	29	22	25	54	21	12	27	26	19	57	51	31	55	24	2	38	63	36	48	22	10	25	17	42	13	21	25	4	10	35	14	1	5	40	12	6	12	21	26	66	19	18	45	59	22	30	49	94	29	10	33	38	69	27	10	16	11
hsa-miR-6082	20	14	6	7	11	6	1	11	6	12	19	10	17	21	18	12	16	20	13	20	9	10	8	127	31	8	4	8	5	7	19	12	10	20	7	10	5	2	8	9	18	9	10	10	6	0	12	17	14	9	8	5	11	18	19	12	10	0	0	9	0	0	0	0	0	0	0	0	11	7	30	9	5	16	8	5	8	6	32	20	3	22	14	41	1	5	6	5
hsa-miR-6083	16	7	6	4	12	2	5	3	11	6	5	7	15	13	11	6	12	25	8	14	5	6	6	15	24	4	2	12	7	6	5	11	8	19	2	5	4	6	5	16	20	26	10	22	14	0	25	21	9	23	9	8	3	6	9	4	11	1	4	5	11	4	0	0	32	10	4	1	0	3	3	8	3	12	8	9	7	11	19	11	2	9	8	29	3	0	3	0
hsa-miR-6084	20	11	12	6	30	7	8	3	6	19	11	15	162	174	223	110	207	164	104	154	9	26	20	10	152	56	76	44	158	40	74	68	81	165	82	48	45	65	225	79	115	136	198	92	62	81	84	189	118	82	40	45	6	19	51	7	10	9	0	1	11	2	1	0	22	15	2	3	6	12	7	26	73	82	90	45	33	38	117	78	4	59	51	74	7	2	4	6
hsa-miR-6085	23	4	6	9	9	1	3	4	7	4	6	4	13	11	9	7	8	7	7	8	4	18	7	8	41	10	8	8	7	1	9	3	5	7	7	4	6	8	4	3	8	6	11	9	5	3	19	19	20	6	5	2	9	5	67	6	0	5	4	6	19	2	0	0	20	0	0	0	2	6	2	7	3	17	6	11	9	2	42	8	5	8	13	51	0	0	0	0
hsa-miR-6087	55	37	17	18	24	3	10	12	25	9	28	8	13	20	17	8	19	15	25	12	20	20	22	10	191	28	12	36	8	10	12	29	14	26	12	5	4	8	6	9	19	16	16	14	12	2	12	34	16	11	2	7	20	17	16	16	20	11	1	7	22	3	0	3	10	0	0	6	5	18	4	7	26	66	16	20	43	16	44	24	4	18	21	64	2	8	8	2
hsa-miR-6088	12	6	7	12	21	4	5	3	31	2	90	17	13	31	14	9	17	50	49	17	4	22	14	10	81	21	28	11	7	13	16	27	10	28	12	28	5	7	9	12	29	32	16	28	15	4	49	37	22	22	8	5	22	9	17	8	32	11	13	10	19	4	1	7	12	0	0	13	6	11	11	4	15	23	20	15	19	26	50	77	7	62	68	73	21	6	9	4
hsa-miR-6089	13	4	7	4	12	9	1	0	4	6	6	5	6	19	14	8	18	10	12	17	0	0	0	0	96	20	14	14	12	11	12	10	12	20	10	5	3	7	12	13	16	17	51	9	5	4	43	13	29	11	7	17	4	4	10	6	0	0	0	1	0	0	0	0	0	0	0	0	4	2	0	0	11	50	24	13	28	10	50	21	2	11	19	36	1	1	8	3
hsa-miR-609	9	4	1	3	8	5	2	2	5	1	12	8	15	15	15	6	16	12	12	10	9	4	3	4	21	7	8	4	2	5	8	12	10	8	3	1	5	4	4	5	10	12	19	11	6	0	8	13	1	4	2	2	2	4	13	6	0	0	1	0	0	0	0	0	10	0	0	0	2	6	0	0	1	5	2	3	5	12	15	10	3	8	8	14	0	0	0	0
hsa-miR-6090	19	7	20	7	22	10	4	1	3	12	13	6	3	24	2	8	27	8	13	25	11	12	11	8	34	11	5	10	9	2	20	11	16	18	13	7	4	8	12	12	23	14	57	13	2	1	13	9	15	18	8	4	5	6	36	5	9	12	1	3	17	7	0	0	16	0	0	0	2	15	1	8	6	14	5	12	13	10	16	24	4	31	20	38	3	7	11	14
hsa-miR-610	10	8	3	3	3	2	7	1	5	14	3	6	2	7	2	2	3	0	4	2	0	0	0	0	27	6	12	10	2	4	5	7	6	1	8	0	1	3	2	0	0	0	2	16	3	0	3	0	0	0	0	0	7	9	9	1	0	0	0	2	0	0	0	3	0	0	0	0	5	2	5	0	0	0	9	0	13	17	26	2	4	11	4	12	0	0	0	0
hsa-miR-611	11	6	6	6	27	6	3	0	5	16	5	6	22	45	44	9	32	34	29	31	11	9	10	11	59	14	11	12	24	9	14	16	21	20	16	14	17	29	45	17	29	29	175	13	17	10	15	28	24	36	10	12	2	6	17	5	2	0	0	0	0	0	0	0	0	10	1	0	5	4	5	5	7	17	7	18	10	5	10	13	0	7	12	41	0	4	2	1
hsa-miR-612	16	8	4	3	7	6	5	2	11	7	9	3	4	10	8	4	11	16	17	11	4	7	10	6	30	8	5	6	4	10	8	6	16	16	11	5	3	5	10	7	12	5	9	20	12	4	8	14	10	9	6	11	7	2	9	3	6	5	0	3	18	2	0	0	0	0	0	6	0	0	0	11	5	15	7	11	6	10	19	4	4	14	9	24	0	0	0	0
hsa-miR-6124	29	6	28	17	28	2	8	10	8	11	28	25	20	34	36	14	34	23	16	34	22	80	26	20	85	19	8	28	5	9	29	13	27	26	11	14	5	9	13	21	37	31	38	38	16	11	19	28	39	45	14	14	22	8	43	13	16	12	1	6	21	15	1	6	20	25	3	8	7	20	4	12	15	20	19	27	29	23	37	24	7	20	25	93	10	13	10	7
hsa-miR-6125	9	32	15	6	14	5	8	7	13	4	13	15	27	26	26	18	31	25	24	31	11	39	20	15	98	26	16	22	7	10	19	25	18	23	12	11	9	6	23	20	31	27	57	36	21	6	28	74	41	29	11	19	8	13	24	3	11	8	6	5	13	2	1	8	67	18	11	4	12	10	2	9	15	43	11	18	25	23	37	16	8	32	18	88	9	15	12	3
hsa-miR-6126	176	803	39	101	25	12	46	5	126	11	38	29	68	106	86	43	135	145	103	159	38	229	126	608	428	150	410	76	52	51	57	51	82	100	148	37	20	50	66	61	197	134	116	259	107	17	53	164	83	102	95	50	38	90	1412	37	41	44	7	21	50	5	1	11	70	22	15	16	152	37	770	37	52	175	147	108	166	178	176	88	31	80	63	153	61	13	22	15
hsa-miR-6127	9	10	9	7	10	1	9	6	7	1	8	6	17	19	22	6	32	79	33	33	16	17	19	4	58	41	51	28	28	9	17	17	47	38	22	17	14	25	55	27	22	30	56	21	8	12	29	58	15	8	9	18	8	35	6	1	6	0	2	0	0	0	0	2	0	0	0	0	8	12	8	8	38	39	35	30	33	36	87	26	2	19	24	34	5	5	4	2
hsa-miR-6128	9	10	10	8	15	5	3	10	12	7	13	3	12	34	12	5	22	13	11	13	12	17	8	17	55	7	2	10	3	0	9	8	5	9	11	4	1	1	3	13	23	23	12	10	4	1	13	10	27	9	5	4	13	8	18	16	0	4	0	3	10	1	0	5	0	0	0	7	10	4	7	7	1	16	13	10	11	7	66	6	0	5	9	16	2	7	10	4
hsa-miR-6129	12	9	2	5	8	5	4	4	3	3	7	9	10	15	4	7	9	8	7	8	6	9	10	41	14	4	2	7	3	5	8	9	15	12	8	5	7	7	6	5	17	7	8	12	3	2	3	18	11	9	3	4	1	13	6	1	4	0	0	0	14	3	0	0	13	0	0	0	3	9	7	5	3	11	7	15	8	12	17	13	1	18	8	18	3	5	5	0
hsa-miR-613	6	3	5	11	18	1	0	0	10	3	8	3	7	3	6	3	2	7	8	11	5	13	4	8	16	0	0	0	4	2	3	1	4	7	5	4	1	0	6	7	5	7	8	9	4	3	2	12	3	10	3	4	5	4	8	4	0	0	0	1	0	0	0	0	0	0	0	0	0	0	0	0	5	4	6	7	5	12	14	4	1	15	11	8	0	0	0	0
hsa-miR-6130	15	20	7	45	9	1	8	12	21	8	15	11	8	23	9	7	5	5	6	5	0	16	10	5	18	20	8	8	1	7	13	26	11	12	21	9	5	5	14	4	15	5	8	9	5	0	3	25	13	19	12	2	16	31	10	8	0	3	0	0	6	1	0	6	28	0	0	0	9	4	20	4	7	14	17	9	16	10	18	2	28	36	8	31	26	6	6	2
hsa-miR-6131	36	13	13	4	14	7	5	7	12	2	11	12	13	17	19	12	14	27	13	12	12	6	16	12	135	18	6	17	11	11	9	26	10	24	16	11	4	5	11	12	19	18	8	21	10	3	9	34	17	11	9	2	23	19	54	16	2	5	4	3	8	3	2	0	14	10	1	0	7	16	5	10	11	22	6	21	23	20	22	8	2	27	13	44	3	6	2	2
hsa-miR-6132	47	8	9	3	8	1	3	4	2	0	10	6	11	9	10	1	7	7	10	16	7	11	13	24	18	6	3	5	6	3	11	15	6	11	6	8	5	3	4	6	14	8	10	9	9	1	7	12	2	8	7	1	6	13	94	6	0	0	1	0	0	0	1	3	0	0	0	7	0	0	0	2	5	12	12	10	6	6	8	8	3	11	7	27	0	0	0	0
hsa-miR-6133	23	12	17	21	16	5	1	2	10	5	9	6	13	29	28	9	14	27	15	18	12	28	15	16	44	25	6	9	7	7	10	15	24	18	14	6	11	5	25	15	14	18	25	8	13	5	12	29	26	22	13	14	12	11	14	4	5	7	4	7	11	9	0	6	21	0	0	2	10	8	7	11	6	17	12	12	9	13	19	10	5	18	12	25	0	0	0	0
hsa-miR-6134	16	9	14	24	8	12	8	3	13	16	19	42	13	24	34	11	10	23	14	23	19	68	18	14	34	21	9	18	5	13	9	15	26	29	25	7	12	6	13	8	14	12	17	7	7	6	6	19	17	18	21	37	22	23	18	11	0	9	1	0	4	1	0	3	55	18	6	0	12	7	12	12	6	9	28	6	13	29	31	26	11	42	25	36	13	8	15	5
hsa-miR-614	8	10	15	9	14	4	0	8	9	1	15	6	15	27	17	9	15	17	19	13	0	0	0	0	33	10	9	21	8	5	10	10	12	18	6	4	4	2	3	10	16	8	17	16	9	5	11	14	9	11	6	6	10	7	11	9	0	8	0	2	18	1	0	1	0	0	0	4	2	14	8	0	10	13	5	7	11	10	126	10	0	11	9	25	4	4	5	3
hsa-miR-615-3p	31	8	12	6	5	0	3	9	5	3	14	5	18	16	25	19	28	17	13	21	9	13	5	5	45	11	10	9	13	9	18	18	23	18	21	11	6	12	12	15	12	13	13	16	7	8	8	18	24	27	6	14	7	12	25	6	0	11	2	6	9	1	0	0	0	0	0	0	4	7	1	8	9	22	8	24	14	16	26	15	3	9	15	40	7	6	6	3
hsa-miR-615-5p	40	17	10	7	17	4	5	12	7	4	4	16	34	25	29	19	86	37	23	47	6	21	28	14	137	16	11	46	39	18	35	19	36	44	18	22	16	19	47	24	28	34	38	20	20	17	17	62	32	30	10	16	16	8	53	9	8	11	3	8	9	1	0	0	36	0	0	0	9	8	6	11	18	20	25	18	23	7	73	34	5	31	20	65	2	2	6	3
hsa-miR-616-3p	16	17	11	23	7	4	4	3	11	2	16	9	24	24	20	12	15	27	22	15	20	15	10	11	41	15	8	15	3	13	12	22	15	19	28	6	9	6	10	17	16	18	15	22	11	1	10	29	28	38	3	11	18	14	17	6	8	15	1	8	15	4	0	3	32	11	6	2	5	8	8	11	3	19	21	8	12	20	33	15	7	15	23	57	15	10	10	6
hsa-miR-6165	3	3	1	3	14	6	2	7	0	0	0	0	6	2	7	3	4	9	4	7	14	3	3	1	22	0	0	0	19	5	16	7	4	9	4	6	2	5	10	5	5	11	4	13	3	1	10	15	8	9	5	3	5	2	6	2	10	4	2	4	15	1	0	5	15	15	2	3	0	0	0	3	9	11	8	12	7	5	17	4	0	2	5	22	0	0	0	0
hsa-miR-616-5p	58	18	7	10	18	4	2	5	20	9	30	11	33	27	24	8	22	27	34	14	11	64	19	246	50	27	12	15	19	11	11	22	14	25	16	11	7	8	14	9	21	24	25	28	5	7	8	32	13	13	8	10	16	59	110	5	0	0	0	1	0	0	0	0	36	0	0	0	13	22	43	10	16	26	20	26	13	10	43	15	4	10	18	31	6	11	9	4
hsa-miR-617	10	8	5	10	1	1	3	9	11	3	17	3	14	9	13	9	17	17	12	12	8	11	9	6	39	9	2	7	6	3	10	11	4	6	2	7	3	4	5	4	15	10	14	17	11	1	13	17	12	6	2	8	10	2	2	2	3	0	2	2	0	0	0	0	11	0	0	5	2	6	6	1	5	16	4	12	9	4	28	8	1	4	6	31	0	0	0	0
hsa-miR-618	42	24	11	24	48	11	22	22	52	12	57	106	35	36	31	13	20	35	45	19	12	34	16	15	49	21	11	27	5	9	23	69	17	26	17	10	12	6	12	21	45	62	30	62	13	4	77	56	25	34	26	21	18	17	24	11	22	33	6	11	19	6	0	5	40	33	10	6	11	22	12	16	8	27	20	19	27	27	131	18	22	30	25	53	16	9	23	7
hsa-miR-619-3p	36	13	11	26	13	7	6	1	14	17	18	8	21	51	63	18	63	84	47	93	16	31	36	12	64	24	23	22	17	12	30	31	28	50	19	6	11	15	25	13	56	50	57	62	37	10	31	44	29	17	21	30	16	11	17	16	5	15	2	7	9	6	0	3	0	16	0	5	14	22	8	22	22	51	30	15	26	20	39	32	2	26	27	28	1	8	1	6
hsa-miR-619-5p	8	9	6	10	13	4	5	2	8	2	10	13	14	17	10	8	13	11	8	6	3	6	11	10	16	3	9	10	2	2	7	12	9	8	7	4	2	1	4	5	21	18	9	7	9	1	8	14	12	15	6	3	4	8	21	2	6	0	0	5	0	0	0	0	0	10	3	8	7	10	5	3	5	8	14	5	13	10	28	2	1	7	5	22	4	3	4	2
hsa-miR-621	65	40	35	30	14	8	9	6	13	19	9	10	204	334	380	136	262	299	173	242	36	21	29	43	211	174	144	105	151	65	104	75	225	238	174	118	98	155	393	186	144	175	182	113	91	64	93	289	342	557	184	183	41	18	25	19	5	0	0	4	0	0	0	0	0	0	0	3	39	46	9	54	150	105	228	111	90	105	187	174	2	121	111	134	4	6	5	9
hsa-miR-622	13	5	9	17	5	2	1	2	8	2	7	4	11	35	29	13	19	42	24	30	9	8	9	15	26	10	11	22	6	4	14	18	13	19	11	14	1	4	17	14	16	21	30	17	14	3	6	23	20	26	9	5	9	4	5	3	4	5	2	2	15	0	0	0	0	0	0	4	9	17	7	12	6	15	8	13	9	16	29	17	1	15	13	24	3	0	12	3
hsa-miR-623	36	16	31	38	48	10	11	4	9	30	17	11	60	61	105	44	79	60	46	43	40	28	49	14	204	95	41	85	148	40	56	86	83	151	41	61	24	42	74	47	54	32	45	37	22	13	22	56	51	61	19	21	11	16	5	8	5	11	4	4	20	4	0	2	37	0	0	11	7	30	1	25	173	74	134	147	63	76	156	158	7	116	110	135	8	11	4	13
hsa-miR-624-3p	10	7	9	3	4	4	7	4	12	0	3	8	10	12	9	3	13	16	5	12	11	9	9	10	20	7	10	9	3	9	11	8	10	6	5	10	2	3	6	5	13	12	5	27	4	3	4	14	4	15	3	4	4	10	10	1	0	1	0	0	12	1	0	0	11	0	0	0	7	4	15	5	3	7	6	7	1	13	15	7	1	15	5	28	5	3	11	3
hsa-miR-624-5p	13	5	6	9	3	2	7	3	13	0	2	11	12	32	24	3	14	14	19	13	6	12	18	7	35	26	47	10	9	2	13	11	16	11	16	0	1	6	12	10	18	11	18	16	6	2	12	25	14	27	11	7	5	8	11	1	0	2	2	0	10	2	0	1	0	0	0	0	32	8	20	2	12	15	21	3	20	30	36	17	0	26	17	24	0	0	0	0
hsa-miR-625-3p	2362	3805	859	3547	361	350	622	208	1189	119	534	438	305	2787	637	326	202	312	228	121	169	192	277	933	12685	1601	6805	510	65	416	137	302	741	702	728	141	148	151	316	57	66	44	82	63	178	43	53	1632	688	898	588	904	687	912	752	66	540	360	57	254	191	126	2	28	1473	626	583	204	497	194	1244	107	3491	1912	16070	6912	1586	1564	10140	289	615	1105	642	895	946	61	174	47
hsa-miR-625-5p	1711	1174	332	2721	66	58	166	32	613	13	224	118	102	1242	167	81	45	27	57	33	9	35	73	338	232	1095	4254	163	36	103	33	57	349	123	1077	28	58	103	231	4	18	9	10	10	26	8	15	545	265	462	151	202	296	414	288	11	253	267	11	61	38	44	1	4	890	296	189	18	177	5	723	67	22	82	2703	67	174	1063	1763	61	311	370	115	274	720	15	61	8
hsa-miR-626	41	39	34	28	36	11	12	19	93	13	288	15	60	83	76	39	45	112	86	50	33	39	46	20	93	46	31	38	24	26	60	54	27	69	31	53	21	15	34	18	61	67	37	84	26	10	61	62	44	26	43	17	66	41	49	22	26	21	11	15	31	15	0	9	64	16	8	11	16	52	22	24	24	41	28	27	18	42	57	78	9	74	68	131	21	21	31	14
hsa-miR-627-3p	10	22	30	20	26	15	1	16	29	4	17	30	31	24	50	17	46	39	22	36	8	24	11	19	37	15	22	17	9	11	22	25	12	12	13	8	2	4	11	9	37	24	19	45	12	1	8	29	21	32	3	10	8	10	28	4	6	14	4	8	49	15	3	3	36	8	14	22	10	14	13	6	11	14	13	8	11	14	35	6	4	19	11	27	5	9	9	8
hsa-miR-627-5p	21	23	7	20	4	4	7	7	36	1	8	12	22	79	20	12	11	8	6	11	3	13	21	12	24	9	52	11	3	9	5	9	14	8	32	1	7	4	8	8	8	6	5	17	1	4	2	15	14	19	1	7	17	12	36	3	0	10	0	0	7	2	0	1	0	0	0	0	18	8	39	3	6	13	21	8	6	22	60	9	11	7	7	23	21	1	3	5
hsa-miR-628-3p	351	506	107	676	50	25	88	23	306	25	241	167	199	1202	332	113	60	80	133	86	22	44	62	147	114	254	795	70	27	76	49	54	572	123	614	54	47	68	143	31	54	56	41	55	48	13	37	318	124	474	87	101	273	528	276	21	259	126	25	83	33	25	1	9	284	133	70	16	119	15	418	59	11	112	676	48	105	813	1009	70	304	421	127	357	753	26	123	8
hsa-miR-628-5p	135	121	21	291	4	5	40	3	352	2	27	33	30	238	17	22	5	5	11	5	5	9	13	35	33	126	437	12	6	11	8	10	140	35	364	7	9	8	33	6	11	5	6	6	8	7	3	77	30	120	9	13	123	180	214	2	77	42	1	16	6	5	0	3	139	10	17	0	139	8	851	21	6	28	126	9	31	172	199	15	153	104	26	74	315	9	15	6
hsa-miR-629-3p	52	34	21	44	20	17	15	12	44	2	28	24	20	43	29	7	23	20	25	11	22	16	18	16	35	14	30	23	18	23	20	32	34	10	34	18	10	6	10	19	26	27	12	22	9	2	26	41	26	42	5	2	22	28	62	23	15	24	6	9	18	12	1	8	54	26	13	7	26	38	25	25	14	25	42	8	17	30	90	20	14	45	13	48	18	13	22	4
hsa-miR-629-5p	415	773	194	971	86	75	285	100	776	19	344	295	255	1239	411	190	119	186	115	95	161	263	303	315	355	278	671	267	80	475	171	544	542	213	921	102	186	279	209	101	75	101	58	63	45	22	63	612	324	1054	76	106	317	631	788	159	494	503	70	345	155	107	5	41	570	271	201	61	685	138	844	300	48	143	765	119	232	779	1408	197	359	531	204	617	694	94	269	63
hsa-miR-631	22	8	12	5	8	3	2	6	5	8	9	10	24	18	19	9	33	15	26	32	3	14	18	9	44	7	6	15	11	8	20	23	11	11	12	12	9	7	18	38	29	50	8	19	12	4	54	27	8	26	8	1	12	14	19	10	13	6	1	9	12	4	0	1	43	18	5	7	1	11	2	8	8	16	10	12	21	14	83	5	2	12	5	34	1	3	18	2
hsa-miR-632	0	0	0	0	0	0	0	0	0	0	0	0	7	5	11	7	9	8	8	10	0	0	0	0	22	0	0	0	1	2	4	5	0	0	0	0	1	4	3	3	6	4	9	13	7	3	3	10	8	9	6	7	0	0	0	0	0	1	0	3	11	0	0	0	0	0	0	0	0	0	0	0	0	6	3	6	13	2	10	3	1	3	3	22	2	1	2	1
hsa-miR-634	8	5	6	4	4	5	1	5	7	3	13	1	6	15	9	3	11	40	11	10	0	0	0	0	36	11	2	11	6	7	10	11	8	6	4	2	1	4	6	7	16	7	10	10	9	0	15	15	8	10	6	9	4	2	12	3	0	0	1	3	0	0	0	0	0	0	0	0	0	1	2	0	2	15	7	8	4	4	15	6	0	7	9	13	0	0	0	0
hsa-miR-635	21	23	24	26	22	11	14	14	19	15	34	19	24	26	34	12	20	23	24	25	28	44	24	22	80	25	14	20	27	6	19	26	24	26	9	11	5	10	11	10	17	28	19	30	9	8	12	24	18	25	6	13	20	17	19	13	13	14	2	8	51	8	1	9	20	18	1	13	13	30	13	23	18	32	19	17	24	24	61	30	7	20	33	51	3	20	20	15
hsa-miR-636	30	37	18	9	22	4	3	13	14	21	19	12	21	51	30	16	24	33	25	16	10	16	11	19	69	22	22	30	26	25	33	65	14	32	22	14	10	10	23	20	31	25	25	18	14	4	12	37	33	24	19	16	13	10	49	19	13	9	2	21	28	2	3	5	24	20	6	14	9	18	6	17	13	34	30	37	42	39	58	32	14	23	30	50	11	4	9	5
hsa-miR-637	19	8	6	9	18	2	5	1	22	7	21	9	21	31	33	13	28	93	43	33	5	9	21	75	66	10	10	15	6	4	20	25	17	31	15	18	7	11	13	15	35	37	22	34	19	6	51	45	27	37	20	24	15	16	13	10	0	4	0	5	11	2	1	1	26	0	0	3	7	6	2	8	3	27	4	14	14	7	12	49	3	42	29	59	5	5	8	10
hsa-miR-638	19	28	30	16	44	3	3	5	23	23	28	29	66	38	61	26	67	59	42	48	13	25	26	17	93	36	21	39	47	22	51	35	48	78	24	36	24	28	33	43	47	58	74	52	32	12	40	55	50	43	34	20	11	7	33	13	21	9	6	11	40	9	0	10	42	16	9	19	9	20	4	25	41	84	32	31	47	30	84	99	6	76	89	131	7	15	26	15
hsa-miR-639	18	9	15	5	7	5	0	4	5	0	12	6	6	11	17	9	20	22	8	10	3	29	11	11	30	8	2	14	7	1	11	16	14	14	10	11	4	8	13	14	18	12	21	12	11	7	8	9	16	20	9	3	7	10	14	5	7	0	1	6	0	0	2	0	0	0	0	0	5	4	4	9	9	11	4	8	11	11	23	10	4	13	13	20	2	6	5	7
hsa-miR-640	3	5	4	3	6	3	0	8	5	2	5	6	13	14	16	6	18	10	7	10	3	10	7	5	17	2	5	7	6	2	12	10	6	8	9	6	2	6	7	3	18	17	11	12	6	1	10	16	15	18	10	7	4	5	8	3	0	0	1	2	0	0	0	4	0	12	1	2	6	9	3	3	4	10	7	16	5	7	15	7	3	7	5	25	0	2	3	6
hsa-miR-641	22	28	8	20	6	2	16	9	23	5	21	12	15	28	9	5	15	25	16	10	10	10	20	20	32	24	62	8	6	5	12	17	13	15	15	7	6	3	7	6	21	12	8	12	3	0	11	26	13	12	2	4	19	20	25	2	10	9	1	4	7	5	1	2	16	0	0	1	15	6	45	4	4	16	19	3	10	38	40	31	8	27	17	37	18	5	10	5
hsa-miR-642a-5p	10	8	3	6	3	1	2	2	0	0	0	0	5	15	7	5	13	11	9	6	5	3	7	4	19	0	0	0	1	5	9	7	3	6	4	4	4	2	2	3	5	6	15	7	4	3	3	11	8	25	4	8	0	0	0	0	0	0	2	2	0	0	0	0	0	0	0	0	0	0	0	3	6	7	8	7	14	3	15	5	0	7	2	17	0	0	0	0
hsa-miR-643	21	13	11	14	18	7	3	0	29	0	7	11	25	59	47	25	52	42	39	34	9	12	11	18	71	26	27	23	18	7	14	12	19	31	27	7	3	13	37	16	37	19	43	27	14	6	12	42	31	25	18	16	6	9	20	10	13	10	0	6	12	8	0	0	0	15	6	9	13	13	15	9	18	36	25	6	17	19	42	24	4	26	14	27	4	13	9	4
hsa-miR-646	15	10	5	3	5	5	2	1	7	1	2	13	9	12	22	5	19	19	15	13	8	13	9	7	32	7	4	17	7	1	15	21	9	6	7	9	5	10	12	12	10	22	15	19	4	2	8	21	19	17	5	4	3	6	15	0	0	4	1	3	10	8	0	1	14	0	0	0	1	10	0	6	1	21	3	5	10	11	37	6	4	8	6	23	0	0	0	0
hsa-miR-647	8	4	4	6	11	0	1	2	4	0	11	13	5	4	6	11	6	8	9	6	6	10	4	2	24	3	5	6	8	6	3	9	4	17	7	9	1	1	5	6	10	9	9	13	7	0	5	10	9	2	0	2	5	6	11	8	0	0	0	0	0	0	0	0	0	0	0	0	0	12	0	2	0	0	5	0	10	4	13	6	2	10	5	19	0	0	0	0
hsa-miR-649	12	14	2	2	6	5	5	2	5	8	7	10	7	0	0	0	4	0	0	4	9	7	5	10	23	0	0	0	3	5	4	10	5	4	3	5	0	0	0	0	4	6	12	10	3	1	0	8	0	0	1	5	4	7	5	0	0	2	0	3	12	5	0	0	0	0	0	1	4	2	5	2	4	8	1	4	6	6	31	14	1	11	17	9	0	0	0	0
hsa-miR-6499-5p	14	6	3	7	5	2	6	2	6	1	9	9	30	64	71	33	56	60	46	26	4	7	9	14	39	12	6	15	18	10	16	17	18	30	29	15	14	16	61	12	30	42	64	28	25	15	18	53	27	40	20	13	10	10	13	3	0	0	0	3	0	0	0	0	14	0	0	0	2	7	4	3	10	12	9	7	5	11	25	11	2	11	10	22	0	1	6	2
hsa-miR-650	140	13	18	21	22	6	3	16	16	1	23	22	31	19	26	15	21	26	32	25	14	173	167	15	66	30	6	28	17	14	22	26	16	26	15	6	4	8	12	3	34	34	44	42	13	7	14	36	27	26	3	17	11	61	22	10	7	5	3	7	36	18	0	4	20	10	7	7	12	16	6	23	11	48	14	16	388	28	42	8	3	22	24	60	5	8	14	4
hsa-miR-6500-3p	7	9	3	6	10	1	3	3	6	4	4	4	10	12	13	8	22	10	6	12	8	5	4	5	34	6	5	5	2	9	7	11	9	3	5	9	1	6	5	5	8	7	8	5	5	4	2	14	2	10	1	0	8	10	5	4	3	0	0	0	0	0	0	0	0	0	0	0	2	4	2	12	0	6	7	4	10	9	12	0	2	0	2	16	2	7	5	2
hsa-miR-6500-5p	0	0	0	0	9	2	2	0	0	0	0	0	2	5	3	2	0	0	0	0	3	16	5	6	11	2	1	3	1	3	4	8	2	9	1	0	2	1	0	4	0	0	0	0	0	2	0	0	0	0	1	0	5	1	16	4	0	0	0	0	0	0	0	0	0	0	0	0	1	3	7	2	2	9	5	3	8	4	8	5	2	9	10	12	0	0	0	0
hsa-miR-6501-3p	0	0	0	0	8	1	5	5	3	3	6	6	3	5	10	4	4	12	0	10	0	0	0	0	18	6	2	7	3	2	10	10	4	2	1	10	3	0	2	6	5	7	10	6	2	0	0	10	4	7	4	3	0	0	0	0	0	0	0	2	0	0	0	0	0	0	0	0	0	0	0	0	8	10	8	5	1	4	23	9	1	9	9	14	1	1	2	7
hsa-miR-6501-5p	15	7	7	7	6	3	5	1	28	1	45	17	11	20	9	11	8	26	16	6	10	10	8	6	41	17	4	16	6	8	14	17	10	20	11	7	4	4	8	9	13	7	13	16	4	4	14	25	11	14	10	0	13	5	14	2	9	7	1	4	19	1	0	6	10	0	0	7	4	11	2	5	5	25	8	8	7	15	29	27	3	25	18	72	9	3	8	2
hsa-miR-6502-3p	13	7	10	5	10	9	2	6	8	1	10	7	20	15	13	6	13	13	11	10	13	6	7	13	32	7	9	16	11	13	30	26	12	13	3	10	7	3	7	4	14	20	3	22	15	2	12	15	4	9	0	2	16	9	35	4	8	2	3	7	23	4	0	4	12	11	3	6	5	10	5	9	2	9	14	8	7	3	21	4	4	17	16	21	1	10	7	14
hsa-miR-6503-3p	10	18	10	9	13	4	27	4	34	14	5	5	42	80	150	38	82	140	45	98	9	4	15	7	29	14	12	13	28	14	16	23	50	60	34	23	44	49	157	86	57	57	117	34	64	39	30	83	205	133	161	211	12	4	9	1	3	0	0	0	0	0	1	2	0	0	0	0	11	10	12	11	20	11	22	10	16	6	29	18	4	29	11	30	1	2	7	6
hsa-miR-6503-5p	7	10	4	7	22	1	3	2	16	10	12	9	14	15	16	10	13	17	10	14	10	16	14	13	37	7	9	9	7	5	9	10	12	11	10	11	5	5	11	4	13	20	16	21	8	2	16	14	9	14	6	11	4	17	25	4	0	6	0	4	11	3	0	4	10	0	0	4	7	7	6	5	1	15	12	12	14	5	25	18	2	22	15	48	7	5	8	6
hsa-miR-6505-5p	15	7	4	12	2	1	2	0	5	8	12	22	6	15	5	2	16	8	6	8	12	7	6	8	19	8	5	5	3	5	11	17	7	4	9	3	7	4	9	2	14	15	2	5	8	0	4	18	7	17	3	7	2	11	13	0	0	0	1	0	0	0	0	5	24	0	0	0	4	5	12	11	6	7	5	6	4	21	13	7	5	9	6	33	11	2	2	1
hsa-miR-6506-3p	7	1	2	3	4	2	2	3	3	3	15	1	9	2	7	3	5	8	0	13	2	25	7	9	11	0	0	0	5	3	4	11	5	9	2	4	4	1	3	5	7	8	7	8	4	2	0	14	15	14	4	3	3	2	7	2	0	0	0	3	0	0	0	0	0	17	7	4	0	0	0	6	3	11	3	5	4	3	7	13	0	9	16	9	1	2	8	5
hsa-miR-6506-5p	36	8	12	21	51	9	6	13	27	5	33	33	45	46	64	20	45	55	56	56	27	28	29	15	52	8	3	21	10	12	40	40	22	31	21	34	6	17	30	12	58	75	31	86	35	7	23	62	41	33	22	13	18	3	17	12	13	11	8	14	31	8	1	9	17	0	0	11	8	28	3	16	19	29	20	22	20	26	46	20	19	36	18	77	7	30	19	3
hsa-miR-6507-5p	18	16	6	10	29	3	7	5	23	10	37	27	24	26	19	11	19	36	29	24	20	15	18	9	44	7	15	19	7	12	22	31	22	16	12	13	8	7	16	13	28	24	14	39	16	0	19	37	24	35	8	9	14	21	44	4	10	6	1	5	30	1	2	4	261	0	0	2	4	14	4	8	5	21	6	14	8	50	73	18	2	32	15	52	13	9	7	2
hsa-miR-6509-3p	8	8	7	5	6	5	7	8	8	14	13	13	6	13	17	7	8	16	11	14	5	17	12	8	23	12	15	6	5	4	12	13	12	11	4	4	5	4	12	15	15	18	10	13	7	1	19	24	7	14	9	4	3	4	11	7	0	10	1	0	8	3	0	0	12	0	0	6	0	0	0	12	3	12	11	5	9	16	25	6	1	15	5	26	0	0	0	0
hsa-miR-6510-5p	10	2	8	1	6	10	0	1	4	71	4	9	7	9	10	5	9	18	8	7	9	7	12	9	28	7	4	10	6	4	7	9	6	11	8	4	3	5	6	3	8	6	6	12	4	2	5	10	11	6	4	3	2	6	5	5	11	0	1	6	0	0	0	3	16	0	0	0	0	0	0	6	5	14	5	14	10	13	10	10	1	18	9	16	0	0	0	0
hsa-miR-6511a-3p	16	17	2	25	9	0	6	5	7	3	9	5	13	37	11	3	3	9	9	15	12	17	3	86	20	13	35	7	5	10	11	16	41	15	58	3	4	12	8	2	7	11	13	8	4	0	4	19	11	18	3	2	7	16	23	4	0	5	1	0	13	1	0	0	0	0	0	0	8	3	28	3	2	15	20	4	10	30	75	13	5	21	12	21	22	4	5	3
hsa-miR-6511a-5p	7	12	3	1	9	5	2	4	8	2	8	10	7	7	14	5	7	17	12	11	0	0	0	0	31	6	6	15	3	6	11	13	11	11	2	7	3	2	10	6	15	17	14	9	11	2	12	11	6	11	6	4	4	7	14	6	6	4	1	6	22	2	1	1	20	13	11	0	2	4	3	0	7	23	9	12	8	2	14	8	2	7	12	26	0	0	0	0
hsa-miR-6511b-3p	18	8	9	7	17	4	8	9	9	4	12	15	37	43	32	16	37	39	20	43	9	26	15	16	51	15	32	17	19	23	14	27	18	27	27	15	19	13	22	16	36	23	22	34	29	7	18	51	30	30	21	20	14	13	19	7	1	6	1	4	16	2	0	0	0	0	0	0	1	10	5	3	17	21	20	20	17	28	65	25	5	29	28	44	9	4	9	2
hsa-miR-6511b-5p	12	3	5	11	11	6	3	5	9	4	4	5	16	7	17	8	15	15	15	27	0	0	0	0	45	10	9	9	8	7	15	19	8	7	13	7	3	3	7	10	15	16	6	16	8	2	16	17	21	5	9	7	6	4	7	4	12	10	2	6	18	6	0	5	13	12	6	11	3	6	3	0	12	16	6	10	7	9	17	7	2	12	9	18	2	10	10	0
hsa-miR-6512-5p	0	0	0	0	2	1	4	1	3	5	5	10	6	15	20	3	13	12	2	4	0	0	0	0	20	0	0	0	0	0	0	0	0	0	0	0	5	3	7	11	10	4	8	4	1	1	4	7	10	14	8	1	8	12	6	0	0	5	1	3	15	2	0	7	76	11	0	7	0	0	0	0	0	0	2	0	6	2	6	3	0	0	0	0	1	3	12	1
hsa-miR-6513-3p	34	40	21	26	27	4	15	13	26	9	28	35	28	33	26	21	15	19	13	26	10	29	13	27	25	14	55	20	29	10	35	33	40	23	44	23	7	7	10	26	37	38	11	31	16	0	40	53	23	20	12	5	21	23	23	9	0	0	0	0	0	0	0	2	0	0	0	0	28	13	60	12	8	10	31	17	21	45	85	6	18	25	6	53	32	13	17	4
hsa-miR-6513-5p	21	15	10	23	11	3	6	4	12	6	5	5	23	40	28	17	20	19	23	17	3	12	16	14	33	13	37	7	17	12	30	22	11	23	26	10	5	10	13	18	25	13	20	20	13	4	9	36	34	42	4	9	15	10	16	7	15	12	3	15	18	3	1	0	72	18	21	8	15	2	31	7	7	11	15	3	12	16	28	4	5	16	3	20	15	5	4	6
hsa-miR-6514-3p	33	29	35	34	35	9	8	10	45	3	39	17	25	56	70	13	37	59	56	37	22	31	17	16	73	24	26	26	1	17	30	30	12	27	18	15	13	18	21	17	52	27	33	42	25	6	75	70	44	38	31	19	33	9	13	11	6	0	1	5	0	0	0	1	16	0	0	0	20	21	14	10	25	54	22	16	20	25	79	42	11	48	44	79	13	10	17	1
hsa-miR-6514-5p	15	14	13	27	5	0	14	3	20	1	11	11	12	29	22	8	24	12	22	30	21	10	16	25	28	11	18	8	14	6	17	16	24	15	38	6	3	8	2	12	11	11	7	15	4	4	14	23	18	28	1	4	16	19	45	2	25	8	6	10	28	7	1	11	23	15	7	9	10	4	22	8	6	20	19	11	5	17	26	13	13	30	15	27	20	5	11	3
hsa-miR-6515-3p	32	38	12	14	15	5	2	1	6	8	10	60	19	18	14	4	6	10	14	5	13	12	10	31	22	13	36	7	6	5	9	31	18	14	11	7	2	7	9	10	14	7	16	6	3	2	9	19	15	19	7	16	11	19	76	5	0	14	2	11	10	3	0	6	21	0	0	6	6	7	12	14	6	11	21	9	10	34	42	10	2	20	8	26	12	3	7	5
hsa-miR-6515-5p	12	12	10	15	24	6	11	15	10	9	21	6	23	31	23	16	24	24	23	13	15	15	16	9	60	10	15	10	13	11	21	23	17	24	22	16	7	8	10	8	29	16	19	16	10	3	9	39	24	37	6	8	14	10	12	6	0	3	3	3	13	0	0	0	0	0	0	0	6	8	9	14	3	22	16	24	8	34	44	31	10	26	17	56	9	10	6	1
hsa-miR-651-5p	20	30	5	30	7	1	5	3	64	7	11	10	11	32	13	6	2	21	9	15	9	7	17	58	26	16	49	3	7	7	8	10	12	17	29	5	6	1	7	7	16	11	7	6	1	1	1	19	19	14	9	4	15	25	22	6	12	14	3	6	22	2	0	4	49	11	8	7	43	14	97	8	3	12	27	3	4	18	16	12	8	18	6	18	35	6	7	1
hsa-miR-6516-3p	0	0	0	0	2	0	0	3	10	0	17	6	2	9	3	4	0	12	0	0	0	0	0	0	11	3	14	5	0	0	0	0	0	0	0	0	2	0	1	2	0	0	0	0	0	0	0	0	4	2	4	0	0	0	0	0	0	0	0	0	11	1	0	0	0	0	0	0	0	0	0	0	0	0	0	0	0	0	0	0	0	0	0	0	0	0	0	0
hsa-miR-6516-5p	12	14	2	17	0	0	0	0	0	0	0	0	6	10	8	4	0	0	3	0	4	4	5	5	13	8	46	8	0	5	3	13	12	6	17	4	0	5	3	2	0	0	0	0	0	1	1	0	0	0	3	0	0	0	0	0	0	0	0	0	0	0	0	0	0	0	0	0	0	0	0	7	4	8	12	11	5	26	33	5	5	6	5	10	9	5	5	0
hsa-miR-652-3p	472	709	65	627	33	15	189	25	625	25	47	94	131	577	100	112	51	58	68	38	20	57	112	144	354	456	2264	201	24	157	39	47	759	110	1347	45	139	211	202	15	17	12	15	13	24	4	8	327	87	312	19	42	262	558	489	30	365	282	26	62	31	8	0	3	224	50	82	8	306	14	1452	59	27	114	1255	31	143	1397	2279	49	394	373	115	321	408	13	34	10
hsa-miR-653-3p	13	7	8	4	9	1	2	2	9	3	3	15	11	16	22	10	15	12	4	12	5	12	3	5	30	0	0	0	5	4	30	10	5	9	6	4	1	4	7	8	7	6	12	13	6	3	1	6	6	9	2	4	2	3	5	4	0	1	0	0	24	0	0	0	0	0	0	0	4	3	2	6	2	9	7	12	12	6	4	9	2	9	5	22	0	0	0	0
hsa-miR-653-5p	7	8	3	7	11	9	1	2	9	10	17	43	9	10	7	5	6	10	8	7	11	12	10	12	33	8	7	5	6	5	5	8	2	9	3	6	2	1	2	4	9	5	14	15	4	1	8	11	5	11	2	2	8	15	16	8	0	2	0	0	10	1	0	0	0	0	0	0	0	0	0	8	3	15	13	12	18	7	28	6	0	8	0	7	4	3	7	4
hsa-miR-654-3p	728	1009	80	777	25	14	221	14	1246	58	228	158	77	397	136	157	54	32	52	52	24	39	83	475	267	661	3186	142	16	75	34	37	910	128	1349	57	336	222	478	11	17	19	45	23	26	12	17	637	455	2683	56	101	685	1141	902	14	589	236	24	76	28	22	2	0	996	307	187	9	45	9	178	12	15	131	1613	54	158	1594	2248	101	306	314	101	350	1653	39	104	8
hsa-miR-654-5p	5	6	3	1	10	5	3	1	7	2	4	9	7	7	7	5	12	9	8	9	0	0	0	0	11	6	16	9	10	3	11	12	9	6	5	4	4	3	2	2	6	8	10	10	7	2	1	12	10	22	4	0	2	12	16	2	4	0	1	0	0	0	0	0	21	0	0	0	1	6	2	0	1	6	8	7	2	10	28	4	2	13	4	17	5	2	1	2
hsa-miR-656-3p	12	11	7	3	16	3	2	2	16	2	9	19	12	18	13	7	6	7	10	9	6	3	10	7	21	6	20	13	2	5	4	19	11	13	7	7	3	3	3	2	11	10	5	8	10	0	6	12	5	8	0	5	9	6	4	11	0	2	0	2	21	5	0	0	11	0	0	0	0	0	0	8	0	10	5	10	11	9	26	5	5	13	7	19	6	4	4	11
hsa-miR-656-5p	8	9	5	16	10	3	1	7	14	12	20	18	24	20	24	10	10	21	23	6	9	6	7	9	33	7	6	22	5	2	19	18	4	8	7	8	2	3	2	4	26	21	18	21	5	5	8	19	10	13	3	2	7	7	24	7	5	10	3	2	11	2	0	1	18	0	0	2	5	19	5	10	5	15	8	8	13	12	33	0	2	5	7	15	5	2	5	8
hsa-miR-657	13	8	13	6	10	2	4	4	7	3	17	16	16	21	15	11	31	16	18	16	11	137	24	11	46	5	6	18	10	5	17	13	3	17	5	4	8	5	10	2	14	14	28	18	7	5	13	31	14	26	6	5	8	13	14	7	6	13	0	0	10	2	0	0	177	17	3	6	3	8	5	4	9	35	12	14	19	21	62	22	5	21	16	35	10	2	10	3
hsa-miR-658	12	12	19	8	12	5	7	6	11	3	11	12	19	17	23	6	13	21	13	20	19	20	19	54	42	11	9	9	14	9	22	13	11	23	12	7	7	8	12	20	15	25	45	52	8	3	25	30	22	15	6	8	9	19	33	15	0	4	1	4	15	1	3	5	14	0	0	5	1	9	5	21	5	17	16	11	13	8	31	21	3	28	17	29	4	2	8	4
hsa-miR-659-3p	9	1	2	4	8	5	11	2	5	21	6	3	5	5	7	3	0	6	0	0	0	0	0	0	19	0	0	0	2	3	4	3	5	4	3	2	2	0	3	8	4	3	0	0	0	0	0	10	5	5	2	1	0	0	0	0	0	0	0	1	0	0	0	0	0	0	0	0	1	7	4	0	3	12	4	4	5	8	9	6	1	7	8	13	0	0	0	0
hsa-miR-659-5p	13	11	3	8	2	3	8	5	22	1	13	81	17	19	19	9	10	13	15	15	12	26	9	30	42	8	12	13	1	7	9	31	10	14	10	6	5	6	5	8	20	22	8	24	7	2	31	16	10	18	3	5	19	10	25	7	6	4	3	2	18	2	3	5	0	11	3	6	9	19	14	5	3	17	10	13	15	3	54	7	3	5	8	25	2	4	12	2
hsa-miR-660-3p	20	9	7	5	3	4	1	3	12	3	27	7	3	12	12	8	11	12	11	5	3	23	14	49	18	9	8	11	2	5	11	12	7	12	10	3	4	6	8	7	15	20	7	5	7	0	29	9	8	3	0	5	5	13	15	8	7	5	2	1	15	4	0	4	0	0	0	2	4	4	9	3	6	16	13	4	9	8	59	7	4	13	9	31	0	0	0	0
hsa-miR-660-5p	665	500	166	380	115	34	275	127	1321	270	169	378	178	607	110	97	62	87	34	30	89	184	318	411	149	246	883	110	75	341	112	365	292	167	487	49	236	243	182	51	25	17	20	22	15	4	21	333	237	737	24	56	415	391	1434	135	257	207	26	273	73	32	2	28	964	398	124	94	853	111	931	289	107	174	848	76	168	311	547	126	573	513	181	317	493	38	88	36
hsa-miR-662	19	8	9	5	9	2	7	4	10	4	8	7	32	25	18	13	24	13	21	26	9	13	10	17	48	13	7	12	15	10	20	17	11	18	12	12	8	9	23	8	28	25	16	22	16	4	20	49	21	43	9	9	10	10	44	5	13	5	2	12	13	0	0	8	13	0	0	3	8	7	1	5	8	24	14	9	13	18	32	8	4	8	11	28	6	12	8	4
hsa-miR-663a	30	47	13	9	16	4	5	6	4	10	8	6	22	33	36	12	24	29	21	22	16	16	16	11	192	22	18	29	20	8	19	11	21	41	14	15	9	5	32	15	18	32	114	21	20	10	16	49	26	15	8	4	19	8	22	14	10	3	0	2	29	8	5	4	43	14	6	12	7	24	2	19	21	54	28	30	33	27	46	31	4	28	28	54	4	4	7	8
hsa-miR-663b	14	10	11	6	16	3	2	2	7	10	8	13	17	16	24	9	20	30	14	15	6	14	12	11	89	13	4	19	18	6	21	13	13	22	13	5	7	12	21	8	18	19	44	17	13	6	14	23	16	18	16	6	13	7	35	7	16	3	0	1	16	3	1	1	19	0	0	9	6	8	7	11	17	26	16	19	25	16	21	9	2	18	9	22	3	6	3	9
hsa-miR-664a-3p	63	53	14	72	16	7	30	9	79	10	36	25	29	61	34	18	37	42	33	30	21	30	28	43	53	55	176	24	11	23	24	33	68	34	69	10	13	24	31	14	42	13	23	32	28	4	15	71	21	47	7	15	50	64	55	14	32	13	2	10	17	7	2	4	49	10	7	8	42	11	112	16	10	37	97	31	23	120	217	23	37	80	23	106	55	13	16	3
hsa-miR-664a-5p	354	516	100	560	60	24	127	19	452	19	221	245	125	879	240	116	70	81	93	55	36	61	73	190	163	245	335	110	12	100	47	116	660	147	692	47	114	139	211	21	23	33	36	40	46	11	36	362	289	730	92	118	308	529	387	38	418	281	26	126	24	77	1	11	485	135	153	10	183	47	623	63	29	102	497	49	106	755	804	52	440	636	140	543	742	16	113	29
hsa-miR-664b-3p	0	0	0	0	2	5	3	1	24	6	1	1	5	13	3	3	0	0	31	0	0	0	0	0	0	7	21	7	0	0	0	0	17	0	9	4	4	1	7	2	4	5	0	0	0	0	3	8	0	0	0	17	1	12	8	0	0	0	0	0	0	0	0	0	0	0	0	0	6	5	20	0	0	12	10	4	5	17	27	2	3	5	8	13	0	0	0	0
hsa-miR-664b-5p	26	36	20	52	15	9	21	5	37	3	24	15	22	76	31	12	9	12	14	7	4	15	10	21	19	20	18	20	6	18	10	7	64	18	57	10	19	28	34	8	18	15	18	9	9	2	8	37	37	63	22	34	18	42	28	7	37	41	5	13	9	10	0	1	71	22	22	9	14	6	38	7	5	10	38	9	20	36	47	13	28	70	16	55	53	3	12	2
hsa-miR-665	29	10	7	12	4	3	2	1	15	0	11	6	15	17	47	10	22	32	19	20	6	7	9	12	31	23	90	10	13	2	17	17	10	12	35	3	5	10	23	25	16	15	20	18	13	7	7	16	47	50	20	41	17	20	26	1	13	5	0	0	10	1	0	0	23	0	0	0	6	7	5	3	2	13	43	15	17	44	76	7	1	8	11	13	13	0	4	1
hsa-miR-668-3p	50	37	21	36	49	7	10	13	22	13	80	18	24	33	36	25	56	42	49	34	11	27	24	27	116	26	33	22	17	18	27	39	21	49	27	10	11	11	22	13	64	41	66	84	19	5	31	44	24	60	17	26	23	36	41	20	31	19	8	11	52	14	1	13	51	29	11	15	9	19	4	15	15	61	18	18	29	42	80	75	14	79	44	103	22	8	21	6
hsa-miR-670-3p	22	10	8	8	12	9	2	1	6	8	6	6	25	36	50	6	34	47	19	23	29	6	21	14	36	9	5	8	30	7	14	8	19	30	17	9	12	14	29	16	24	24	27	25	11	8	12	29	34	30	27	19	9	4	13	6	0	0	2	0	0	0	0	2	0	0	0	0	7	21	6	7	9	17	10	14	17	11	26	17	4	31	29	32	3	4	3	3
hsa-miR-671-3p	209	264	38	372	12	9	72	9	97	13	58	51	47	274	72	44	24	20	34	18	5	15	30	130	69	99	231	29	7	29	20	8	209	67	388	14	47	73	96	12	29	11	6	14	14	2	9	152	80	203	17	32	169	183	218	9	233	159	15	59	16	12	2	1	236	78	76	6	81	2	367	48	11	47	226	23	54	250	324	17	154	166	50	124	294	12	51	1
hsa-miR-671-5p	190	196	57	205	47	26	48	7	230	1	71	38	74	251	64	72	37	40	42	34	19	41	50	106	252	134	311	92	25	43	20	38	199	61	594	26	35	127	103	24	28	17	32	16	23	3	30	149	75	88	14	22	162	151	203	17	139	220	11	32	14	8	2	10	50	25	34	9	70	19	451	47	44	78	295	32	74	357	480	46	145	156	67	246	215	7	34	7
hsa-miR-6715b-3p	10	9	5	3	5	1	2	3	0	0	0	0	11	21	16	2	15	18	4	16	13	17	10	9	17	6	5	4	7	5	10	8	10	11	8	9	4	2	15	3	17	10	21	6	2	6	5	14	11	20	6	18	4	6	7	9	0	0	0	1	0	0	0	0	0	0	0	0	4	2	0	3	8	10	4	9	22	7	20	7	2	8	8	10	0	0	0	0
hsa-miR-6715b-5p	30	18	16	20	20	0	9	6	10	0	14	17	27	43	55	21	31	37	34	55	14	22	18	37	54	23	13	20	15	8	29	28	7	31	20	21	13	14	27	20	30	22	33	26	20	4	20	43	37	50	9	10	24	12	16	10	8	8	4	3	18	9	1	7	0	15	1	9	27	18	8	25	15	22	23	12	8	16	42	18	5	33	26	39	5	10	10	2
hsa-miR-6716-3p	48	28	28	44	14	6	9	9	17	18	8	42	56	75	96	40	50	55	41	41	25	30	33	35	109	40	39	34	27	18	33	66	25	51	49	20	17	21	52	22	48	59	38	32	19	26	20	53	29	33	17	10	32	13	17	13	11	4	1	2	9	2	0	4	10	0	0	7	27	32	14	50	31	43	44	24	21	24	54	34	7	25	32	42	4	11	17	10
hsa-miR-6716-5p	17	2	5	5	10	6	4	5	6	6	9	50	6	16	5	9	7	15	4	7	7	26	14	8	26	7	3	6	4	13	17	17	9	7	7	10	4	6	5	3	10	12	20	11	7	0	14	19	6	11	7	1	7	4	18	4	17	17	3	9	22	5	0	7	11	12	2	0	4	9	2	11	5	21	2	9	16	12	25	8	1	21	7	32	0	0	0	0
hsa-miR-6717-5p	50	46	37	42	52	14	8	20	36	13	67	36	78	69	52	34	68	77	80	55	48	73	67	42	168	67	24	51	48	24	61	58	46	69	31	33	14	25	39	30	72	61	42	76	44	13	51	108	77	71	27	11	29	41	29	12	33	36	5	15	55	12	1	16	39	19	12	28	17	37	12	36	36	58	44	49	39	68	161	78	12	108	80	158	26	21	36	22
hsa-miR-6718-5p	6	6	1	3	7	8	0	1	6	2	9	10	7	6	17	4	8	9	11	13	4	6	0	19	22	8	6	4	1	4	15	14	6	2	6	12	3	2	3	2	9	8	7	14	3	2	7	9	6	19	3	10	3	0	3	0	5	0	0	0	0	0	0	0	12	0	0	0	3	1	8	3	5	6	14	3	3	5	28	3	2	4	7	13	0	0	0	0
hsa-miR-6720-3p	39	9	8	10	14	5	2	2	11	10	7	4	11	14	12	7	22	21	11	21	14	32	19	9	47	7	5	6	8	2	7	10	8	19	12	6	5	4	14	8	21	22	319	13	3	1	6	9	19	23	9	9	9	15	14	5	0	0	0	0	0	0	0	0	0	0	0	3	0	0	0	5	4	25	10	8	26	8	20	16	0	25	11	28	3	3	3	5
hsa-miR-6720-5p	52	10	16	4	11	9	1	14	12	5	15	7	29	25	27	19	26	67	30	23	6	57	37	9	50	18	12	13	18	13	23	24	17	20	10	13	7	13	28	28	24	26	49	18	10	6	15	42	47	31	15	18	13	13	16	9	6	7	3	3	10	3	3	0	12	12	2	4	4	7	2	1	14	32	16	10	42	18	36	14	4	8	6	61	1	3	6	5
hsa-miR-6721-5p	19	50	18	34	26	14	43	3	11	9	37	26	24	48	54	19	20	16	22	23	15	4	20	15	61	10	12	12	3	9	17	26	48	37	25	11	15	6	29	4	23	16	6	20	10	1	6	39	15	44	14	23	23	36	32	5	50	41	6	26	20	6	0	7	55	28	16	3	14	6	4	7	11	18	53	30	9	14	43	33	19	50	30	48	23	5	22	5
hsa-miR-6722-3p	12	4	10	1	14	3	2	1	3	8	19	4	25	15	18	6	23	17	15	12	5	11	8	5	43	6	9	10	12	3	7	6	6	16	11	4	3	7	12	9	19	17	24	24	11	3	5	21	18	16	7	11	7	11	35	7	2	3	1	2	23	7	1	6	17	0	0	0	2	6	2	7	2	13	14	13	16	13	24	9	5	11	12	32	4	8	4	0
hsa-miR-6722-5p	23	3	3	6	5	2	1	2	4	0	13	7	12	12	16	9	17	20	15	27	6	18	12	8	29	11	9	8	5	7	16	22	13	20	8	5	3	8	10	6	17	17	11	22	8	5	6	17	11	11	12	4	6	6	12	2	6	0	0	2	0	0	0	2	0	0	0	0	9	4	4	3	7	16	9	11	11	6	17	13	1	8	15	55	2	1	3	5
hsa-miR-6723-5p	9	16	8	4	12	4	1	8	10	5	19	11	1	14	11	6	11	15	14	12	12	20	37	31	23	4	3	10	5	2	8	13	6	13	5	7	5	3	5	24	23	26	22	14	4	4	15	15	20	18	5	7	7	6	32	9	0	7	0	2	9	2	0	0	0	15	2	1	3	13	4	2	2	13	8	10	42	14	26	9	2	10	17	21	6	9	6	4
hsa-miR-6724-5p	33	63	24	30	15	9	16	6	16	20	16	19	25	51	36	15	19	24	27	31	17	27	50	27	97	33	20	27	27	17	17	27	37	38	47	15	9	18	41	32	26	21	53	27	14	11	13	53	30	44	18	16	12	17	44	10	20	26	0	7	10	10	1	1	52	0	0	7	12	16	14	25	30	43	28	36	28	20	43	34	18	43	25	59	23	6	12	3
hsa-miR-6726-3p	55	7	10	8	13	4	2	8	9	4	6	6	16	38	31	13	21	35	31	23	17	59	62	21	49	23	18	20	9	14	28	24	22	12	6	11	2	14	19	11	33	24	28	25	18	3	13	19	20	29	16	10	13	53	18	3	4	5	1	7	12	2	2	0	0	0	0	8	9	17	0	10	13	37	32	14	149	19	41	19	3	24	20	27	5	4	4	3
hsa-miR-6726-5p	68	6	4	4	7	0	2	6	0	0	0	0	5	10	8	2	8	8	5	8	5	15	15	5	27	1	5	8	0	0	0	0	6	16	3	2	0	3	4	4	5	7	6	6	0	0	10	12	17	2	3	6	10	20	185	4	0	0	0	3	0	0	0	4	10	0	0	0	0	0	0	14	6	17	8	12	20	5	22	9	2	11	11	25	0	0	0	0
hsa-miR-6727-3p	6	7	4	1	10	5	5	1	0	0	0	0	7	9	12	2	9	8	11	11	0	0	0	0	24	7	3	9	3	6	3	12	5	12	5	3	7	2	3	4	11	4	8	8	3	0	11	9	4	2	4	3	0	0	0	0	0	0	1	0	0	0	0	0	0	0	0	0	4	5	4	0	5	11	4	7	7	7	8	4	2	8	2	19	0	0	0	0
hsa-miR-6727-5p	24	25	10	12	13	5	8	5	9	2	7	14	32	15	13	20	19	17	22	21	6	14	9	15	80	20	4	13	21	18	6	34	13	19	8	14	6	14	20	10	36	22	93	27	11	3	22	33	24	17	9	10	8	7	22	3	0	7	5	3	52	1	0	12	28	0	0	9	6	16	1	16	16	25	8	17	14	17	35	16	1	20	14	32	2	8	4	10
hsa-miR-6728-3p	0	0	0	0	9	2	1	2	7	3	12	4	6	8	7	5	8	6	5	7	10	7	7	3	16	5	6	3	0	0	0	0	10	9	8	4	4	3	8	5	10	4	7	11	3	3	2	18	9	15	8	4	2	5	15	5	0	0	2	0	0	0	0	0	0	0	0	0	0	3	3	2	0	0	5	0	7	6	12	4	1	5	5	13	0	0	0	0
hsa-miR-6728-5p	108	77	62	63	116	69	48	66	192	26	125	115	227	324	208	139	184	149	120	210	79	124	96	84	267	47	26	80	47	93	202	219	125	112	90	64	44	61	72	56	236	167	85	166	105	28	111	260	148	247	75	56	134	101	151	77	86	70	23	86	252	83	3	49	172	133	45	100	29	73	23	88	41	119	52	54	68	60	231	55	49	127	86	270	72	84	105	22
hsa-miR-6729-3p	54	28	46	19	31	14	6	14	23	10	25	23	49	80	80	38	74	84	55	52	42	43	80	40	125	38	12	45	51	31	51	44	61	42	26	30	13	37	60	52	66	61	74	58	28	34	41	79	90	86	36	31	27	23	41	18	11	20	7	13	38	10	1	5	48	27	5	11	29	38	7	30	50	74	31	33	42	29	65	35	10	42	41	83	11	12	25	20
hsa-miR-6729-5p	24	11	21	12	26	1	4	10	5	7	10	5	20	15	22	13	23	26	23	13	26	15	16	11	45	10	10	29	14	11	10	20	10	27	7	20	6	11	12	24	29	26	47	30	12	8	25	30	35	18	11	12	13	5	19	11	9	7	2	8	22	4	0	7	0	14	4	5	2	11	5	9	11	30	16	18	22	17	33	18	2	16	13	34	0	12	14	4
hsa-miR-6730-3p	6	2	7	5	8	3	4	5	6	3	11	7	9	7	6	8	15	8	18	15	0	0	0	0	24	8	7	10	4	12	9	17	21	2	3	3	3	5	2	5	12	17	11	12	15	1	4	18	9	5	3	2	6	7	24	4	0	6	0	1	10	3	0	4	11	12	1	0	2	2	1	0	1	11	2	8	6	11	16	7	1	7	11	34	0	0	0	0
hsa-miR-6730-5p	10	26	17	21	19	16	5	7	8	8	32	17	16	26	29	15	29	37	32	48	29	27	29	24	66	20	10	23	17	9	31	37	15	28	13	12	10	18	15	16	43	31	14	54	14	6	19	38	19	27	11	13	23	9	12	13	17	13	9	24	35	9	1	13	37	23	8	19	8	45	6	17	10	39	21	36	19	26	44	17	1	20	17	48	16	15	15	5
hsa-miR-6731-3p	11	9	6	16	23	7	7	9	11	5	65	6	17	20	14	8	20	41	43	23	4	28	6	12	44	10	10	14	5	6	14	14	8	23	9	13	4	6	10	6	28	19	19	44	7	1	30	30	14	18	11	8	7	6	8	3	21	9	0	12	23	9	1	3	19	12	3	5	2	15	3	4	7	23	5	12	9	15	44	25	4	23	24	37	7	8	13	1
hsa-miR-6731-5p	32	8	6	11	21	6	8	6	19	4	16	14	17	24	23	7	17	27	24	13	7	18	19	23	38	14	7	11	5	7	17	8	11	20	13	4	7	3	7	10	28	21	11	27	10	2	25	39	19	21	10	2	13	14	12	1	18	10	3	6	14	5	0	6	20	12	0	7	5	7	8	6	9	20	9	7	5	23	40	18	5	28	17	34	10	11	14	10
hsa-miR-6732-3p	121	64	113	102	32	6	20	5	6	11	21	10	60	115	159	45	83	82	57	70	104	103	117	102	151	61	49	43	51	25	51	33	54	74	56	52	24	23	105	48	64	61	118	47	38	19	33	90	104	85	49	51	61	37	60	47	16	7	1	10	11	5	0	7	30	17	7	6	108	96	27	113	57	78	68	45	47	41	67	57	4	47	46	80	4	9	17	12
hsa-miR-6732-5p	10	5	0	0	0	0	0	0	0	0	0	0	10	7	5	3	2	0	0	5	0	0	0	0	11	0	0	0	0	0	0	0	3	5	4	4	2	2	8	0	6	7	8	10	3	0	5	8	0	0	0	2	0	0	0	0	0	0	0	3	0	0	0	0	0	0	0	0	0	0	0	0	0	0	0	0	0	0	0	0	0	8	4	13	0	0	0	0
hsa-miR-6733-3p	23	11	4	14	15	0	6	7	5	10	7	0	18	41	53	17	35	21	21	19	22	10	11	14	39	23	16	7	12	9	6	30	14	25	9	10	6	4	36	19	12	17	38	7	8	7	8	28	25	36	6	19	6	9	8	7	0	0	0	0	0	0	0	0	12	0	0	4	9	11	6	11	15	17	16	15	21	12	15	25	3	20	25	29	2	0	2	1
hsa-miR-6733-5p	7	2	1	8	6	2	2	2	0	0	0	0	9	12	6	3	3	7	11	10	5	13	3	13	23	4	5	5	1	4	5	7	8	6	1	4	2	1	9	6	11	6	5	7	5	2	3	15	6	5	7	3	0	0	0	0	0	0	0	0	0	0	0	0	0	0	0	4	3	6	4	7	5	9	14	4	5	9	14	6	0	0	0	0	4	2	6	2
hsa-miR-6734-3p	10	7	4	11	16	0	1	6	7	4	4	7	20	26	14	10	21	16	9	12	9	5	3	7	40	12	11	9	9	5	8	8	2	21	14	5	5	10	13	9	26	15	5	18	4	7	13	21	19	20	6	9	7	15	12	3	0	5	0	3	7	4	0	0	0	0	0	0	5	8	6	4	8	18	13	25	21	22	48	7	3	15	5	16	4	1	3	0
hsa-miR-6734-5p	77	35	21	51	22	14	16	16	20	21	52	136	38	63	31	26	29	60	37	26	18	65	34	124	65	30	19	34	6	22	36	52	42	34	61	13	13	27	12	17	35	53	16	55	18	4	32	42	47	40	18	15	29	53	135	16	31	40	5	24	24	11	3	6	51	33	13	10	26	20	38	31	11	31	48	11	32	55	140	29	15	49	29	105	18	16	32	12
hsa-miR-6735-3p	12	8	6	15	5	7	9	3	11	1	47	8	7	14	10	5	10	16	28	11	5	11	18	4	41	10	12	12	5	3	10	13	4	7	6	4	2	2	7	6	10	10	4	22	6	0	18	26	25	12	11	3	24	10	4	4	21	1	5	4	19	2	0	14	0	0	0	5	1	9	5	4	5	18	8	7	17	12	22	12	3	18	12	24	5	1	2	7
hsa-miR-6735-5p	52	14	41	39	16	7	9	11	9	8	14	12	53	114	104	28	88	63	59	50	21	30	43	27	121	64	50	35	34	19	25	23	49	71	55	13	19	30	88	36	51	57	84	38	45	28	36	98	65	50	35	44	16	11	22	6	15	23	3	12	10	3	0	0	33	0	0	0	29	35	16	28	60	49	78	32	19	33	63	48	11	44	42	65	26	1	11	1
hsa-miR-6736-3p	9	15	22	7	16	3	5	5	11	1	18	8	8	14	13	9	5	18	7	14	12	7	9	7	33	5	4	8	7	7	14	22	16	18	5	10	4	10	11	15	8	10	7	9	10	8	5	36	7	13	6	6	8	2	13	10	10	11	2	4	14	3	2	16	0	0	0	6	1	4	0	6	3	10	4	7	11	10	18	3	2	13	10	29	5	4	7	3
hsa-miR-6737-3p	12	6	12	7	18	12	10	3	17	6	14	19	33	27	22	10	26	18	16	19	14	20	11	12	41	7	4	17	13	18	10	14	8	22	8	7	7	6	9	14	25	8	16	33	20	1	8	34	18	27	4	5	15	10	13	10	11	4	3	6	34	5	0	4	12	14	1	14	6	8	4	12	8	19	12	26	14	18	41	21	8	21	11	53	2	6	6	1
hsa-miR-6737-5p	33	50	15	9	15	12	17	12	20	2	36	8	33	17	25	15	21	45	25	26	30	38	21	20	90	14	19	22	18	25	28	45	23	39	12	24	10	10	22	32	26	28	14	32	20	8	17	50	29	17	6	13	17	18	24	11	7	8	2	10	25	3	0	1	14	32	4	18	6	19	1	18	9	26	23	34	17	17	38	38	4	28	35	62	6	13	14	2
hsa-miR-6738-5p	23	7	8	10	16	2	8	4	14	3	64	13	9	16	15	11	11	20	18	16	6	26	36	10	43	18	4	19	2	12	7	12	9	22	13	15	4	4	13	6	10	9	10	19	9	6	12	32	11	11	5	1	8	9	11	10	18	8	2	0	20	3	2	3	32	17	2	9	2	10	8	10	7	24	6	9	36	10	22	20	5	22	20	45	6	2	8	5
hsa-miR-6739-5p	6	10	12	11	10	4	1	3	7	5	8	16	3	0	0	0	0	3	0	0	6	7	3	4	28	16	8	11	8	2	19	19	24	16	30	6	0	0	0	0	0	0	0	0	0	0	0	0	10	6	0	0	10	9	5	11	0	7	1	4	12	0	0	0	12	0	0	0	4	8	2	6	9	8	20	17	10	13	35	8	6	8	11	34	7	4	5	9
hsa-miR-6740-3p	12	2	7	4	5	1	2	1	0	1	3	13	3	7	5	2	8	12	6	2	2	12	12	7	27	0	0	0	4	2	5	12	7	3	3	7	2	0	3	3	3	5	5	4	2	0	4	6	10	6	0	2	0	0	0	0	0	0	0	0	0	0	0	1	0	0	0	0	0	0	0	2	2	7	4	10	5	3	14	4	1	8	6	13	0	0	0	0
hsa-miR-6740-5p	14	8	23	18	39	14	10	29	22	3	27	47	27	43	55	29	63	36	37	34	13	25	22	25	41	15	10	34	25	17	49	37	17	24	11	16	9	9	13	36	43	86	12	48	24	7	68	34	43	61	8	7	9	13	28	7	14	12	9	13	63	17	1	7	45	40	15	17	6	22	1	11	16	24	22	18	19	29	192	22	13	27	15	57	2	11	32	10
hsa-miR-6741-3p	232	20	9	39	16	4	8	7	3	12	16	21	17	47	19	15	24	11	16	19	12	126	172	19	67	28	52	16	13	11	12	10	30	26	42	12	10	11	19	17	18	24	22	17	11	6	40	36	25	25	8	8	21	91	43	6	28	20	2	13	22	7	2	0	22	26	5	7	9	14	12	4	8	33	49	9	247	40	68	22	35	48	23	75	23	2	13	6
hsa-miR-6741-5p	25	17	8	19	11	2	2	6	7	1	13	9	13	33	11	7	13	9	13	11	6	8	9	12	27	13	16	8	4	10	5	15	21	16	34	7	6	9	12	3	15	12	15	12	4	4	9	22	8	23	3	10	19	15	23	6	15	21	2	10	11	2	0	4	25	12	5	4	8	2	10	8	7	13	30	19	19	14	26	8	9	9	10	13	13	1	5	1
hsa-miR-6742-5p	24	15	29	18	23	11	15	5	38	4	118	12	17	27	33	27	32	80	63	29	20	24	19	22	56	33	17	17	17	6	15	23	36	34	18	27	9	7	28	15	31	31	23	61	12	9	34	47	27	23	23	20	33	10	7	8	16	8	4	8	12	2	1	7	16	12	3	9	15	24	20	21	15	30	23	15	24	18	47	62	5	55	40	83	16	6	24	3
hsa-miR-6743-3p	298	200	296	215	27	10	15	10	16	6	14	25	52	129	125	65	99	115	77	82	289	195	279	197	247	92	41	67	76	30	45	60	101	105	45	55	43	52	133	81	67	67	83	68	56	60	35	114	133	116	95	82	208	120	178	139	10	18	5	18	8	4	1	4	25	12	1	8	189	231	33	215	107	121	77	87	157	41	88	122	5	92	84	121	2	5	14	9
hsa-miR-6743-5p	21	12	5	12	13	10	3	6	6	10	14	13	24	24	20	15	41	18	22	29	9	11	18	16	45	13	14	16	12	12	25	13	14	15	7	10	6	3	12	6	32	28	286	47	7	3	20	31	15	9	16	4	11	3	13	7	5	8	3	2	31	4	1	5	27	29	6	13	4	13	0	15	12	42	13	19	12	11	35	10	1	16	14	42	5	4	16	9
hsa-miR-6744-3p	4	7	5	8	0	0	0	0	3	7	1	1	9	12	7	8	13	14	13	16	0	0	0	0	8	0	0	0	10	4	5	3	4	2	5	4	5	2	10	5	7	6	15	9	1	4	4	11	15	8	7	6	0	0	0	0	0	0	0	2	0	0	0	0	0	0	0	0	0	0	0	0	0	0	9	0	8	6	10	3	0	4	5	13	0	0	0	0
hsa-miR-6744-5p	10	5	6	5	7	1	1	14	12	0	3	3	11	1	6	4	0	8	11	0	1	19	6	17	27	6	5	7	2	4	7	17	6	3	2	7	3	1	3	4	6	15	0	0	0	2	7	9	6	6	1	3	2	0	6	5	0	0	1	2	0	0	0	2	0	10	1	4	0	0	0	3	2	12	8	5	9	10	36	9	1	8	9	38	0	0	0	0
hsa-miR-6745	26	8	18	16	12	1	3	4	14	8	11	7	28	39	31	18	35	31	30	21	21	31	45	9	57	16	21	14	14	9	21	13	22	26	18	12	9	8	27	18	23	27	31	22	5	5	24	40	20	26	12	6	10	18	11	6	7	0	1	3	0	0	0	4	0	0	0	4	13	10	5	15	14	23	25	22	25	17	36	26	2	19	29	27	6	5	5	1
hsa-miR-6746-3p	24	12	20	12	25	2	8	6	29	8	49	14	17	15	46	11	31	24	18	17	19	20	18	6	64	14	8	17	17	9	15	29	19	25	10	22	7	8	22	17	26	25	25	37	14	5	36	33	29	23	7	11	14	15	25	12	21	13	4	6	18	2	1	4	26	18	4	10	3	14	3	15	14	25	8	14	23	13	38	50	9	40	44	79	4	11	18	6
hsa-miR-6746-5p	14	5	25	13	12	6	6	4	8	5	27	17	9	14	15	5	15	13	14	8	7	21	21	12	40	11	8	15	5	8	15	8	8	24	6	12	6	9	7	14	9	20	9	14	4	2	25	26	15	14	4	11	7	7	15	7	10	0	3	7	0	0	0	0	0	0	0	3	2	24	6	14	6	17	9	7	15	13	36	29	3	24	19	37	9	5	9	9
hsa-miR-6747-3p	30	14	6	35	14	2	11	9	7	7	14	14	9	39	22	7	17	8	5	8	8	24	16	17	31	18	41	12	14	22	12	11	29	13	50	12	11	7	12	15	14	15	11	5	11	5	11	27	23	33	19	7	13	15	55	4	28	14	2	9	14	6	0	0	41	0	0	5	13	4	26	12	5	11	28	15	11	24	38	11	17	35	14	38	20	1	9	1
hsa-miR-6747-5p	7	8	10	8	15	0	0	4	6	5	19	11	15	12	9	6	15	12	19	18	5	13	9	9	23	5	2	12	3	5	14	26	8	4	7	4	1	5	4	4	13	14	10	20	11	1	7	18	9	17	4	6	2	6	7	5	8	5	1	5	22	4	0	6	0	0	0	1	0	12	5	4	5	10	8	12	9	12	20	14	2	6	13	25	5	5	6	6
hsa-miR-6748-3p	18	2	6	6	16	7	1	5	12	1	10	7	18	28	7	5	22	46	13	42	8	5	12	12	17	5	4	8	5	8	14	9	14	7	12	6	2	4	9	7	17	15	12	30	9	1	6	18	8	10	8	7	7	7	15	5	6	1	3	1	18	1	0	4	22	0	0	4	4	2	2	4	5	13	5	10	18	14	12	11	2	20	12	35	3	10	9	1
hsa-miR-6748-5p	42	19	20	19	27	4	5	11	9	6	18	10	33	47	58	43	73	40	75	84	23	14	21	10	79	26	32	30	26	17	34	36	41	43	46	16	12	17	61	25	86	46	138	47	16	12	30	65	51	45	19	25	16	11	27	10	11	7	2	6	24	3	0	0	23	11	6	7	8	18	5	18	36	41	36	25	19	26	63	28	3	30	30	59	10	6	6	14
hsa-miR-6749-3p	7	4	23	7	10	7	6	5	11	2	13	3	10	23	21	10	16	17	10	8	13	21	11	4	34	10	12	8	12	9	9	13	22	19	12	5	12	6	11	13	23	10	23	16	11	1	13	17	24	10	15	8	12	3	13	8	1	0	0	2	0	0	0	5	0	0	0	0	6	11	6	8	12	16	14	13	10	22	19	15	1	10	22	21	0	0	0	0
hsa-miR-6749-5p	98	73	82	60	107	20	31	39	33	21	99	68	90	167	168	86	319	211	180	239	127	94	112	110	244	41	21	93	90	55	138	123	100	98	37	90	39	68	85	59	256	227	161	456	113	21	76	186	150	150	96	83	45	27	56	40	44	51	15	53	202	47	11	91	75	67	37	52	18	149	9	63	45	129	67	127	70	80	162	96	27	112	91	214	33	50	70	37
hsa-miR-6750-3p	28	23	13	14	17	3	4	2	7	10	11	9	18	22	22	16	43	14	23	17	15	16	29	17	44	19	23	19	12	11	12	9	12	16	4	13	1	5	17	12	40	32	23	45	14	4	11	19	20	20	18	5	9	12	26	4	5	5	2	4	13	0	0	0	10	0	0	4	14	10	23	14	11	22	18	16	22	20	29	10	1	18	14	26	4	4	7	0
hsa-miR-6750-5p	19	23	14	8	6	1	1	5	8	3	10	15	25	41	26	10	14	31	19	28	2	17	23	12	43	17	5	10	23	12	20	17	15	23	9	8	4	12	26	18	15	22	14	13	5	10	18	17	20	23	18	17	11	10	11	8	5	4	1	4	23	3	0	1	16	0	0	4	10	19	6	18	13	18	11	14	25	14	40	10	2	15	10	16	6	5	11	3
hsa-miR-6751-3p	14	5	3	1	7	1	4	3	0	0	0	0	8	6	7	3	7	4	1	7	0	0	0	0	19	12	3	4	5	4	8	12	1	8	3	7	5	6	3	7	9	11	5	6	3	0	5	17	10	17	0	1	0	0	0	0	9	4	2	5	24	3	0	9	0	0	0	2	0	6	1	0	1	14	7	7	16	9	25	3	3	3	2	15	4	2	3	1
hsa-miR-6751-5p	14	7	7	11	11	5	1	5	12	1	24	7	12	15	13	6	11	23	23	19	4	8	23	7	33	11	5	11	4	6	11	21	14	16	8	10	6	6	8	13	11	12	9	19	2	4	25	20	15	17	5	11	8	6	10	6	4	7	0	5	14	3	0	0	0	12	8	0	5	12	5	6	9	14	9	6	23	11	16	21	3	22	26	43	1	4	5	5
hsa-miR-6752-3p	25	17	14	14	25	6	4	7	10	7	32	12	20	37	26	14	34	22	30	45	10	12	28	25	51	10	7	18	12	12	25	21	24	26	12	27	6	10	11	13	48	38	15	55	15	5	28	42	26	34	6	8	18	8	20	4	0	5	1	0	13	2	0	3	12	0	0	0	3	7	8	16	7	16	14	14	5	24	66	21	4	26	15	48	9	11	12	1
hsa-miR-6752-5p	23	6	1	6	12	3	2	2	4	4	10	7	11	11	10	5	14	10	8	16	13	11	21	7	33	11	7	12	7	10	14	8	8	13	5	5	1	6	14	11	15	12	16	21	7	7	4	12	8	12	7	4	10	5	24	10	0	5	2	0	14	3	1	4	10	0	0	2	1	14	0	15	8	32	3	14	12	8	23	11	2	8	10	19	1	3	5	3
hsa-miR-675-3p	14	1	26	5	20	1	3	3	10	2	14	13	12	14	12	9	11	11	23	14	5	35	7	3	60	7	12	6	3	4	6	12	8	14	4	9	6	6	8	14	11	19	15	15	8	2	14	16	30	8	2	6	6	6	7	10	12	11	6	9	45	16	0	8	78	24	10	12	5	3	2	4	4	25	7	9	10	9	39	12	0	14	20	32	4	7	5	6
hsa-miR-6754-3p	6	3	1	7	2	3	1	5	0	0	0	0	5	12	6	1	6	0	4	10	0	0	0	0	26	2	8	7	5	2	7	8	5	4	6	5	2	4	3	6	8	7	13	5	6	0	3	10	0	0	0	5	2	6	4	1	6	9	0	3	20	1	0	0	0	14	0	0	3	3	2	0	5	10	7	5	2	8	12	1	0	6	2	16	0	0	0	0
hsa-miR-6754-5p	48	15	28	20	31	17	9	14	27	4	18	19	39	42	35	12	53	34	25	24	15	13	19	16	120	29	44	36	25	10	40	24	34	38	37	17	12	16	20	25	56	56	18	34	21	3	50	43	33	37	7	31	11	10	36	15	0	0	1	0	0	0	0	0	0	0	0	1	10	7	6	17	50	91	62	28	36	41	91	23	14	42	29	71	9	10	16	3
hsa-miR-6755-3p	0	0	0	0	15	2	3	3	12	2	7	17	85	111	186	71	193	225	107	133	18	1	10	5	152	80	82	63	59	29	39	48	87	130	139	37	53	97	272	81	132	146	170	83	80	85	63	217	120	100	127	186	3	7	10	2	9	27	4	10	23	9	0	8	43	25	14	12	0	0	0	6	67	91	101	34	25	46	90	49	2	36	36	37	5	3	0	2
hsa-miR-675-5p	40	14	11	4	11	7	8	1	8	3	27	3	10	10	19	8	15	19	9	14	2	21	23	9	55	19	10	12	7	5	6	18	4	11	7	7	5	4	12	7	24	17	10	19	10	0	21	25	5	12	1	2	8	3	9	5	4	0	1	5	0	0	0	0	0	0	0	0	3	5	2	5	9	12	10	9	29	11	18	6	1	15	8	34	2	1	6	6
hsa-miR-6756-3p	93	58	88	65	76	22	25	17	25	30	53	56	45	67	87	41	74	87	64	50	93	299	93	56	202	42	14	104	48	35	32	69	59	71	49	52	17	35	54	31	74	64	60	67	40	21	34	94	69	75	29	20	51	43	84	35	31	40	6	14	53	14	5	14	62	35	20	18	38	84	20	69	57	79	47	60	66	64	96	69	5	63	68	143	11	30	37	18
hsa-miR-6756-5p	51	1	12	3	13	2	7	1	5	2	8	3	11	11	9	6	4	10	22	35	8	56	74	6	34	10	3	10	4	6	8	11	11	16	6	4	4	3	6	9	22	12	9	4	9	0	4	9	11	12	4	4	8	27	6	4	3	6	0	4	12	3	0	0	13	0	0	0	4	6	3	9	10	16	6	11	96	8	9	12	4	6	6	23	5	2	5	3
hsa-miR-6757-5p	26	18	16	28	36	6	13	16	22	11	28	23	64	47	76	35	77	76	36	114	21	44	30	34	91	18	15	39	26	26	72	82	39	52	17	20	18	26	28	65	95	101	45	74	49	17	61	64	91	94	22	24	25	33	48	20	13	19	3	8	31	11	1	10	31	37	7	10	8	13	9	24	19	42	22	29	45	28	76	24	11	33	22	73	13	7	30	5
hsa-miR-6758-3p	15	5	14	11	5	1	2	4	10	6	14	11	21	28	17	10	22	22	12	15	7	14	18	15	42	13	20	12	30	7	11	12	9	37	17	9	5	17	15	8	9	14	16	15	14	2	12	26	10	11	2	2	8	5	12	3	6	0	0	2	0	0	0	0	0	12	1	0	10	10	11	6	8	10	16	5	8	13	22	28	0	32	23	35	4	14	5	3
hsa-miR-6758-5p	21	12	18	7	8	1	6	9	8	6	16	17	11	25	8	11	19	17	20	22	15	43	10	13	39	7	11	11	9	15	17	22	20	8	14	9	8	7	11	12	25	13	22	21	9	6	10	25	21	24	4	7	16	13	17	10	13	10	7	5	15	5	0	2	0	10	9	5	4	10	13	5	13	20	15	21	10	30	38	9	5	23	18	52	10	8	13	8
hsa-miR-6759-5p	3	2	2	7	2	3	5	2	10	0	27	4	12	10	14	2	4	10	7	4	0	0	0	0	30	4	6	8	6	3	6	5	6	9	3	2	1	1	4	4	5	6	12	6	2	0	9	10	5	2	1	3	0	0	0	0	1	0	0	0	0	0	0	0	0	0	0	0	2	3	3	0	3	14	1	5	8	8	13	3	0	0	0	0	0	0	0	0
hsa-miR-6760-3p	21	14	6	5	15	2	2	9	3	3	5	9	17	18	6	4	15	20	12	14	16	27	23	8	55	15	9	14	16	3	13	15	19	14	17	3	5	9	16	13	14	19	17	13	11	2	5	26	15	15	8	2	10	11	16	6	4	5	2	2	19	3	0	1	10	16	1	0	9	7	5	9	6	27	12	14	10	17	26	8	5	14	10	21	5	7	4	3
hsa-miR-6760-5p	5	5	7	3	10	3	2	5	4	5	5	5	7	12	6	4	9	9	5	7	7	13	3	3	26	7	1	6	7	6	5	9	4	12	4	5	4	7	7	7	6	14	9	9	5	5	9	13	13	8	4	4	4	5	11	5	3	5	2	2	16	1	2	3	0	0	0	0	3	4	2	1	5	7	6	10	5	7	16	12	4	11	5	23	0	0	0	0
hsa-miR-6761-3p	13	4	3	3	6	4	4	3	0	0	0	0	11	18	6	3	8	10	7	10	0	0	0	0	28	10	3	8	6	5	15	10	9	9	2	6	1	3	6	4	11	9	16	19	7	1	4	13	20	6	0	5	3	3	38	1	3	7	0	6	17	1	0	3	23	14	2	0	3	3	2	0	3	6	3	6	4	5	15	5	2	7	9	13	0	0	0	0
hsa-miR-6761-5p	16	13	8	6	6	2	2	5	5	7	11	6	4	12	9	5	12	13	7	7	5	8	12	9	32	7	5	13	7	2	5	13	9	17	8	2	3	5	10	3	20	9	14	7	5	2	2	15	6	8	3	7	4	3	5	6	0	0	0	2	10	2	0	0	14	0	0	2	0	0	0	4	8	10	11	12	11	6	15	5	1	13	13	13	1	8	2	5
hsa-miR-6762-3p	9	4	4	6	2	3	4	4	0	0	0	0	10	0	0	0	14	0	9	10	0	0	0	0	19	0	0	0	4	2	8	4	5	6	10	0	0	0	0	0	4	8	2	3	4	0	4	9	0	0	5	0	2	5	4	0	0	6	0	2	10	5	0	0	0	0	0	0	0	0	0	0	2	1	2	11	12	3	17	1	0	15	5	21	0	0	0	0
hsa-miR-6763-3p	18	24	17	17	18	14	9	7	11	21	15	7	48	72	80	30	32	69	44	59	13	11	21	25	106	40	39	33	27	22	15	22	56	60	45	32	25	34	61	31	35	33	31	30	32	18	29	64	57	97	26	13	17	19	22	5	0	0	0	2	0	0	0	0	11	0	0	4	8	16	9	13	34	37	66	48	28	43	95	43	9	61	37	70	5	6	4	6
hsa-miR-6763-5p	10	9	3	3	7	11	4	7	2	3	11	6	4	9	15	5	9	7	9	7	5	16	8	5	28	4	6	14	11	6	8	8	11	4	16	6	1	7	4	5	19	10	6	9	9	3	8	12	4	22	0	1	4	4	9	0	0	0	0	1	0	0	0	0	12	0	0	0	4	11	0	9	2	6	8	10	3	4	15	5	3	13	3	24	4	3	10	2
hsa-miR-676-3p	32	14	17	16	17	8	11	2	16	10	19	15	48	65	90	40	73	92	51	80	27	17	23	19	113	47	71	43	81	19	36	49	46	93	50	32	21	28	82	38	52	45	60	25	36	24	27	73	46	54	19	33	16	13	23	8	7	5	1	3	14	1	0	0	32	14	10	0	21	10	5	13	56	43	54	40	40	36	126	65	3	40	52	64	1	7	4	3
hsa-miR-6764-5p	23	8	5	9	4	2	2	4	11	1	5	4	11	29	14	5	17	12	15	11	10	14	14	7	22	10	16	10	13	8	4	8	12	10	25	7	7	14	9	6	8	15	12	8	8	2	3	19	24	26	3	8	7	4	16	2	7	8	1	3	4	2	1	1	14	12	4	4	7	3	18	4	3	13	10	5	31	17	23	5	10	15	11	33	26	3	5	3
hsa-miR-6765-3p	7	11	4	7	8	5	0	1	12	7	29	6	10	13	16	3	17	23	29	10	4	8	10	5	70	15	25	17	14	2	7	19	9	17	19	5	6	12	11	8	14	19	12	20	6	1	23	27	22	11	12	4	11	4	13	5	13	12	1	3	9	1	1	1	13	0	0	0	1	4	10	2	10	17	10	9	19	19	27	40	1	23	24	39	3	3	5	4
hsa-miR-6765-5p	30	16	7	46	6	7	2	1	3	3	4	3	5	6	6	6	9	18	5	5	12	6	9	23	33	38	113	14	11	7	11	3	4	7	4	1	2	1	8	3	4	8	4	4	1	1	4	10	6	10	2	5	24	23	25	0	11	5	2	7	16	5	1	5	0	0	0	3	5	11	7	14	4	16	80	10	16	44	123	15	0	5	4	13	0	0	0	0
hsa-miR-676-5p	17	13	8	6	7	3	6	0	7	9	10	7	14	17	26	15	14	22	21	16	11	17	10	39	32	12	4	17	14	4	9	9	9	18	8	17	2	9	13	13	14	17	13	11	11	1	10	20	16	14	7	12	8	23	9	3	0	2	0	0	11	1	0	0	0	0	0	0	5	2	10	10	5	9	7	11	6	13	31	14	3	25	12	28	2	2	7	5
hsa-miR-6766-3p	25	11	21	19	10	3	3	4	6	1	3	6	65	91	103	50	60	45	57	43	14	11	26	19	102	51	58	37	24	11	8	27	29	38	38	9	15	28	66	12	30	44	79	35	23	27	20	86	35	37	11	17	9	7	15	3	2	0	0	0	0	0	0	3	0	0	0	0	10	17	5	7	54	99	68	16	23	25	70	23	4	15	14	23	3	4	2	2
hsa-miR-6766-5p	19	12	16	21	12	17	21	44	31	11	16	17	30	55	45	17	62	52	77	43	15	16	28	25	89	24	22	36	16	16	25	26	24	47	29	12	8	10	30	31	63	67	34	33	19	8	31	41	20	18	15	19	17	8	12	5	9	6	2	7	23	10	2	1	54	63	7	15	13	13	10	24	25	30	28	17	18	16	99	15	1	14	23	49	5	6	39	9
hsa-miR-6767-3p	3	6	10	2	12	2	4	4	6	2	4	7	10	10	16	2	11	13	5	9	10	19	7	20	40	0	2	11	5	8	5	10	7	7	7	5	2	3	3	5	18	13	7	8	2	2	4	13	15	10	5	6	8	9	12	6	0	4	0	0	12	1	0	0	0	0	0	0	5	3	1	6	5	12	6	6	4	3	12	5	1	4	9	14	0	0	0	0
hsa-miR-6767-5p	20	19	11	28	28	6	11	10	25	7	54	13	8	37	14	10	19	36	27	13	9	23	24	8	66	17	16	21	12	7	13	21	23	13	18	17	3	15	7	9	27	20	13	23	7	7	28	36	27	13	20	14	12	13	81	4	24	10	2	7	21	9	0	12	28	15	12	7	4	11	12	4	5	21	13	11	20	27	44	23	5	26	25	62	23	13	9	1
hsa-miR-6768-3p	53	8	0	1	3	3	1	2	6	2	3	4	1	4	5	0	6	12	9	4	3	60	33	9	17	7	1	9	6	4	11	3	6	12	3	5	2	3	2	4	12	7	8	6	3	0	2	10	10	2	0	3	7	14	11	2	0	0	0	0	0	0	0	0	0	0	0	0	0	0	0	4	4	10	7	5	37	12	5	9	2	13	6	21	0	0	0	0
hsa-miR-6768-5p	15	7	11	10	15	2	3	2	16	7	13	6	10	18	8	7	17	14	17	6	2	73	9	4	42	7	8	8	11	16	10	15	6	16	3	15	3	7	5	9	16	16	12	22	10	5	17	27	15	12	9	1	13	4	10	6	8	3	3	0	14	0	0	3	18	0	0	2	2	7	3	5	9	21	5	5	11	6	21	31	0	27	23	48	6	2	8	2
hsa-miR-6769a-5p	9	9	11	19	17	5	25	1	28	6	60	6	15	19	17	12	15	21	20	15	13	21	11	9	19	9	2	4	7	8	15	26	14	12	10	5	9	5	12	4	22	9	7	24	4	2	9	34	14	18	4	6	24	14	4	2	18	5	5	5	17	4	1	1	14	0	0	8	3	9	2	11	6	7	5	5	4	12	17	15	3	10	16	31	2	8	7	3
hsa-miR-6769b-3p	129	77	114	53	9	6	4	3	9	4	13	7	116	172	221	76	126	130	105	120	129	100	106	111	168	78	50	70	81	27	53	52	81	109	46	41	50	91	152	75	89	93	135	79	67	77	56	152	93	149	55	50	47	32	43	45	0	9	1	2	10	1	0	0	13	0	0	0	90	108	21	97	75	66	110	65	81	59	98	92	4	57	57	49	4	6	2	3
hsa-miR-6769b-5p	10	2	0	6	0	0	0	0	0	0	0	0	9	3	11	1	6	8	6	6	0	0	0	0	12	2	7	11	4	0	7	5	8	5	6	2	0	2	1	4	6	4	6	3	3	1	2	8	10	5	1	0	0	0	0	0	5	0	0	4	0	0	0	0	0	11	0	0	0	0	0	0	6	14	8	7	7	3	19	4	2	7	8	19	0	0	0	0
hsa-miR-6770-5p	14	4	6	3	6	3	4	1	0	0	0	0	8	6	12	5	4	6	3	13	3	10	3	58	9	5	2	7	9	5	10	4	11	12	10	5	0	3	0	9	11	6	7	4	3	0	6	10	11	9	4	2	6	14	9	0	0	0	1	0	0	0	0	0	0	0	0	1	0	0	0	1	0	0	9	0	2	7	13	7	1	7	6	15	0	0	0	0
hsa-miR-6771-3p	24	7	6	8	12	5	4	1	11	11	12	6	10	12	9	9	11	13	12	13	6	12	6	12	22	7	8	5	5	1	12	20	16	7	12	5	4	8	5	1	12	8	18	16	6	3	3	11	10	15	4	7	11	16	9	6	7	6	1	0	17	4	1	3	15	0	0	0	2	15	8	7	3	7	10	5	12	16	16	7	4	13	10	27	0	0	0	0
hsa-miR-6771-5p	4	10	7	6	15	0	2	4	4	2	8	2	6	6	4	5	2	11	10	7	0	0	0	0	27	5	8	3	8	3	6	12	4	6	6	1	1	2	6	3	8	7	10	7	7	2	4	14	3	3	3	4	3	1	10	2	0	0	3	0	0	0	0	0	0	0	0	1	0	2	0	0	5	9	8	10	10	3	15	9	1	12	5	35	0	0	0	0
hsa-miR-6772-3p	36	22	5	55	10	2	3	9	15	5	10	19	18	52	20	10	11	15	16	10	5	20	27	5	27	14	37	7	5	4	7	11	21	18	44	10	7	10	22	9	11	7	11	4	8	3	6	30	19	33	10	11	15	34	13	5	18	12	1	12	1	3	0	1	32	11	11	0	4	6	30	7	7	13	37	5	39	36	57	20	22	28	15	31	23	3	7	2
hsa-miR-6772-5p	19	4	4	11	14	4	5	2	7	3	10	9	18	33	47	16	34	34	33	33	6	22	14	17	54	25	20	28	8	17	18	27	17	28	17	13	10	14	31	12	36	31	29	38	13	11	24	40	26	27	9	14	12	3	22	7	7	9	0	5	14	0	0	1	45	12	8	6	6	4	4	17	35	44	40	22	9	25	52	21	1	23	19	43	6	6	10	6
hsa-miR-6775-3p	25	13	10	7	10	2	0	6	11	0	32	6	15	22	15	9	15	29	19	12	6	15	19	16	51	8	9	8	7	9	12	14	12	10	7	9	9	5	11	15	21	13	15	13	11	1	9	33	10	20	18	7	10	3	20	6	13	4	1	7	18	4	0	8	24	15	2	5	6	7	5	7	8	12	13	14	16	13	28	5	7	16	9	40	4	7	13	6
hsa-miR-6775-5p	6	7	14	10	12	3	2	3	9	6	26	4	10	16	6	7	2	23	24	9	5	13	4	5	41	10	4	10	5	6	9	13	15	21	5	4	5	8	9	2	14	9	32	15	7	4	17	34	12	12	6	3	8	9	8	2	8	3	2	0	12	4	1	2	81	0	0	4	0	7	3	6	9	8	3	11	6	4	20	36	3	26	14	57	3	3	4	2
hsa-miR-6776-5p	17	13	9	8	5	12	5	0	0	0	0	0	7	5	5	5	8	6	6	7	8	6	17	14	32	6	9	15	2	1	4	11	0	0	0	0	1	1	5	3	14	2	12	4	13	0	3	12	7	7	1	0	8	6	11	4	5	0	0	1	0	0	0	0	0	0	0	0	5	9	2	7	3	16	8	4	10	5	23	6	0	0	0	0	0	0	0	0
hsa-miR-6777-5p	15	8	10	12	28	10	4	1	7	1	25	9	18	12	17	4	19	18	20	17	6	147	19	12	40	13	2	13	6	8	15	25	12	17	12	6	5	4	9	11	17	16	18	7	16	3	10	25	20	27	9	14	5	7	17	4	16	0	2	1	0	0	0	6	25	14	1	3	5	6	8	13	10	16	9	5	14	11	35	18	8	14	15	33	3	7	4	1
hsa-miR-6778-3p	12	7	3	6	7	0	1	7	6	5	8	9	8	3	6	7	7	8	0	11	0	0	0	0	17	4	2	5	7	5	9	5	10	14	6	8	4	5	5	7	11	6	9	6	5	5	0	3	18	3	1	3	7	8	47	5	0	0	1	0	0	0	0	0	10	0	0	0	0	0	0	0	5	13	4	6	8	5	10	14	1	16	8	20	0	0	0	0
hsa-miR-6778-5p	146	55	57	64	46	5	4	9	7	7	14	16	148	193	170	78	125	122	100	108	75	74	94	125	178	92	65	60	67	22	64	42	97	107	65	40	43	138	223	89	92	110	166	77	68	81	80	199	153	111	94	75	43	28	61	25	14	6	2	7	20	8	1	2	19	0	0	3	47	31	39	60	126	45	102	55	66	47	97	63	3	40	50	77	11	5	7	2
hsa-miR-6779-3p	35	15	11	16	20	15	7	6	11	10	16	16	8	24	25	10	26	17	13	21	9	57	53	9	52	18	12	14	15	8	18	22	12	22	17	11	3	2	12	5	21	19	17	17	11	2	21	35	23	14	5	3	9	30	21	4	6	11	5	4	25	8	1	8	16	16	5	7	5	10	4	9	17	11	11	15	100	16	42	11	4	17	8	30	5	8	13	6
hsa-miR-6779-5p	17	10	9	14	9	2	8	5	1	1	15	12	7	12	17	7	9	14	9	12	1	13	8	6	36	16	7	4	3	5	7	13	13	16	10	8	6	1	14	8	8	14	6	6	1	2	13	10	17	9	6	5	17	25	89	4	7	14	2	3	1	6	1	5	13	0	0	5	6	24	6	20	5	23	8	8	14	7	20	11	5	18	10	50	8	2	0	0
hsa-miR-6780a-5p	17	17	9	12	13	4	9	9	11	1	11	11	18	18	14	8	19	21	7	13	5	10	8	15	36	7	3	19	5	14	14	19	18	17	14	9	7	6	5	16	28	24	13	30	5	0	11	18	31	15	12	8	4	12	21	8	8	4	1	7	12	1	1	4	11	10	3	0	9	2	4	10	5	18	10	10	6	7	36	15	3	18	21	25	9	7	4	0
hsa-miR-6780b-3p	51	5	5	25	17	15	4	6	11	16	19	13	17	27	20	8	17	30	20	17	8	36	17	15	48	16	18	17	15	6	14	19	14	22	14	3	6	12	8	9	35	15	20	12	15	6	11	29	32	30	4	12	15	36	143	9	8	6	4	4	14	4	1	2	15	10	2	2	7	6	7	13	14	31	19	25	20	8	30	15	1	17	9	40	7	6	9	1
hsa-miR-6780b-5p	26	6	19	17	21	4	3	3	11	10	11	6	31	31	31	21	32	22	19	31	26	12	16	34	54	10	9	33	18	10	26	22	16	22	7	14	8	9	12	5	31	27	12	35	16	0	12	24	21	26	5	6	11	11	27	7	8	13	3	8	32	7	8	4	17	12	6	13	10	15	2	11	19	31	13	14	11	33	45	14	4	23	21	52	0	7	4	4
hsa-miR-6781-3p	10	4	10	5	7	6	3	2	4	19	8	6	10	14	10	9	7	10	11	10	6	9	4	17	16	8	2	13	7	2	2	11	12	11	3	8	3	9	8	5	13	18	6	11	2	8	9	14	14	16	3	3	0	0	0	0	2	2	3	0	12	4	0	0	0	10	1	0	0	0	0	9	8	17	9	4	8	5	22	10	4	16	9	27	0	0	0	0
hsa-miR-6781-5p	38	22	26	15	39	4	12	8	16	7	25	18	50	36	45	24	41	45	43	47	15	26	27	41	120	18	11	45	28	28	43	55	29	38	24	20	5	24	27	28	81	53	47	45	30	7	32	65	58	43	20	23	23	19	30	17	20	17	5	13	50	13	0	8	33	12	11	14	6	33	6	18	21	46	29	35	32	47	69	30	4	29	32	74	4	8	22	8
hsa-miR-6782-3p	26	12	17	15	9	2	5	1	9	3	7	7	24	37	34	10	22	23	24	21	14	11	15	19	48	15	13	18	12	9	19	10	17	14	13	8	4	9	19	8	32	20	17	27	11	4	10	22	9	19	6	5	6	9	18	7	4	4	0	0	25	4	0	4	16	0	0	4	12	8	5	15	7	35	17	17	11	7	26	5	1	11	9	17	0	3	6	0
hsa-miR-6782-5p	16	8	6	5	11	10	5	5	15	5	7	9	12	15	10	4	12	12	15	12	6	28	15	4	45	9	6	3	7	4	13	16	11	20	13	3	3	13	7	7	19	11	18	15	10	1	8	19	13	10	2	4	5	4	3	4	6	6	0	8	14	0	1	1	0	0	0	2	5	6	1	3	4	33	7	18	13	7	22	5	5	17	8	19	2	1	5	7
hsa-miR-6783-3p	14	5	6	12	9	7	7	6	16	5	9	6	12	16	7	4	8	10	11	15	4	10	6	15	101	21	12	14	6	6	11	19	13	7	11	4	2	4	9	10	18	24	13	20	8	3	14	16	7	11	5	5	19	19	14	4	5	14	3	4	8	9	0	6	16	0	0	11	9	4	8	5	8	22	13	13	27	14	27	5	3	16	8	20	4	6	11	4
hsa-miR-6783-5p	13	12	15	10	13	5	4	8	16	8	14	18	15	19	14	11	23	22	12	28	11	11	9	8	71	13	13	23	11	5	25	23	23	17	17	21	5	6	17	14	19	17	6	18	18	1	13	29	13	23	8	16	11	12	20	5	13	5	0	6	11	4	0	2	30	16	5	2	5	15	12	4	9	57	13	15	14	16	43	15	13	14	15	37	11	3	13	3
hsa-miR-6784-3p	9	2	4	6	8	3	1	6	5	2	20	3	16	13	7	5	8	11	16	5	6	10	13	3	48	9	5	10	6	7	11	12	6	15	12	5	6	10	9	3	10	10	11	6	4	0	7	16	4	11	2	1	3	4	7	4	0	0	1	3	0	0	0	0	0	20	5	0	3	6	3	8	5	15	13	13	9	6	35	6	5	10	6	25	12	4	3	1
hsa-miR-6784-5p	14	4	4	3	1	7	5	2	5	1	6	1	0	9	8	3	8	13	9	10	3	30	10	7	31	9	3	11	8	4	4	11	9	10	5	4	2	6	6	3	11	8	4	9	4	1	4	13	9	14	4	2	2	1	7	4	0	6	1	0	10	1	0	0	0	0	0	0	0	0	0	1	3	4	4	6	5	3	10	9	3	7	9	23	0	0	0	0
hsa-miR-6785-3p	156	78	156	98	21	9	11	7	12	6	22	12	109	200	173	79	182	151	123	96	127	138	127	115	191	79	49	73	75	46	52	67	82	120	63	49	44	60	181	90	102	103	166	72	48	114	55	201	129	123	55	45	64	47	46	38	11	12	4	4	21	2	1	1	25	15	4	9	102	82	26	109	89	82	89	73	91	57	109	81	8	52	63	112	8	13	14	3
hsa-miR-6785-5p	49	56	54	27	50	19	13	9	14	6	24	20	67	109	129	55	126	139	86	103	41	43	54	30	144	38	22	44	51	36	52	60	74	69	28	42	24	37	68	81	100	119	100	90	54	25	53	123	86	86	46	49	14	15	33	15	17	16	3	8	37	5	1	11	18	25	17	14	12	37	8	29	34	53	52	33	48	39	104	55	7	58	46	106	21	22	16	5
hsa-miR-6786-3p	30	21	27	16	29	12	8	14	22	5	43	11	23	33	39	20	38	30	33	39	18	24	22	21	56	18	20	27	20	17	29	33	14	24	22	12	6	11	17	23	46	39	27	44	24	6	28	36	19	16	4	20	28	10	38	11	20	9	1	12	25	13	0	6	61	36	6	6	8	26	5	17	8	37	25	12	28	19	48	21	8	36	31	73	18	15	18	6
hsa-miR-6786-5p	51	10	11	8	12	2	8	0	7	5	10	25	15	19	33	8	21	13	13	22	14	28	47	7	55	20	8	11	16	8	14	18	10	20	13	11	7	7	11	14	23	23	20	33	7	2	27	18	10	6	9	11	7	25	19	11	6	5	2	6	32	0	1	3	0	15	5	1	8	18	4	7	11	27	14	21	68	8	33	37	4	25	23	36	3	11	10	15
hsa-miR-6787-5p	139	105	139	171	72	24	14	11	21	13	42	27	251	535	477	152	270	306	241	246	102	132	113	113	346	187	115	126	111	67	91	87	192	169	186	69	103	162	312	122	204	210	307	210	167	77	96	412	465	411	370	439	108	64	78	53	22	28	5	25	46	14	1	18	30	34	12	11	137	107	36	134	168	229	221	100	106	108	136	89	13	78	64	160	9	20	25	7
hsa-miR-6788-3p	47	23	25	39	25	1	8	11	7	3	21	11	87	123	121	46	94	86	81	62	22	32	24	18	169	57	58	46	40	26	43	47	61	67	46	29	26	33	81	33	61	41	93	89	34	27	23	95	67	83	25	36	21	13	29	11	18	8	2	6	11	3	1	2	87	0	0	0	27	17	8	28	62	69	90	61	46	62	131	50	4	39	34	99	2	4	11	9
hsa-miR-6789-3p	8	2	1	5	11	1	2	1	2	2	3	4	15	6	16	4	4	6	9	2	0	0	0	0	25	8	4	10	17	6	8	11	12	12	2	1	4	6	8	6	4	8	18	7	5	4	3	10	8	6	3	1	7	2	10	4	0	0	2	1	0	0	0	0	0	0	0	0	0	0	0	0	1	16	12	6	6	3	10	14	1	21	11	21	0	0	0	0
hsa-miR-6789-5p	78	210	40	41	35	6	23	6	15	7	13	10	21	37	28	9	34	39	22	34	12	17	36	22	159	28	45	31	32	10	14	30	41	36	35	17	13	21	41	20	53	27	112	29	17	9	23	37	39	38	18	15	20	20	99	11	21	27	5	13	21	2	1	4	51	27	12	14	14	17	30	12	22	60	44	33	62	99	108	34	19	45	27	78	12	7	12	3
hsa-miR-6790-3p	42	10	16	4	24	6	6	7	13	4	17	9	21	26	37	21	24	42	28	21	22	22	49	13	52	17	5	16	20	8	20	26	13	26	13	17	6	15	22	18	17	23	40	23	21	9	15	28	35	41	24	18	9	11	30	5	12	7	2	3	19	2	2	2	0	14	3	10	10	14	4	11	19	45	28	25	24	20	31	25	3	20	27	50	4	7	6	1
hsa-miR-6790-5p	73	22	28	39	30	10	8	18	12	16	50	24	27	45	21	25	43	17	19	34	28	169	15	28	68	16	18	35	39	15	36	52	24	35	32	28	10	14	21	50	58	54	26	46	14	10	87	37	81	30	23	15	14	20	97	5	21	12	4	37	65	5	3	11	51	22	8	14	24	32	10	16	13	37	24	22	44	28	114	19	5	43	43	84	18	23	32	14
hsa-miR-6791-3p	19	16	8	17	10	0	2	0	0	0	0	0	10	28	12	8	17	13	13	6	2	8	4	13	25	12	34	11	9	2	10	11	21	10	15	1	2	4	14	0	7	8	17	17	2	2	5	10	13	14	3	3	23	11	8	4	6	8	0	0	12	1	0	0	10	0	0	0	6	5	10	1	8	11	29	8	10	40	69	3	11	10	4	18	10	1	2	4
hsa-miR-6791-5p	60	4	11	5	4	3	5	9	0	0	0	0	13	11	10	5	11	13	6	17	5	41	105	5	52	8	1	6	3	5	5	11	7	7	6	4	4	2	6	3	8	12	9	9	8	1	7	6	9	13	3	4	5	26	9	3	0	1	5	3	2	0	0	0	28	0	0	10	6	10	1	2	7	9	7	10	65	11	13	5	1	10	7	23	0	0	0	0
hsa-miR-6792-3p	16	18	13	7	36	4	5	8	9	3	7	6	15	21	14	11	21	25	13	23	5	16	11	10	50	18	6	22	9	10	14	10	24	20	19	13	8	18	12	14	12	19	17	10	15	5	15	31	31	23	8	13	9	11	25	8	20	16	2	6	10	5	1	4	19	10	5	11	2	8	0	14	9	24	10	30	16	17	37	16	2	23	14	52	14	14	12	4
hsa-miR-6792-5p	9	7	8	6	11	3	3	3	4	3	7	8	14	22	13	9	24	26	17	15	6	15	13	4	29	5	4	13	12	4	16	11	8	17	9	13	5	13	25	19	15	10	23	9	11	8	16	28	25	20	19	5	3	3	6	4	0	0	0	0	0	0	0	0	0	0	0	0	0	0	0	9	5	14	10	8	10	6	14	11	2	18	11	16	0	0	0	0
hsa-miR-6793-3p	21	12	12	13	12	5	7	10	23	7	14	8	37	52	68	30	41	67	41	48	25	28	27	15	85	44	21	44	49	29	39	41	47	79	23	35	19	32	42	39	52	40	40	30	26	21	28	59	28	31	16	6	13	14	13	7	9	0	2	3	0	0	2	2	16	10	4	0	10	13	6	14	59	30	60	78	32	32	60	92	6	62	51	105	5	4	5	7
hsa-miR-6793-5p	30	20	25	23	47	7	9	18	20	14	34	30	54	38	38	22	59	36	30	33	32	43	42	38	73	21	17	17	17	19	59	37	24	20	22	16	8	13	20	19	46	42	27	43	22	6	40	54	36	54	13	13	13	35	25	16	27	26	3	7	39	13	0	12	44	25	15	18	19	15	5	19	14	33	20	28	43	22	67	27	13	40	25	92	7	14	25	12
hsa-miR-6794-3p	28	20	16	13	35	15	9	12	14	6	24	15	24	20	27	16	30	30	18	34	14	36	35	62	71	16	5	34	20	9	34	37	34	25	19	17	7	9	21	14	40	39	14	42	18	1	45	39	25	26	6	12	9	21	34	17	11	13	5	17	34	5	2	6	63	20	12	7	6	16	10	24	11	37	18	22	19	53	122	16	10	18	17	56	7	14	16	2
hsa-miR-6794-5p	57	10	8	3	10	6	3	5	3	2	12	4	18	30	17	12	13	23	18	17	6	48	73	15	41	10	5	9	23	13	17	21	20	18	11	7	3	9	13	13	20	32	14	18	15	7	16	33	13	14	13	7	4	22	16	3	9	6	2	2	11	5	2	3	0	0	0	8	4	12	2	3	7	18	20	16	98	9	22	16	3	26	10	37	6	2	7	9
hsa-miR-6795-3p	0	0	0	0	2	0	1	2	3	1	4	14	10	7	2	5	10	8	4	4	5	3	11	3	25	3	4	1	0	0	0	0	0	0	0	0	1	1	2	3	3	6	4	9	5	1	4	20	3	5	6	5	0	0	0	0	0	0	0	0	0	0	0	0	0	0	0	0	0	0	0	2	3	6	1	9	6	6	16	4	2	7	4	11	0	0	0	0
hsa-miR-6795-5p	13	6	14	2	15	12	10	2	2	10	4	7	17	16	16	2	22	23	9	14	10	14	8	8	40	4	6	6	13	7	13	22	14	19	12	12	2	3	16	8	24	16	18	24	7	7	10	19	14	17	1	4	7	2	6	3	0	2	1	2	15	3	0	3	0	0	0	5	4	5	2	3	5	15	2	8	5	9	21	13	5	13	14	44	6	4	5	2
hsa-miR-6796-3p	30	2	11	16	10	2	8	0	45	13	29	8	7	15	11	7	11	34	46	8	5	41	16	9	53	13	13	17	4	6	16	16	10	33	13	4	3	6	3	11	17	19	17	27	15	2	19	34	9	20	8	5	15	6	4	3	12	5	4	5	18	6	0	6	10	0	0	12	8	5	14	6	6	25	13	9	21	14	38	44	1	39	28	54	16	5	7	5
hsa-miR-6796-5p	23	13	11	11	25	15	5	14	25	1	34	51	24	34	30	16	23	30	32	28	11	28	24	12	176	22	12	28	8	21	27	22	23	22	20	19	7	9	16	40	42	35	23	31	23	7	59	57	12	34	17	4	18	22	28	10	11	10	3	5	12	4	1	7	13	0	0	19	10	14	7	17	9	39	16	18	28	25	98	24	6	30	12	64	10	6	14	4
hsa-miR-6797-3p	16	6	6	6	14	1	2	2	8	10	9	8	29	10	14	14	13	11	14	9	8	7	10	21	33	12	9	6	3	4	16	5	9	27	8	3	0	7	14	0	14	11	8	10	6	3	5	18	14	10	12	11	7	11	9	4	12	16	0	5	11	4	1	4	69	0	0	0	2	3	8	4	5	10	11	14	14	16	27	39	4	37	34	56	7	3	12	2
hsa-miR-6797-5p	11	17	13	30	29	15	9	5	38	5	161	30	20	25	24	19	17	74	55	28	11	24	25	83	59	23	16	28	7	9	12	39	20	17	10	38	5	7	10	21	38	25	18	50	16	2	33	61	8	15	22	15	37	29	17	12	18	10	6	7	17	5	3	6	97	10	5	11	6	8	16	12	5	24	11	11	11	18	43	50	3	36	42	74	23	16	23	12
hsa-miR-6798-3p	18	8	7	13	14	13	7	5	6	8	41	14	10	15	18	4	14	15	13	9	7	330	23	9	54	10	19	7	11	7	9	12	14	18	19	7	3	3	8	5	10	22	34	22	11	3	9	19	12	29	8	5	7	8	8	7	22	14	1	8	17	3	0	4	67	10	5	12	3	7	2	10	5	27	13	11	20	25	29	58	10	31	55	67	16	8	15	3
hsa-miR-6798-5p	26	13	6	11	9	7	1	1	6	3	6	9	12	26	26	11	16	18	10	12	3	18	53	8	53	11	8	18	15	9	8	16	13	8	10	9	6	4	7	4	13	17	16	17	8	2	13	24	16	11	4	10	3	15	19	5	0	0	0	1	0	0	0	2	0	0	0	4	5	6	2	6	11	12	4	11	45	7	10	13	3	13	8	41	3	7	11	1
hsa-miR-6799-5p	0	0	0	0	2	4	4	2	0	0	0	0	5	0	0	0	7	6	12	7	2	4	2	7	14	0	0	0	2	2	10	3	5	4	7	3	0	0	0	0	0	0	10	12	4	0	4	0	7	5	1	0	0	0	0	0	4	0	0	0	0	0	0	0	0	0	0	0	0	0	0	5	0	6	0	4	0	0	0	0	2	3	10	10	0	0	0	0
hsa-miR-6800-3p	8	6	12	2	5	3	0	3	0	0	0	0	13	7	5	5	10	6	8	9	2	6	10	12	26	0	0	0	1	2	5	6	8	4	11	5	1	5	6	4	10	10	4	5	3	2	12	11	6	8	1	3	6	4	10	4	0	0	1	1	0	0	0	0	0	0	0	0	1	1	0	3	4	13	10	7	7	10	15	7	1	9	7	10	0	0	0	0
hsa-miR-6800-5p	21	21	29	24	46	28	9	10	25	12	86	21	31	34	26	22	45	87	79	61	26	22	19	13	84	33	17	29	24	17	48	31	40	76	16	51	9	21	21	36	61	45	192	60	29	10	102	74	42	51	51	29	32	32	15	15	39	12	15	15	29	14	1	22	128	28	5	12	11	37	5	23	19	34	17	18	34	24	65	134	7	112	109	191	13	7	24	4
hsa-miR-6801-3p	19	13	18	15	12	4	8	4	11	5	19	16	13	33	22	5	10	21	27	22	17	11	19	14	56	19	4	16	6	8	33	27	9	28	5	8	7	6	12	7	21	19	14	23	6	3	33	34	19	22	9	10	13	6	15	3	10	10	6	6	31	7	0	4	18	19	10	6	8	12	4	10	11	20	12	13	11	14	44	18	4	23	21	41	9	4	10	1
hsa-miR-6801-5p	3	2	3	3	4	3	1	2	0	0	0	0	0	9	13	2	7	10	6	8	0	0	0	0	19	4	3	7	4	2	8	5	0	0	0	0	0	2	2	1	8	8	10	5	3	1	3	9	8	9	1	5	0	0	0	0	0	0	0	2	0	0	0	0	0	0	0	0	1	2	1	0	2	15	6	7	2	3	16	6	0	3	5	20	0	0	0	0
hsa-miR-6802-3p	31	17	17	10	14	8	0	3	14	3	20	4	19	40	20	8	21	25	13	17	15	19	20	18	51	15	20	16	9	4	19	14	17	22	13	9	6	11	11	6	19	20	19	17	25	5	8	16	15	24	11	12	9	9	16	11	10	12	3	6	17	2	0	0	31	0	0	0	14	16	5	16	8	23	22	13	21	24	31	7	1	6	10	18	7	12	8	0
hsa-miR-6802-5p	68	39	53	57	52	12	11	20	11	23	27	16	108	248	211	74	102	133	102	117	43	85	45	42	495	187	139	180	120	62	70	86	186	139	100	63	51	128	176	107	77	82	112	79	57	32	107	140	168	257	80	66	39	27	49	17	24	27	6	10	49	7	1	6	32	18	6	16	22	49	12	39	201	310	224	114	149	184	395	143	5	100	111	164	7	9	19	11
hsa-miR-6803-3p	60	13	12	25	23	2	1	8	21	5	11	11	46	71	81	32	56	76	33	47	7	25	20	23	65	43	66	21	29	19	28	28	39	37	27	19	16	22	47	49	31	48	54	29	41	36	32	61	102	109	66	84	18	17	16	8	15	5	2	10	28	3	0	3	22	19	13	8	7	11	9	8	24	35	50	17	53	34	121	27	8	38	26	53	24	1	14	5
hsa-miR-6803-5p	37	12	15	3	23	2	10	3	5	5	13	4	13	15	12	6	19	12	10	29	5	33	25	12	69	21	6	8	3	6	18	13	15	11	4	6	3	9	15	17	24	16	7	18	6	5	4	21	11	11	3	5	8	7	38	7	7	7	1	10	13	8	0	7	13	0	0	3	7	8	2	11	11	26	6	15	26	13	16	14	5	18	10	37	2	2	16	2
hsa-miR-6804-3p	20	4	7	2	8	2	1	4	4	16	15	9	11	14	7	6	10	12	0	12	0	0	0	0	30	6	5	12	5	4	13	9	8	13	5	6	3	3	3	6	12	13	6	12	6	2	0	17	8	10	6	4	6	2	13	9	2	0	0	3	0	0	0	0	0	0	0	3	1	8	1	0	4	12	5	14	12	7	22	6	3	10	9	22	0	0	0	0
hsa-miR-6804-5p	16	7	8	4	12	6	0	1	5	4	2	4	9	10	14	5	11	10	7	14	7	4	11	5	27	2	8	10	5	4	5	4	5	4	3	4	2	1	8	3	12	16	10	8	1	1	9	6	8	3	2	4	0	0	0	0	0	0	1	1	0	0	0	3	0	0	0	5	6	4	2	7	0	0	3	0	6	4	16	7	1	8	9	23	0	0	0	0
hsa-miR-6805-3p	14	6	9	15	29	15	10	1	13	8	12	5	9	26	15	7	27	22	20	17	6	4	10	9	43	9	5	9	9	8	17	11	13	22	17	10	7	7	9	6	15	16	16	27	19	6	15	46	17	30	13	13	10	4	9	8	17	10	5	13	25	16	1	6	22	0	0	5	2	4	2	10	6	14	9	10	9	11	25	17	8	28	19	54	2	5	20	6
hsa-miR-6805-5p	14	7	36	10	15	9	1	9	11	6	9	7	15	16	13	5	16	17	10	8	9	57	10	10	38	11	10	7	5	10	10	19	4	14	10	8	4	8	8	5	16	9	11	14	5	2	6	22	32	12	5	6	17	9	12	6	10	8	3	11	12	7	0	4	21	13	4	6	3	6	2	11	5	12	8	19	3	10	18	20	3	20	17	25	2	7	10	2
hsa-miR-6806-3p	14	10	7	7	8	4	0	4	20	13	11	4	11	18	15	9	12	15	11	2	7	15	8	10	52	7	9	7	9	5	17	16	16	11	10	6	4	7	6	1	12	10	11	12	7	2	16	27	9	16	9	3	9	4	13	10	8	8	1	6	13	2	0	0	0	14	3	4	9	15	15	6	7	22	4	2	7	10	34	23	5	21	20	35	2	12	7	0
hsa-miR-6806-5p	46	27	29	16	7	9	1	3	9	5	6	4	35	58	49	26	52	45	32	43	12	16	23	20	65	22	23	23	12	17	15	18	11	26	19	8	15	16	47	19	51	35	51	38	16	15	16	41	30	25	12	15	24	19	25	17	1	7	1	3	17	1	0	1	0	0	0	4	33	20	11	33	11	35	27	15	27	26	50	13	0	15	13	36	1	3	6	3
hsa-miR-6808-5p	3	10	4	6	11	1	0	1	1	1	7	10	1	5	9	4	3	3	7	3	2	16	4	5	15	0	0	0	5	2	6	9	2	3	5	3	1	5	10	4	6	9	14	10	2	1	5	15	4	5	2	4	10	9	16	1	3	0	0	0	0	0	0	0	11	0	0	0	0	0	0	7	0	0	8	0	5	11	24	9	0	11	5	14	0	0	0	0
hsa-miR-6809-3p	4	7	2	9	6	3	6	3	5	1	14	6	8	16	8	5	13	9	17	11	8	20	12	5	33	10	7	16	6	2	10	5	13	13	10	3	4	4	7	5	9	11	9	9	2	1	3	17	22	14	9	0	0	0	0	0	6	0	1	0	0	0	0	1	0	0	0	0	4	4	5	9	4	18	9	8	8	11	23	5	6	6	4	23	3	4	4	5
hsa-miR-6809-5p	6	8	2	3	8	2	7	1	0	0	0	0	10	12	11	4	11	10	9	6	10	6	4	5	22	10	6	8	2	2	4	4	8	5	7	4	7	6	3	10	19	10	7	7	5	0	12	16	19	11	3	3	8	6	10	3	0	0	0	0	0	0	0	0	0	0	0	0	4	7	2	4	5	12	4	7	15	5	23	4	2	7	3	15	1	2	8	2
hsa-miR-6810-5p	15	7	5	8	8	8	7	1	8	0	10	6	8	10	11	7	11	13	8	8	8	10	8	4	30	2	3	10	7	6	2	5	4	10	10	3	4	6	7	3	9	9	8	10	4	0	1	9	11	7	5	5	0	0	0	0	10	13	0	4	7	1	0	0	111	0	0	0	3	8	7	3	2	17	3	6	15	5	10	8	3	18	10	23	3	3	4	2
hsa-miR-6811-5p	16	5	3	4	1	1	1	4	0	0	0	0	15	8	6	6	9	5	7	7	9	9	6	13	30	7	6	16	1	5	7	17	11	7	3	3	1	2	7	2	7	4	6	10	6	0	5	15	5	11	4	7	11	5	2	6	0	1	1	0	21	1	0	0	13	0	0	0	0	0	0	5	2	19	8	12	7	11	16	2	1	3	7	9	0	0	0	0
hsa-miR-6812-3p	51	11	8	13	37	7	10	2	12	4	18	30	16	35	17	14	18	19	15	12	23	31	33	12	33	7	4	11	13	15	18	25	10	14	20	13	6	13	9	13	19	15	14	31	11	4	11	27	23	30	21	9	11	12	15	0	21	8	3	9	14	9	1	8	18	12	3	6	1	5	4	9	5	16	13	25	25	9	25	11	9	18	16	59	9	10	15	4
hsa-miR-6812-5p	23	23	18	13	15	5	12	8	9	22	17	14	41	97	115	28	80	87	56	52	21	35	18	19	81	29	25	25	46	16	26	33	28	58	37	31	25	21	65	50	50	36	118	43	30	14	25	54	61	67	45	52	14	16	12	20	9	11	1	6	35	7	1	9	13	12	3	6	14	15	4	27	38	60	48	32	32	35	74	42	3	28	30	72	3	10	17	11
hsa-miR-6813-5p	38	21	15	30	24	5	6	4	26	14	12	8	18	40	30	11	16	21	10	20	7	99	22	17	56	17	16	13	8	6	13	19	31	14	33	6	14	11	20	14	30	12	23	16	9	10	11	22	24	32	17	16	13	12	34	10	26	19	3	11	10	6	0	2	31	12	12	5	8	11	17	8	10	20	26	10	16	22	24	17	9	42	12	51	29	1	12	2
hsa-miR-6814-3p	10	7	5	3	15	12	1	5	4	1	14	12	6	10	5	5	13	10	14	6	4	15	10	13	27	4	4	12	5	8	8	14	11	12	8	6	1	2	2	4	10	5	8	15	11	2	9	17	5	10	7	6	2	6	23	3	0	3	2	3	12	1	0	2	11	0	0	0	2	9	3	7	4	12	11	9	6	11	19	13	1	14	13	33	7	4	8	1
hsa-miR-6814-5p	7	3	3	6	10	5	8	4	6	3	5	9	9	18	21	7	14	17	11	20	1	17	9	8	33	15	4	14	18	8	12	14	10	19	9	12	10	6	18	10	22	17	17	5	15	3	5	27	21	23	4	6	8	9	16	3	6	7	1	0	11	2	1	1	0	0	0	5	6	4	1	10	11	20	13	13	8	1	26	10	5	13	9	17	4	14	3	4
hsa-miR-6815-5p	21	10	10	9	14	4	11	3	7	8	11	15	32	17	23	17	22	17	27	43	16	14	10	19	82	14	6	9	10	10	55	17	27	48	11	13	10	20	14	28	32	28	23	73	24	6	22	38	26	22	6	12	5	13	43	9	12	11	2	4	9	1	1	4	13	11	17	3	5	9	2	9	6	33	14	13	27	20	38	43	5	42	33	97	3	7	7	5
hsa-miR-6816-3p	11	6	4	8	11	4	3	2	1	7	1	4	2	13	11	4	14	14	8	10	6	16	11	5	22	17	9	13	5	8	9	16	5	13	9	5	1	1	7	9	5	10	15	10	2	3	4	15	11	9	2	5	5	4	11	3	0	1	0	3	10	1	0	0	0	0	0	0	4	6	3	3	9	2	11	5	11	5	8	9	2	9	4	20	1	5	0	3
hsa-miR-6816-5p	94	68	47	86	19	3	5	3	2	13	5	2	65	114	107	52	84	77	60	67	83	65	88	73	188	123	59	52	82	30	37	46	80	97	47	27	25	46	136	70	45	53	78	44	33	30	30	102	133	127	76	96	26	24	28	18	0	3	0	5	10	2	0	2	0	0	0	0	71	53	11	68	133	129	117	62	117	67	94	92	1	70	55	62	2	1	1	1
hsa-miR-6817-3p	5	11	3	9	7	2	3	2	6	1	6	2	9	12	12	5	7	12	11	9	7	49	6	6	42	11	35	10	3	4	5	11	10	5	4	2	4	8	5	2	6	7	6	9	6	3	3	23	14	10	15	9	5	6	12	6	0	5	1	2	7	0	0	0	0	0	0	4	4	3	11	2	0	0	11	0	5	33	35	4	2	7	10	11	0	0	0	0
hsa-miR-6818-3p	24	11	11	28	18	7	3	7	21	5	18	14	19	37	20	8	15	10	12	19	6	19	19	18	31	9	10	20	5	5	7	10	12	9	10	6	6	7	11	5	32	27	19	27	6	1	11	31	20	20	6	0	15	4	32	7	14	5	3	2	17	8	0	7	40	12	5	3	7	9	9	7	13	9	21	13	9	29	46	4	8	14	9	43	5	14	9	4
hsa-miR-6819-3p	96	42	45	35	25	23	12	9	19	32	26	60	336	357	440	272	777	859	512	658	65	47	79	41	578	356	233	234	286	124	162	218	472	464	374	154	217	382	947	450	483	579	528	332	300	381	283	873	281	301	196	314	37	40	41	29	14	9	2	11	10	1	3	1	18	0	0	3	36	50	8	52	289	167	399	232	138	205	405	289	7	186	194	220	8	10	4	4
hsa-miR-6819-5p	5	5	7	3	13	4	2	3	4	7	2	6	10	14	11	3	10	13	10	10	0	0	0	0	34	6	4	8	2	4	8	8	7	15	10	2	3	2	4	17	14	17	4	11	5	0	16	15	17	7	2	6	4	3	4	1	0	4	0	0	10	1	0	0	0	0	0	2	3	7	1	0	5	8	9	8	10	6	18	5	2	10	10	15	3	7	5	3
hsa-miR-6820-5p	16	14	12	3	6	2	2	4	0	0	0	0	11	16	9	8	10	10	6	13	2	8	15	38	31	6	6	5	8	7	6	13	5	9	7	5	3	3	5	5	10	4	10	9	7	1	10	11	9	11	8	3	13	6	12	0	4	0	1	0	0	0	0	0	0	0	0	4	4	3	2	18	7	9	5	3	14	9	13	6	1	6	8	20	0	0	0	0
hsa-miR-6821-3p	35	14	4	9	25	1	12	6	11	6	13	9	30	40	52	16	36	29	16	26	12	24	18	35	58	22	18	14	27	11	20	18	20	22	23	15	7	5	31	28	21	39	35	27	19	2	55	46	45	28	8	12	12	14	111	13	5	4	2	3	15	4	0	3	21	0	0	6	3	13	8	11	26	22	27	16	37	16	62	14	3	23	5	41	7	3	8	4
hsa-miR-6821-5p	33	10	22	20	27	6	3	4	16	2	23	9	18	27	29	27	48	42	22	44	11	22	35	15	91	15	9	25	22	6	26	27	13	29	12	13	7	11	11	13	46	42	110	64	17	5	29	51	38	24	27	30	13	12	15	1	12	13	2	13	41	7	1	2	20	13	2	12	7	19	5	15	8	45	11	15	28	7	33	23	7	23	19	72	6	16	17	9
hsa-miR-6822-5p	0	0	0	0	14	5	0	4	7	11	4	5	4	6	3	6	3	23	10	11	3	4	2	12	35	5	7	8	4	0	7	15	4	5	6	5	1	4	4	3	8	5	6	14	1	2	11	10	9	8	12	4	4	6	2	5	3	0	0	1	0	0	0	0	0	0	0	0	0	0	0	5	3	6	0	5	10	4	7	13	1	11	11	16	0	0	0	0
hsa-miR-6823-3p	14	7	10	11	16	8	4	6	2	10	19	15	16	18	16	9	19	13	14	16	6	18	32	12	40	10	7	15	10	14	23	18	15	17	13	8	1	9	7	11	16	18	11	10	10	1	2	22	20	23	5	1	7	8	14	0	12	8	2	8	9	5	0	2	168	12	1	0	1	8	3	14	2	15	10	9	17	34	24	13	3	18	13	63	5	6	9	2
hsa-miR-6823-5p	12	6	12	7	16	2	6	23	3	2	12	5	9	16	28	6	18	11	17	10	8	13	7	5	30	8	2	11	5	14	32	31	10	11	4	3	11	10	5	9	12	11	8	16	14	3	4	23	15	16	4	8	9	15	7	4	7	0	1	5	0	0	2	3	12	10	5	3	5	6	4	2	9	14	4	3	15	9	16	15	3	17	12	23	4	3	4	3
hsa-miR-6824-5p	26	13	8	11	26	12	12	9	10	15	25	12	21	23	28	12	26	26	16	21	23	25	20	22	46	15	8	17	8	11	22	32	10	18	9	17	12	6	14	7	30	24	11	30	11	2	9	26	15	16	8	2	17	15	28	16	10	7	4	8	23	3	2	8	15	18	2	5	4	17	7	12	12	14	12	17	18	11	25	26	6	23	25	64	5	18	9	6
hsa-miR-6825-3p	37	9	12	6	24	8	7	3	7	3	8	3	14	27	35	13	29	27	21	26	8	15	19	8	60	7	7	15	11	10	22	19	18	32	13	11	2	11	33	26	23	24	45	24	7	3	20	21	32	21	16	14	8	9	188	5	4	6	2	1	12	5	1	4	15	13	2	6	3	5	4	7	10	30	13	15	15	17	20	21	3	21	17	26	1	2	5	2
hsa-miR-6825-5p	25	16	19	16	21	7	10	4	12	4	35	15	25	59	34	17	29	41	45	25	17	31	19	16	60	19	14	17	18	14	21	15	35	24	16	14	12	21	38	26	43	37	40	26	17	9	60	52	26	36	16	15	11	10	16	9	25	7	2	11	23	1	1	3	12	32	3	8	12	128	6	7	17	25	30	12	25	23	77	17	3	21	17	54	9	5	16	6
hsa-miR-6826-3p	6	5	11	9	5	1	2	2	4	6	10	11	15	22	21	12	10	16	9	13	6	32	12	3	45	12	5	6	18	3	14	11	7	23	12	12	9	6	13	9	9	15	17	10	8	11	8	27	24	21	4	3	4	4	9	6	8	0	2	0	0	0	0	5	0	0	0	0	1	6	2	8	8	15	12	12	13	23	18	19	3	23	9	49	11	4	8	5
hsa-miR-6826-5p	25	33	4	22	18	5	8	5	14	8	26	2	8	11	18	9	8	6	19	4	6	11	9	11	44	12	65	17	3	3	11	14	10	8	11	7	4	3	9	23	21	57	70	15	5	0	102	19	9	6	13	2	25	25	35	9	16	12	0	3	12	3	0	2	19	39	3	6	11	10	66	7	9	25	34	12	33	56	109	11	4	13	11	30	1	3	18	0
hsa-miR-6828-3p	9	2	4	2	16	3	3	3	5	1	23	7	6	7	11	6	3	11	5	7	4	4	13	1	17	0	0	0	5	6	9	8	4	15	7	5	5	2	3	1	17	5	26	8	7	6	7	22	1	15	2	4	3	0	10	2	6	0	1	0	0	0	0	1	0	0	0	0	0	0	0	3	1	9	5	2	4	6	2	14	1	35	35	38	1	4	15	7
hsa-miR-6828-5p	13	10	3	5	21	2	0	8	14	4	17	6	6	10	4	4	10	8	8	15	10	5	8	12	44	5	5	7	4	2	9	4	7	17	10	4	4	2	3	2	11	12	35	13	6	2	6	13	16	11	2	4	6	11	12	5	11	4	1	5	11	0	1	5	0	0	0	0	3	8	5	4	5	16	14	8	11	4	10	7	3	13	13	17	0	0	0	0
hsa-miR-6829-3p	34	12	20	12	6	8	2	5	7	10	11	14	25	30	26	10	26	34	22	30	12	15	22	12	99	21	9	34	18	12	17	22	21	19	12	10	16	15	26	24	26	22	23	20	12	7	26	48	43	35	21	15	3	6	12	12	5	5	2	2	18	2	1	4	13	0	0	0	6	11	5	9	8	25	17	51	39	20	37	7	7	17	12	24	8	13	7	0
hsa-miR-6829-5p	0	0	0	0	12	0	2	3	4	0	4	0	6	10	6	5	7	6	6	9	0	0	0	0	19	0	0	0	3	1	3	1	8	11	1	4	6	1	5	4	10	5	6	5	3	1	9	11	5	4	2	2	0	0	0	0	0	0	0	0	0	0	0	0	0	0	0	0	3	3	1	0	4	11	5	7	7	4	13	8	2	16	4	12	0	0	0	0
hsa-miR-6830-3p	3	7	6	2	13	1	7	2	9	4	12	28	9	15	11	6	6	13	4	10	7	10	4	6	27	9	3	3	10	1	5	6	4	9	12	4	1	6	5	3	9	2	7	17	5	1	6	15	12	13	10	8	0	0	0	0	3	0	0	0	0	0	0	0	0	0	0	0	0	0	0	4	8	15	13	17	8	10	18	11	0	8	11	33	0	0	0	0
hsa-miR-6831-3p	15	10	4	5	8	3	2	2	8	2	8	7	8	9	15	7	15	11	7	10	4	23	14	44	22	5	2	10	8	2	9	8	12	15	9	7	4	2	4	4	20	16	11	8	6	5	7	16	15	16	4	2	6	12	33	5	0	3	1	3	13	1	0	0	0	0	0	6	6	3	13	11	6	12	3	7	12	5	11	5	2	11	3	23	0	0	0	0
hsa-miR-6831-5p	27	6	4	6	17	1	5	7	5	1	11	10	16	24	27	10	21	26	24	37	1	12	21	9	44	9	9	28	3	9	31	27	12	18	7	10	6	3	6	19	30	37	13	42	18	2	122	29	20	26	11	3	7	12	7	4	0	0	0	0	0	0	0	0	13	0	0	5	4	10	0	2	9	17	14	12	20	13	43	12	4	20	9	24	1	4	6	4
hsa-miR-6832-3p	10	9	2	9	9	3	12	6	3	3	8	7	9	22	16	8	17	3	6	17	0	16	9	23	35	11	19	14	7	5	8	10	10	10	13	1	3	7	16	5	16	5	10	10	11	0	4	18	23	17	4	6	8	5	30	3	6	0	0	3	0	0	0	0	51	0	0	0	3	11	8	8	6	9	23	13	9	19	19	7	6	7	8	45	3	4	1	3
hsa-miR-6832-5p	14	14	3	12	16	10	1	11	26	6	9	8	12	19	18	3	11	7	21	16	5	16	13	10	37	10	5	15	4	4	5	13	16	11	10	9	2	4	8	13	20	12	12	11	10	1	29	18	15	17	8	7	7	10	19	3	9	9	1	2	15	3	1	1	25	0	0	10	5	8	6	1	14	15	12	6	16	20	54	7	7	14	5	33	6	1	7	3
hsa-miR-6833-3p	13	3	4	10	9	2	2	8	9	3	8	9	11	5	8	12	8	15	7	16	6	12	10	22	27	13	11	15	4	7	6	16	10	12	11	7	3	5	3	6	9	9	9	39	7	3	4	15	16	17	20	15	7	8	13	4	6	3	1	5	10	1	0	2	0	0	0	1	4	8	6	9	4	15	6	10	9	22	53	15	5	11	20	15	3	8	4	5
hsa-miR-6833-5p	7	7	6	4	10	3	3	3	3	1	9	3	9	13	13	3	23	18	9	13	1	7	7	10	29	4	0	10	2	3	16	6	9	14	5	8	2	2	3	9	19	18	14	12	9	1	11	13	15	12	4	5	7	3	1	2	0	14	1	0	7	1	0	0	0	0	0	0	2	1	2	4	6	23	10	7	4	11	20	12	1	4	9	17	0	0	0	0
hsa-miR-6834-5p	9	5	10	2	18	7	9	8	13	14	7	7	8	10	11	8	14	21	26	22	5	13	9	9	36	9	5	13	9	12	10	25	14	27	6	15	3	7	7	11	27	16	5	15	15	1	14	22	18	11	8	7	9	10	14	1	8	5	2	8	19	6	0	3	14	0	0	7	5	3	1	18	4	11	6	7	12	8	20	18	5	13	10	28	4	12	9	6
hsa-miR-6835-5p	11	9	5	6	6	3	8	3	11	1	8	3	4	14	15	5	7	11	4	7	12	9	6	3	19	0	0	0	4	1	4	12	7	7	4	2	1	2	3	8	6	16	5	14	2	1	7	19	12	8	7	2	4	9	8	0	2	0	0	1	0	0	0	1	11	10	2	1	2	8	4	10	2	9	3	11	11	5	11	6	3	8	5	24	0	0	0	0
hsa-miR-6836-3p	8	8	15	5	3	3	7	5	3	10	6	12	15	12	15	3	10	6	7	10	0	0	0	0	102	17	9	13	12	2	13	9	10	13	14	11	3	8	4	7	10	14	10	14	3	4	12	13	15	8	5	3	0	0	0	0	0	1	0	1	13	2	0	0	31	0	0	3	11	9	0	0	7	32	7	40	25	9	22	20	2	16	19	74	6	4	3	7
hsa-miR-6836-5p	30	30	12	15	10	0	3	6	4	2	3	4	29	51	46	14	34	48	30	41	12	19	13	20	105	29	32	29	22	18	28	28	40	52	20	18	19	24	58	20	20	33	39	19	18	9	24	51	24	27	11	10	13	7	57	5	0	0	2	0	0	0	0	0	0	0	0	0	8	5	5	10	21	46	31	26	25	29	40	19	1	27	21	34	2	1	4	1
hsa-miR-6837-5p	29	3	2	2	5	0	0	3	3	9	9	3	14	8	18	10	10	21	3	8	0	0	0	0	24	8	8	10	4	1	8	16	13	12	3	2	5	8	7	12	5	19	9	10	4	1	7	22	9	8	6	2	4	2	39	4	0	0	0	2	0	0	0	0	0	0	0	0	3	3	2	0	9	14	10	6	10	8	18	6	1	10	4	12	0	0	0	0
hsa-miR-6838-3p	23	14	14	13	39	16	12	12	15	2	40	22	51	52	41	29	57	54	52	100	24	19	19	14	72	13	8	23	26	25	42	52	41	27	23	8	10	15	11	12	102	63	45	81	34	6	22	78	43	35	20	19	29	11	41	16	17	15	8	18	63	29	4	26	19	43	12	33	4	18	6	17	14	42	7	16	25	20	36	20	12	33	29	64	13	24	32	8
hsa-miR-6838-5p	23	11	8	11	11	5	6	1	6	5	6	4	16	18	18	10	13	17	13	15	15	11	10	15	27	12	4	9	7	4	12	13	10	15	7	3	5	5	10	11	11	18	19	5	9	5	17	18	9	20	3	4	17	6	11	1	0	0	1	0	0	0	0	0	0	0	0	0	5	9	12	7	2	13	12	11	7	17	14	10	1	20	8	15	0	0	0	0
hsa-miR-6839-3p	4	1	6	1	9	3	5	1	3	3	16	4	13	23	25	13	14	15	10	17	15	7	5	7	25	4	5	8	5	2	9	14	11	15	9	5	2	3	19	6	14	12	22	35	7	3	9	18	14	17	11	11	0	0	0	0	0	2	0	0	13	5	0	0	0	0	0	5	3	3	5	10	6	15	9	4	7	5	15	9	1	8	4	21	0	0	0	0
hsa-miR-6839-5p	7	6	8	3	11	2	7	3	11	5	8	9	6	6	8	5	15	11	6	16	0	0	0	0	23	7	4	6	5	4	5	15	8	10	1	6	5	6	8	8	13	10	38	11	7	5	11	25	13	19	11	7	3	4	6	5	0	0	0	3	0	0	0	0	0	0	0	0	4	2	0	0	0	15	3	13	10	5	14	3	1	10	9	16	1	6	0	15
hsa-miR-6840-3p	7	12	10	5	0	0	0	0	4	3	6	10	9	9	5	2	9	8	5	9	9	2	9	8	38	4	8	8	11	7	13	12	12	5	2	6	2	6	10	3	11	8	10	5	15	6	4	8	13	11	2	4	7	7	12	6	0	0	0	3	0	0	0	0	0	0	0	0	4	3	2	1	2	17	7	5	19	5	11	8	2	7	8	10	0	6	6	1
hsa-miR-6840-5p	48	29	54	33	11	17	10	1	5	1	13	11	29	78	69	24	65	63	30	55	42	38	54	33	138	36	35	84	34	16	29	30	50	57	38	20	27	43	59	33	38	69	58	30	25	21	37	80	94	88	57	41	18	11	27	24	4	4	3	0	14	1	0	5	11	0	0	0	25	33	6	37	54	84	59	37	52	42	128	68	3	61	62	69	6	2	4	2
hsa-miR-6841-3p	0	0	0	0	0	0	0	0	0	0	0	0	13	4	3	7	8	10	11	12	0	0	0	0	17	8	6	10	1	1	12	4	0	0	0	0	3	0	0	6	11	17	11	7	6	4	1	10	12	10	1	4	0	0	0	0	0	0	0	0	0	0	0	0	0	0	0	0	0	0	0	0	6	14	0	6	9	7	13	3	0	4	5	13	0	0	0	0
hsa-miR-6841-5p	11	2	4	1	4	5	4	6	5	1	5	10	9	10	9	4	16	6	3	17	24	9	32	2	44	0	0	0	4	3	7	5	2	7	10	7	4	4	3	3	24	17	11	9	6	0	3	8	5	17	2	5	1	3	20	3	2	0	4	6	0	0	0	0	14	0	0	4	3	2	7	5	4	13	7	4	9	4	15	4	1	5	6	23	1	6	7	9
hsa-miR-6842-3p	74	108	13	141	10	1	32	2	66	0	17	17	18	104	28	11	6	9	14	6	3	11	7	29	40	31	98	18	2	16	10	13	77	12	117	9	18	21	23	5	7	6	5	3	5	1	4	42	17	84	3	5	40	66	70	2	69	43	6	18	1	6	0	2	58	23	23	0	30	7	118	19	3	15	68	7	20	77	97	12	56	54	16	62	64	3	15	0
hsa-miR-6842-5p	11	18	7	21	11	2	7	7	25	3	20	6	16	35	32	14	29	22	34	19	5	15	8	30	36	17	8	11	18	10	14	24	32	19	23	8	6	13	35	12	21	21	22	19	10	8	21	35	44	25	27	21	8	18	13	9	8	9	2	10	6	4	0	1	0	0	0	4	6	8	14	6	8	20	15	5	8	23	26	17	4	23	22	37	18	4	7	2
hsa-miR-6843-3p	23	19	12	31	13	0	4	2	13	2	10	5	6	33	6	6	10	8	8	6	1	5	9	10	26	13	25	12	6	6	13	11	21	8	30	0	13	5	8	6	13	11	6	11	5	0	11	15	11	25	3	7	17	24	22	3	11	11	2	0	4	6	0	0	0	0	0	3	9	4	26	6	4	16	19	8	8	32	31	7	11	12	7	28	31	3	6	1
hsa-miR-6845-3p	10	5	2	4	11	3	2	2	4	22	11	7	10	29	14	4	12	12	11	10	1	12	9	4	38	4	2	7	5	8	19	10	4	16	8	11	1	4	5	9	12	9	5	15	12	2	10	30	19	19	7	2	10	5	22	5	8	4	3	3	8	5	1	3	0	0	0	2	3	0	1	3	3	11	1	10	13	3	5	7	3	5	4	26	5	4	16	6
hsa-miR-6845-5p	6	12	2	6	3	3	8	3	0	0	0	0	16	11	12	3	15	6	9	7	9	8	6	105	17	4	4	2	6	0	12	8	8	7	7	10	4	5	7	5	5	5	15	6	3	0	5	11	15	7	0	6	0	0	0	0	0	0	0	0	0	0	0	0	0	0	0	0	11	8	2	11	6	11	14	4	6	3	8	10	1	13	6	16	0	0	0	0
hsa-miR-6846-3p	18	10	10	6	7	5	1	3	7	2	4	5	10	13	9	7	12	9	6	9	4	25	18	14	25	8	10	7	2	3	11	17	21	9	8	6	1	7	5	4	10	7	11	4	4	4	9	19	14	13	6	8	5	14	14	2	0	0	2	5	0	0	0	1	15	0	0	0	3	5	5	6	4	14	14	10	33	13	19	14	3	17	4	31	4	4	1	7
hsa-miR-6846-5p	11	11	14	9	16	10	10	11	8	14	43	15	10	14	9	13	14	8	12	10	19	18	10	39	40	9	2	10	9	4	13	17	19	15	9	5	9	4	7	6	12	7	17	20	6	2	18	22	16	20	9	8	6	12	13	8	18	6	1	5	18	4	0	3	19	19	7	5	6	5	4	7	6	12	8	14	14	20	27	14	7	20	19	41	5	8	6	4
hsa-miR-6847-5p	26	10	5	11	10	2	0	2	5	2	9	5	17	26	10	5	17	11	11	16	6	14	17	4	25	6	8	8	5	4	6	7	15	8	30	8	8	9	14	4	14	16	12	8	12	4	6	23	16	17	5	3	9	16	9	3	0	11	3	4	11	3	0	3	0	0	0	0	3	5	18	12	1	17	10	10	17	10	9	8	9	15	6	30	13	4	3	0
hsa-miR-6848-5p	0	0	0	0	6	1	5	1	8	2	4	3	6	4	6	7	0	0	2	0	0	0	0	0	14	1	3	3	0	0	0	0	5	5	2	2	2	5	7	2	13	9	0	0	0	4	1	8	0	0	3	2	2	5	1	0	0	0	0	0	0	0	0	0	0	0	0	0	0	0	0	0	0	17	5	7	5	3	13	4	3	5	3	17	0	0	0	0
hsa-miR-6849-3p	8	4	7	7	14	1	3	1	4	1	6	2	11	25	29	9	14	4	5	4	3	5	5	6	35	4	3	7	8	3	17	19	6	15	7	4	3	7	6	3	9	12	5	7	4	2	3	11	29	23	2	1	8	4	7	0	0	2	0	0	10	1	0	0	10	0	0	0	1	5	0	2	2	10	5	9	6	8	12	18	0	11	20	41	0	0	5	2
hsa-miR-6849-5p	26	18	24	10	10	7	4	8	3	8	9	6	20	24	15	11	20	29	24	27	17	40	16	9	71	24	11	35	35	13	9	26	24	27	12	13	7	24	36	19	34	21	22	27	18	5	13	43	25	23	14	15	14	5	12	9	4	0	3	3	0	0	0	4	12	0	0	0	13	18	4	7	32	13	23	24	24	19	42	11	2	9	13	26	2	5	7	2
hsa-miR-6850-3p	32	11	17	9	21	10	9	13	6	13	25	12	15	21	26	10	20	30	22	15	36	165	37	21	94	18	24	36	23	12	19	25	10	26	9	11	4	17	14	19	25	18	830	28	13	6	17	36	14	16	15	13	12	13	43	10	16	11	1	5	16	12	1	3	105	12	1	3	3	16	14	9	13	40	24	25	29	22	37	42	1	27	33	70	2	4	3	8
hsa-miR-6850-5p	32	13	19	22	28	9	16	13	11	13	16	13	32	34	42	18	33	38	37	29	23	56	43	21	136	27	8	49	30	27	35	35	24	46	25	22	15	20	43	35	49	63	157	46	16	6	41	65	63	34	15	27	23	14	31	17	15	18	4	8	51	2	2	15	29	32	16	9	10	33	6	23	30	58	33	33	50	28	97	31	6	37	24	104	6	25	21	5
hsa-miR-6851-3p	5	8	4	4	4	2	4	0	0	0	0	0	10	15	3	2	0	4	6	0	0	0	0	0	29	3	3	14	7	4	7	14	7	5	3	0	1	1	5	2	9	6	0	0	0	0	6	19	5	11	0	2	3	5	10	2	0	4	0	0	10	1	0	0	0	0	0	1	0	0	0	0	0	0	5	0	4	4	14	8	2	13	7	13	0	0	0	0
hsa-miR-6852-3p	190	135	44	245	7	17	36	4	69	2	33	56	61	259	100	45	52	45	44	44	7	28	28	97	62	98	502	32	13	24	26	34	106	52	255	24	29	42	77	36	33	39	33	29	24	21	26	120	78	163	17	24	117	156	131	6	58	61	3	18	13	10	0	1	155	49	34	0	55	7	281	27	13	45	249	17	42	164	200	41	104	105	36	96	260	5	26	0
hsa-miR-6852-5p	152	168	34	376	16	10	47	2	144	9	60	51	59	424	88	53	16	13	36	16	4	16	23	45	60	108	86	51	6	19	14	11	169	44	373	12	30	92	91	4	6	1	10	10	12	5	4	148	129	316	23	26	132	152	179	10	260	259	22	59	9	20	0	1	269	54	90	8	31	3	205	21	2	25	190	10	35	162	176	23	201	185	49	181	405	8	59	1
hsa-miR-6853-3p	0	0	0	0	0	3	1	3	0	0	0	0	10	9	11	4	5	0	4	7	0	0	0	0	13	0	0	0	5	7	8	9	0	0	0	0	1	6	7	3	10	7	11	12	3	0	4	5	0	0	3	3	0	0	0	0	0	4	0	5	11	5	0	0	14	0	0	2	0	0	0	0	2	6	4	5	0	3	9	2	1	8	3	17	4	3	1	0
hsa-miR-6853-5p	29	5	18	17	7	4	8	15	4	1	9	12	43	67	114	31	78	74	54	64	22	12	22	28	79	39	44	22	28	17	20	24	48	44	38	21	10	30	61	44	50	56	81	36	40	32	30	79	73	55	38	28	14	17	23	10	5	0	2	3	0	0	0	0	0	0	0	0	16	20	14	9	31	46	45	17	32	23	99	48	7	36	37	53	5	7	7	3
hsa-miR-6854-3p	2	1	5	4	7	3	0	4	2	3	4	8	12	11	3	5	6	7	5	5	0	0	0	0	18	11	4	10	2	3	5	6	1	1	13	6	0	2	0	10	6	18	5	11	5	4	5	7	12	8	3	0	4	14	15	0	0	0	0	2	0	0	0	0	0	0	0	0	4	4	0	0	2	14	3	2	5	3	17	3	0	4	0	24	1	3	0	5
hsa-miR-6854-5p	1	6	7	6	13	0	1	5	0	0	0	0	13	5	6	5	7	3	8	4	4	13	5	7	8	4	4	5	11	2	11	9	7	11	3	2	3	2	8	2	5	11	11	4	2	1	6	7	9	8	4	3	0	0	0	0	0	0	0	2	0	0	0	0	0	0	0	0	4	1	0	4	3	10	2	6	8	4	9	6	6	11	4	6	0	0	0	0
hsa-miR-6855-3p	52	42	48	48	55	26	45	25	62	11	59	62	62	98	74	43	61	59	38	55	24	226	48	44	186	42	34	43	14	25	53	70	56	73	63	38	17	33	31	27	61	50	69	60	37	10	29	109	109	122	33	29	49	37	44	30	42	34	6	39	78	22	3	23	67	40	17	34	16	38	23	47	17	67	47	43	33	55	197	103	29	117	93	177	35	23	45	23
hsa-miR-6855-5p	17	9	10	7	7	13	6	9	10	10	20	7	27	18	26	6	19	18	13	23	17	34	4	24	41	6	11	17	13	14	22	21	15	17	9	20	5	4	13	22	23	22	10	15	11	2	30	18	12	14	10	6	9	19	39	9	9	9	0	6	27	1	2	2	13	11	5	11	3	7	8	15	8	18	16	16	14	15	52	12	3	16	15	48	4	4	12	6
hsa-miR-6856-3p	11	9	10	6	2	5	4	0	0	0	0	0	12	17	10	3	14	5	10	11	6	13	2	4	32	0	0	0	1	2	6	3	5	4	7	3	2	2	4	4	11	9	8	8	4	2	7	11	8	11	4	4	3	7	6	1	0	4	0	5	10	2	0	0	18	0	0	0	0	0	0	1	0	0	1	0	9	7	16	1	1	5	4	18	4	3	1	4
hsa-miR-6856-5p	11	7	8	5	3	3	4	3	5	4	16	7	2	8	11	7	9	15	13	9	4	11	6	14	24	10	3	5	4	2	5	10	9	12	4	4	1	4	2	5	12	8	7	7	5	2	8	14	6	8	8	7	5	10	13	5	3	0	0	0	0	0	0	0	10	0	0	0	2	2	3	4	8	8	8	11	8	10	16	15	3	8	13	27	4	5	4	4
hsa-miR-6857-3p	24	14	16	28	48	6	17	26	46	5	57	33	35	48	53	25	42	84	42	50	5	25	35	26	99	19	16	25	47	34	28	47	32	60	36	22	13	33	28	33	45	35	29	39	21	22	32	98	48	66	23	10	22	15	41	21	55	37	6	33	77	14	0	8	49	44	14	30	12	9	18	27	12	26	25	16	19	27	59	14	9	46	20	104	19	22	14	15
hsa-miR-6857-5p	32	13	9	10	11	7	5	9	13	0	9	13	11	18	18	7	24	26	22	22	9	18	17	11	54	6	14	10	10	11	28	18	13	12	7	10	8	9	12	8	26	23	20	12	20	9	18	22	13	22	9	11	9	16	46	6	11	11	3	6	7	8	0	0	0	24	2	4	9	5	3	8	10	18	10	8	15	12	27	14	2	14	15	40	14	5	14	4
hsa-miR-6858-3p	7	4	5	6	13	3	2	1	1	5	5	5	6	16	11	6	18	9	12	7	4	8	14	9	36	11	9	5	7	3	10	8	9	12	5	6	2	3	11	10	10	13	18	11	8	1	6	19	12	8	1	2	2	3	4	5	0	4	0	0	16	1	0	0	0	0	0	0	0	0	0	3	11	20	5	6	12	5	25	13	3	13	7	20	0	0	0	0
hsa-miR-6859-3p	10	1	10	3	2	0	2	0	0	0	0	0	5	11	13	9	14	10	11	17	4	3	3	2	21	4	5	12	5	1	5	5	0	0	0	0	2	3	13	7	8	5	9	8	5	4	7	13	15	11	2	4	2	4	21	2	2	0	1	6	0	0	0	0	0	0	0	0	7	5	3	4	4	6	6	14	6	7	12	11	1	13	11	21	0	0	0	0
hsa-miR-6859-5p	9	4	9	16	2	4	1	4	15	4	7	8	9	23	7	8	11	7	7	16	8	18	10	11	19	12	14	9	3	3	8	7	13	11	12	8	5	7	7	4	6	5	5	5	10	4	9	13	6	16	5	3	8	10	15	5	0	0	2	0	0	0	0	2	40	11	3	0	3	6	10	5	1	7	10	6	8	17	21	9	6	8	10	16	11	4	6	1
hsa-miR-6860	6	16	4	6	5	2	1	4	0	0	0	0	8	8	11	1	6	11	5	13	6	10	2	8	37	6	0	3	4	0	11	2	4	7	3	12	1	2	3	5	14	10	6	8	6	2	11	17	12	7	6	2	6	10	6	3	0	0	1	0	0	0	0	0	12	0	0	0	0	0	0	2	5	18	3	11	6	3	17	8	2	4	4	25	0	0	0	0
hsa-miR-6861-3p	29	27	27	21	9	0	1	7	26	6	17	6	33	64	58	29	29	41	41	24	12	21	34	45	101	26	56	37	12	10	16	21	36	22	30	14	15	10	25	17	28	30	40	17	16	9	6	42	52	46	30	17	13	19	18	13	15	10	1	8	9	4	1	4	13	0	0	0	20	18	18	18	38	35	58	15	17	40	82	23	1	27	12	43	7	5	7	5
hsa-miR-6861-5p	14	6	10	20	12	0	3	7	11	12	35	15	11	25	13	12	21	29	27	7	2	11	9	14	54	8	12	15	14	5	10	19	17	23	13	33	6	8	11	16	16	27	16	33	13	1	55	35	13	14	11	5	10	6	19	8	14	5	3	7	24	9	0	11	14	15	3	7	3	20	6	4	5	15	9	14	24	18	47	26	3	24	35	42	7	8	12	3
hsa-miR-6862-3p	16	6	6	6	15	5	5	3	9	6	8	7	6	24	12	8	7	18	7	17	5	16	16	15	41	10	5	22	7	6	20	21	13	16	4	11	1	1	7	6	4	17	16	20	6	3	8	21	15	11	4	9	4	9	10	7	7	3	4	2	16	5	0	1	22	15	5	0	5	8	1	6	8	13	10	8	9	9	28	12	2	18	10	35	3	5	13	4
hsa-miR-6862-5p	19	7	12	17	15	0	4	2	6	0	9	9	15	32	18	10	30	26	22	26	29	11	29	14	57	12	11	13	8	8	24	15	20	26	23	9	7	9	25	17	29	10	17	10	13	3	11	35	31	17	14	17	11	5	14	8	10	9	0	8	13	4	0	2	0	8	11	4	8	12	4	18	12	12	15	16	16	19	30	21	8	26	15	40	5	2	6	0
hsa-miR-6863	26	5	7	3	14	7	4	5	16	1	12	21	16	12	16	10	22	14	12	14	9	36	10	6	19	5	6	12	5	5	16	28	13	11	5	4	4	5	3	5	17	21	12	14	13	0	6	24	11	13	6	4	6	5	48	4	3	4	1	2	9	1	0	2	0	13	1	1	1	10	4	7	1	25	6	8	15	8	24	8	4	11	7	28	4	6	8	4
hsa-miR-6864-5p	6	3	3	4	8	2	2	1	3	7	6	16	0	4	7	0	0	0	3	0	0	0	0	0	11	0	0	0	5	4	1	7	0	0	0	0	5	0	0	2	12	5	0	0	0	0	4	12	4	5	0	3	0	0	0	0	0	0	0	1	0	0	0	0	95	0	0	0	0	0	0	0	0	0	3	0	1	6	8	6	3	4	4	13	0	0	0	0
hsa-miR-6865-3p	15	9	6	5	7	4	3	6	6	2	13	12	14	17	30	11	16	14	14	11	9	21	21	9	45	11	4	14	15	4	6	30	13	18	8	16	2	5	14	21	27	22	7	22	12	2	10	29	17	19	8	4	9	9	14	2	7	4	4	5	24	4	2	2	11	11	8	11	3	17	3	7	8	21	13	18	13	8	30	10	1	22	10	29	5	19	6	2
hsa-miR-6865-5p	33	26	13	33	31	12	53	5	111	29	25	29	25	138	28	39	58	31	46	28	8	14	14	25	113	22	101	11	14	36	19	17	205	50	333	17	27	44	54	14	14	15	24	22	12	1	7	142	26	74	21	14	18	37	26	8	133	64	9	21	17	9	0	0	117	19	42	7	8	8	27	2	6	30	59	13	19	48	95	17	104	112	42	132	110	6	15	2
hsa-miR-6866-5p	23	19	11	38	14	1	3	5	31	4	47	8	18	17	22	10	20	11	16	13	9	16	16	27	56	22	11	13	5	6	12	18	10	13	14	7	3	6	8	8	11	17	10	18	6	5	10	20	10	14	12	4	26	21	21	12	11	4	2	6	17	1	0	3	43	10	7	9	15	21	37	6	9	23	14	19	14	21	72	4	9	15	8	46	13	6	11	7
hsa-miR-6867-3p	17	8	1	4	7	3	3	5	0	0	0	0	12	12	14	5	18	6	8	9	3	23	9	5	21	0	0	0	4	8	5	12	4	12	9	5	0	5	3	7	7	7	16	15	5	2	3	16	13	9	9	4	3	3	5	2	7	2	1	2	10	2	1	1	10	0	0	5	4	0	3	0	1	11	4	4	10	16	16	6	2	8	7	16	0	0	0	0
hsa-miR-6867-5p	30	18	15	18	38	13	15	17	26	7	38	42	56	75	66	29	71	75	55	62	15	21	13	17	64	12	7	21	19	18	41	31	47	57	26	37	13	30	77	44	69	70	88	76	66	7	48	106	81	61	49	53	17	24	24	14	14	15	6	9	26	5	1	6	46	26	9	12	5	16	10	3	18	31	12	14	23	25	117	17	21	26	14	70	12	14	16	10
hsa-miR-6868-3p	0	0	0	0	0	0	0	0	11	1	7	5	6	0	0	0	7	10	0	1	0	0	0	0	14	3	12	3	1	0	10	1	0	0	0	0	0	0	0	0	3	4	11	12	2	1	0	8	4	5	3	0	0	0	0	0	0	0	0	1	0	0	0	0	10	0	0	0	10	1	8	0	1	5	15	4	4	5	9	6	2	7	4	11	0	0	0	0
hsa-miR-6868-5p	12	6	7	3	4	4	5	6	10	0	9	12	10	5	9	1	7	6	12	7	14	11	10	3	36	4	12	4	4	3	13	5	5	8	3	0	5	2	4	4	7	3	11	10	13	5	9	11	8	8	4	9	0	0	0	0	0	0	1	0	0	0	0	0	0	0	0	0	9	6	2	14	18	11	21	12	7	15	39	12	4	20	7	13	3	4	2	3
hsa-miR-6869-3p	20	9	7	7	10	3	1	1	3	3	9	4	12	17	9	14	24	16	18	18	15	11	17	4	37	14	7	17	15	6	7	8	11	21	3	12	4	9	8	15	12	27	16	12	9	10	26	26	21	14	12	5	7	7	67	4	0	12	0	0	11	6	0	0	79	16	0	0	3	22	1	10	5	19	17	13	22	7	659	8	0	6	8	19	0	0	0	0
hsa-miR-6869-5p	25	12	8	10	32	13	5	5	11	5	9	12	35	27	35	15	32	26	21	18	13	21	8	10	126	23	11	13	16	9	20	34	16	39	18	19	6	14	20	21	33	30	36	25	13	5	21	38	28	33	9	8	10	16	17	15	8	7	1	5	20	9	0	3	29	18	12	5	7	10	2	11	20	56	14	32	35	22	60	34	6	25	22	72	7	7	17	4
hsa-miR-6870-3p	26	8	11	8	25	4	6	3	9	5	26	12	11	22	17	5	15	11	6	18	10	33	21	9	48	8	8	11	1	8	18	17	4	18	9	8	5	2	4	2	14	8	17	10	7	3	5	12	10	25	3	4	13	15	23	4	2	4	1	4	14	1	0	3	0	0	0	5	4	14	4	13	6	12	7	11	12	15	20	6	2	12	11	23	4	6	12	7
hsa-miR-6870-5p	20	15	14	7	23	7	0	10	8	11	11	9	12	19	15	9	16	9	12	18	25	92	21	453	61	16	6	19	21	5	22	23	9	16	6	8	2	4	9	19	26	21	18	20	12	5	12	17	9	15	4	8	12	24	17	14	3	6	5	7	25	4	0	4	21	0	0	5	16	34	22	19	6	28	32	14	17	20	36	16	2	20	14	30	8	6	14	3
hsa-miR-6871-3p	10	2	4	6	9	0	3	0	0	0	0	0	19	6	14	4	13	10	6	4	1	6	4	11	35	3	1	6	7	4	11	5	3	8	6	3	5	0	5	4	17	7	6	8	6	0	6	8	7	10	5	0	5	2	7	0	0	0	0	0	0	0	0	0	0	0	0	12	2	1	4	3	4	12	6	7	8	7	20	5	2	4	13	12	0	0	0	0
hsa-miR-6871-5p	33	37	15	15	25	12	9	10	44	18	100	24	24	27	35	22	28	58	46	42	20	81	20	11	71	21	11	10	14	19	41	39	46	76	9	38	17	14	22	13	41	35	54	62	18	3	53	77	31	41	12	7	17	13	18	28	35	7	12	9	24	12	2	16	21	16	8	19	12	45	10	15	13	22	10	21	34	39	34	182	9	105	131	157	12	10	44	7
hsa-miR-6872-3p	58	109	60	118	9	8	9	5	17	11	33	17	258	547	501	190	253	222	154	185	21	33	66	86	276	127	273	103	115	62	77	89	137	183	237	63	64	85	265	108	189	152	269	118	93	66	65	293	177	202	56	60	28	15	69	10	22	24	5	21	26	9	1	1	49	19	8	8	39	26	45	48	115	105	212	58	58	118	227	93	21	97	77	139	51	3	24	10
hsa-miR-6872-5p	11	4	7	5	10	0	0	3	2	1	6	6	9	9	19	11	9	7	11	19	11	9	9	6	18	7	5	1	4	1	11	4	4	11	11	5	1	4	11	5	13	18	12	7	3	1	4	10	12	14	9	9	7	10	6	5	0	0	0	1	0	0	0	0	0	0	0	0	6	5	0	12	0	0	9	0	19	7	11	13	1	9	10	22	0	0	0	0
hsa-miR-6873-3p	15	7	8	12	5	3	2	9	8	6	8	15	6	14	10	7	8	20	9	17	2	11	12	5	33	17	20	6	14	5	7	9	12	12	15	10	9	1	8	4	10	11	13	8	5	1	4	19	17	24	7	1	11	8	13	4	8	5	0	0	11	4	0	0	0	0	0	3	2	6	10	8	8	16	29	12	19	12	27	10	8	8	6	31	6	1	9	3
hsa-miR-6874-3p	19	7	11	8	15	1	4	1	8	5	13	11	78	102	166	51	79	157	91	115	7	5	15	11	36	28	17	9	27	16	24	33	62	66	26	48	79	73	108	106	46	77	90	43	100	29	59	87	196	209	170	200	5	6	8	7	1	7	0	6	12	3	0	0	0	0	0	0	10	5	10	8	28	10	16	17	28	23	21	29	2	28	30	22	5	3	6	4
hsa-miR-6874-5p	14	4	1	5	3	5	3	4	0	0	0	0	10	13	7	2	5	7	9	9	5	7	10	9	29	9	16	8	5	5	10	7	2	7	3	5	1	4	2	4	7	6	9	7	7	0	6	16	8	5	4	9	5	6	63	0	17	23	6	15	48	0	0	3	0	0	0	0	2	2	4	4	1	10	3	4	5	9	19	7	0	7	5	21	0	0	0	0
hsa-miR-6875-3p	26	2	13	7	9	4	2	1	5	1	8	13	14	9	16	9	16	19	12	17	7	4	11	12	23	1	1	4	0	3	13	17	5	7	8	15	3	5	5	8	12	11	9	11	3	4	10	7	6	20	3	4	3	6	159	5	6	2	0	5	11	1	1	2	0	12	3	2	0	0	0	6	6	10	8	12	17	8	28	11	3	6	9	25	3	13	7	6
hsa-miR-6876-3p	0	0	0	0	5	0	2	2	0	2	11	8	11	8	10	5	8	12	0	5	0	0	0	0	19	3	4	3	2	1	11	7	2	8	3	1	4	2	3	8	9	10	8	11	4	1	0	9	3	13	6	1	0	0	0	0	0	0	0	1	0	0	0	0	17	0	0	0	0	0	0	0	5	3	6	5	7	3	22	3	0	8	7	10	0	0	0	0
hsa-miR-6877-3p	4	6	5	4	12	8	0	2	12	2	4	3	7	8	11	3	17	10	8	12	9	10	7	15	33	6	9	12	16	1	9	5	10	13	15	11	2	3	11	3	7	16	12	11	7	1	8	14	11	9	4	4	4	0	5	5	0	0	1	2	0	0	0	0	0	0	0	0	1	5	1	4	4	18	9	12	5	12	11	10	3	14	5	18	0	0	0	0
hsa-miR-6877-5p	23	16	12	18	13	3	13	5	11	15	17	5	23	37	18	14	14	24	12	15	9	18	10	20	64	24	36	19	10	8	13	12	15	26	38	7	7	14	23	8	12	15	23	17	10	7	12	36	19	24	11	4	15	14	34	7	17	17	0	4	11	3	0	3	25	14	4	0	8	4	19	12	11	26	27	14	18	35	55	24	7	30	17	61	7	1	2	2
hsa-miR-6878-5p	12	6	7	3	13	3	2	7	8	5	2	7	8	16	9	5	14	9	10	13	5	17	8	10	26	0	0	0	6	3	9	8	8	9	2	5	3	7	3	3	12	10	8	6	1	3	3	17	10	12	4	3	8	2	12	4	0	5	1	0	10	0	0	0	0	0	0	0	2	3	4	10	3	11	4	5	3	8	11	12	0	17	6	23	4	11	4	1
hsa-miR-6879-3p	34	20	26	17	40	11	2	3	4	5	12	16	25	26	30	7	28	20	18	33	21	15	31	19	79	18	16	25	33	22	44	39	10	27	12	14	6	5	8	14	52	29	19	51	14	5	25	39	18	14	8	2	19	4	33	10	15	12	7	18	48	6	1	6	38	11	3	14	7	18	2	19	21	62	17	40	23	20	56	26	9	29	29	69	3	9	20	11
hsa-miR-6879-5p	7	5	7	8	10	3	3	1	2	2	6	3	9	17	19	4	7	6	6	13	6	26	10	3	26	5	3	10	4	10	9	6	9	22	19	4	1	7	9	6	7	11	13	10	12	3	1	13	9	14	2	1	2	12	17	5	0	0	1	2	0	0	0	4	17	0	0	10	4	4	2	0	6	17	4	12	22	8	18	18	1	21	9	39	5	4	9	7
hsa-miR-6880-3p	0	0	0	0	0	0	0	0	0	0	0	0	4	10	4	3	5	15	6	15	5	11	10	2	18	3	3	2	0	0	0	0	5	6	2	4	1	0	3	1	2	4	3	6	5	0	5	10	9	2	0	1	6	5	5	3	0	0	0	0	0	0	0	0	0	0	0	0	0	0	0	2	0	0	2	0	6	5	11	5	2	7	7	13	0	0	0	0
hsa-miR-6881-3p	22	9	16	18	21	10	3	13	11	15	16	14	49	77	62	35	47	67	48	46	7	26	23	23	110	88	53	61	59	21	43	39	66	69	33	18	18	33	63	20	38	55	135	31	21	18	16	77	53	57	20	16	10	18	9	7	9	3	1	8	11	3	0	6	16	0	0	9	10	12	1	10	47	74	94	58	48	65	98	58	3	56	40	84	5	8	6	10
hsa-miR-6881-5p	18	10	9	10	12	1	4	6	8	6	16	3	12	16	16	6	11	13	13	19	10	18	13	14	27	20	10	11	3	6	6	10	12	15	5	2	2	10	7	16	13	19	8	15	7	5	7	23	13	12	8	6	15	5	4	4	11	0	4	3	0	0	0	2	0	15	1	0	5	4	1	7	7	17	5	10	7	11	18	19	5	13	14	34	8	9	10	2
hsa-miR-6882-5p	31	27	16	30	9	10	3	6	23	6	17	8	44	77	49	27	76	70	55	74	9	22	13	30	87	27	26	21	18	10	26	20	22	28	42	11	16	12	28	17	63	66	55	65	21	6	22	36	18	25	26	16	19	18	18	2	5	10	1	6	29	5	1	7	16	17	9	7	13	11	33	16	20	59	36	18	21	43	64	16	7	23	16	35	18	20	10	10
hsa-miR-6883-3p	23	11	11	15	8	2	2	7	6	0	23	7	11	26	26	3	18	13	20	8	6	28	12	15	35	12	14	11	4	5	10	7	9	16	6	5	4	7	12	6	8	11	13	13	7	2	10	22	12	19	14	7	8	12	9	4	6	5	0	0	11	0	0	0	0	0	0	0	14	6	4	8	8	27	20	10	9	16	26	12	2	23	16	25	6	4	2	1
hsa-miR-6883-5p	13	4	10	11	29	13	0	7	12	6	22	8	14	26	24	9	14	21	12	19	8	13	11	8	25	4	6	15	4	9	20	17	8	25	6	6	4	5	11	13	17	32	16	30	18	0	23	26	14	16	7	7	16	9	8	10	9	8	5	8	27	2	0	11	15	0	0	7	6	8	6	12	3	16	9	16	8	21	51	20	12	14	19	50	4	9	14	3
hsa-miR-6884-3p	16	9	12	2	5	4	1	7	4	0	6	21	9	14	7	8	5	7	6	9	7	39	8	3	47	14	3	6	8	3	9	16	10	14	7	4	2	11	7	6	12	7	27	19	14	2	8	15	11	12	1	3	9	13	27	2	0	0	0	2	0	0	1	4	16	0	0	2	5	4	3	2	9	11	11	12	19	5	28	11	3	15	5	25	8	2	7	5
hsa-miR-6884-5p	18	13	13	14	21	7	6	5	23	1	15	24	44	56	53	23	46	45	38	49	29	13	20	28	62	23	17	18	17	25	31	35	34	43	18	18	14	23	30	27	30	38	36	39	26	23	31	57	37	58	15	22	12	9	17	4	8	8	2	8	27	7	1	2	19	17	5	2	19	11	4	12	18	33	30	22	14	20	39	45	5	41	37	68	9	8	15	11
hsa-miR-6885-3p	3	6	7	8	0	0	0	0	1	5	5	5	9	15	4	7	5	16	6	4	3	9	10	5	22	5	12	7	0	7	5	7	11	9	17	5	2	6	4	8	5	8	8	8	2	0	3	8	10	10	0	1	5	8	10	1	0	0	0	1	0	0	0	0	0	0	0	0	0	0	0	4	9	9	9	6	9	7	17	13	2	8	11	51	0	0	0	0
hsa-miR-6885-5p	19	4	5	5	4	1	8	0	0	0	0	0	20	8	10	4	9	6	9	6	7	3	1	7	30	5	2	12	5	3	9	10	7	11	3	13	2	2	6	2	4	12	11	10	2	3	3	12	11	5	2	2	4	6	34	5	0	5	0	1	11	1	0	0	0	0	0	0	2	8	3	3	2	8	7	7	6	5	22	7	1	9	1	18	0	6	4	3
hsa-miR-6886-3p	7	6	10	2	20	6	1	3	8	6	10	6	9	10	12	1	12	11	5	10	4	6	4	9	27	4	2	6	6	6	10	12	4	7	7	8	3	1	2	3	5	8	9	8	9	4	9	22	13	5	6	5	2	5	3	8	0	0	0	1	0	0	0	4	20	10	2	0	4	9	3	3	7	8	8	6	11	8	22	6	5	12	10	28	4	1	7	3
hsa-miR-6887-3p	62	20	15	11	32	3	10	12	10	10	24	17	17	32	13	15	27	20	15	26	26	47	27	20	48	14	8	13	21	15	22	13	14	23	21	8	7	4	21	16	25	20	13	21	18	5	8	51	32	21	4	5	13	28	42	9	13	7	4	8	17	2	1	4	40	0	0	7	7	21	3	16	9	13	9	15	13	17	31	16	13	30	25	54	11	14	14	4
hsa-miR-6887-5p	13	6	12	8	12	1	2	2	0	0	0	0	9	20	12	2	8	12	5	2	6	9	5	10	27	6	3	10	4	4	9	11	4	9	5	1	1	1	5	2	6	7	13	6	5	0	7	13	11	3	4	1	7	6	7	4	0	0	1	0	0	0	0	4	0	11	0	0	2	3	1	7	3	11	9	12	10	10	18	4	3	9	8	15	0	0	0	0
hsa-miR-6888-5p	12	9	7	2	5	6	4	4	7	0	4	2	8	5	10	5	18	17	12	10	1	13	16	3	49	7	4	11	8	1	2	8	8	10	6	8	0	2	7	11	16	16	12	9	8	1	7	11	16	7	11	3	7	10	37	1	2	4	1	0	12	2	0	0	0	0	0	0	7	4	5	7	4	16	9	8	19	10	14	10	0	11	13	16	0	0	0	0
hsa-miR-6889-3p	5	10	0	4	9	2	4	1	5	0	4	7	4	4	2	4	7	6	4	9	5	33	3	12	19	5	4	7	4	3	12	2	2	3	5	3	2	1	2	9	11	8	5	4	3	1	18	8	4	5	2	5	0	0	0	0	0	0	1	0	0	0	0	0	10	16	0	0	0	0	0	0	1	12	7	9	2	4	19	4	0	0	0	0	0	0	0	0
hsa-miR-6889-5p	99	28	24	17	22	11	5	10	29	5	37	15	57	100	116	43	82	106	72	88	26	31	102	16	94	26	24	39	48	18	22	27	32	58	21	29	26	35	65	72	58	86	85	57	52	20	40	72	190	91	103	106	27	32	423	28	15	8	1	2	21	7	0	8	64	10	1	7	22	36	11	13	31	52	26	34	75	34	65	55	6	37	40	132	8	10	24	4
hsa-miR-6890-5p	228	184	201	203	57	9	18	9	20	23	23	20	239	399	561	169	303	442	254	384	148	170	181	154	501	438	205	221	301	112	157	154	398	448	142	173	134	207	521	391	179	247	311	177	138	74	81	350	495	598	326	327	112	70	123	77	16	16	4	13	2	2	0	3	10	0	0	4	138	215	33	191	474	389	414	274	427	220	309	427	5	267	274	292	5	12	6	12
hsa-miR-6891-3p	13	14	15	10	48	8	11	7	17	3	39	18	20	26	18	22	22	70	18	19	4	29	17	17	89	24	3	20	22	23	22	48	36	52	22	33	6	12	23	49	35	26	13	30	22	8	32	74	29	46	22	7	6	14	17	6	45	14	8	19	38	4	2	4	22	23	15	15	1	12	2	12	5	31	19	17	23	24	42	16	7	25	30	77	5	9	12	3
hsa-miR-6891-5p	16	3	10	10	17	8	3	3	2	0	10	8	14	17	6	3	14	12	9	7	9	13	13	5	33	9	7	11	16	6	17	10	8	7	6	14	3	4	4	4	5	7	13	14	8	3	5	18	21	7	4	2	6	4	6	1	6	4	2	3	28	3	0	1	0	0	0	5	1	7	4	7	9	14	18	13	16	6	13	8	6	29	10	19	7	4	11	3
hsa-miR-6892-3p	10	3	6	7	7	5	2	4	2	2	13	5	8	17	8	9	11	15	12	10	4	13	8	11	43	4	6	3	9	10	8	12	13	11	6	9	9	5	7	13	16	10	6	6	2	0	10	16	15	10	6	5	4	14	7	1	0	0	0	4	0	0	0	1	14	0	0	0	3	4	4	8	4	13	11	6	11	8	18	9	1	11	14	75	0	5	6	4
hsa-miR-6892-5p	27	14	7	18	24	3	13	8	15	2	14	25	20	35	26	10	18	31	15	15	5	21	19	17	37	14	13	20	9	9	21	12	16	14	30	2	4	7	13	24	24	22	12	25	8	7	41	24	18	35	13	15	10	14	22	14	24	19	1	3	11	2	0	4	29	24	12	4	8	15	12	9	7	20	12	9	12	20	70	21	9	27	29	37	12	13	9	3
hsa-miR-6893-5p	11	4	2	1	4	0	1	0	0	0	0	0	4	0	0	0	0	0	0	0	0	0	0	0	14	0	0	0	3	1	6	0	5	3	3	1	0	0	0	0	11	3	0	0	0	0	0	3	0	0	0	2	0	0	0	0	3	0	0	0	0	0	0	0	0	0	0	0	2	4	0	0	0	0	4	0	1	4	8	3	0	2	5	12	0	0	0	0
hsa-miR-6894-3p	18	5	13	13	11	6	7	5	6	4	15	7	17	62	45	29	33	28	37	26	5	14	6	9	118	88	74	37	26	23	25	28	51	38	42	18	10	24	43	22	30	21	41	16	21	18	9	56	52	47	26	11	9	8	6	2	8	7	3	1	10	1	0	2	0	0	0	8	0	16	4	9	54	86	72	29	23	35	82	34	3	34	31	41	3	2	10	6
hsa-miR-6894-5p	27	9	4	17	9	2	0	6	12	0	9	13	8	12	13	6	6	14	7	17	10	11	9	8	37	2	9	3	6	8	12	9	16	18	14	6	7	7	6	4	21	9	12	10	13	4	4	23	8	15	3	9	4	5	54	1	7	6	1	5	10	0	0	0	14	0	0	5	5	5	1	3	7	18	5	14	10	15	23	10	7	12	6	23	0	0	0	0
hsa-miR-6895-3p	18	14	8	13	19	5	1	5	15	17	17	7	46	78	80	37	57	67	42	54	12	19	16	14	231	123	87	106	107	32	49	48	69	104	39	50	30	38	54	50	57	65	55	32	27	19	36	61	62	60	26	24	17	12	18	8	12	8	2	5	18	7	0	1	21	12	8	8	4	7	8	7	138	155	153	96	69	91	283	145	3	93	79	93	6	5	7	6
hsa-miR-6895-5p	8	10	6	7	9	8	1	6	9	13	13	7	14	17	12	5	14	20	19	14	8	8	10	7	49	6	7	17	6	4	9	25	6	7	3	7	1	4	9	9	18	24	12	22	10	2	11	23	3	20	11	4	6	4	13	4	6	2	2	5	18	4	0	2	14	0	0	13	0	0	0	6	2	11	5	10	6	9	50	3	5	3	3	21	5	4	12	0
hsa-miR-7-1-3p	28	17	2	6	5	4	10	3	57	7	11	5	14	26	16	9	8	7	13	7	1	3	12	12	42	49	170	5	0	13	9	18	49	10	58	8	8	8	7	11	4	9	6	5	10	0	4	36	13	34	3	4	18	18	12	3	10	1	0	4	11	1	0	0	11	11	2	0	11	5	52	4	3	11	38	6	15	50	39	12	8	23	11	27	21	4	5	9
hsa-miR-7-2-3p	10	3	2	3	6	2	2	4	3	0	15	2	6	3	8	4	0	13	0	0	7	28	5	2	12	0	0	0	2	3	4	11	7	11	4	0	1	5	6	7	16	10	0	0	0	0	0	12	9	8	2	4	0	0	0	0	0	0	0	0	0	0	0	0	11	0	0	0	3	4	1	3	1	4	5	3	5	1	10	5	1	15	8	19	6	2	3	15
hsa-miR-7-5p	709	520	174	1572	87	56	308	120	1738	17	199	623	278	1337	225	146	113	155	104	42	90	314	821	463	629	378	1224	150	25	205	92	253	389	191	2444	70	185	140	175	24	32	40	38	50	53	13	30	365	309	635	55	70	535	753	1606	159	321	272	27	203	91	33	3	24	535	152	102	40	1643	94	4081	282	46	234	518	88	279	776	719	74	650	469	112	303	2425	30	95	34
hsa-miR-708-3p	60	11	9	18	13	5	5	3	10	2	10	3	10	16	17	9	7	10	12	15	5	7	11	14	42	11	24	8	3	4	11	8	10	5	14	10	7	2	7	4	22	10	22	15	14	1	10	9	18	13	4	2	10	9	34	1	0	4	2	2	21	0	0	0	19	0	0	7	6	3	11	9	5	14	14	4	6	16	42	8	7	16	10	21	8	3	8	5
hsa-miR-708-5p	35	25	17	32	46	3	15	3	39	1	35	12	16	24	5	13	19	13	16	11	9	16	11	14	234	33	31	14	11	9	15	9	20	22	25	7	4	3	11	1	10	16	21	10	2	5	12	27	14	15	7	9	23	55	22	12	10	12	1	3	14	4	0	2	33	13	7	1	18	10	27	12	10	46	29	21	50	21	35	15	17	21	18	41	18	2	5	4
hsa-miR-7106-3p	45	18	14	22	27	16	2	14	15	6	22	19	40	33	35	12	35	43	31	35	16	37	49	31	55	15	12	27	24	9	25	27	20	17	19	30	7	11	13	25	58	28	21	43	14	5	32	57	59	39	30	19	14	6	27	11	23	13	5	10	18	13	0	1	17	18	6	12	8	22	11	5	19	33	16	15	43	50	51	23	6	17	27	98	10	14	26	7
hsa-miR-7106-5p	14	4	3	2	8	1	5	1	6	2	15	7	20	6	8	4	12	10	3	13	6	5	7	4	13	7	6	5	4	8	15	19	5	11	9	7	1	3	12	8	3	8	9	4	7	1	11	14	24	10	6	9	8	4	13	1	0	0	1	1	0	0	0	0	11	12	1	0	0	0	0	8	1	4	13	9	5	4	14	3	2	1	7	13	0	0	0	0
hsa-miR-7107-3p	3	3	9	4	17	4	3	3	10	1	10	32	13	9	13	4	13	9	11	6	15	23	6	7	30	9	1	4	4	5	16	13	9	8	6	6	2	8	6	5	14	5	9	7	7	1	5	23	13	23	3	2	2	4	4	4	0	0	2	0	0	0	0	0	15	0	0	5	2	3	0	10	6	16	7	9	7	8	23	7	1	3	5	17	6	3	4	4
hsa-miR-7107-5p	54	20	26	33	33	10	12	9	20	1	36	46	47	75	44	29	56	62	79	60	14	40	17	31	106	30	18	57	20	18	33	49	41	52	39	31	6	27	30	52	80	82	40	62	31	8	74	100	53	55	53	38	17	13	35	15	20	32	12	14	26	12	3	12	157	45	12	19	12	20	5	26	26	53	37	31	31	39	131	31	11	41	39	101	16	11	22	10
hsa-miR-7108-3p	42	13	32	30	42	23	8	20	16	11	31	23	42	66	76	28	53	77	49	66	23	57	33	33	80	38	9	36	36	14	35	46	50	68	24	27	10	11	54	45	49	59	89	63	33	7	31	78	83	71	33	24	23	14	26	26	27	16	3	18	42	16	1	23	29	24	8	7	21	27	5	39	21	72	21	37	50	35	65	44	7	46	40	88	16	17	16	13
hsa-miR-7108-5p	20	5	14	2	12	4	6	8	2	2	7	9	24	9	13	11	21	14	10	11	11	13	11	6	66	11	7	12	12	6	68	10	72	23	11	11	4	0	7	10	38	11	16	7	6	5	6	15	17	5	6	3	10	8	16	7	0	5	0	4	10	2	0	0	39	22	4	0	7	6	2	6	15	54	13	19	25	16	22	26	3	27	28	32	2	5	3	0
hsa-miR-7109-3p	6	4	11	3	8	4	19	3	0	0	0	0	11	16	14	1	9	10	8	7	0	0	0	0	41	8	6	8	7	2	7	9	8	6	5	3	6	5	1	13	11	17	15	7	4	3	27	17	16	11	10	4	0	0	0	0	4	6	0	5	13	4	0	0	11	0	0	0	5	128	6	0	3	19	8	8	9	10	85	5	2	10	6	36	0	0	0	0
hsa-miR-7109-5p	0	0	0	0	10	2	1	3	0	0	0	0	11	8	9	2	14	3	11	1	3	3	5	10	28	9	3	7	5	1	5	7	0	0	0	0	0	1	5	8	11	8	14	11	1	0	4	11	11	10	0	4	0	0	0	0	0	0	0	0	0	0	0	0	0	0	0	0	0	0	0	4	4	13	11	4	3	7	34	3	0	0	0	0	5	1	2	0
hsa-miR-711	13	10	11	14	30	6	8	16	7	7	12	14	14	27	20	12	33	25	29	29	21	11	16	14	49	10	3	34	24	7	24	27	10	30	6	17	9	7	8	33	52	76	18	43	21	7	49	42	28	21	11	16	10	3	23	6	11	11	1	10	12	12	3	2	45	25	15	10	9	13	0	14	11	21	8	20	22	26	56	15	0	16	18	54	4	11	14	9
hsa-miR-7110-3p	34	12	6	19	14	6	3	2	6	6	23	13	9	34	16	12	18	11	16	12	6	26	9	32	44	15	14	15	10	6	15	13	12	19	26	5	5	11	14	12	18	12	13	13	6	1	8	28	16	18	5	7	8	11	65	9	9	4	6	0	26	4	0	5	17	12	2	8	2	7	19	11	11	14	22	14	14	9	32	5	3	13	14	38	7	5	9	3
hsa-miR-7110-5p	29	16	18	22	10	6	10	8	7	8	11	6	11	20	21	9	28	15	15	12	16	20	17	8	127	20	9	9	16	5	17	20	9	15	13	6	5	6	13	13	17	15	35	23	10	7	9	15	19	20	5	4	13	8	12	8	9	6	3	2	25	5	0	6	12	0	0	0	8	3	1	10	10	36	9	13	16	6	33	14	2	18	23	48	3	4	8	3
hsa-miR-7111-3p	10	6	0	6	11	2	3	7	0	0	0	0	4	9	11	5	5	8	3	2	4	5	3	2	18	1	4	6	2	6	5	6	0	0	0	0	1	3	2	4	3	7	6	6	3	0	3	12	9	8	5	8	4	3	4	6	0	0	1	0	0	0	0	0	11	0	0	0	5	12	3	3	5	10	5	4	8	8	10	13	1	9	4	34	0	0	0	0
hsa-miR-7111-5p	19	10	7	3	9	4	1	2	6	5	12	6	27	45	43	25	55	69	53	60	3	16	10	8	69	16	21	11	22	14	22	17	37	42	39	28	15	25	99	30	49	35	73	22	14	21	31	61	41	25	26	11	8	4	20	3	0	3	0	4	11	0	0	0	0	0	0	2	2	4	1	5	16	26	21	22	10	11	29	23	1	26	15	27	0	2	4	0
hsa-miR-7112-3p	3	0	0	2	4	1	0	3	0	0	0	0	12	0	0	0	10	5	8	11	4	7	1	2	9	12	1	7	0	0	0	0	5	6	3	2	0	0	0	0	17	14	6	2	4	0	5	1	14	2	0	2	0	0	0	0	2	1	0	1	17	1	0	0	0	0	0	0	0	0	0	6	0	0	0	0	0	0	0	0	1	11	3	3	0	0	0	0
hsa-miR-7113-3p	11	1	10	5	12	4	5	4	0	0	0	0	18	14	12	5	15	18	9	10	10	11	9	11	21	7	1	5	4	3	11	16	11	12	4	9	3	7	9	12	11	14	17	13	10	0	16	13	10	14	5	2	4	3	11	8	8	6	2	0	23	1	0	0	33	11	0	0	0	0	0	3	7	18	6	13	10	10	10	7	1	11	10	18	0	0	0	0
hsa-miR-7113-5p	8	3	1	9	7	4	6	4	0	0	0	0	9	16	11	4	8	13	11	7	7	20	9	18	22	5	6	8	7	7	3	9	4	12	6	1	3	2	11	9	14	8	11	16	7	0	3	19	4	10	9	6	0	0	0	0	9	4	0	7	10	1	0	0	0	0	0	3	5	10	4	4	4	9	5	4	9	16	15	3	1	6	2	14	0	0	0	0
hsa-miR-7114-3p	44	7	7	10	12	3	1	6	2	2	10	7	11	9	5	3	12	6	19	10	2	46	38	23	24	3	8	16	5	7	11	10	10	10	9	5	3	8	7	5	11	14	9	10	7	0	8	15	3	6	1	6	3	10	29	9	4	0	0	3	0	0	0	0	14	0	0	5	2	4	1	7	5	9	9	6	38	10	17	4	3	8	4	63	1	2	10	3
hsa-miR-7150	14	7	19	12	8	6	2	4	7	46	9	9	9	9	15	6	18	16	21	8	4	15	8	16	29	5	10	13	16	7	11	14	13	18	7	8	2	7	12	13	22	17	13	28	11	4	13	19	13	11	6	13	2	6	12	4	6	7	2	2	13	2	0	4	0	0	0	0	6	6	2	7	6	18	7	12	5	6	34	10	0	19	13	37	2	6	6	4
hsa-miR-7151-3p	16	19	7	30	4	0	1	13	12	0	11	13	4	24	7	3	3	11	4	4	0	0	0	0	12	13	14	5	2	3	5	5	21	4	46	1	1	3	7	5	2	7	5	7	3	4	0	22	6	7	6	8	10	16	15	2	0	11	1	0	3	2	0	0	37	12	21	0	0	1	15	0	2	10	13	2	9	20	24	1	11	12	9	14	14	2	5	1
hsa-miR-7152-3p	8	2	10	8	3	4	1	0	6	1	9	4	15	8	10	8	7	9	12	20	6	11	4	11	32	7	6	16	4	2	17	15	13	9	14	3	5	4	7	8	16	8	8	34	4	2	10	9	8	15	2	9	3	5	8	7	0	0	0	3	0	0	0	0	12	0	0	1	3	4	2	9	5	12	3	5	11	10	25	11	1	13	12	14	2	3	0	5
hsa-miR-7152-5p	24	11	16	2	14	5	6	6	11	0	7	6	23	19	19	16	51	31	25	37	22	43	9	25	55	16	11	16	9	13	20	15	22	24	8	13	4	4	15	26	70	23	68	27	190	5	19	21	22	25	4	15	14	6	17	4	6	7	0	9	14	7	1	1	11	13	6	8	2	68	5	12	11	27	12	20	13	14	37	16	5	24	7	40	7	6	3	2
hsa-miR-7153-3p	16	3	7	4	5	0	3	1	11	5	18	4	7	10	12	2	7	19	24	5	6	10	7	6	35	14	7	8	8	5	1	1	1	9	7	5	5	1	3	4	10	8	9	11	4	2	17	18	10	9	8	6	3	4	15	4	5	0	0	0	0	0	0	1	0	0	0	2	0	0	0	2	5	15	9	10	9	7	15	10	0	9	9	15	7	5	5	1
hsa-miR-7153-5p	26	20	23	17	46	17	18	8	11	35	14	17	548	979	1225	393	741	966	498	615	21	17	28	30	967	477	356	367	319	131	196	237	364	747	578	183	206	306	1316	342	512	590	874	296	232	289	195	735	458	461	458	529	17	17	12	7	16	0	0	5	0	0	0	2	0	0	0	3	24	35	6	25	340	519	458	205	229	226	839	348	6	226	254	257	1	5	11	9
hsa-miR-7154-3p	14	4	3	4	5	1	3	0	0	0	0	0	10	11	12	8	10	12	10	6	5	10	11	5	11	4	3	5	3	4	4	9	4	4	3	3	2	3	0	6	7	10	12	9	4	1	19	18	12	8	9	6	6	7	29	3	0	0	0	1	0	0	0	0	0	0	0	0	0	0	0	5	2	6	6	6	6	4	8	10	1	11	12	12	0	0	0	0
hsa-miR-7154-5p	35	4	9	4	0	0	0	0	0	0	0	0	4	12	12	2	13	12	12	12	2	36	21	27	20	14	9	5	0	0	0	0	6	10	3	1	2	3	10	5	8	8	8	13	4	3	4	14	7	10	2	6	3	9	67	1	3	2	1	1	4	0	13	1	0	0	0	0	0	0	0	2	3	6	9	9	8	6	9	6	0	2	5	22	0	0	0	0
hsa-miR-7155-3p	17	3	9	2	1	2	2	5	0	0	0	0	4	8	8	1	8	2	2	5	0	0	0	0	20	0	0	0	1	3	11	4	3	2	3	3	2	0	0	5	9	9	13	6	5	0	1	5	4	10	3	2	2	6	30	3	0	0	0	1	0	0	0	0	0	0	0	0	1	2	2	0	2	8	0	2	0	0	0	0	1	7	3	19	0	0	0	0
hsa-miR-7155-5p	22	18	17	25	33	20	7	13	19	1	27	20	33	51	18	14	37	20	25	29	11	21	38	13	116	18	4	35	13	20	20	24	20	26	14	32	14	14	18	10	40	26	8	40	32	2	18	56	34	56	28	12	30	18	28	11	27	12	2	36	35	23	0	16	33	18	11	8	6	15	4	24	19	30	17	16	16	16	41	15	19	37	14	68	18	12	18	10
hsa-miR-7156-3p	17	10	6	35	8	1	14	14	6	4	11	16	16	9	15	11	12	10	5	12	27	16	23	22	43	8	6	3	13	9	24	21	13	30	10	3	8	10	6	10	21	17	6	11	5	9	7	18	6	13	1	1	11	12	18	17	7	11	2	6	17	7	1	7	0	11	0	4	10	17	3	22	6	12	14	6	18	10	9	20	1	17	22	22	0	14	8	23
hsa-miR-7156-5p	6	5	3	8	5	5	5	4	0	0	0	0	8	10	7	3	13	14	6	15	7	5	9	11	29	7	2	6	4	3	8	7	5	2	4	4	4	4	4	6	32	8	5	15	5	4	5	10	19	7	7	1	5	6	6	1	5	4	1	3	11	1	0	0	0	12	1	0	0	5	4	7	3	16	4	6	6	0	13	5	1	1	6	25	1	1	7	3
hsa-miR-7157-3p	10	3	8	6	6	9	2	2	13	2	17	7	13	19	11	9	16	16	11	22	22	6	13	4	27	4	7	8	6	2	12	13	6	14	11	4	3	4	7	8	18	16	5	12	4	0	10	16	11	17	5	4	8	8	13	3	0	0	1	3	0	0	0	0	0	0	0	4	1	13	6	5	8	9	7	4	10	5	11	18	0	12	11	18	1	3	8	5
hsa-miR-7157-5p	0	0	0	0	5	1	2	2	12	14	8	5	15	15	26	7	7	16	7	14	6	12	2	10	22	9	5	10	12	6	8	10	5	11	10	4	0	5	12	2	21	13	14	26	5	2	9	12	19	31	10	7	0	0	0	0	2	8	1	2	26	7	0	1	0	15	6	3	3	12	2	7	4	16	5	2	9	13	17	5	1	4	6	13	0	0	0	0
hsa-miR-7158-3p	12	5	14	8	8	9	9	7	15	2	5	12	17	12	19	6	13	16	16	8	26	5	6	3	23	11	2	14	9	3	11	18	9	8	7	6	2	6	10	6	12	22	7	29	7	4	16	26	26	13	5	3	11	9	18	4	7	5	0	9	22	8	0	3	28	14	7	3	1	13	3	8	7	9	9	9	10	18	35	4	7	5	2	27	3	3	11	7
hsa-miR-7158-5p	3	3	8	7	3	2	3	2	0	0	0	0	7	8	8	6	7	10	6	11	2	5	6	6	29	5	4	4	4	2	6	9	6	9	5	1	5	5	4	5	12	9	10	10	4	2	10	6	9	7	9	2	6	5	11	1	0	0	0	1	0	0	0	0	0	0	0	0	0	0	0	4	1	8	3	6	5	4	16	5	1	2	3	12	1	0	5	1
hsa-miR-7159-3p	10	12	1	3	6	0	1	0	46	3	13	6	4	7	3	0	0	0	0	0	3	10	4	1	8	0	0	0	0	3	1	11	2	6	1	6	0	0	4	1	3	2	0	0	0	0	0	8	0	0	3	0	10	8	5	9	0	0	0	1	0	0	0	0	0	0	0	0	1	1	6	9	0	0	0	0	0	0	0	0	0	4	7	11	0	0	0	0
hsa-miR-7159-5p	1	5	2	5	13	1	4	5	1	2	14	3	7	14	8	1	3	6	6	3	0	0	0	0	26	0	0	0	1	5	16	4	7	10	6	4	4	5	3	8	10	3	8	10	5	1	5	11	5	8	1	3	2	8	10	4	0	0	0	0	0	0	0	1	0	0	0	0	3	5	0	0	8	5	5	8	5	4	12	1	0	9	4	12	0	0	0	0
hsa-miR-7160-3p	2	4	1	3	0	0	0	0	0	0	0	0	0	1	1	2	0	0	4	0	0	0	0	0	14	0	0	0	4	2	4	4	3	6	0	3	2	3	5	2	0	0	0	0	0	0	1	0	0	0	0	0	0	0	0	0	0	0	0	0	0	0	0	0	26	0	0	0	0	0	0	0	5	10	0	7	0	0	0	0	0	8	2	17	0	0	0	0
hsa-miR-7160-5p	12	7	6	5	14	2	4	1	15	1	5	10	3	12	7	12	9	18	7	17	13	12	10	13	29	3	2	3	10	2	6	13	9	10	6	6	3	6	8	9	14	7	8	9	5	2	5	13	15	9	4	10	12	8	65	7	0	0	1	0	0	0	0	0	0	0	0	0	7	9	5	3	4	16	8	6	12	8	14	4	0	9	7	26	0	4	4	1
hsa-miR-7161-3p	33	17	31	11	17	2	10	13	22	7	32	22	29	32	47	11	33	44	28	46	16	9	18	15	83	19	18	29	10	13	29	31	11	31	20	34	8	20	35	17	35	42	22	40	23	3	38	37	39	49	15	11	17	10	51	8	10	8	2	7	17	9	0	2	19	26	4	3	16	23	9	15	8	31	14	20	10	18	33	18	7	23	26	39	4	7	7	6
hsa-miR-7161-5p	3	3	4	4	12	1	4	0	21	4	14	45	14	19	1	4	6	9	0	9	15	7	5	10	27	3	4	5	7	1	11	15	1	12	2	2	1	4	6	2	6	6	6	14	6	2	0	6	8	9	1	5	7	1	8	4	0	0	0	0	0	0	0	2	0	0	0	0	3	4	5	8	2	8	10	21	9	11	27	4	0	8	4	18	2	2	4	2
hsa-miR-7162-5p	14	1	4	6	18	2	1	3	11	26	15	19	17	21	32	8	12	9	6	14	18	11	2	10	22	8	5	16	17	7	10	16	11	10	10	7	4	11	9	7	18	26	6	30	4	3	8	25	40	13	3	4	9	4	19	8	8	15	1	2	24	11	0	3	36	18	16	4	1	7	3	4	2	13	7	9	10	12	57	7	4	9	7	23	2	13	3	9
hsa-miR-718	71	26	53	65	21	12	14	11	11	17	23	21	55	122	105	48	82	86	47	70	38	53	63	40	205	75	72	54	33	31	37	44	36	63	102	20	22	50	103	46	65	40	8182	37	44	27	48	87	54	76	38	50	30	31	213	22	22	31	6	12	16	7	4	7	56	21	11	13	21	24	32	41	46	80	87	62	60	73	111	58	15	52	41	84	39	6	11	20
hsa-miR-744-3p	46	63	27	18	19	5	5	4	28	5	11	9	15	36	22	14	27	28	18	27	38	98	41	313	72	24	23	15	9	18	17	22	26	28	5	7	11	9	27	24	15	22	29	19	10	5	8	37	21	27	7	17	13	53	29	14	0	2	1	7	16	0	0	1	0	0	0	3	24	30	55	21	15	23	30	26	17	23	31	18	3	14	18	28	9	6	4	4
hsa-miR-744-5p	4560	4912	1149	9218	405	310	849	112	1931	174	2137	1254	1501	10692	2710	1239	497	218	1020	406	59	207	455	2005	2009	2866	4968	1520	289	676	183	209	5497	1136	11266	349	998	2800	3070	117	153	118	268	90	415	74	92	3432	2782	6057	635	891	3050	3679	3230	123	6694	7748	574	1888	328	636	10	31	6212	1788	2655	110	1020	144	4374	894	221	879	5832	303	1125	6357	8286	1128	4176	4796	1771	4848	7835	242	1427	27
hsa-miR-7515	0	0	0	0	5	0	1	5	0	0	0	0	0	6	4	2	0	0	5	0	0	12	2	2	14	0	0	0	2	2	0	7	0	0	0	0	3	0	3	1	6	1	0	0	0	0	1	9	0	0	0	0	0	0	0	0	0	0	3	0	0	0	0	0	0	0	0	0	0	0	0	2	0	0	2	0	3	2	8	2	1	9	4	10	0	0	0	0
hsa-miR-758-3p	14	24	13	28	7	10	7	1	35	2	15	7	5	13	7	11	18	8	17	12	11	15	5	17	28	12	120	8	9	10	13	10	30	21	21	7	5	9	25	8	17	16	13	10	6	2	15	23	16	21	2	14	22	21	32	1	11	11	3	7	10	2	1	6	25	10	9	2	2	6	8	4	8	11	31	5	3	38	68	39	4	28	25	54	21	7	14	0
hsa-miR-758-5p	20	8	3	8	7	5	1	8	11	0	4	14	11	11	7	3	13	5	8	8	7	29	4	7	27	7	13	6	10	7	11	10	9	10	11	3	1	5	6	10	8	6	7	5	3	3	5	18	10	18	5	4	11	11	16	4	0	3	0	0	14	3	0	0	14	0	0	0	8	9	4	8	4	15	13	4	9	15	10	9	2	6	8	15	14	4	3	4
hsa-miR-760	134	107	37	208	29	17	37	11	48	11	42	38	37	208	76	23	28	28	47	30	7	13	10	51	105	56	54	38	13	27	26	33	149	59	252	30	30	57	75	24	31	30	26	17	38	9	29	142	94	210	50	28	89	138	123	5	238	265	20	88	13	30	0	2	193	69	112	13	36	11	138	25	10	42	100	26	36	82	95	35	135	147	50	218	155	18	47	8
hsa-miR-761	14	7	3	22	9	2	10	6	28	8	52	8	19	23	15	5	13	16	18	18	5	8	11	9	53	12	15	12	5	4	16	24	17	11	10	12	4	6	8	12	14	16	9	16	8	2	19	21	25	15	15	9	21	4	18	3	15	1	2	7	13	0	2	4	10	20	5	3	3	11	6	9	7	23	5	7	11	24	38	23	2	23	9	35	8	4	8	8
hsa-miR-762	30	9	21	8	12	4	0	7	9	18	12	4	11	27	23	12	13	28	21	12	8	19	36	12	84	23	15	28	19	3	13	27	15	29	10	13	7	15	21	21	19	29	75	13	9	11	28	34	15	15	21	4	12	16	169	12	10	6	2	1	18	2	0	5	30	0	0	1	8	2	2	17	18	21	21	10	41	15	37	37	2	20	26	107	1	7	6	1
hsa-miR-764	4	6	9	4	19	1	3	3	8	3	11	3	5	7	13	7	5	14	8	14	8	8	5	21	20	3	4	3	2	4	13	6	0	0	0	0	2	5	2	7	12	10	4	7	2	4	7	20	13	13	5	3	3	0	7	9	0	0	0	0	0	0	0	0	11	0	0	0	3	3	2	7	6	7	6	11	6	8	19	6	0	9	10	16	0	2	8	1
hsa-miR-7641	14	18	9	10	21	9	6	2	27	3	13	11	11	23	13	12	33	23	20	31	23	16	30	14	43	12	9	25	8	13	15	12	18	28	14	10	3	4	6	6	44	28	15	22	9	0	14	24	34	25	7	8	13	11	17	8	6	5	1	7	20	11	1	5	12	0	0	5	10	14	7	11	6	37	9	11	18	11	43	16	5	22	9	84	4	7	15	7
hsa-miR-765	33	8	7	109	32	22	4	10	16	9	42	41	17	21	34	16	27	20	32	32	17	22	27	15	94	27	13	20	8	11	29	34	20	41	20	17	10	12	13	46	46	47	11	24	26	6	98	43	34	21	8	6	20	15	29	6	22	23	5	6	21	6	2	6	25	73	5	8	8	14	10	30	9	31	13	21	16	13	40	39	4	31	29	62	12	13	25	8
hsa-miR-766-3p	164	354	26	146	13	2	46	2	310	15	14	16	15	83	20	29	27	17	66	27	10	15	24	63	94	124	1266	34	12	39	10	24	363	21	497	16	52	27	49	5	28	5	18	20	26	9	2	191	32	52	13	14	66	201	73	6	193	56	4	20	17	2	1	7	32	22	39	0	112	11	889	7	10	36	376	16	32	620	1060	20	78	54	33	88	95	4	7	8
hsa-miR-766-5p	39	44	9	54	16	9	17	6	25	2	17	25	27	65	43	21	18	27	22	33	5	15	14	32	54	44	119	23	15	11	14	14	65	22	62	21	8	21	26	9	31	26	17	17	16	6	8	54	16	41	10	10	29	30	29	7	35	32	5	11	5	7	0	3	36	21	10	5	17	11	51	19	13	19	81	12	28	111	182	13	18	46	14	41	32	7	18	3
hsa-miR-767-5p	14	12	9	11	8	4	4	9	13	1	6	11	11	13	17	11	7	23	12	17	5	5	11	12	22	8	5	12	5	5	16	13	7	7	3	1	0	3	6	10	18	21	15	21	12	2	13	17	6	9	6	5	5	4	13	7	0	5	2	3	13	1	0	0	15	14	2	4	2	5	0	4	3	14	8	12	17	9	27	13	3	10	7	19	2	2	6	2
hsa-miR-769-3p	28	22	16	39	10	9	14	9	35	13	57	15	26	72	37	14	32	34	38	16	13	64	20	16	65	31	48	36	10	13	17	37	58	21	99	18	13	25	28	17	27	27	22	23	21	5	36	48	38	51	18	9	32	37	51	12	51	40	4	17	16	10	1	6	42	22	10	5	16	15	49	13	13	32	40	13	24	55	74	23	26	49	30	84	65	14	11	5
hsa-miR-769-5p	216	218	70	328	28	10	88	14	521	3	59	85	70	312	73	49	35	32	32	22	8	41	72	107	114	169	703	95	7	34	17	36	189	63	583	23	54	122	128	21	21	29	19	13	15	8	22	180	122	280	18	29	177	193	430	10	217	232	17	51	15	18	0	3	265	77	109	15	131	9	633	61	16	42	343	26	93	355	604	36	290	264	64	162	418	17	31	12
hsa-miR-7702	32	10	14	9	18	3	11	8	13	13	15	17	31	39	37	13	19	33	12	18	12	26	24	71	27	8	10	16	5	7	10	26	12	23	9	16	6	9	22	17	20	21	17	21	10	5	10	21	32	29	17	29	5	25	128	12	0	3	0	3	14	0	0	4	42	0	0	5	4	11	27	13	11	19	9	12	16	9	26	11	1	7	15	29	3	3	11	6
hsa-miR-7704	21	25	24	12	30	5	10	5	13	4	10	7	44	62	59	24	70	49	45	48	10	17	26	15	103	30	21	27	22	17	24	35	47	31	24	25	22	28	53	31	52	46	63	32	49	18	25	52	65	50	29	34	13	11	39	7	8	15	1	5	8	6	0	5	209	0	0	10	10	6	3	17	24	38	22	18	43	29	46	35	4	33	20	59	4	6	3	3
hsa-miR-7705	0	0	0	0	7	5	2	3	6	2	15	1	4	5	4	3	0	12	6	0	0	0	0	0	15	10	3	3	1	1	6	5	1	9	3	5	3	1	3	9	7	2	0	0	0	1	7	8	9	6	2	0	0	0	0	0	6	0	0	0	0	0	0	0	10	10	0	0	0	0	0	0	4	11	3	0	4	2	5	6	4	8	5	11	0	0	0	0
hsa-miR-7706	20	16	4	24	13	3	11	3	8	0	11	10	9	45	22	14	16	21	14	8	6	13	16	12	24	18	19	14	3	25	14	33	18	9	20	10	8	12	13	13	15	10	12	11	2	3	15	16	26	25	11	6	6	15	34	10	0	11	2	7	23	4	0	1	13	0	0	0	12	13	14	17	9	14	18	9	18	17	54	14	8	16	9	21	16	4	5	0
hsa-miR-7843-3p	7	5	10	7	13	5	1	2	7	4	8	29	11	13	4	8	9	12	9	9	7	9	7	13	24	16	7	8	4	4	6	4	9	13	3	6	4	4	5	10	18	24	7	14	6	0	19	16	6	9	2	3	7	3	8	10	5	1	0	3	21	1	0	0	0	0	0	0	5	6	3	2	2	15	6	4	7	7	19	8	3	14	8	16	4	6	5	2
hsa-miR-7843-5p	18	18	12	18	14	4	1	2	13	1	8	5	24	47	44	24	43	42	31	34	7	14	20	18	65	22	26	15	17	12	13	18	27	23	20	11	9	17	37	26	24	54	45	22	18	17	26	41	52	38	29	17	11	7	23	3	0	3	0	2	14	2	0	0	28	0	0	3	15	12	9	28	24	29	28	15	21	20	41	14	2	23	29	27	3	4	5	2
hsa-miR-7844-5p	11	5	3	0	4	7	0	1	2	0	14	23	7	10	13	8	18	15	9	12	2	14	7	10	37	3	4	13	3	2	9	20	4	8	4	4	1	1	8	21	15	39	2	18	7	1	53	8	8	6	0	1	0	0	0	0	0	0	1	3	0	0	1	5	12	0	0	3	2	3	1	4	6	18	11	7	11	9	45	9	0	4	7	23	2	2	3	2
hsa-miR-7845-5p	46	8	16	11	21	4	7	5	11	5	15	7	9	17	22	8	8	22	12	14	15	45	53	11	49	10	10	14	15	4	20	14	13	18	17	14	4	9	11	18	22	26	17	13	8	4	21	29	21	19	11	7	13	9	27	10	9	11	1	7	16	7	0	1	20	0	0	6	5	8	5	16	4	36	14	16	63	13	45	18	10	14	14	43	11	9	12	8
hsa-miR-7846-3p	19	4	10	9	8	1	7	8	6	0	10	11	10	9	11	7	15	13	20	9	11	13	16	9	43	5	8	16	8	3	18	20	7	19	5	3	4	4	10	20	18	17	9	19	16	2	22	31	17	13	7	11	4	2	12	8	5	4	2	4	15	5	0	0	0	10	3	8	2	15	4	16	11	22	11	17	10	11	40	8	2	19	6	24	0	0	0	0
hsa-miR-7847-3p	33	25	42	13	79	26	32	26	24	5	42	48	60	86	67	48	81	78	70	81	43	70	45	22	154	32	21	42	44	47	71	57	53	66	25	44	18	39	25	43	103	108	48	72	59	12	46	122	61	73	30	29	37	25	53	23	28	15	9	19	45	17	1	15	56	53	22	16	9	36	8	40	28	64	25	53	43	53	78	42	17	69	34	137	28	14	43	14
hsa-miR-7848-3p	14	12	10	11	7	2	4	4	9	1	12	10	15	18	15	8	17	15	15	12	5	8	16	7	30	9	17	10	4	7	13	11	6	17	12	7	7	3	11	19	23	25	7	27	6	2	31	23	12	12	3	5	4	4	17	2	7	0	0	0	0	0	0	0	10	27	2	3	2	12	7	10	7	16	10	10	11	10	19	7	0	18	3	30	9	2	8	11
hsa-miR-7849-3p	33	24	32	50	16	7	8	5	29	2	16	17	34	59	42	23	17	36	30	27	9	27	9	23	50	25	43	26	2	15	23	10	27	19	30	9	4	9	15	13	30	43	14	27	12	2	28	32	16	41	13	11	26	25	20	11	24	13	5	3	16	8	0	4	26	15	7	10	7	4	29	11	5	31	50	9	27	63	118	7	28	21	6	40	19	8	23	7
hsa-miR-7850-5p	10	6	4	7	5	5	5	3	11	2	6	14	18	17	17	7	12	19	10	23	11	6	19	17	43	8	7	7	5	9	15	14	13	18	8	6	6	8	10	9	21	22	12	14	12	1	4	13	17	14	11	9	3	28	13	4	0	5	3	2	12	1	1	2	20	0	0	0	9	28	4	5	11	25	12	11	21	16	35	11	0	13	17	23	4	10	9	4
hsa-miR-7851-3p	39	14	10	21	25	7	2	5	19	2	18	5	18	28	15	10	12	29	21	18	7	25	11	23	51	9	12	19	12	6	26	23	14	9	23	6	1	11	11	16	16	20	9	35	10	5	16	23	22	14	7	12	12	12	16	8	7	8	0	13	13	3	0	5	10	15	2	6	5	14	11	11	8	15	12	9	15	16	22	8	3	20	11	44	7	7	11	7
hsa-miR-7853-5p	4	2	5	2	3	6	1	9	0	0	0	0	14	16	29	6	14	33	13	31	5	7	4	10	15	5	4	8	1	6	13	10	4	10	9	8	5	4	23	12	14	15	22	10	6	5	13	14	13	14	13	12	4	6	8	11	0	0	0	0	0	0	0	0	0	0	0	3	0	5	2	5	2	23	1	9	9	2	15	4	2	5	1	23	0	0	0	0
hsa-miR-7855-5p	25	10	12	14	14	5	10	2	12	11	24	16	16	31	20	4	25	21	16	30	13	7	18	11	55	7	6	13	12	8	11	10	11	25	12	13	1	6	4	6	30	17	10	14	2	0	10	18	25	18	0	6	15	10	15	12	12	6	4	5	27	16	5	2	15	11	3	8	10	9	12	8	6	24	7	5	7	17	44	15	4	15	12	51	9	9	9	4
hsa-miR-7856-5p	11	10	9	7	5	2	4	3	15	4	14	13	11	14	14	13	24	11	14	23	5	10	8	16	26	7	6	17	3	5	10	14	9	9	12	8	5	9	8	4	28	21	13	20	6	1	13	13	13	9	6	10	7	5	8	4	9	2	3	6	13	5	1	5	0	0	0	8	6	6	5	6	6	19	8	19	11	12	28	14	2	13	9	30	5	9	7	4
hsa-miR-7974	7	28	12	15	9	4	1	2	11	4	8	8	15	14	12	6	21	24	34	28	15	20	22	7	51	7	7	15	5	14	12	41	11	15	5	8	4	2	5	1	37	30	21	33	21	2	12	15	10	7	3	2	10	8	13	3	2	7	2	3	34	5	1	4	10	0	0	3	5	27	3	8	6	10	4	22	19	8	34	14	5	14	14	26	3	3	4	12
hsa-miR-7975	48	11	12	6	5	5	6	3	16	5	12	6	26	39	70	16	53	74	40	61	15	17	23	24	49	13	17	9	24	7	17	36	29	39	24	21	14	29	63	34	52	44	54	71	21	19	59	72	129	80	110	106	11	12	214	6	0	0	1	4	0	0	0	0	11	0	0	0	6	6	11	9	7	15	16	8	18	5	26	22	3	25	35	27	1	6	0	2
hsa-miR-7976	16	33	5	10	11	0	5	11	32	3	14	14	7	12	15	1	11	6	3	7	4	11	13	17	19	9	25	10	4	17	7	29	16	3	13	5	6	4	2	5	1	3	4	6	2	0	4	11	1	24	1	0	12	21	39	6	0	1	0	0	17	2	0	0	0	0	0	0	21	7	30	13	4	5	13	3	8	13	18	5	8	2	9	14	6	0	1	10
hsa-miR-7977	264	210	33	200	13	12	61	7	143	26	54	41	35	110	46	30	40	54	55	41	12	79	72	146	145	211	1062	67	16	27	21	45	189	53	377	33	34	42	81	19	25	34	27	31	21	7	19	116	57	69	23	13	89	171	398	10	91	70	6	19	32	7	2	6	81	48	19	10	78	18	447	19	7	84	340	33	57	301	423	54	81	115	53	111	109	12	16	8
hsa-miR-8052	21	40	22	7	29	18	11	22	9	13	16	21	25	43	38	13	35	36	32	34	29	20	15	18	319	24	82	18	11	12	23	19	19	46	37	22	10	11	14	27	34	38	25	29	17	7	13	47	27	40	31	23	16	13	8	6	13	18	5	14	25	5	1	1	19	15	11	12	7	10	5	10	87	48	217	151	37	25	214	20	16	41	51	58	4	11	7	5
hsa-miR-8053	21	6	5	5	18	8	3	0	12	5	21	67	17	31	31	9	14	32	30	16	9	34	11	10	42	5	9	10	4	1	19	51	12	13	11	6	1	8	6	8	13	9	15	22	10	4	11	26	16	11	5	11	6	8	9	5	7	4	1	4	12	2	0	2	21	13	2	4	3	7	9	4	9	13	12	12	9	9	33	20	2	23	16	44	5	10	3	12
hsa-miR-8054	16	3	4	10	24	5	4	9	9	4	12	9	16	21	25	4	71	47	31	75	10	15	33	14	22	10	3	12	10	11	38	31	17	14	5	15	8	3	7	20	64	38	20	65	21	5	21	26	60	36	13	24	6	13	9	5	6	1	3	4	11	3	2	2	30	18	6	6	2	5	7	11	7	20	8	11	9	12	22	5	3	16	9	38	1	11	11	2
hsa-miR-8055	19	18	21	19	12	3	5	8	6	1	13	28	31	79	97	33	37	57	32	51	10	11	19	17	49	26	30	24	27	11	26	44	36	40	26	20	19	31	51	36	34	37	57	38	18	10	26	53	48	67	36	41	15	6	22	1	6	0	1	6	0	0	0	0	0	0	0	0	13	15	4	9	23	22	32	20	23	26	42	19	3	22	9	41	5	3	4	24
hsa-miR-8056	9	6	3	3	6	1	7	2	15	5	2	5	19	8	10	9	12	10	6	11	3	4	5	5	20	1	3	6	2	3	9	22	5	12	6	5	4	4	2	2	16	19	9	11	9	0	14	11	8	9	4	4	0	0	0	0	0	0	1	5	0	0	0	0	0	0	0	0	2	0	1	9	3	11	4	5	6	11	14	8	1	13	10	21	1	4	3	2
hsa-miR-8057	13	5	7	2	5	4	4	1	2	1	5	2	2	11	9	4	8	10	0	10	0	0	0	0	19	10	10	3	0	0	0	0	7	11	11	5	2	2	12	3	9	9	9	8	0	5	0	7	10	8	2	3	0	0	0	0	0	0	0	1	0	0	0	0	0	0	0	0	0	0	0	0	2	5	6	8	4	6	18	4	1	10	7	10	0	2	2	2
hsa-miR-8058	8	5	7	6	10	3	1	2	0	0	0	0	13	25	34	3	28	31	13	24	2	9	4	10	41	12	5	14	4	4	11	16	12	13	11	10	5	13	18	8	16	18	19	11	12	3	13	18	25	14	15	19	7	3	11	2	0	0	0	1	0	0	0	0	0	0	0	0	2	6	3	12	10	14	6	5	8	9	10	5	1	5	3	11	0	0	0	0
hsa-miR-8059	15	14	14	10	15	4	2	5	9	4	22	10	14	26	11	9	19	21	14	28	13	12	16	5	36	14	5	9	3	0	23	21	15	18	17	5	8	4	6	12	32	13	8	19	8	3	12	23	24	26	12	12	15	10	10	9	4	2	3	6	17	5	0	1	29	12	3	5	3	10	12	5	3	10	10	12	15	5	28	9	2	19	17	34	4	5	9	3
hsa-miR-8060	32	15	30	19	60	13	27	23	17	9	18	21	41	52	49	31	54	75	56	74	10	36	41	26	94	31	12	41	22	14	36	38	26	54	14	41	9	13	25	33	85	43	33	65	39	6	45	71	64	100	39	29	17	17	53	10	15	11	3	11	34	15	1	6	31	50	24	26	5	25	3	11	15	41	15	42	49	24	77	28	4	52	27	67	16	28	21	10
hsa-miR-8062	7	2	5	2	3	4	1	1	10	1	13	9	6	6	1	7	0	11	5	0	0	0	0	0	17	0	0	0	1	3	12	5	3	3	4	1	1	0	2	4	12	8	0	0	0	0	6	7	7	5	0	5	0	0	0	0	0	0	1	1	0	0	0	0	0	0	0	0	6	1	6	0	3	7	0	2	3	4	11	5	3	6	7	19	2	3	3	3
hsa-miR-8063	16	7	4	9	17	3	3	2	6	7	18	7	55	93	105	18	65	77	50	68	8	34	20	8	58	26	25	23	28	23	26	27	28	53	28	29	18	33	61	42	42	58	86	45	26	31	27	68	76	61	39	27	2	9	14	4	3	9	2	0	16	5	0	6	13	13	0	0	2	18	3	10	25	39	34	24	26	17	54	30	3	42	34	33	2	7	5	2
hsa-miR-8064	9	14	6	14	7	2	3	2	5	1	13	2	12	13	12	4	17	20	16	11	0	0	0	0	33	7	9	19	7	5	16	11	4	15	6	4	3	4	18	14	11	21	21	18	6	2	11	24	13	17	15	13	7	4	11	3	2	0	2	2	0	0	0	0	15	0	0	6	1	4	1	0	6	10	7	11	5	14	28	6	1	6	7	25	1	4	1	1
hsa-miR-8065	32	28	22	21	52	8	12	30	35	9	22	32	32	47	63	23	48	45	55	43	30	28	40	14	61	5	5	42	18	8	49	48	30	39	14	34	7	12	20	125	96	149	37	74	22	3	198	52	35	45	15	22	14	23	38	9	15	14	3	23	36	5	1	14	60	42	10	19	7	33	9	14	15	37	16	23	43	43	185	25	13	31	37	79	6	31	27	18
hsa-miR-8066	40	27	11	35	22	15	8	9	23	5	19	17	30	30	29	13	61	54	84	62	10	25	28	27	55	17	16	31	11	7	30	34	20	28	13	11	6	9	12	21	78	58	43	86	46	1	26	51	16	36	20	5	16	13	16	6	23	10	5	12	42	14	1	13	23	18	5	21	6	18	15	22	15	33	9	21	22	40	45	13	6	27	21	78	14	18	16	11
hsa-miR-8068	33	6	11	7	6	16	2	3	10	22	5	6	21	35	39	12	14	18	11	29	20	6	14	9	26	14	5	7	30	9	24	16	19	13	6	11	7	10	33	20	26	14	22	20	17	11	14	26	53	33	60	57	10	5	6	3	3	0	0	0	0	0	0	0	0	0	0	10	7	9	1	9	5	15	15	7	8	8	21	18	2	30	24	24	0	0	0	0
hsa-miR-8069	17	13	21	20	31	9	7	8	7	12	20	19	20	47	39	20	44	59	25	39	12	30	22	57	85	21	13	29	21	13	33	58	20	36	27	18	11	16	32	18	57	33	93	38	28	17	32	51	29	33	21	24	21	23	28	12	14	9	4	16	43	9	0	1	46	28	4	16	6	12	8	18	24	29	28	26	30	27	48	35	3	41	26	73	1	6	19	9
hsa-miR-8070	4	5	4	3	6	4	2	1	5	6	3	14	9	11	17	6	3	18	12	17	12	14	8	7	30	10	10	8	9	5	11	13	3	18	4	4	4	4	4	8	18	4	12	9	15	2	4	13	16	4	10	5	4	5	0	6	5	0	0	0	0	0	0	2	0	0	0	0	2	10	6	7	3	11	6	3	8	5	23	7	4	11	11	17	3	2	5	6
hsa-miR-8071	35	7	5	15	18	8	4	9	17	16	16	15	18	23	28	11	14	22	26	12	15	23	40	33	40	4	10	17	6	15	19	25	12	48	34	19	4	10	11	19	17	12	13	38	9	9	8	31	16	30	3	8	22	24	27	9	12	9	3	8	18	2	0	8	12	0	0	5	6	8	4	7	8	14	6	14	32	15	24	14	4	23	29	55	6	37	3	5
hsa-miR-8072	65	23	29	34	60	12	15	20	27	27	94	84	43	58	47	24	56	68	70	69	25	40	42	50	80	24	10	25	27	14	48	47	25	56	30	42	13	16	24	21	87	53	65	85	28	5	50	90	44	47	38	29	27	43	72	18	29	33	9	30	44	23	0	19	87	31	32	18	4	16	6	23	19	48	18	27	41	32	65	63	14	63	66	112	19	23	42	8
hsa-miR-8073	60	6	3	6	9	3	0	0	0	0	0	0	8	22	10	6	17	9	10	17	7	30	31	7	34	6	2	9	6	3	6	9	7	14	5	2	2	9	5	12	2	15	36	9	8	4	12	11	8	18	6	10	2	10	123	4	10	0	1	5	0	0	0	0	26	0	0	3	3	5	2	4	5	14	9	7	32	8	15	2	6	7	3	21	0	2	3	3
hsa-miR-8074	28	13	7	6	5	1	2	5	11	4	0	24	26	31	10	7	13	15	7	29	9	34	75	18	25	10	3	15	4	8	8	41	10	13	5	5	3	10	8	2	16	13	20	22	6	4	5	12	13	18	6	9	4	15	21	3	2	2	3	5	18	2	1	0	0	18	1	10	1	4	3	25	5	12	3	9	25	13	46	10	2	13	7	22	5	4	4	3
hsa-miR-8075	18	12	7	1	1	3	4	8	4	8	12	17	13	25	21	10	23	23	19	18	8	16	13	11	46	6	3	17	8	7	13	15	17	15	7	6	3	8	4	8	21	23	13	19	14	7	9	22	17	25	8	3	10	11	33	1	3	4	2	2	12	1	0	4	18	0	0	5	4	6	10	8	5	19	8	6	8	13	21	15	4	15	9	18	6	9	5	9
hsa-miR-8077	12	4	9	1	13	6	2	4	0	0	0	0	7	13	12	4	3	14	6	11	3	29	6	5	19	12	14	3	8	4	8	7	7	6	7	4	0	4	2	2	12	6	8	8	5	1	5	15	7	12	1	3	7	0	4	4	0	0	3	0	0	0	0	0	13	0	0	0	4	0	2	7	1	3	24	4	3	7	22	6	3	7	9	21	0	0	0	0
hsa-miR-8078	10	2	12	6	12	8	3	11	12	23	10	170	16	12	11	5	6	9	8	13	12	15	10	10	26	9	9	11	24	3	13	30	7	18	4	9	3	3	8	4	11	9	11	15	3	5	10	24	7	15	7	6	10	5	13	1	10	8	2	3	10	0	0	2	0	0	0	7	10	10	10	6	12	14	6	10	12	11	27	15	4	23	9	18	5	3	2	8
hsa-miR-8079	35	12	3	5	7	4	7	4	6	4	7	5	22	12	15	12	20	23	6	19	8	15	24	4	30	6	7	5	7	5	25	24	11	20	14	10	1	2	8	21	21	26	17	28	9	1	7	25	10	20	4	8	2	10	35	7	0	0	3	2	0	0	0	0	0	0	0	1	2	12	1	1	4	10	7	13	30	7	19	9	3	14	14	23	1	2	9	3
hsa-miR-8080	9	4	4	4	0	0	0	0	0	0	0	0	9	7	9	4	10	13	9	11	10	6	5	7	18	7	6	9	8	5	10	10	0	0	0	0	2	5	13	6	11	10	6	3	9	1	4	8	8	10	11	4	8	5	1	2	0	0	0	1	0	0	0	2	0	0	0	0	0	0	0	4	5	15	6	11	8	10	12	3	1	2	6	21	0	0	0	0
hsa-miR-8082	15	11	7	9	7	0	3	3	0	0	0	0	5	7	27	6	12	19	7	12	10	10	10	8	28	7	5	7	4	3	9	11	6	6	11	6	4	7	16	12	15	11	12	13	5	1	8	26	14	14	7	3	5	2	33	4	0	0	0	0	0	0	0	0	0	0	0	0	7	8	5	8	4	16	4	14	11	5	9	6	3	12	8	24	0	0	0	0
hsa-miR-8083	7	8	5	2	9	2	3	4	11	3	10	16	24	19	29	13	16	20	20	12	15	15	5	8	55	17	18	19	8	14	15	29	19	17	8	12	7	10	13	17	21	27	75	16	10	6	22	32	12	34	3	14	11	6	13	6	4	8	2	3	11	0	0	2	12	12	0	0	8	4	1	7	14	23	9	13	10	6	44	8	5	13	14	18	6	3	3	3
hsa-miR-8085	21	18	24	38	51	17	13	13	16	11	84	15	47	48	42	31	28	51	56	31	18	24	29	20	120	27	22	34	25	7	35	47	38	52	32	22	15	19	48	18	52	62	60	78	18	15	38	56	46	32	21	17	31	23	30	16	21	16	5	18	44	12	1	23	20	23	7	25	13	22	4	17	36	59	31	20	31	18	49	74	3	69	54	82	15	7	21	5
hsa-miR-8086	9	4	1	3	3	1	0	1	0	0	0	0	10	12	11	5	17	20	10	19	5	11	2	6	7	3	1	10	2	3	13	18	12	13	3	1	0	8	7	5	12	14	14	13	10	1	10	12	7	13	6	10	4	7	6	1	0	0	0	0	0	0	0	0	0	0	0	1	7	5	1	5	7	3	6	6	7	6	12	6	1	4	0	20	0	0	0	0
hsa-miR-8087	14	9	3	14	10	6	9	3	27	2	48	6	16	22	24	11	13	28	19	25	12	19	4	17	46	16	11	16	6	5	16	21	18	14	2	19	4	3	18	8	26	36	25	30	6	2	29	30	32	33	21	26	17	12	15	16	8	0	2	4	0	0	0	0	0	0	0	6	6	10	4	5	4	27	11	7	13	14	15	7	3	9	4	34	2	12	8	1
hsa-miR-8088	14	8	3	3	16	7	3	5	7	5	13	15	31	31	20	10	30	25	27	28	6	15	8	17	30	31	10	28	6	10	17	26	23	18	7	13	3	11	11	15	26	23	22	112	15	4	21	32	17	41	9	7	3	3	19	2	4	5	3	4	14	4	0	0	20	11	9	2	3	17	7	4	5	21	27	23	15	33	97	11	0	24	9	34	1	8	3	3
hsa-miR-8089	30	18	38	16	33	11	10	9	16	10	25	15	29	32	24	18	37	28	19	37	20	49	24	19	55	10	9	28	24	16	24	39	26	44	13	15	13	20	28	36	38	41	15	25	23	4	63	36	40	46	10	16	13	22	39	7	13	13	0	9	21	13	4	4	14	28	7	16	7	26	4	6	8	31	12	35	33	19	143	16	11	25	25	67	3	10	16	3
hsa-miR-8485	7	15	7	6	12	5	5	9	14	1	5	5	3	8	6	1	5	12	10	4	6	7	5	15	27	4	13	4	5	2	10	7	6	11	10	4	2	4	8	2	5	4	5	10	6	0	2	12	6	16	0	2	7	12	9	1	4	4	0	0	4	0	0	0	10	0	0	0	4	8	11	2	2	15	28	9	11	22	42	3	3	17	5	31	14	5	3	0
hsa-miR-873-3p	17	17	7	7	4	7	13	5	15	0	14	7	8	10	14	6	11	18	13	13	5	13	6	42	38	5	9	12	2	4	11	14	4	11	8	4	1	6	7	16	13	16	5	11	8	1	16	18	6	17	3	3	7	11	13	3	3	0	0	3	0	0	0	0	0	0	0	8	4	8	7	5	4	12	3	10	14	12	34	14	0	7	15	29	0	8	7	3
hsa-miR-873-5p	8	12	0	5	2	3	9	2	28	1	4	2	7	12	4	5	0	6	9	0	6	19	10	3	20	0	0	0	2	3	6	7	10	8	8	3	1	3	3	3	3	4	0	0	0	0	4	7	8	13	0	0	4	6	9	0	0	0	0	0	0	0	0	0	0	0	0	0	23	1	33	2	1	13	4	8	8	9	20	7	3	9	7	14	0	0	0	0
hsa-miR-874-3p	66	67	23	58	27	4	24	10	79	12	21	27	27	81	35	22	31	21	24	24	13	34	27	47	120	55	128	42	21	24	25	27	75	30	71	11	13	18	24	22	25	44	17	14	17	3	44	55	39	51	8	10	17	43	65	13	37	26	4	15	15	1	0	6	120	20	13	11	33	18	110	14	18	58	68	18	50	66	94	27	13	45	29	62	31	5	15	4
hsa-miR-874-5p	30	12	17	9	9	6	6	5	14	0	8	6	16	26	20	4	13	18	11	8	4	13	19	8	21	19	21	11	7	5	20	19	12	10	17	10	4	6	4	8	15	21	14	11	8	4	10	20	10	9	3	6	9	12	26	3	8	10	0	3	16	4	2	4	12	0	0	0	4	5	18	4	7	16	12	4	19	24	23	3	7	10	8	19	4	1	12	2
hsa-miR-875-5p	26	39	26	42	56	27	18	73	35	10	56	51	66	44	82	31	57	87	88	64	27	33	23	34	43	19	15	24	16	14	98	81	38	46	16	31	7	11	20	175	166	224	48	107	27	4	211	66	45	47	17	10	26	10	32	27	15	35	11	19	88	15	7	15	63	202	21	21	8	47	10	26	13	24	22	22	64	46	249	19	10	48	54	76	8	30	98	16
hsa-miR-876-5p	6	15	9	3	14	4	6	9	18	1	20	9	16	16	14	9	9	11	10	13	6	8	7	23	16	3	3	9	4	3	11	18	6	3	3	5	2	2	2	5	21	15	6	20	4	1	8	10	11	9	3	9	1	12	8	8	0	9	0	0	14	4	0	0	0	0	0	0	1	3	4	8	2	8	0	12	4	5	55	3	6	4	5	17	2	5	11	6
hsa-miR-877-3p	100	21	24	40	26	8	11	13	18	4	45	16	23	46	38	22	26	35	33	20	23	70	82	50	72	39	74	28	19	33	28	31	46	25	76	19	8	16	21	18	32	25	19	32	20	6	11	49	43	51	26	8	10	35	26	11	31	39	2	5	15	17	1	5	86	29	11	10	8	21	21	17	8	30	44	49	130	58	164	16	11	42	17	63	29	19	19	18
hsa-miR-877-5p	59	75	20	70	4	4	23	0	33	1	11	19	17	49	19	10	19	12	17	7	3	10	7	18	32	57	137	14	9	11	9	8	83	25	157	10	5	23	33	8	5	5	8	8	9	7	10	45	18	42	5	8	36	79	33	4	61	62	1	16	7	2	0	1	66	14	21	0	21	3	66	11	6	14	104	9	14	125	198	21	57	46	20	60	79	3	11	1
hsa-miR-885-3p	42	13	6	23	25	13	7	11	18	8	49	17	29	33	31	16	45	28	37	26	11	24	19	17	61	19	5	17	24	29	27	31	14	28	20	8	8	7	9	19	22	22	28	31	13	3	18	41	25	26	7	9	23	16	46	7	32	13	2	22	28	12	0	5	13	16	7	7	8	15	7	14	14	43	38	49	13	16	43	17	6	31	18	56	7	19	16	7
hsa-miR-885-5p	26	7	8	15	23	5	8	5	11	1	22	25	14	30	15	16	51	23	30	34	16	8	29	33	63	13	9	11	1	12	22	35	29	20	13	8	4	5	11	9	26	24	19	17	17	0	9	35	37	18	8	5	8	14	21	8	8	8	3	4	26	5	0	2	13	0	0	15	6	9	3	9	9	34	28	26	19	20	45	11	2	12	15	55	7	14	11	3
hsa-miR-887-3p	37	26	28	26	12	4	5	8	14	3	17	11	97	133	132	82	114	152	90	107	39	26	35	59	104	28	33	16	58	23	44	49	79	92	60	36	45	54	153	79	104	84	124	91	74	39	46	155	111	79	75	74	25	18	31	24	10	14	1	7	38	5	1	4	19	35	1	5	24	45	6	38	28	42	51	32	30	35	59	27	1	26	37	46	7	9	5	13
hsa-miR-887-5p	13	3	3	6	16	3	1	7	4	7	8	8	9	9	13	5	7	6	11	7	11	16	6	7	28	3	2	7	9	5	23	7	7	9	4	4	2	2	3	6	12	16	10	13	5	1	17	12	11	8	6	4	6	4	11	7	3	5	1	6	22	1	0	5	0	0	0	2	1	22	1	6	8	15	3	7	8	3	16	7	1	8	10	15	1	1	2	3
hsa-miR-888-3p	21	8	8	12	16	12	5	7	43	9	34	13	14	11	7	11	22	16	18	10	10	8	3	5	54	13	9	17	11	6	10	23	9	13	11	9	6	5	5	13	17	18	8	13	7	3	19	33	7	10	8	8	15	9	17	10	7	2	3	8	18	6	0	3	16	0	0	6	3	11	4	13	5	16	8	11	12	15	18	21	3	12	22	39	6	3	11	13
hsa-miR-889-3p	131	116	15	153	6	5	13	5	335	19	30	30	12	58	22	25	6	14	11	11	8	9	14	75	41	110	626	16	5	5	10	16	84	34	196	11	12	15	50	7	13	28	6	13	9	3	17	58	53	229	12	19	157	217	137	3	109	38	9	10	5	6	0	0	278	43	59	0	6	10	21	2	6	23	192	8	29	172	216	7	102	93	25	42	317	8	10	2
hsa-miR-889-5p	22	22	12	25	30	10	12	11	59	8	97	28	25	25	29	16	44	62	55	62	14	22	22	21	65	29	14	26	17	11	30	33	18	26	19	25	7	8	15	10	57	45	27	86	13	1	30	56	28	36	22	10	32	27	34	11	23	11	7	16	31	9	0	9	69	23	20	14	11	18	14	12	9	27	11	19	28	32	40	35	14	33	29	81	25	7	19	9
hsa-miR-891a-5p	25	11	102	6	16	7	10	15	26	4	16	11	28	22	17	13	48	43	33	30	16	106	32	22	103	22	21	42	9	9	28	26	13	25	19	13	8	13	15	24	70	28	26	30	16	2	25	36	21	16	19	16	19	22	26	10	11	15	3	7	23	4	1	7	14	17	11	17	10	23	67	14	25	48	22	12	15	27	76	28	9	20	34	55	5	9	9	10
hsa-miR-891b	0	0	0	0	4	5	3	4	11	1	3	12	15	11	8	4	9	5	4	3	2	11	10	6	9	1	3	5	0	0	0	0	5	9	4	7	0	3	1	3	8	7	6	8	8	0	4	12	3	4	1	5	0	0	0	0	0	0	0	0	0	0	0	0	10	0	0	0	0	0	0	3	0	0	8	0	5	4	13	3	2	7	5	26	0	0	0	0
hsa-miR-892b	30	10	5	8	18	6	2	1	3	0	7	3	15	20	18	6	17	9	7	13	7	21	16	4	51	13	15	14	7	1	9	5	10	15	8	3	6	8	7	5	9	11	11	13	8	5	3	19	15	9	4	4	10	9	9	4	1	10	1	0	4	2	0	0	0	0	0	0	2	3	3	3	13	29	15	11	16	17	28	10	1	9	9	19	5	3	8	12
hsa-miR-892c-3p	8	7	4	8	2	1	0	6	1	3	4	22	4	13	4	7	5	7	2	8	11	8	4	8	19	0	0	0	3	6	4	5	6	10	12	5	4	5	1	1	12	4	6	9	3	1	6	15	14	9	4	1	3	5	2	3	0	0	0	3	0	0	0	0	10	0	0	0	0	0	0	1	3	5	10	3	1	6	7	3	2	12	2	20	10	7	6	0
hsa-miR-9-3p	18	18	20	18	3	2	6	0	22	4	7	10	5	12	4	4	0	9	5	0	5	6	13	9	75	16	43	6	2	4	13	5	9	8	12	1	0	1	4	8	14	3	0	0	0	0	1	13	10	5	0	4	7	28	14	5	0	0	1	2	0	0	0	0	14	0	0	0	23	8	41	5	4	21	28	7	32	16	40	2	5	7	8	11	6	3	1	3
hsa-miR-9-5p	95	205	88	110	16	40	47	28	105	6	36	22	23	85	28	19	18	15	17	12	48	104	159	55	602	99	162	40	1	22	41	37	35	65	115	17	7	6	10	9	39	15	20	13	16	7	15	33	17	29	6	10	72	110	128	57	26	12	2	6	10	6	1	2	54	13	6	0	212	35	364	69	45	141	108	91	172	86	114	70	93	138	64	92	68	4	21	19
hsa-miR-920	5	1	6	1	11	1	0	2	1	0	5	3	0	2	8	1	0	6	4	0	13	20	2	3	27	2	2	8	0	2	7	1	6	5	4	3	1	10	2	2	0	0	0	0	0	2	5	0	8	8	2	0	1	8	8	6	0	0	1	0	0	0	0	0	10	0	0	0	1	2	1	3	6	5	4	5	7	8	14	5	3	14	3	20	0	3	3	0
hsa-miR-921	20	4	3	3	9	0	3	3	7	2	6	35	12	11	9	4	10	11	8	20	9	23	18	15	28	3	6	3	0	0	0	0	3	6	8	3	3	2	12	9	16	10	15	10	6	4	7	15	10	13	4	11	4	6	9	6	7	0	1	3	0	0	0	0	0	0	0	2	1	13	7	4	5	20	9	16	14	7	13	7	4	5	3	13	1	3	3	4
hsa-miR-922	16	14	8	14	4	6	1	4	24	9	5	20	16	27	29	10	26	30	21	30	13	19	11	20	54	12	12	14	6	7	11	19	14	16	12	2	9	7	20	17	26	33	30	25	9	5	17	50	13	24	17	10	17	5	17	6	8	9	1	5	11	5	0	2	0	0	0	6	6	13	4	12	10	20	18	8	17	11	49	10	4	10	5	29	6	2	10	0
hsa-miR-924	0	0	0	0	0	0	0	0	8	1	6	39	13	9	11	3	5	15	13	12	5	11	10	5	10	0	0	0	0	5	8	8	0	0	0	0	2	1	1	2	5	5	6	6	3	2	5	7	6	11	2	1	0	0	0	0	0	0	0	0	0	0	0	0	0	0	0	0	0	0	0	1	0	0	0	0	0	0	0	0	1	5	6	16	2	4	4	3
hsa-miR-92a-1-5p	36	24	15	31	16	4	6	18	19	10	24	18	26	44	38	12	32	37	26	25	19	29	34	19	81	26	24	31	11	19	34	31	19	29	23	18	7	10	22	12	33	36	36	29	16	1	17	40	30	33	9	16	15	10	25	10	18	11	5	10	22	2	1	7	22	20	2	8	6	18	11	16	6	32	33	21	31	24	77	29	2	37	33	68	8	6	8	7
hsa-miR-92a-3p	25894	25669	9401	33795	18180	5799	22362	17819	15765	2026	9447	12623	12070	52879	14144	8973	21913	47604	17281	16292	3663	13608	17144	28338	21273	22633	63193	16272	7498	46147	17036	95233	35618	16694	55199	7008	29901	12217	17135	12623	9042	11140	8432	5737	7462	623	4520	63877	7272	25811	6401	8043	20734	27555	52485	10925	24690	14264	3065	26561	12886	3136	177	2892	28733	16073	9404	12654	27808	3210	35437	8290	4232	18683	50738	13862	12343	55419	99175	10554	31605	43784	15637	40871	25988	6145	6688	2787
hsa-miR-92b-3p	268	291	205	341	348	166	360	321	233	101	153	133	125	495	187	97	168	371	182	172	98	244	311	1364	472	276	544	176	129	468	223	827	399	211	670	127	275	118	214	136	161	148	124	133	90	29	148	545	204	282	154	133	256	385	958	305	243	202	27	238	125	65	4	58	543	329	100	122	310	78	263	168	69	224	490	174	234	501	808	168	333	650	264	569	258	96	91	61
hsa-miR-92b-5p	60	36	31	38	46	16	16	24	23	8	36	31	43	93	51	21	44	57	34	45	27	33	38	28	106	34	8	36	22	42	89	80	38	47	61	22	24	36	40	56	61	46	42	48	28	4	39	68	40	60	34	28	31	36	210	27	48	51	8	57	57	10	4	15	56	45	11	25	19	23	18	40	14	46	28	33	48	44	62	41	28	59	47	135	33	22	20	6
hsa-miR-93-3p	215	248	44	134	21	9	127	13	100	16	26	28	30	176	41	25	37	43	36	18	16	30	27	92	86	125	563	54	10	59	23	52	177	41	266	17	67	42	67	7	32	17	19	8	8	3	5	119	71	142	10	25	98	120	231	19	128	78	5	33	21	15	0	8	75	30	16	8	127	4	235	25	13	53	286	30	59	263	450	36	96	119	40	119	102	17	19	6
hsa-miR-93-5p	33183	24176	7357	62893	2485	1622	9499	2519	38364	2656	9186	12052	8999	77846	11606	6683	3879	5546	2762	1957	1154	5375	7843	11935	14643	25189	48794	9553	1881	9172	2351	6054	40856	8467	95248	2490	12554	22210	15847	1567	986	1143	1221	601	1666	461	826	25598	14483	43568	2100	3648	26424	36634	53325	3892	29466	27756	2561	13544	4377	4145	107	1357	45739	12480	15001	1511	26858	1626	59619	6525	1413	6999	37591	1748	7717	39296	54300	3951	46917	36255	8701	21781	75635	1321	4692	759
hsa-miR-933	43	15	24	14	16	2	6	12	9	4	19	6	41	128	131	54	100	97	79	64	12	16	24	14	124	50	52	51	25	12	30	36	65	72	62	42	29	39	106	41	63	68	86	46	46	32	42	113	110	81	74	68	12	10	54	8	9	9	2	11	16	6	0	1	49	14	3	9	7	15	8	18	40	56	67	31	33	54	89	44	9	39	32	65	6	2	14	3
hsa-miR-934	4	1	0	1	2	5	0	2	0	0	0	0	11	6	7	8	9	10	9	0	2	4	15	8	17	0	0	0	5	0	9	7	0	0	0	0	2	1	3	1	5	4	7	9	2	0	9	10	5	7	1	9	0	0	0	0	0	1	0	1	10	0	0	0	10	12	2	0	0	0	0	2	0	0	7	0	4	9	27	1	0	5	6	10	0	0	0	0
hsa-miR-935	49	29	23	16	21	13	5	12	10	11	16	31	35	66	73	35	54	67	41	43	31	28	23	20	107	40	23	32	25	21	28	34	32	43	44	9	14	33	45	31	40	36	58	35	32	26	19	59	40	43	13	21	23	19	74	18	16	24	5	9	21	9	2	7	37	15	3	9	27	13	7	18	26	51	31	28	21	24	65	28	6	31	36	43	4	8	7	3
hsa-miR-936	89	51	44	44	34	6	14	12	25	25	63	23	121	109	164	74	192	214	149	147	58	57	73	54	196	99	48	79	87	45	92	89	97	136	71	66	54	74	223	98	135	152	206	109	69	51	108	195	153	115	86	115	33	16	49	15	34	14	5	8	33	5	2	7	28	16	7	11	30	36	13	37	79	63	100	54	79	61	130	125	8	72	88	162	7	17	19	10
hsa-miR-937-3p	26	8	13	10	13	6	6	4	11	7	6	4	19	21	21	7	15	20	8	19	15	26	13	19	50	8	9	10	6	7	7	14	8	15	15	5	2	11	5	15	19	9	63	23	11	2	6	20	17	22	12	3	2	13	106	6	8	4	1	3	7	0	1	2	15	11	4	8	12	17	7	6	7	16	16	12	12	7	23	7	7	20	9	20	9	4	6	2
hsa-miR-937-5p	0	0	0	0	0	0	0	0	2	0	13	3	2	7	9	1	7	9	8	16	0	0	0	0	14	0	0	0	8	1	11	8	0	0	0	0	1	3	6	3	6	9	2	5	4	2	8	6	6	2	2	6	0	0	0	0	0	0	0	3	0	0	0	0	14	0	0	0	0	0	0	0	0	10	9	5	5	4	12	5	0	6	1	12	0	0	0	0
hsa-miR-939-5p	40	27	18	20	13	7	5	4	8	3	10	3	36	59	76	25	43	37	24	29	13	27	23	24	69	44	42	9	16	21	16	21	30	34	21	25	16	12	58	19	26	28	46	22	10	11	6	50	48	59	24	20	14	10	22	11	8	10	0	7	11	3	0	1	19	0	0	0	25	16	11	18	33	34	38	20	16	34	48	13	6	25	17	29	5	3	3	4
hsa-miR-940	28	36	9	14	19	9	2	3	9	1	6	5	18	23	12	12	17	10	11	16	6	12	11	19	89	21	32	23	6	6	11	19	21	17	35	7	2	16	24	5	16	19	13	16	8	13	9	25	26	14	7	5	10	12	54	10	0	16	6	4	15	1	0	5	11	0	0	0	8	6	25	8	8	18	34	12	25	39	45	10	9	19	7	33	0	4	2	0
hsa-miR-941	155	220	60	283	48	18	236	41	440	7	93	78	51	276	66	44	40	81	37	41	19	86	60	127	139	115	355	72	16	90	35	104	133	69	241	28	126	87	105	21	24	19	27	21	35	1	23	196	75	263	26	26	142	178	299	19	211	215	19	95	47	19	1	10	150	53	42	17	331	25	621	82	18	78	326	32	55	266	343	34	206	266	65	197	367	37	65	14
hsa-miR-942-3p	81	53	25	51	13	10	22	10	18	20	15	15	44	49	62	25	25	34	27	44	35	34	58	60	51	31	36	25	21	16	37	34	59	49	46	25	23	30	48	68	30	40	42	29	31	14	111	47	39	54	27	19	31	22	86	20	0	10	1	4	10	1	1	2	43	27	9	0	46	34	34	95	23	19	52	26	48	29	86	22	23	25	18	74	21	5	11	0
hsa-miR-942-5p	188	229	40	291	33	9	97	27	154	11	58	81	40	271	47	37	25	50	35	21	9	78	65	115	61	96	405	42	14	73	31	76	190	39	299	24	106	54	74	15	7	11	4	18	3	4	3	107	48	154	14	10	117	202	235	21	132	75	7	36	31	9	0	4	126	49	46	11	211	8	356	26	5	46	283	21	33	279	332	22	175	132	45	105	259	17	16	0
hsa-miR-943	34	2	17	13	10	5	2	8	7	10	10	14	11	15	15	9	16	17	15	23	6	16	20	11	33	16	12	11	7	11	16	13	10	13	13	8	8	14	12	5	11	15	13	14	11	14	15	20	19	23	13	17	13	9	14	7	0	16	1	7	8	6	0	2	16	0	0	0	6	9	2	5	8	19	16	5	16	11	30	22	5	19	21	41	3	1	5	2
hsa-miR-944	89	58	54	74	68	11	21	17	38	11	41	36	114	145	142	71	90	98	73	113	72	71	54	77	184	47	39	52	58	37	68	100	63	81	59	60	29	45	64	40	131	105	79	95	61	15	58	147	96	124	47	45	67	36	70	34	42	17	10	20	73	24	1	19	45	26	20	23	38	57	28	48	41	59	50	49	63	51	201	53	14	68	67	155	20	33	47	13
hsa-miR-9500	6	4	4	5	6	3	6	1	0	0	0	0	4	7	13	5	8	13	18	10	3	36	8	5	31	10	10	9	10	2	6	12	9	8	9	3	0	1	7	8	8	11	7	10	5	5	5	14	11	7	1	7	0	0	0	0	19	4	0	3	12	1	0	1	21	0	0	6	6	48	1	8	5	12	12	6	13	16	34	5	1	9	9	12	0	0	0	0
hsa-miR-95-3p	25	9	6	10	12	1	13	6	101	10	25	12	26	19	8	7	25	19	19	10	8	24	9	15	61	14	15	10	0	6	20	13	17	7	20	6	9	7	3	6	7	5	6	19	5	3	11	11	11	27	1	2	15	13	20	1	0	0	1	0	0	0	0	0	0	0	0	0	20	9	38	5	3	25	16	4	12	15	36	13	6	19	8	31	15	5	6	5
hsa-miR-95-5p	4	5	1	10	3	4	5	2	9	1	10	25	9	13	4	1	7	12	6	10	12	9	3	10	12	11	14	5	4	7	5	11	3	11	4	2	2	4	3	1	9	7	4	6	0	3	3	5	1	5	0	6	5	2	9	4	0	0	0	0	0	0	0	1	0	13	3	0	10	4	15	8	0	0	8	0	4	3	14	4	3	11	4	19	0	0	0	0
hsa-miR-96-5p	164	98	15	32	61	25	634	59	1112	211	77	226	50	198	38	25	26	39	13	12	31	111	104	53	180	49	51	37	36	150	34	65	139	60	143	26	399	92	45	16	8	5	7	9	7	1	3	43	14	60	4	5	155	206	446	48	52	25	10	84	36	7	1	10	194	63	29	8	1477	49	114	46	19	69	44	34	58	40	51	28	172	186	44	76	46	20	18	9
hsa-miR-98-3p	45	39	13	61	11	8	7	9	79	5	39	23	12	39	17	7	4	11	5	7	10	20	21	28	27	34	80	3	2	13	6	11	30	17	46	7	10	13	18	2	7	10	15	5	3	2	5	22	16	15	6	4	27	47	23	4	9	24	0	3	4	2	0	3	50	17	3	1	26	4	88	17	4	12	44	7	13	36	59	9	29	53	24	49	36	6	11	1
hsa-miR-98-5p	1722	2201	201	4327	92	95	279	53	1424	63	720	855	387	3090	652	392	171	151	326	117	99	202	434	718	714	2117	5655	396	68	334	112	178	2254	413	4209	112	258	373	896	17	54	41	46	36	71	24	33	929	497	1294	87	124	1443	2717	1187	64	1069	745	78	262	117	53	2	31	1311	312	230	26	1499	72	3786	268	54	368	4185	136	381	4746	6414	284	1736	2156	515	1412	3107	65	310	28
hsa-miR-99a-3p	24	18	13	19	9	6	4	7	9	9	11	6	20	38	25	9	12	15	15	20	19	23	13	21	85	13	10	14	6	14	14	25	20	18	19	9	2	1	15	9	20	23	7	24	10	0	25	25	19	16	9	5	9	12	14	6	7	11	3	3	19	5	0	3	16	17	3	10	12	24	21	14	6	14	16	15	21	25	58	11	13	12	7	37	9	7	7	4
hsa-miR-99a-5p	250	200	100	116	68	50	176	42	270	35	48	78	51	99	67	79	118	98	43	58	63	106	168	286	5257	520	331	167	15	129	95	169	272	232	244	27	72	75	45	38	31	15	24	20	19	3	15	215	88	166	28	59	304	737	331	226	60	33	4	11	6	11	1	2	107	23	16	5	340	65	433	73	186	1089	314	415	1036	202	216	120	135	207	126	262	120	21	30	51
hsa-miR-99b-3p	141	79	25	135	11	8	37	8	123	17	30	88	67	388	53	33	5	4	14	10	3	25	66	47	110	53	71	25	9	33	8	27	172	37	483	13	32	71	74	8	29	11	17	11	12	0	12	116	91	160	35	27	58	66	138	15	84	67	11	28	18	6	0	0	142	15	51	0	60	4	818	48	7	44	178	20	68	144	194	18	167	117	37	135	175	5	8	4
hsa-miR-99b-5p	1918	1871	570	2682	138	107	648	40	2303	142	729	623	733	5352	883	554	264	135	270	176	36	123	189	961	1353	801	2018	312	28	416	115	132	2806	638	5324	170	411	542	773	74	117	75	184	86	233	28	32	1878	1703	3174	549	950	912	1024	1131	94	1575	948	110	473	89	128	2	21	2739	937	700	73	788	75	8032	603	83	590	3618	216	548	2647	3122	322	2445	2553	658	2278	2985	82	221	33
