Run,Assay Type,AvgSpotLen,Bases,BioProject,BioSample,Bytes,Center Name,Consent,DATASTORE filetype,DATASTORE provider,DATASTORE region,Experiment,GEO_Accession (exp),Instrument,LibraryLayout,LibrarySelection,LibrarySource,Organism,Platform,ReleaseDate,create_date,version,Sample Name,source_name,SRA Study,disease,Group,condition
SRR14631722,miRNA-Seq,75,483887625,PRJNA713778,SAMN19317455,181332847,GEO,public,"fastq,run.zq,sra","gs,ncbi,s3","gs.us-east1,ncbi.public,s3.us-east-1",SRX10971672,GSM5333281,NextSeq 550,SINGLE,size fractionation,TRANSCRIPTOMIC,Homo sapiens,ILLUMINA,2021-06-07T00:00:00Z,2021-05-24T13:10:00Z,1,GSM5333281,Blood plasma,SRP310247,,,Healthy control
SRR14631723,miRNA-Seq,75,570130500,PRJNA713778,SAMN19317454,213163570,GEO,public,"fastq,run.zq,sra","gs,ncbi,s3","gs.us-east1,ncbi.public,s3.us-east-1",SRX10971673,GSM5333282,NextSeq 550,SINGLE,size fractionation,TRANSCRIPTOMIC,Homo sapiens,ILLUMINA,2021-06-07T00:00:00Z,2021-05-24T13:10:00Z,1,GSM5333282,Blood plasma,SRP310247,,,Healthy control
SRR14631724,miRNA-Seq,75,948424800,PRJNA713778,SAMN19317453,356900282,GEO,public,"fastq,run.zq,sra","gs,ncbi,s3","gs.us-east1,ncbi.public,s3.us-east-1",SRX10971571,GSM5333283,NextSeq 550,SINGLE,size fractionation,TRANSCRIPTOMIC,Homo sapiens,ILLUMINA,2021-06-07T00:00:00Z,2021-05-24T13:13:00Z,1,GSM5333283,Blood plasma,SRP310247,,,Healthy control
SRR14631725,miRNA-Seq,75,621781125,PRJNA713778,SAMN19317452,231066783,GEO,public,"fastq,run.zq,sra","gs,ncbi,s3","gs.us-east1,ncbi.public,s3.us-east-1",SRX10971572,GSM5333284,NextSeq 550,SINGLE,size fractionation,TRANSCRIPTOMIC,Homo sapiens,ILLUMINA,2021-06-07T00:00:00Z,2021-05-24T13:11:00Z,1,GSM5333284,Blood plasma,SRP310247,,,Healthy control
SRR14631726,miRNA-Seq,75,457939200,PRJNA713778,SAMN19317451,165084579,GEO,public,"fastq,run.zq,sra","gs,ncbi,s3","gs.us-east1,ncbi.public,s3.us-east-1",SRX10971573,GSM5333285,NextSeq 550,SINGLE,size fractionation,TRANSCRIPTOMIC,Homo sapiens,ILLUMINA,2021-06-07T00:00:00Z,2021-05-24T13:11:00Z,1,GSM5333285,Blood plasma,SRP310247,,,Healthy control
SRR14631728,miRNA-Seq,75,476054175,PRJNA713778,SAMN19317449,170263532,GEO,public,"fastq,run.zq,sra","gs,ncbi,s3","gs.us-east1,ncbi.public,s3.us-east-1",SRX10971575,GSM5333287,NextSeq 550,SINGLE,size fractionation,TRANSCRIPTOMIC,Homo sapiens,ILLUMINA,2021-06-07T00:00:00Z,2021-05-24T13:14:00Z,1,GSM5333287,Blood plasma,SRP310247,,,Healthy control
SRR14631729,miRNA-Seq,75,472521300,PRJNA713778,SAMN19317448,170654436,GEO,public,"fastq,run.zq,sra","gs,ncbi,s3","gs.us-east1,ncbi.public,s3.us-east-1",SRX10971576,GSM5333288,NextSeq 550,SINGLE,size fractionation,TRANSCRIPTOMIC,Homo sapiens,ILLUMINA,2021-06-07T00:00:00Z,2021-05-24T13:12:00Z,1,GSM5333288,Blood plasma,SRP310247,,,Healthy control
SRR14631730,miRNA-Seq,75,847066800,PRJNA713778,SAMN19317472,305039893,GEO,public,"fastq,run.zq,sra","gs,ncbi,s3","gs.us-east1,ncbi.public,s3.us-east-1",SRX10971577,GSM5333289,NextSeq 550,SINGLE,size fractionation,TRANSCRIPTOMIC,Homo sapiens,ILLUMINA,2021-06-07T00:00:00Z,2021-05-24T13:13:00Z,1,GSM5333289,Blood plasma,SRP310247,,,Healthy control
SRR14631731,miRNA-Seq,75,547208250,PRJNA713778,SAMN19317471,216677678,GEO,public,"fastq,run.zq,sra","gs,ncbi,s3","gs.us-east1,ncbi.public,s3.us-east-1",SRX10971578,GSM5333290,NextSeq 550,SINGLE,size fractionation,TRANSCRIPTOMIC,Homo sapiens,ILLUMINA,2021-06-07T00:00:00Z,2021-05-24T13:12:00Z,1,GSM5333290,Blood plasma,SRP310247,,,Healthy control
SRR14631732,miRNA-Seq,75,553281150,PRJNA713778,SAMN19317387,208417656,GEO,public,"fastq,run.zq,sra","gs,ncbi,s3","gs.us-east1,ncbi.public,s3.us-east-1",SRX10971579,GSM5333291,NextSeq 550,SINGLE,size fractionation,TRANSCRIPTOMIC,Homo sapiens,ILLUMINA,2021-06-07T00:00:00Z,2021-05-24T13:14:00Z,1,GSM5333291,Blood plasma,SRP310247,,,Healthy control
SRR14631733,miRNA-Seq,75,826718475,PRJNA713778,SAMN19317386,309466529,GEO,public,"fastq,run.zq,sra","gs,ncbi,s3","gs.us-east1,ncbi.public,s3.us-east-1",SRX10971580,GSM5333292,NextSeq 550,SINGLE,size fractionation,TRANSCRIPTOMIC,Homo sapiens,ILLUMINA,2021-06-07T00:00:00Z,2021-05-24T13:14:00Z,1,GSM5333292,Blood plasma,SRP310247,,,Healthy control
SRR14631734,miRNA-Seq,75,867729000,PRJNA713778,SAMN19317385,326122934,GEO,public,"fastq,run.zq,sra","gs,ncbi,s3","gs.us-east1,ncbi.public,s3.us-east-1",SRX10971581,GSM5333293,NextSeq 550,SINGLE,size fractionation,TRANSCRIPTOMIC,Homo sapiens,ILLUMINA,2021-06-07T00:00:00Z,2021-05-24T13:14:00Z,1,GSM5333293,Blood plasma,SRP310247,,,Healthy control
SRR14631738,miRNA-Seq,75,1030681950,PRJNA713778,SAMN19317381,407424449,GEO,public,"fastq,run.zq,sra","gs,ncbi,s3","gs.us-east1,ncbi.public,s3.us-east-1",SRX10971585,GSM5333297,NextSeq 550,SINGLE,size fractionation,TRANSCRIPTOMIC,Homo sapiens,ILLUMINA,2021-06-07T00:00:00Z,2021-05-24T13:16:00Z,1,GSM5333297,Blood plasma,SRP310247,,,Healthy control
SRR14631740,miRNA-Seq,75,2517512100,PRJNA713778,SAMN19317379,997612087,GEO,public,"fastq,run.zq,sra","gs,ncbi,s3","gs.us-east1,ncbi.public,s3.us-east-1",SRX10971624,GSM5333299,NextSeq 550,SINGLE,size fractionation,TRANSCRIPTOMIC,Homo sapiens,ILLUMINA,2021-06-07T00:00:00Z,2021-05-24T13:22:00Z,1,GSM5333299,Blood plasma,SRP310247,,,Healthy control
SRR14631741,miRNA-Seq,75,1231581750,PRJNA713778,SAMN19317378,484323017,GEO,public,"fastq,run.zq,sra","gs,ncbi,s3","gs.us-east1,ncbi.public,s3.us-east-1",SRX10971625,GSM5333300,NextSeq 550,SINGLE,size fractionation,TRANSCRIPTOMIC,Homo sapiens,ILLUMINA,2021-06-07T00:00:00Z,2021-05-24T13:17:00Z,1,GSM5333300,Blood plasma,SRP310247,,,Healthy control
SRR14631742,miRNA-Seq,75,851561925,PRJNA713778,SAMN19317377,339411850,GEO,public,"fastq,run.zq,sra","gs,ncbi,s3","gs.us-east1,ncbi.public,s3.us-east-1",SRX10971626,GSM5333301,NextSeq 550,SINGLE,size fractionation,TRANSCRIPTOMIC,Homo sapiens,ILLUMINA,2021-06-07T00:00:00Z,2021-05-24T13:16:00Z,1,GSM5333301,Blood plasma,SRP310247,,,Healthy control
SRR14631743,miRNA-Seq,75,531327225,PRJNA713778,SAMN19317376,207987959,GEO,public,"fastq,run.zq,sra","gs,ncbi,s3","gs.us-east1,ncbi.public,s3.us-east-1",SRX10971627,GSM5333302,NextSeq 550,SINGLE,size fractionation,TRANSCRIPTOMIC,Homo sapiens,ILLUMINA,2021-06-07T00:00:00Z,2021-05-24T13:15:00Z,1,GSM5333302,Blood plasma,SRP310247,,,Healthy control
SRR14631746,miRNA-Seq,75,594903975,PRJNA713778,SAMN19317369,232253452,GEO,public,"fastq,run.zq,sra","gs,ncbi,s3","gs.us-east1,ncbi.public,s3.us-east-1",SRX10971630,GSM5333305,NextSeq 550,SINGLE,size fractionation,TRANSCRIPTOMIC,Homo sapiens,ILLUMINA,2021-06-07T00:00:00Z,2021-05-24T13:16:00Z,1,GSM5333305,Blood plasma,SRP310247,,,Healthy control
SRR14631747,miRNA-Seq,75,536204850,PRJNA713778,SAMN19317368,210366529,GEO,public,"fastq,run.zq,sra","gs,ncbi,s3","gs.us-east1,ncbi.public,s3.us-east-1",SRX10971631,GSM5333306,NextSeq 550,SINGLE,size fractionation,TRANSCRIPTOMIC,Homo sapiens,ILLUMINA,2021-06-07T00:00:00Z,2021-05-24T13:15:00Z,1,GSM5333306,Blood plasma,SRP310247,,,Healthy control
SRR14631748,miRNA-Seq,75,476894550,PRJNA713778,SAMN19317367,186320354,GEO,public,"fastq,run.zq,sra","gs,ncbi,s3","gs.us-east1,ncbi.public,s3.us-east-1",SRX10971632,GSM5333307,NextSeq 550,SINGLE,size fractionation,TRANSCRIPTOMIC,Homo sapiens,ILLUMINA,2021-06-07T00:00:00Z,2021-05-24T13:15:00Z,1,GSM5333307,Blood plasma,SRP310247,,,Healthy control
SRR14631749,miRNA-Seq,75,987247950,PRJNA713778,SAMN19317366,393785822,GEO,public,"fastq,run.zq,sra","gs,ncbi,s3","gs.us-east1,ncbi.public,s3.us-east-1",SRX10971633,GSM5333308,NextSeq 550,SINGLE,size fractionation,TRANSCRIPTOMIC,Homo sapiens,ILLUMINA,2021-06-07T00:00:00Z,2021-05-24T13:17:00Z,1,GSM5333308,Blood plasma,SRP310247,,,Healthy control
SRR14631750,miRNA-Seq,75,996275850,PRJNA713778,SAMN19317373,395235898,GEO,public,"fastq,run.zq,sra","gs,ncbi,s3","gs.us-east1,ncbi.public,s3.us-east-1",SRX10971634,GSM5333309,NextSeq 550,SINGLE,size fractionation,TRANSCRIPTOMIC,Homo sapiens,ILLUMINA,2021-06-07T00:00:00Z,2021-05-24T13:18:00Z,1,GSM5333309,Blood plasma,SRP310247,,,Healthy control
SRR14631753,miRNA-Seq,75,613061850,PRJNA713778,SAMN19317365,241980191,GEO,public,"fastq,run.zq,sra","gs,ncbi,s3","gs.us-east1,ncbi.public,s3.us-east-1",SRX10971637,GSM5333312,NextSeq 550,SINGLE,size fractionation,TRANSCRIPTOMIC,Homo sapiens,ILLUMINA,2021-06-07T00:00:00Z,2021-05-24T13:17:00Z,1,GSM5333312,Blood plasma,SRP310247,,,Healthy control
SRR14631754,miRNA-Seq,75,676467000,PRJNA713778,SAMN19317402,271338361,GEO,public,"fastq,run.zq,sra","gs,ncbi,s3","gs.us-east1,ncbi.public,s3.us-east-1",SRX10971638,GSM5333313,NextSeq 550,SINGLE,size fractionation,TRANSCRIPTOMIC,Homo sapiens,ILLUMINA,2021-06-07T00:00:00Z,2021-05-24T13:17:00Z,1,GSM5333313,Blood plasma,SRP310247,,,Healthy control
SRR14631757,miRNA-Seq,75,652258050,PRJNA713778,SAMN19317399,262443424,GEO,public,"fastq,run.zq,sra","gs,ncbi,s3","gs.us-east1,ncbi.public,s3.us-east-1",SRX10971588,GSM5333316,NextSeq 550,SINGLE,size fractionation,TRANSCRIPTOMIC,Homo sapiens,ILLUMINA,2021-06-07T00:00:00Z,2021-05-24T13:17:00Z,1,GSM5333316,Blood plasma,SRP310247,,,Healthy control
SRR14631758,miRNA-Seq,75,583400400,PRJNA713778,SAMN19317398,232100479,GEO,public,"fastq,run.zq,sra","gs,ncbi,s3","gs.us-east1,ncbi.public,s3.us-east-1",SRX10971589,GSM5333317,NextSeq 550,SINGLE,size fractionation,TRANSCRIPTOMIC,Homo sapiens,ILLUMINA,2021-06-07T00:00:00Z,2021-05-24T13:18:00Z,1,GSM5333317,Blood plasma,SRP310247,,,Healthy control
SRR14631760,miRNA-Seq,75,780199350,PRJNA713778,SAMN19317396,313663582,GEO,public,"fastq,run.zq,sra","gs,ncbi,s3","gs.us-east1,ncbi.public,s3.us-east-1",SRX10971591,GSM5333319,NextSeq 550,SINGLE,size fractionation,TRANSCRIPTOMIC,Homo sapiens,ILLUMINA,2021-06-07T00:00:00Z,2021-05-24T13:19:00Z,1,GSM5333319,Blood plasma,SRP310247,,,Healthy control
SRR14631761,miRNA-Seq,75,439651275,PRJNA713778,SAMN19317395,173555825,GEO,public,"fastq,run.zq,sra","gs,ncbi,s3","gs.us-east1,ncbi.public,s3.us-east-1",SRX10971592,GSM5333320,NextSeq 550,SINGLE,size fractionation,TRANSCRIPTOMIC,Homo sapiens,ILLUMINA,2021-06-07T00:00:00Z,2021-05-24T13:18:00Z,1,GSM5333320,Blood plasma,SRP310247,,,Healthy control
SRR14631764,miRNA-Seq,75,790514850,PRJNA713778,SAMN19317468,314205716,GEO,public,"fastq,run.zq,sra","gs,ncbi,s3","gs.us-east1,ncbi.public,s3.us-east-1",SRX10971595,GSM5333323,NextSeq 550,SINGLE,size fractionation,TRANSCRIPTOMIC,Homo sapiens,ILLUMINA,2021-06-07T00:00:00Z,2021-05-24T13:19:00Z,1,GSM5333323,Blood plasma,SRP310247,,,Healthy control
SRR14631765,miRNA-Seq,75,947009100,PRJNA713778,SAMN19317467,379027352,GEO,public,"fastq,run.zq,sra","gs,ncbi,s3","gs.us-east1,ncbi.public,s3.us-east-1",SRX10971596,GSM5333324,NextSeq 550,SINGLE,size fractionation,TRANSCRIPTOMIC,Homo sapiens,ILLUMINA,2021-06-07T00:00:00Z,2021-05-24T13:20:00Z,1,GSM5333324,Blood plasma,SRP310247,,,Healthy control
SRR14631766,miRNA-Seq,75,748882575,PRJNA713778,SAMN19317466,278870287,GEO,public,"fastq,run.zq,sra","gs,ncbi,s3","gs.us-east1,ncbi.public,s3.us-east-1",SRX10971597,GSM5333325,NextSeq 550,SINGLE,size fractionation,TRANSCRIPTOMIC,Homo sapiens,ILLUMINA,2021-06-07T00:00:00Z,2021-05-24T13:19:00Z,1,GSM5333325,Blood plasma,SRP310247,,,Healthy control
SRR14631769,miRNA-Seq,75,575673600,PRJNA713778,SAMN19317463,216774863,GEO,public,"fastq,run.zq,sra","gs,ncbi,s3","gs.us-east1,ncbi.public,s3.us-east-1",SRX10971600,GSM5333328,NextSeq 550,SINGLE,size fractionation,TRANSCRIPTOMIC,Homo sapiens,ILLUMINA,2021-06-07T00:00:00Z,2021-05-24T13:19:00Z,1,GSM5333328,Blood plasma,SRP310247,,,Healthy control
SRR14631770,miRNA-Seq,75,708636375,PRJNA713778,SAMN19317462,261329862,GEO,public,"fastq,run.zq,sra","gs,ncbi,s3","gs.us-east1,ncbi.public,s3.us-east-1",SRX10971601,GSM5333329,NextSeq 550,SINGLE,size fractionation,TRANSCRIPTOMIC,Homo sapiens,ILLUMINA,2021-06-07T00:00:00Z,2021-05-24T13:20:00Z,1,GSM5333329,Blood plasma,SRP310247,,,Healthy control
SRR14631771,miRNA-Seq,75,725828175,PRJNA713778,SAMN19317461,269328622,GEO,public,"fastq,run.zq,sra","gs,ncbi,s3","gs.us-east1,ncbi.public,s3.us-east-1",SRX10971602,GSM5333330,NextSeq 550,SINGLE,size fractionation,TRANSCRIPTOMIC,Homo sapiens,ILLUMINA,2021-06-07T00:00:00Z,2021-05-24T13:20:00Z,1,GSM5333330,Blood plasma,SRP310247,,,Healthy control
SRR14631772,miRNA-Seq,75,1023175575,PRJNA713778,SAMN19317460,379188300,GEO,public,"fastq,run.zq,sra","gs,ncbi,s3","gs.us-east1,ncbi.public,s3.us-east-1",SRX10971640,GSM5333331,NextSeq 550,SINGLE,size fractionation,TRANSCRIPTOMIC,Homo sapiens,ILLUMINA,2021-06-07T00:00:00Z,2021-05-24T13:21:00Z,1,GSM5333331,Blood plasma,SRP310247,,,Healthy control
SRR14631774,miRNA-Seq,75,693355500,PRJNA713778,SAMN19317458,257290536,GEO,public,"fastq,run.zq,sra","gs,ncbi,s3","gs.us-east1,ncbi.public,s3.us-east-1",SRX10971642,GSM5333333,NextSeq 550,SINGLE,size fractionation,TRANSCRIPTOMIC,Homo sapiens,ILLUMINA,2021-06-07T00:00:00Z,2021-05-24T13:20:00Z,1,GSM5333333,Blood plasma,SRP310247,,,Healthy control
SRR14631775,miRNA-Seq,75,515719875,PRJNA713778,SAMN19317489,212576030,GEO,public,"fastq,run.zq,sra","gs,ncbi,s3","gs.us-east1,ncbi.public,s3.us-east-1",SRX10971643,GSM5333334,NextSeq 550,SINGLE,size fractionation,TRANSCRIPTOMIC,Homo sapiens,ILLUMINA,2021-06-07T00:00:00Z,2021-05-24T13:20:00Z,1,GSM5333334,Blood plasma,SRP310247,,,Healthy control
SRR14631777,miRNA-Seq,75,661652475,PRJNA713778,SAMN19317487,273372831,GEO,public,"fastq,run.zq,sra","gs,ncbi,s3","gs.us-east1,ncbi.public,s3.us-east-1",SRX10971645,GSM5333336,NextSeq 550,SINGLE,size fractionation,TRANSCRIPTOMIC,Homo sapiens,ILLUMINA,2021-06-07T00:00:00Z,2021-05-24T13:20:00Z,1,GSM5333336,Blood plasma,SRP310247,,,Healthy control
SRR14631778,miRNA-Seq,75,613240125,PRJNA713778,SAMN19317486,246260771,GEO,public,"fastq,run.zq,sra","gs,ncbi,s3","gs.us-east1,ncbi.public,s3.us-east-1",SRX10971646,GSM5333337,NextSeq 550,SINGLE,size fractionation,TRANSCRIPTOMIC,Homo sapiens,ILLUMINA,2021-06-07T00:00:00Z,2021-05-24T13:20:00Z,1,GSM5333337,Blood plasma,SRP310247,,,Healthy control
SRR14631783,miRNA-Seq,75,978646200,PRJNA713778,SAMN19317481,399390805,GEO,public,"fastq,run.zq,sra","gs,ncbi,s3","gs.us-east1,ncbi.public,s3.us-east-1",SRX10971651,GSM5333342,NextSeq 550,SINGLE,size fractionation,TRANSCRIPTOMIC,Homo sapiens,ILLUMINA,2021-06-07T00:00:00Z,2021-05-24T13:22:00Z,1,GSM5333342,Blood plasma,SRP310247,,,Healthy control
SRR14631784,miRNA-Seq,75,787956975,PRJNA713778,SAMN19317480,309507328,GEO,public,"fastq,run.zq,sra","gs,ncbi,s3","gs.us-east1,ncbi.public,s3.us-east-1",SRX10971652,GSM5333343,NextSeq 550,SINGLE,size fractionation,TRANSCRIPTOMIC,Homo sapiens,ILLUMINA,2021-06-07T00:00:00Z,2021-05-24T13:21:00Z,1,GSM5333343,Blood plasma,SRP310247,,,Healthy control
SRR14631785,miRNA-Seq,75,663199725,PRJNA713778,SAMN19317479,269962443,GEO,public,"fastq,run.zq,sra","gs,ncbi,s3","gs.us-east1,ncbi.public,s3.us-east-1",SRX10971653,GSM5333344,NextSeq 550,SINGLE,size fractionation,TRANSCRIPTOMIC,Homo sapiens,ILLUMINA,2021-06-07T00:00:00Z,2021-05-24T13:21:00Z,1,GSM5333344,Blood plasma,SRP310247,,,Healthy control
SRR14631787,miRNA-Seq,75,393846300,PRJNA713778,SAMN19317477,133682248,GEO,public,"fastq,run.zq,sra","gs,ncbi,s3","gs.us-east1,ncbi.public,s3.us-east-1",SRX10971655,GSM5333346,NextSeq 550,SINGLE,size fractionation,TRANSCRIPTOMIC,Homo sapiens,ILLUMINA,2021-06-07T00:00:00Z,2021-05-24T13:20:00Z,1,GSM5333346,Blood plasma,SRP310247,,,Healthy control
SRR14631788,miRNA-Seq,75,302651550,PRJNA713778,SAMN19317476,101143065,GEO,public,"fastq,run.zq,sra","gs,ncbi,s3","gs.us-east1,ncbi.public,s3.us-east-1",SRX10971603,GSM5333347,NextSeq 550,SINGLE,size fractionation,TRANSCRIPTOMIC,Homo sapiens,ILLUMINA,2021-06-07T00:00:00Z,2021-05-24T13:20:00Z,1,GSM5333347,Blood plasma,SRP310247,,,Healthy control
SRR14631789,miRNA-Seq,75,362101800,PRJNA713778,SAMN19317475,120015873,GEO,public,"fastq,run.zq,sra","gs,ncbi,s3","gs.us-east1,ncbi.public,s3.us-east-1",SRX10971604,GSM5333348,NextSeq 550,SINGLE,size fractionation,TRANSCRIPTOMIC,Homo sapiens,ILLUMINA,2021-06-07T00:00:00Z,2021-05-24T13:21:00Z,1,GSM5333348,Blood plasma,SRP310247,,,Healthy control
SRR14631790,miRNA-Seq,75,283785300,PRJNA713778,SAMN19317474,95576313,GEO,public,"fastq,run.zq,sra","gs,ncbi,s3","gs.us-east1,ncbi.public,s3.us-east-1",SRX10971605,GSM5333349,NextSeq 550,SINGLE,size fractionation,TRANSCRIPTOMIC,Homo sapiens,ILLUMINA,2021-06-07T00:00:00Z,2021-05-24T13:20:00Z,1,GSM5333349,Blood plasma,SRP310247,,,Healthy control
SRR14631791,miRNA-Seq,75,1095454275,PRJNA713778,SAMN19317473,391465471,GEO,public,"fastq,run.zq,sra","gs,ncbi,s3","gs.us-east1,ncbi.public,s3.us-east-1",SRX10971606,GSM5333350,NextSeq 550,SINGLE,size fractionation,TRANSCRIPTOMIC,Homo sapiens,ILLUMINA,2021-06-07T00:00:00Z,2021-05-24T13:24:00Z,1,GSM5333350,Blood plasma,SRP310247,,,Healthy control
SRR14631792,miRNA-Seq,75,935909700,PRJNA713778,SAMN19317391,332514583,GEO,public,"fastq,run.zq,sra","gs,ncbi,s3","gs.us-east1,ncbi.public,s3.us-east-1",SRX10971607,GSM5333351,NextSeq 550,SINGLE,size fractionation,TRANSCRIPTOMIC,Homo sapiens,ILLUMINA,2021-06-07T00:00:00Z,2021-05-24T13:23:00Z,1,GSM5333351,Blood plasma,SRP310247,,,Healthy control
SRR14631793,miRNA-Seq,75,549863850,PRJNA713778,SAMN19317390,195931925,GEO,public,"fastq,run.zq,sra","gs,ncbi,s3","gs.us-east1,ncbi.public,s3.us-east-1",SRX10971608,GSM5333352,NextSeq 550,SINGLE,size fractionation,TRANSCRIPTOMIC,Homo sapiens,ILLUMINA,2021-06-07T00:00:00Z,2021-05-24T13:21:00Z,1,GSM5333352,Blood plasma,SRP310247,,,Healthy control
SRR14631794,miRNA-Seq,75,959490150,PRJNA713778,SAMN19317389,380243991,GEO,public,"fastq,run.zq,sra","gs,ncbi,s3","gs.us-east1,ncbi.public,s3.us-east-1",SRX10971609,GSM5333353,NextSeq 550,SINGLE,size fractionation,TRANSCRIPTOMIC,Homo sapiens,ILLUMINA,2021-06-07T00:00:00Z,2021-05-24T13:24:00Z,1,GSM5333353,Blood plasma,SRP310247,,,Healthy control
SRR14631798,miRNA-Seq,75,206066175,PRJNA713778,SAMN19317410,69995097,GEO,public,"fastq,run.zq,sra","gs,ncbi,s3","gs.us-east1,ncbi.public,s3.us-east-1",SRX10971613,GSM5333357,NextSeq 550,SINGLE,size fractionation,TRANSCRIPTOMIC,Homo sapiens,ILLUMINA,2021-06-07T00:00:00Z,2021-05-24T13:21:00Z,1,GSM5333357,Blood plasma,SRP310247,,,Healthy control
SRR14631799,miRNA-Seq,75,140903775,PRJNA713778,SAMN19317409,48340504,GEO,public,"fastq,run.zq,sra","gs,ncbi,s3","gs.us-east1,ncbi.public,s3.us-east-1",SRX10971614,GSM5333358,NextSeq 550,SINGLE,size fractionation,TRANSCRIPTOMIC,Homo sapiens,ILLUMINA,2021-06-07T00:00:00Z,2021-05-24T13:21:00Z,1,GSM5333358,Blood plasma,SRP310247,,,Healthy control
SRR14631803,miRNA-Seq,75,221495250,PRJNA713778,SAMN19317405,83710227,GEO,public,"fastq,run.zq,sra","gs,ncbi,s3","gs.us-east1,ncbi.public,s3.us-east-1",SRX10971618,GSM5333362,NextSeq 550,SINGLE,size fractionation,TRANSCRIPTOMIC,Homo sapiens,ILLUMINA,2021-06-07T00:00:00Z,2021-05-24T13:21:00Z,1,GSM5333362,Blood plasma,SRP310247,,,Healthy control
SRR14631804,miRNA-Seq,75,390972600,PRJNA713778,SAMN19317404,150326476,GEO,public,"fastq,run.zq,sra","gs,ncbi,s3","gs.us-east1,ncbi.public,s3.us-east-1",SRX10971656,GSM5333363,NextSeq 550,SINGLE,size fractionation,TRANSCRIPTOMIC,Homo sapiens,ILLUMINA,2021-06-07T00:00:00Z,2021-05-24T13:22:00Z,1,GSM5333363,Blood plasma,SRP310247,,,Healthy control
SRR14631805,miRNA-Seq,75,592038000,PRJNA713778,SAMN19317403,226722374,GEO,public,"fastq,run.zq,sra","gs,ncbi,s3","gs.us-east1,ncbi.public,s3.us-east-1",SRX10971657,GSM5333364,NextSeq 550,SINGLE,size fractionation,TRANSCRIPTOMIC,Homo sapiens,ILLUMINA,2021-06-07T00:00:00Z,2021-05-24T13:23:00Z,1,GSM5333364,Blood plasma,SRP310247,,,Healthy control
SRR14631807,miRNA-Seq,75,618109350,PRJNA713778,SAMN19317422,237759923,GEO,public,"fastq,run.zq,sra","gs,ncbi,s3","gs.us-east1,ncbi.public,s3.us-east-1",SRX10971659,GSM5333366,NextSeq 550,SINGLE,size fractionation,TRANSCRIPTOMIC,Homo sapiens,ILLUMINA,2021-06-07T00:00:00Z,2021-05-24T13:23:00Z,1,GSM5333366,Blood plasma,SRP310247,,,Healthy control
SRR14631808,miRNA-Seq,75,558896250,PRJNA713778,SAMN19317415,206966505,GEO,public,"fastq,run.zq,sra","gs,ncbi,s3","gs.us-east1,ncbi.public,s3.us-east-1",SRX10971660,GSM5333367,NextSeq 550,SINGLE,size fractionation,TRANSCRIPTOMIC,Homo sapiens,ILLUMINA,2021-06-07T00:00:00Z,2021-05-24T13:23:00Z,1,GSM5333367,Blood plasma,SRP310247,,,Healthy control
SRR14631809,miRNA-Seq,75,286158900,PRJNA713778,SAMN19317414,107033773,GEO,public,"fastq,run.zq,sra","gs,ncbi,s3","gs.us-east1,ncbi.public,s3.us-east-1",SRX10971661,GSM5333368,NextSeq 550,SINGLE,size fractionation,TRANSCRIPTOMIC,Homo sapiens,ILLUMINA,2021-06-07T00:00:00Z,2021-05-24T13:22:00Z,1,GSM5333368,Blood plasma,SRP310247,,,Healthy control
SRR14631810,miRNA-Seq,75,451894275,PRJNA713778,SAMN19317421,171959314,GEO,public,"fastq,run.zq,sra","gs,ncbi,s3","gs.us-east1,ncbi.public,s3.us-east-1",SRX10971662,GSM5333369,NextSeq 550,SINGLE,size fractionation,TRANSCRIPTOMIC,Homo sapiens,ILLUMINA,2021-06-07T00:00:00Z,2021-05-24T13:22:00Z,1,GSM5333369,Blood plasma,SRP310247,,,Healthy control
SRR14631811,miRNA-Seq,75,942219300,PRJNA713778,SAMN19317420,350952672,GEO,public,"fastq,run.zq,sra","gs,ncbi,s3","gs.us-east1,ncbi.public,s3.us-east-1",SRX10971663,GSM5333370,NextSeq 550,SINGLE,size fractionation,TRANSCRIPTOMIC,Homo sapiens,ILLUMINA,2021-06-07T00:00:00Z,2021-05-24T13:25:00Z,1,GSM5333370,Blood plasma,SRP310247,,,Healthy control
SRR14631813,miRNA-Seq,75,748515225,PRJNA713778,SAMN19317418,279648700,GEO,public,"fastq,run.zq,sra","gs,ncbi,s3","gs.us-east1,ncbi.public,s3.us-east-1",SRX10971665,GSM5333372,NextSeq 550,SINGLE,size fractionation,TRANSCRIPTOMIC,Homo sapiens,ILLUMINA,2021-06-07T00:00:00Z,2021-05-24T13:23:00Z,1,GSM5333372,Blood plasma,SRP310247,,,Healthy control
SRR14631815,miRNA-Seq,75,1066514925,PRJNA713778,SAMN19317416,419707227,GEO,public,"fastq,run.zq,sra","gs,ncbi,s3","gs.us-east1,ncbi.public,s3.us-east-1",SRX10971667,GSM5333374,NextSeq 550,SINGLE,size fractionation,TRANSCRIPTOMIC,Homo sapiens,ILLUMINA,2021-06-07T00:00:00Z,2021-05-24T13:24:00Z,1,GSM5333374,Blood plasma,SRP310247,,,Healthy control
SRR14631816,miRNA-Seq,75,812733525,PRJNA713778,SAMN19317413,301263397,GEO,public,"fastq,run.zq,sra","gs,ncbi,s3","gs.us-east1,ncbi.public,s3.us-east-1",SRX10971668,GSM5333375,NextSeq 550,SINGLE,size fractionation,TRANSCRIPTOMIC,Homo sapiens,ILLUMINA,2021-06-07T00:00:00Z,2021-05-24T13:24:00Z,1,GSM5333375,Blood plasma,SRP310247,,,Healthy control
SRR14631817,miRNA-Seq,75,704194125,PRJNA713778,SAMN19317433,263097694,GEO,public,"fastq,run.zq,sra","gs,ncbi,s3","gs.us-east1,ncbi.public,s3.us-east-1",SRX10971669,GSM5333376,NextSeq 550,SINGLE,size fractionation,TRANSCRIPTOMIC,Homo sapiens,ILLUMINA,2021-06-07T00:00:00Z,2021-05-24T13:24:00Z,1,GSM5333376,Blood plasma,SRP310247,,,Healthy control
SRR14631819,miRNA-Seq,75,580393650,PRJNA713778,SAMN19317431,218380429,GEO,public,"fastq,run.zq,sra","gs,ncbi,s3","gs.us-east1,ncbi.public,s3.us-east-1",SRX10971671,GSM5333378,NextSeq 550,SINGLE,size fractionation,TRANSCRIPTOMIC,Homo sapiens,ILLUMINA,2021-06-07T00:00:00Z,2021-05-24T13:23:00Z,1,GSM5333378,Blood plasma,SRP310247,,,Healthy control
SRR14631820,miRNA-Seq,75,284083350,PRJNA713778,SAMN19317430,103513325,GEO,public,"fastq,run.zq,sra","gs,ncbi,s3","gs.us-east1,ncbi.public,s3.us-east-1",SRX10971619,GSM5333379,NextSeq 550,SINGLE,size fractionation,TRANSCRIPTOMIC,Homo sapiens,ILLUMINA,2021-06-07T00:00:00Z,2021-05-24T13:23:00Z,1,GSM5333379,Blood plasma,SRP310247,,,Healthy control
SRR14631821,miRNA-Seq,75,825819975,PRJNA713778,SAMN19317429,307361141,GEO,public,"fastq,run.zq,sra","gs,ncbi,s3","gs.us-east1,ncbi.public,s3.us-east-1",SRX10971620,GSM5333380,NextSeq 550,SINGLE,size fractionation,TRANSCRIPTOMIC,Homo sapiens,ILLUMINA,2021-06-07T00:00:00Z,2021-05-24T13:25:00Z,1,GSM5333380,Blood plasma,SRP310247,,,Healthy control
SRR14631822,miRNA-Seq,75,939636900,PRJNA713778,SAMN19317394,352152577,GEO,public,"fastq,run.zq,sra","gs,ncbi,s3","gs.us-east1,ncbi.public,s3.us-east-1",SRX10971621,GSM5333381,NextSeq 550,SINGLE,size fractionation,TRANSCRIPTOMIC,Homo sapiens,ILLUMINA,2021-06-07T00:00:00Z,2021-05-24T13:26:00Z,1,GSM5333381,Blood plasma,SRP310247,,,Healthy control
SRR14631823,miRNA-Seq,75,594321300,PRJNA713778,SAMN19317393,223804228,GEO,public,"fastq,run.zq,sra","gs,ncbi,s3","gs.us-east1,ncbi.public,s3.us-east-1",SRX10971622,GSM5333382,NextSeq 550,SINGLE,size fractionation,TRANSCRIPTOMIC,Homo sapiens,ILLUMINA,2021-06-07T00:00:00Z,2021-05-24T13:24:00Z,1,GSM5333382,Blood plasma,SRP310247,,,Healthy control
SRR14631824,miRNA-Seq,75,725107200,PRJNA713778,SAMN19317392,271086002,GEO,public,"fastq,run.zq,sra","gs,ncbi,s3","gs.us-east1,ncbi.public,s3.us-east-1",SRX10971623,GSM5333383,NextSeq 550,SINGLE,size fractionation,TRANSCRIPTOMIC,Homo sapiens,ILLUMINA,2021-06-07T00:00:00Z,2021-05-24T13:25:00Z,1,GSM5333383,Blood plasma,SRP310247,,,Healthy control
SRR14631727,miRNA-Seq,75,755629950,PRJNA713778,SAMN19317450,273271550,GEO,public,"fastq,run.zq,sra","gs,ncbi,s3","gs.us-east1,ncbi.public,s3.us-east-1",SRX10971574,GSM5333286,NextSeq 550,SINGLE,size fractionation,TRANSCRIPTOMIC,Homo sapiens,ILLUMINA,2021-06-07T00:00:00Z,2021-05-24T13:12:00Z,1,GSM5333286,Blood plasma,SRP310247,,,Healthy control
SRR14631735,miRNA-Seq,75,728564325,PRJNA713778,SAMN19317384,290854042,GEO,public,"fastq,run.zq,sra","gs,ncbi,s3","gs.us-east1,ncbi.public,s3.us-east-1",SRX10971582,GSM5333294,NextSeq 550,SINGLE,size fractionation,TRANSCRIPTOMIC,Homo sapiens,ILLUMINA,2021-06-07T00:00:00Z,2021-05-24T13:14:00Z,1,GSM5333294,Blood plasma,SRP310247,,,Healthy control
SRR14631736,miRNA-Seq,75,553730850,PRJNA713778,SAMN19317383,200244984,GEO,public,"fastq,run.zq,sra","gs,ncbi,s3","gs.us-east1,ncbi.public,s3.us-east-1",SRX10971583,GSM5333295,NextSeq 550,SINGLE,size fractionation,TRANSCRIPTOMIC,Homo sapiens,ILLUMINA,2021-06-07T00:00:00Z,2021-05-24T13:14:00Z,1,GSM5333295,Blood plasma,SRP310247,,,Healthy control
SRR14631737,miRNA-Seq,75,1184364225,PRJNA713778,SAMN19317382,468118492,GEO,public,"fastq,run.zq,sra","gs,ncbi,s3","gs.us-east1,ncbi.public,s3.us-east-1",SRX10971584,GSM5333296,NextSeq 550,SINGLE,size fractionation,TRANSCRIPTOMIC,Homo sapiens,ILLUMINA,2021-06-07T00:00:00Z,2021-05-24T13:16:00Z,1,GSM5333296,Blood plasma,SRP310247,,,Healthy control
SRR14631739,miRNA-Seq,75,963974775,PRJNA713778,SAMN19317380,379343841,GEO,public,"fastq,run.zq,sra","gs,ncbi,s3","gs.us-east1,ncbi.public,s3.us-east-1",SRX10971586,GSM5333298,NextSeq 550,SINGLE,size fractionation,TRANSCRIPTOMIC,Homo sapiens,ILLUMINA,2021-06-07T00:00:00Z,2021-05-24T13:15:00Z,1,GSM5333298,Blood plasma,SRP310247,,,Healthy control
SRR14631744,miRNA-Seq,75,872713875,PRJNA713778,SAMN19317375,339677161,GEO,public,"fastq,run.zq,sra","gs,ncbi,s3","gs.us-east1,ncbi.public,s3.us-east-1",SRX10971628,GSM5333303,NextSeq 550,SINGLE,size fractionation,TRANSCRIPTOMIC,Homo sapiens,ILLUMINA,2021-06-07T00:00:00Z,2021-05-24T13:16:00Z,1,GSM5333303,Blood plasma,SRP310247,,,Healthy control
SRR14631745,miRNA-Seq,75,824086050,PRJNA713778,SAMN19317374,320106633,GEO,public,"fastq,run.zq,sra","gs,ncbi,s3","gs.us-east1,ncbi.public,s3.us-east-1",SRX10971629,GSM5333304,NextSeq 550,SINGLE,size fractionation,TRANSCRIPTOMIC,Homo sapiens,ILLUMINA,2021-06-07T00:00:00Z,2021-05-24T13:16:00Z,1,GSM5333304,Blood plasma,SRP310247,,,Healthy control
SRR14631751,miRNA-Seq,75,684996450,PRJNA713778,SAMN19317372,278235287,GEO,public,"fastq,run.zq,sra","gs,ncbi,s3","gs.us-east1,ncbi.public,s3.us-east-1",SRX10971635,GSM5333310,NextSeq 550,SINGLE,size fractionation,TRANSCRIPTOMIC,Homo sapiens,ILLUMINA,2021-06-07T00:00:00Z,2021-05-24T13:17:00Z,1,GSM5333310,Blood plasma,SRP310247,,,Healthy control
SRR14631752,miRNA-Seq,75,631617075,PRJNA713778,SAMN19317371,226812039,GEO,public,"fastq,run.zq,sra","gs,ncbi,s3","gs.us-east1,ncbi.public,s3.us-east-1",SRX10971636,GSM5333311,NextSeq 550,SINGLE,size fractionation,TRANSCRIPTOMIC,Homo sapiens,ILLUMINA,2021-06-07T00:00:00Z,2021-05-24T13:17:00Z,1,GSM5333311,Blood plasma,SRP310247,,,Healthy control
SRR14631755,miRNA-Seq,75,970252350,PRJNA713778,SAMN19317401,383954967,GEO,public,"fastq,run.zq,sra","gs,ncbi,s3","gs.us-east1,ncbi.public,s3.us-east-1",SRX10971639,GSM5333314,NextSeq 550,SINGLE,size fractionation,TRANSCRIPTOMIC,Homo sapiens,ILLUMINA,2021-06-07T00:00:00Z,2021-05-24T13:19:00Z,1,GSM5333314,Blood plasma,SRP310247,,,Healthy control
SRR14631756,miRNA-Seq,75,814149450,PRJNA713778,SAMN19317400,324820867,GEO,public,"fastq,run.zq,sra","gs,ncbi,s3","gs.us-east1,ncbi.public,s3.us-east-1",SRX10971587,GSM5333315,NextSeq 550,SINGLE,size fractionation,TRANSCRIPTOMIC,Homo sapiens,ILLUMINA,2021-06-07T00:00:00Z,2021-05-24T13:18:00Z,1,GSM5333315,Blood plasma,SRP310247,,,Healthy control
SRR14631759,miRNA-Seq,75,792873750,PRJNA713778,SAMN19317397,313735731,GEO,public,"fastq,run.zq,sra","gs,ncbi,s3","gs.us-east1,ncbi.public,s3.us-east-1",SRX10971590,GSM5333318,NextSeq 550,SINGLE,size fractionation,TRANSCRIPTOMIC,Homo sapiens,ILLUMINA,2021-06-07T00:00:00Z,2021-05-24T13:19:00Z,1,GSM5333318,Blood plasma,SRP310247,,,Healthy control
SRR14631762,miRNA-Seq,75,693441525,PRJNA713778,SAMN19317470,277241519,GEO,public,"fastq,run.zq,sra","gs,ncbi,s3","gs.us-east1,ncbi.public,s3.us-east-1",SRX10971593,GSM5333321,NextSeq 550,SINGLE,size fractionation,TRANSCRIPTOMIC,Homo sapiens,ILLUMINA,2021-06-07T00:00:00Z,2021-05-24T13:18:00Z,1,GSM5333321,Blood plasma,SRP310247,,,Healthy control
SRR14631763,miRNA-Seq,75,588927300,PRJNA713778,SAMN19317469,237476685,GEO,public,"fastq,run.zq,sra","gs,ncbi,s3","gs.us-east1,ncbi.public,s3.us-east-1",SRX10971594,GSM5333322,NextSeq 550,SINGLE,size fractionation,TRANSCRIPTOMIC,Homo sapiens,ILLUMINA,2021-06-07T00:00:00Z,2021-05-24T13:19:00Z,1,GSM5333322,Blood plasma,SRP310247,,,Healthy control
SRR14631767,miRNA-Seq,75,585881400,PRJNA713778,SAMN19317465,217940050,GEO,public,"fastq,run.zq,sra","gs,ncbi,s3","gs.us-east1,ncbi.public,s3.us-east-1",SRX10971598,GSM5333326,NextSeq 550,SINGLE,size fractionation,TRANSCRIPTOMIC,Homo sapiens,ILLUMINA,2021-06-07T00:00:00Z,2021-05-24T13:19:00Z,1,GSM5333326,Blood plasma,SRP310247,,,Healthy control
SRR14631768,miRNA-Seq,75,1944569700,PRJNA713778,SAMN19317464,726575078,GEO,public,"fastq,run.zq,sra","gs,ncbi,s3","gs.us-east1,ncbi.public,s3.us-east-1",SRX10971599,GSM5333327,NextSeq 550,SINGLE,size fractionation,TRANSCRIPTOMIC,Homo sapiens,ILLUMINA,2021-06-07T00:00:00Z,2021-05-24T13:24:00Z,1,GSM5333327,Blood plasma,SRP310247,,,Healthy control
SRR14631773,miRNA-Seq,75,713890950,PRJNA713778,SAMN19317459,281152437,GEO,public,"fastq,run.zq,sra","gs,ncbi,s3","gs.us-east1,ncbi.public,s3.us-east-1",SRX10971641,GSM5333332,NextSeq 550,SINGLE,size fractionation,TRANSCRIPTOMIC,Homo sapiens,ILLUMINA,2021-06-07T00:00:00Z,2021-05-24T13:20:00Z,1,GSM5333332,Blood plasma,SRP310247,,,Healthy control
SRR14631776,miRNA-Seq,75,384861450,PRJNA713778,SAMN19317488,156146480,GEO,public,"fastq,run.zq,sra","gs,ncbi,s3","gs.us-east1,ncbi.public,s3.us-east-1",SRX10971644,GSM5333335,NextSeq 550,SINGLE,size fractionation,TRANSCRIPTOMIC,Homo sapiens,ILLUMINA,2021-06-07T00:00:00Z,2021-05-24T13:19:00Z,1,GSM5333335,Blood plasma,SRP310247,,,Healthy control
SRR14631779,miRNA-Seq,75,619300950,PRJNA713778,SAMN19317485,220480931,GEO,public,"fastq,run.zq,sra","gs,ncbi,s3","gs.us-east1,ncbi.public,s3.us-east-1",SRX10971647,GSM5333338,NextSeq 550,SINGLE,size fractionation,TRANSCRIPTOMIC,Homo sapiens,ILLUMINA,2021-06-07T00:00:00Z,2021-05-24T13:20:00Z,1,GSM5333338,Blood plasma,SRP310247,,,Healthy control
SRR14631780,miRNA-Seq,75,436372575,PRJNA713778,SAMN19317484,156023125,GEO,public,"fastq,run.zq,sra","gs,ncbi,s3","gs.us-east1,ncbi.public,s3.us-east-1",SRX10971648,GSM5333339,NextSeq 550,SINGLE,size fractionation,TRANSCRIPTOMIC,Homo sapiens,ILLUMINA,2021-06-07T00:00:00Z,2021-05-24T13:20:00Z,1,GSM5333339,Blood plasma,SRP310247,,,Healthy control
SRR14631781,miRNA-Seq,75,1071685875,PRJNA713778,SAMN19317483,382348685,GEO,public,"fastq,run.zq,sra","gs,ncbi,s3","gs.us-east1,ncbi.public,s3.us-east-1",SRX10971649,GSM5333340,NextSeq 550,SINGLE,size fractionation,TRANSCRIPTOMIC,Homo sapiens,ILLUMINA,2021-06-07T00:00:00Z,2021-05-24T13:23:00Z,1,GSM5333340,Blood plasma,SRP310247,,,Healthy control
SRR14631782,miRNA-Seq,75,556542900,PRJNA713778,SAMN19317482,200397136,GEO,public,"fastq,run.zq,sra","gs,ncbi,s3","gs.us-east1,ncbi.public,s3.us-east-1",SRX10971650,GSM5333341,NextSeq 550,SINGLE,size fractionation,TRANSCRIPTOMIC,Homo sapiens,ILLUMINA,2021-06-07T00:00:00Z,2021-05-24T13:20:00Z,1,GSM5333341,Blood plasma,SRP310247,,,Healthy control
SRR14631786,miRNA-Seq,75,699234450,PRJNA713778,SAMN19317478,287265338,GEO,public,"fastq,run.zq,sra","gs,ncbi,s3","gs.us-east1,ncbi.public,s3.us-east-1",SRX10971654,GSM5333345,NextSeq 550,SINGLE,size fractionation,TRANSCRIPTOMIC,Homo sapiens,ILLUMINA,2021-06-07T00:00:00Z,2021-05-24T13:22:00Z,1,GSM5333345,Blood plasma,SRP310247,,,Healthy control
SRR14631795,miRNA-Seq,75,694856400,PRJNA713778,SAMN19317388,246261631,GEO,public,"fastq,run.zq,sra","gs,ncbi,s3","gs.us-east1,ncbi.public,s3.us-east-1",SRX10971610,GSM5333354,NextSeq 550,SINGLE,size fractionation,TRANSCRIPTOMIC,Homo sapiens,ILLUMINA,2021-06-07T00:00:00Z,2021-05-24T13:23:00Z,1,GSM5333354,Blood plasma,SRP310247,,,Healthy control
SRR14631796,miRNA-Seq,75,283980750,PRJNA713778,SAMN19317412,94730758,GEO,public,"fastq,run.zq,sra","gs,ncbi,s3","gs.us-east1,ncbi.public,s3.us-east-1",SRX10971611,GSM5333355,NextSeq 550,SINGLE,size fractionation,TRANSCRIPTOMIC,Homo sapiens,ILLUMINA,2021-06-07T00:00:00Z,2021-05-24T13:21:00Z,1,GSM5333355,Blood plasma,SRP310247,,,Healthy control
SRR14631797,miRNA-Seq,75,192367800,PRJNA713778,SAMN19317411,65250248,GEO,public,"fastq,run.zq,sra","gs,ncbi,s3","gs.us-east1,ncbi.public,s3.us-east-1",SRX10971612,GSM5333356,NextSeq 550,SINGLE,size fractionation,TRANSCRIPTOMIC,Homo sapiens,ILLUMINA,2021-06-07T00:00:00Z,2021-05-24T13:21:00Z,1,GSM5333356,Blood plasma,SRP310247,,,Healthy control
SRR14631800,miRNA-Seq,75,108303525,PRJNA713778,SAMN19317408,40914118,GEO,public,"fastq,run.zq,sra","gs,ncbi,s3","gs.us-east1,ncbi.public,s3.us-east-1",SRX10971615,GSM5333359,NextSeq 550,SINGLE,size fractionation,TRANSCRIPTOMIC,Homo sapiens,ILLUMINA,2021-06-07T00:00:00Z,2021-05-24T13:20:00Z,1,GSM5333359,Blood plasma,SRP310247,,,Healthy control
SRR14631801,miRNA-Seq,75,2150406525,PRJNA713778,SAMN19317407,830738832,GEO,public,"fastq,run.zq,sra","gs,ncbi,s3","gs.us-east1,ncbi.public,s3.us-east-1",SRX10971616,GSM5333360,NextSeq 550,SINGLE,size fractionation,TRANSCRIPTOMIC,Homo sapiens,ILLUMINA,2021-06-07T00:00:00Z,2021-05-24T13:35:00Z,1,GSM5333360,Blood plasma,SRP310247,,,Healthy control
SRR14631802,miRNA-Seq,75,157291725,PRJNA713778,SAMN19317406,59976796,GEO,public,"fastq,run.zq,sra","gs,ncbi,s3","gs.us-east1,ncbi.public,s3.us-east-1",SRX10971617,GSM5333361,NextSeq 550,SINGLE,size fractionation,TRANSCRIPTOMIC,Homo sapiens,ILLUMINA,2021-06-07T00:00:00Z,2021-05-24T13:21:00Z,1,GSM5333361,Blood plasma,SRP310247,,,Healthy control
SRR14631806,miRNA-Seq,75,524795850,PRJNA713778,SAMN19317423,200937556,GEO,public,"fastq,run.zq,sra","gs,ncbi,s3","gs.us-east1,ncbi.public,s3.us-east-1",SRX10971658,GSM5333365,NextSeq 550,SINGLE,size fractionation,TRANSCRIPTOMIC,Homo sapiens,ILLUMINA,2021-06-07T00:00:00Z,2021-05-24T13:22:00Z,1,GSM5333365,Blood plasma,SRP310247,,,Healthy control
SRR14631812,miRNA-Seq,75,681668550,PRJNA713778,SAMN19317419,250595969,GEO,public,"fastq,run.zq,sra","gs,ncbi,s3","gs.us-east1,ncbi.public,s3.us-east-1",SRX10971664,GSM5333371,NextSeq 550,SINGLE,size fractionation,TRANSCRIPTOMIC,Homo sapiens,ILLUMINA,2021-06-07T00:00:00Z,2021-05-24T13:24:00Z,1,GSM5333371,Blood plasma,SRP310247,,,Healthy control
SRR14631814,miRNA-Seq,75,1270946475,PRJNA713778,SAMN19317417,475669111,GEO,public,"fastq,run.zq,sra","gs,ncbi,s3","gs.us-east1,ncbi.public,s3.us-east-1",SRX10971666,GSM5333373,NextSeq 550,SINGLE,size fractionation,TRANSCRIPTOMIC,Homo sapiens,ILLUMINA,2021-06-07T00:00:00Z,2021-05-24T13:26:00Z,1,GSM5333373,Blood plasma,SRP310247,,,Healthy control
SRR14631818,miRNA-Seq,75,764908425,PRJNA713778,SAMN19317432,284490450,GEO,public,"fastq,run.zq,sra","gs,ncbi,s3","gs.us-east1,ncbi.public,s3.us-east-1",SRX10971670,GSM5333377,NextSeq 550,SINGLE,size fractionation,TRANSCRIPTOMIC,Homo sapiens,ILLUMINA,2021-06-07T00:00:00Z,2021-05-24T13:24:00Z,1,GSM5333377,Blood plasma,SRP310247,,,Healthy control
SRR13934201,miRNA-Seq,39,559123010,PRJNA713778,SAMN18261959,247983041,GEO,public,"fastq,run.zq,sra","gs,ncbi,s3","gs.us-east1,ncbi.public,s3.us-east-1",SRX10313552,GSM5159516,NextSeq 550,SINGLE,size fractionation,TRANSCRIPTOMIC,Homo sapiens,ILLUMINA,2021-03-12T00:00:00Z,2021-03-11T12:19:00Z,1,GSM5159516,Blood plasma,SRP310247,ALS,enrolment,
SRR13934202,miRNA-Seq,75,1383583500,PRJNA713778,SAMN18261958,426754434,GEO,public,"fastq,run.zq,sra","gs,ncbi,s3","gs.us-east1,ncbi.public,s3.us-east-1",SRX10313553,GSM5159517,Illumina NovaSeq 6000,SINGLE,size fractionation,TRANSCRIPTOMIC,Homo sapiens,ILLUMINA,2021-03-12T00:00:00Z,2021-03-11T12:23:00Z,1,GSM5159517,Blood plasma,SRP310247,ALS,enrolment,
SRR13934203,miRNA-Seq,75,404113800,PRJNA713778,SAMN18261955,133779223,GEO,public,"fastq,run.zq,sra","gs,ncbi,s3","gs.us-east1,ncbi.public,s3.us-east-1",SRX10313695,GSM5159518,NextSeq 550,SINGLE,size fractionation,TRANSCRIPTOMIC,Homo sapiens,ILLUMINA,2021-03-12T00:00:00Z,2021-03-11T12:21:00Z,1,GSM5159518,Blood plasma,SRP310247,ALS,enrolment,
SRR13934204,miRNA-Seq,75,654321225,PRJNA713778,SAMN18261954,237128989,GEO,public,"fastq,run.zq,sra","gs,ncbi,s3","gs.us-east1,ncbi.public,s3.us-east-1",SRX10313696,GSM5159519,NextSeq 550,SINGLE,size fractionation,TRANSCRIPTOMIC,Homo sapiens,ILLUMINA,2021-03-12T00:00:00Z,2021-03-11T12:22:00Z,1,GSM5159519,Blood plasma,SRP310247,ALS,enrolment,
SRR13934205,miRNA-Seq,45,327260672,PRJNA713778,SAMN18261956,143060627,GEO,public,"fastq,run.zq,sra","gs,ncbi,s3","gs.us-east1,ncbi.public,s3.us-east-1",SRX10313697,GSM5159520,NextSeq 550,SINGLE,size fractionation,TRANSCRIPTOMIC,Homo sapiens,ILLUMINA,2021-03-12T00:00:00Z,2021-03-11T12:21:00Z,1,GSM5159520,Blood plasma,SRP310247,ALS,enrolment,
SRR13934206,miRNA-Seq,75,318406125,PRJNA713778,SAMN18262000,122295921,GEO,public,"fastq,run.zq,sra","gs,ncbi,s3","gs.us-east1,ncbi.public,s3.us-east-1",SRX10313698,GSM5159521,NextSeq 550,SINGLE,size fractionation,TRANSCRIPTOMIC,Homo sapiens,ILLUMINA,2021-03-12T00:00:00Z,2021-03-11T12:24:00Z,1,GSM5159521,Blood plasma,SRP310247,ALS,enrolment,
SRR13934207,miRNA-Seq,75,679957800,PRJNA713778,SAMN18261999,267095563,GEO,public,"fastq,run.zq,sra","gs,ncbi,s3","gs.us-east1,ncbi.public,s3.us-east-1",SRX10313699,GSM5159522,NextSeq 550,SINGLE,size fractionation,TRANSCRIPTOMIC,Homo sapiens,ILLUMINA,2021-03-12T00:00:00Z,2021-03-11T12:22:00Z,1,GSM5159522,Blood plasma,SRP310247,ALS,enrolment,
SRR13934208,miRNA-Seq,50,429515738,PRJNA713778,SAMN18261998,177082439,GEO,public,"fastq,run.zq,sra","gs,ncbi,s3","gs.us-east1,ncbi.public,s3.us-east-1",SRX10313700,GSM5159523,NextSeq 550,SINGLE,size fractionation,TRANSCRIPTOMIC,Homo sapiens,ILLUMINA,2021-03-12T00:00:00Z,2021-03-11T12:22:00Z,1,GSM5159523,Blood plasma,SRP310247,ALS,enrolment,
SRR13934209,miRNA-Seq,75,1222414200,PRJNA713778,SAMN18261997,478641446,GEO,public,"fastq,run.zq,sra","gs,ncbi,s3","gs.us-east1,ncbi.public,s3.us-east-1",SRX10313701,GSM5159524,NextSeq 550,SINGLE,size fractionation,TRANSCRIPTOMIC,Homo sapiens,ILLUMINA,2021-03-12T00:00:00Z,2021-03-11T12:28:00Z,1,GSM5159524,Blood plasma,SRP310247,ALS,enrolment,
SRR13934210,miRNA-Seq,75,1432830000,PRJNA713778,SAMN18261996,435492636,GEO,public,"fastq,run.zq,sra","gs,ncbi,s3","gs.us-east1,ncbi.public,s3.us-east-1",SRX10313702,GSM5159525,Illumina NovaSeq 6000,SINGLE,size fractionation,TRANSCRIPTOMIC,Homo sapiens,ILLUMINA,2021-03-12T00:00:00Z,2021-03-11T12:26:00Z,1,GSM5159525,Blood plasma,SRP310247,ALS,enrolment,
SRR13934211,miRNA-Seq,50,523884405,PRJNA713778,SAMN18261995,220676179,GEO,public,"fastq,run.zq,sra","gs,ncbi,s3","gs.us-east1,ncbi.public,s3.us-east-1",SRX10313703,GSM5159526,NextSeq 550,SINGLE,size fractionation,TRANSCRIPTOMIC,Homo sapiens,ILLUMINA,2021-03-12T00:00:00Z,2021-03-11T12:23:00Z,1,GSM5159526,Blood plasma,SRP310247,ALS,enrolment,
SRR13934212,miRNA-Seq,75,2093773200,PRJNA713778,SAMN18261994,823475482,GEO,public,"fastq,run.zq,sra","gs,ncbi,s3","gs.us-east1,ncbi.public,s3.us-east-1",SRX10313704,GSM5159527,NextSeq 550,SINGLE,size fractionation,TRANSCRIPTOMIC,Homo sapiens,ILLUMINA,2021-03-12T00:00:00Z,2021-03-11T12:28:00Z,1,GSM5159527,Blood plasma,SRP310247,ALS,enrolment,
SRR13934213,miRNA-Seq,44,304025727,PRJNA713778,SAMN18261993,135160667,GEO,public,"fastq,run.zq,sra","gs,ncbi,s3","gs.us-east1,ncbi.public,s3.us-east-1",SRX10313705,GSM5159528,NextSeq 550,SINGLE,size fractionation,TRANSCRIPTOMIC,Homo sapiens,ILLUMINA,2021-03-12T00:00:00Z,2021-03-11T12:22:00Z,1,GSM5159528,Blood plasma,SRP310247,ALS,enrolment,
SRR13934214,miRNA-Seq,51,274084341,PRJNA713778,SAMN18261992,116765087,GEO,public,"fastq,run.zq,sra","gs,ncbi,s3","gs.us-east1,ncbi.public,s3.us-east-1",SRX10313706,GSM5159529,NextSeq 550,SINGLE,size fractionation,TRANSCRIPTOMIC,Homo sapiens,ILLUMINA,2021-03-12T00:00:00Z,2021-03-11T12:23:00Z,1,GSM5159529,Blood plasma,SRP310247,ALS,enrolment,
SRR13934215,miRNA-Seq,75,744046950,PRJNA713778,SAMN18261991,296209312,GEO,public,"fastq,run.zq,sra","gs,ncbi,s3","gs.us-east1,ncbi.public,s3.us-east-1",SRX10313707,GSM5159530,NextSeq 550,SINGLE,size fractionation,TRANSCRIPTOMIC,Homo sapiens,ILLUMINA,2021-03-12T00:00:00Z,2021-03-11T12:26:00Z,1,GSM5159530,Blood plasma,SRP310247,ALS,enrolment,
SRR13934216,miRNA-Seq,75,1644146025,PRJNA713778,SAMN18261990,502920135,GEO,public,"fastq,run.zq,sra","gs,ncbi,s3","gs.us-east1,ncbi.public,s3.us-east-1",SRX10313708,GSM5159531,Illumina NovaSeq 6000,SINGLE,size fractionation,TRANSCRIPTOMIC,Homo sapiens,ILLUMINA,2021-03-12T00:00:00Z,2021-03-11T12:27:00Z,1,GSM5159531,Blood plasma,SRP310247,ALS,enrolment,
SRR13934217,miRNA-Seq,75,1519938675,PRJNA713778,SAMN18261989,462381846,GEO,public,"fastq,run.zq,sra","gs,ncbi,s3","gs.us-east1,ncbi.public,s3.us-east-1",SRX10313709,GSM5159532,Illumina NovaSeq 6000,SINGLE,size fractionation,TRANSCRIPTOMIC,Homo sapiens,ILLUMINA,2021-03-12T00:00:00Z,2021-03-11T12:29:00Z,1,GSM5159532,Blood plasma,SRP310247,ALS,enrolment,
SRR13934218,miRNA-Seq,75,659893050,PRJNA713778,SAMN18261988,262457699,GEO,public,"fastq,run.zq,sra","gs,ncbi,s3","gs.us-east1,ncbi.public,s3.us-east-1",SRX10313710,GSM5159533,NextSeq 550,SINGLE,size fractionation,TRANSCRIPTOMIC,Homo sapiens,ILLUMINA,2021-03-12T00:00:00Z,2021-03-11T12:29:00Z,1,GSM5159533,Blood plasma,SRP310247,ALS,enrolment,
SRR13934219,miRNA-Seq,75,928220250,PRJNA713778,SAMN18261987,365831713,GEO,public,"fastq,run.zq,sra","gs,ncbi,s3","gs.us-east1,ncbi.public,s3.us-east-1",SRX10313711,GSM5159534,NextSeq 550,SINGLE,size fractionation,TRANSCRIPTOMIC,Homo sapiens,ILLUMINA,2021-03-12T00:00:00Z,2021-03-11T12:30:00Z,1,GSM5159534,Blood plasma,SRP310247,ALS,enrolment,
SRR13934220,miRNA-Seq,75,423239925,PRJNA713778,SAMN18261986,167807055,GEO,public,"fastq,run.zq,sra","gs,ncbi,s3","gs.us-east1,ncbi.public,s3.us-east-1",SRX10313712,GSM5159535,NextSeq 550,SINGLE,size fractionation,TRANSCRIPTOMIC,Homo sapiens,ILLUMINA,2021-03-12T00:00:00Z,2021-03-11T12:28:00Z,1,GSM5159535,Blood plasma,SRP310247,ALS,enrolment,
SRR13934221,miRNA-Seq,51,418110349,PRJNA713778,SAMN18261985,178791661,GEO,public,"fastq,run.zq,sra","gs,ncbi,s3","gs.us-east1,ncbi.public,s3.us-east-1",SRX10313713,GSM5159536,NextSeq 550,SINGLE,size fractionation,TRANSCRIPTOMIC,Homo sapiens,ILLUMINA,2021-03-12T00:00:00Z,2021-03-11T12:29:00Z,1,GSM5159536,Blood plasma,SRP310247,ALS,enrolment,
SRR13934222,miRNA-Seq,75,704391300,PRJNA713778,SAMN18261984,262881351,GEO,public,"fastq,run.zq,sra","gs,ncbi,s3","gs.us-east1,ncbi.public,s3.us-east-1",SRX10313714,GSM5159537,NextSeq 550,SINGLE,size fractionation,TRANSCRIPTOMIC,Homo sapiens,ILLUMINA,2021-03-12T00:00:00Z,2021-03-11T12:29:00Z,1,GSM5159537,Blood plasma,SRP310247,ALS,enrolment,
SRR13934223,miRNA-Seq,75,297297825,PRJNA713778,SAMN18261983,117790363,GEO,public,"fastq,run.zq,sra","gs,ncbi,s3","gs.us-east1,ncbi.public,s3.us-east-1",SRX10313715,GSM5159538,NextSeq 550,SINGLE,size fractionation,TRANSCRIPTOMIC,Homo sapiens,ILLUMINA,2021-03-12T00:00:00Z,2021-03-11T12:27:00Z,1,GSM5159538,Blood plasma,SRP310247,ALS,enrolment,
SRR13934224,miRNA-Seq,75,1731101475,PRJNA713778,SAMN18261982,525769482,GEO,public,"fastq,run.zq,sra","gs,ncbi,s3","gs.us-east1,ncbi.public,s3.us-east-1",SRX10313716,GSM5159539,Illumina NovaSeq 6000,SINGLE,size fractionation,TRANSCRIPTOMIC,Homo sapiens,ILLUMINA,2021-03-12T00:00:00Z,2021-03-11T12:33:00Z,1,GSM5159539,Blood plasma,SRP310247,ALS,enrolment,
SRR13934225,miRNA-Seq,75,723441600,PRJNA713778,SAMN18261981,258993576,GEO,public,"fastq,run.zq,sra","gs,ncbi,s3","gs.us-east1,ncbi.public,s3.us-east-1",SRX10313717,GSM5159540,NextSeq 550,SINGLE,size fractionation,TRANSCRIPTOMIC,Homo sapiens,ILLUMINA,2021-03-12T00:00:00Z,2021-03-11T12:29:00Z,1,GSM5159540,Blood plasma,SRP310247,ALS,enrolment,
SRR13934226,miRNA-Seq,75,1313208075,PRJNA713778,SAMN18261980,403122143,GEO,public,"fastq,run.zq,sra","gs,ncbi,s3","gs.us-east1,ncbi.public,s3.us-east-1",SRX10313718,GSM5159541,NextSeq 550,SINGLE,size fractionation,TRANSCRIPTOMIC,Homo sapiens,ILLUMINA,2021-03-12T00:00:00Z,2021-03-11T12:31:00Z,1,GSM5159541,Blood plasma,SRP310247,ALS,enrolment,
SRR13934227,miRNA-Seq,49,321348978,PRJNA713778,SAMN18261979,137886736,GEO,public,"fastq,run.zq,sra","gs,ncbi,s3","gs.us-east1,ncbi.public,s3.us-east-1",SRX10313719,GSM5159542,NextSeq 550,SINGLE,size fractionation,TRANSCRIPTOMIC,Homo sapiens,ILLUMINA,2021-03-12T00:00:00Z,2021-03-11T12:28:00Z,1,GSM5159542,Blood plasma,SRP310247,ALS,enrolment,
SRR13934228,miRNA-Seq,75,523851450,PRJNA713778,SAMN18261978,203027126,GEO,public,"fastq,run.zq,sra","gs,ncbi,s3","gs.us-east1,ncbi.public,s3.us-east-1",SRX10313720,GSM5159543,NextSeq 550,SINGLE,size fractionation,TRANSCRIPTOMIC,Homo sapiens,ILLUMINA,2021-03-12T00:00:00Z,2021-03-11T12:29:00Z,1,GSM5159543,Blood plasma,SRP310247,ALS,enrolment,
SRR13934229,miRNA-Seq,75,1150455975,PRJNA713778,SAMN18261977,448994965,GEO,public,"fastq,run.zq,sra","gs,ncbi,s3","gs.us-east1,ncbi.public,s3.us-east-1",SRX10313721,GSM5159544,NextSeq 550,SINGLE,size fractionation,TRANSCRIPTOMIC,Homo sapiens,ILLUMINA,2021-03-12T00:00:00Z,2021-03-11T12:33:00Z,1,GSM5159544,Blood plasma,SRP310247,ALS,enrolment,
SRR13934230,miRNA-Seq,75,1229475975,PRJNA713778,SAMN18261971,491995536,GEO,public,"run.zq,sra,fastq","gs,ncbi,s3","gs.us-east1,ncbi.public,s3.us-east-1",SRX10313722,GSM5159545,NextSeq 550,SINGLE,size fractionation,TRANSCRIPTOMIC,Homo sapiens,ILLUMINA,2021-03-12T00:00:00Z,2021-03-11T12:31:00Z,1,GSM5159545,Blood plasma,SRP310247,ALS,enrolment,
SRR13934231,miRNA-Seq,51,132982400,PRJNA713778,SAMN18262060,55075798,GEO,public,"fastq,run.zq,sra","gs,ncbi,s3","gs.us-east1,ncbi.public,s3.us-east-1",SRX10313723,GSM5159546,NextSeq 550,SINGLE,size fractionation,TRANSCRIPTOMIC,Homo sapiens,ILLUMINA,2021-03-12T00:00:00Z,2021-03-11T12:27:00Z,1,GSM5159546,Blood plasma,SRP310247,ALS,enrolment,
SRR13934232,miRNA-Seq,75,1425775125,PRJNA713778,SAMN18262059,563696203,GEO,public,"fastq,run.zq,sra","gs,ncbi,s3","gs.us-east1,ncbi.public,s3.us-east-1",SRX10313724,GSM5159547,NextSeq 550,SINGLE,size fractionation,TRANSCRIPTOMIC,Homo sapiens,ILLUMINA,2021-03-12T00:00:00Z,2021-03-11T12:33:00Z,1,GSM5159547,Blood plasma,SRP310247,ALS,enrolment,
SRR13934233,miRNA-Seq,75,779380275,PRJNA713778,SAMN18261976,309019297,GEO,public,"fastq,run.zq,sra","gs,ncbi,s3","gs.us-east1,ncbi.public,s3.us-east-1",SRX10313725,GSM5159548,NextSeq 550,SINGLE,size fractionation,TRANSCRIPTOMIC,Homo sapiens,ILLUMINA,2021-03-12T00:00:00Z,2021-03-11T12:29:00Z,1,GSM5159548,Blood plasma,SRP310247,ALS,enrolment,
SRR13934234,miRNA-Seq,75,615294450,PRJNA713778,SAMN18261975,229694081,GEO,public,"fastq,run.zq,sra","gs,ncbi,s3","gs.us-east1,ncbi.public,s3.us-east-1",SRX10313726,GSM5159549,NextSeq 550,SINGLE,size fractionation,TRANSCRIPTOMIC,Homo sapiens,ILLUMINA,2021-03-12T00:00:00Z,2021-03-11T12:29:00Z,1,GSM5159549,Blood plasma,SRP310247,ALS,enrolment,
SRR13934235,miRNA-Seq,50,187344938,PRJNA713778,SAMN18261974,81261198,GEO,public,"fastq,run.zq,sra","gs,ncbi,s3","gs.us-east1,ncbi.public,s3.us-east-1",SRX10313727,GSM5159550,NextSeq 550,SINGLE,size fractionation,TRANSCRIPTOMIC,Homo sapiens,ILLUMINA,2021-03-12T00:00:00Z,2021-03-11T12:27:00Z,1,GSM5159550,Blood plasma,SRP310247,ALS,enrolment,
SRR13934236,miRNA-Seq,75,130152900,PRJNA713778,SAMN18261973,43916449,GEO,public,"fastq,run.zq,sra","gs,ncbi,s3","gs.us-east1,ncbi.public,s3.us-east-1",SRX10313728,GSM5159551,NextSeq 550,SINGLE,size fractionation,TRANSCRIPTOMIC,Homo sapiens,ILLUMINA,2021-03-12T00:00:00Z,2021-03-11T12:27:00Z,1,GSM5159551,Blood plasma,SRP310247,ALS,enrolment,
SRR13934237,miRNA-Seq,75,601436700,PRJNA713778,SAMN18261972,236934019,GEO,public,"fastq,run.zq,sra","gs,ncbi,s3","gs.us-east1,ncbi.public,s3.us-east-1",SRX10313729,GSM5159552,NextSeq 550,SINGLE,size fractionation,TRANSCRIPTOMIC,Homo sapiens,ILLUMINA,2021-03-12T00:00:00Z,2021-03-11T12:29:00Z,1,GSM5159552,Blood plasma,SRP310247,ALS,enrolment,
SRR13934238,miRNA-Seq,75,517204950,PRJNA713778,SAMN18262058,192209868,GEO,public,"fastq,run.zq,sra","gs,ncbi,s3","gs.us-east1,ncbi.public,s3.us-east-1",SRX10313730,GSM5159553,NextSeq 550,SINGLE,size fractionation,TRANSCRIPTOMIC,Homo sapiens,ILLUMINA,2021-03-12T00:00:00Z,2021-03-11T12:28:00Z,1,GSM5159553,Blood plasma,SRP310247,ALS,enrolment,
SRR13934239,miRNA-Seq,75,1703433900,PRJNA713778,SAMN18262057,504992455,GEO,public,"fastq,run.zq,sra","gs,ncbi,s3","gs.us-east1,ncbi.public,s3.us-east-1",SRX10313731,GSM5159554,Illumina NovaSeq 6000,SINGLE,size fractionation,TRANSCRIPTOMIC,Homo sapiens,ILLUMINA,2021-03-12T00:00:00Z,2021-03-11T12:32:00Z,1,GSM5159554,Blood plasma,SRP310247,ALS,enrolment,
SRR13934240,miRNA-Seq,75,1229539725,PRJNA713778,SAMN18262056,373884305,GEO,public,"fastq,run.zq,sra","gs,ncbi,s3","gs.us-east1,ncbi.public,s3.us-east-1",SRX10313732,GSM5159555,Illumina NovaSeq 6000,SINGLE,size fractionation,TRANSCRIPTOMIC,Homo sapiens,ILLUMINA,2021-03-12T00:00:00Z,2021-03-11T12:30:00Z,1,GSM5159555,Blood plasma,SRP310247,ALS,enrolment,
SRR13934241,miRNA-Seq,75,1102831125,PRJNA713778,SAMN18262055,336652061,GEO,public,"fastq,run.zq,sra","gs,ncbi,s3","gs.us-east1,ncbi.public,s3.us-east-1",SRX10313733,GSM5159556,Illumina NovaSeq 6000,SINGLE,size fractionation,TRANSCRIPTOMIC,Homo sapiens,ILLUMINA,2021-03-12T00:00:00Z,2021-03-11T12:31:00Z,1,GSM5159556,Blood plasma,SRP310247,ALS,enrolment,
SRR13934242,miRNA-Seq,75,1536902025,PRJNA713778,SAMN18262054,468733729,GEO,public,"fastq,run.zq,sra","gs,ncbi,s3","gs.us-east1,ncbi.public,s3.us-east-1",SRX10313734,GSM5159557,Illumina NovaSeq 6000,SINGLE,size fractionation,TRANSCRIPTOMIC,Homo sapiens,ILLUMINA,2021-03-12T00:00:00Z,2021-03-11T12:32:00Z,1,GSM5159557,Blood plasma,SRP310247,ALS,enrolment,
SRR13934243,miRNA-Seq,75,2344376100,PRJNA713778,SAMN18262053,710090887,GEO,public,"fastq,run.zq,sra","gs,ncbi,s3","gs.us-east1,ncbi.public,s3.us-east-1",SRX10313735,GSM5159558,Illumina NovaSeq 6000,SINGLE,size fractionation,TRANSCRIPTOMIC,Homo sapiens,ILLUMINA,2021-03-12T00:00:00Z,2021-03-11T12:35:00Z,1,GSM5159558,Blood plasma,SRP310247,ALS,enrolment,
SRR13934244,miRNA-Seq,75,1747808025,PRJNA713778,SAMN18262052,532115934,GEO,public,"fastq,run.zq,sra","gs,ncbi,s3","gs.us-east1,ncbi.public,s3.us-east-1",SRX10313736,GSM5159559,Illumina NovaSeq 6000,SINGLE,size fractionation,TRANSCRIPTOMIC,Homo sapiens,ILLUMINA,2021-03-12T00:00:00Z,2021-03-11T12:33:00Z,1,GSM5159559,Blood plasma,SRP310247,ALS,enrolment,
SRR13934245,miRNA-Seq,75,1539662250,PRJNA713778,SAMN18262051,466363216,GEO,public,"fastq,run.zq,sra","gs,ncbi,s3","gs.us-east1,ncbi.public,s3.us-east-1",SRX10313737,GSM5159560,Illumina NovaSeq 6000,SINGLE,size fractionation,TRANSCRIPTOMIC,Homo sapiens,ILLUMINA,2021-03-12T00:00:00Z,2021-03-11T12:32:00Z,1,GSM5159560,Blood plasma,SRP310247,ALS,enrolment,
SRR13934246,miRNA-Seq,75,568018575,PRJNA713778,SAMN18262050,233058957,GEO,public,"fastq,run.zq,sra","gs,ncbi,s3","gs.us-east1,ncbi.public,s3.us-east-1",SRX10313738,GSM5159561,NextSeq 550,SINGLE,size fractionation,TRANSCRIPTOMIC,Homo sapiens,ILLUMINA,2021-03-12T00:00:00Z,2021-03-11T12:29:00Z,1,GSM5159561,Blood plasma,SRP310247,ALS,enrolment,
SRR13934247,miRNA-Seq,75,796645200,PRJNA713778,SAMN18262049,310307853,GEO,public,"fastq,run.zq,sra","gs,ncbi,s3","gs.us-east1,ncbi.public,s3.us-east-1",SRX10313739,GSM5159562,NextSeq 550,SINGLE,size fractionation,TRANSCRIPTOMIC,Homo sapiens,ILLUMINA,2021-03-12T00:00:00Z,2021-03-11T12:29:00Z,1,GSM5159562,Blood plasma,SRP310247,ALS,enrolment,
SRR13934248,miRNA-Seq,75,260303700,PRJNA713778,SAMN18262048,93417069,GEO,public,"fastq,run.zq,sra","gs,ncbi,s3","gs.us-east1,ncbi.public,s3.us-east-1",SRX10313740,GSM5159563,NextSeq 550,SINGLE,size fractionation,TRANSCRIPTOMIC,Homo sapiens,ILLUMINA,2021-03-12T00:00:00Z,2021-03-11T12:28:00Z,1,GSM5159563,Blood plasma,SRP310247,ALS,enrolment,
SRR13934249,miRNA-Seq,75,696566475,PRJNA713778,SAMN18262047,279492702,GEO,public,"fastq,run.zq,sra","gs,ncbi,s3","gs.us-east1,ncbi.public,s3.us-east-1",SRX10313741,GSM5159564,NextSeq 550,SINGLE,size fractionation,TRANSCRIPTOMIC,Homo sapiens,ILLUMINA,2021-03-12T00:00:00Z,2021-03-11T12:29:00Z,1,GSM5159564,Blood plasma,SRP310247,ALS,enrolment,
SRR13934250,miRNA-Seq,75,603999450,PRJNA713778,SAMN18262046,219339171,GEO,public,"fastq,run.zq,sra","gs,ncbi,s3","gs.us-east1,ncbi.public,s3.us-east-1",SRX10313742,GSM5159565,NextSeq 550,SINGLE,size fractionation,TRANSCRIPTOMIC,Homo sapiens,ILLUMINA,2021-03-12T00:00:00Z,2021-03-11T12:29:00Z,1,GSM5159565,Blood plasma,SRP310247,ALS,enrolment,
SRR13934251,miRNA-Seq,75,1199519475,PRJNA713778,SAMN18262045,447492465,GEO,public,"fastq,run.zq,sra","gs,ncbi,s3","gs.us-east1,ncbi.public,s3.us-east-1",SRX10313743,GSM5159566,NextSeq 550,SINGLE,size fractionation,TRANSCRIPTOMIC,Homo sapiens,ILLUMINA,2021-03-12T00:00:00Z,2021-03-11T12:31:00Z,1,GSM5159566,Blood plasma,SRP310247,ALS,enrolment,
SRR13934252,miRNA-Seq,75,1077981225,PRJNA713778,SAMN18262044,419931645,GEO,public,"fastq,run.zq,sra","gs,ncbi,s3","gs.us-east1,ncbi.public,s3.us-east-1",SRX10313744,GSM5159567,NextSeq 550,SINGLE,size fractionation,TRANSCRIPTOMIC,Homo sapiens,ILLUMINA,2021-03-12T00:00:00Z,2021-03-11T12:30:00Z,1,GSM5159567,Blood plasma,SRP310247,ALS,enrolment,
SRR13934253,miRNA-Seq,75,478106625,PRJNA713778,SAMN18262043,193997767,GEO,public,"fastq,run.zq,sra","gs,ncbi,s3","gs.us-east1,ncbi.public,s3.us-east-1",SRX10313745,GSM5159568,NextSeq 550,SINGLE,size fractionation,TRANSCRIPTOMIC,Homo sapiens,ILLUMINA,2021-03-12T00:00:00Z,2021-03-11T12:28:00Z,1,GSM5159568,Blood plasma,SRP310247,ALS,enrolment,
SRR13934254,miRNA-Seq,43,335586064,PRJNA713778,SAMN18262042,149111615,GEO,public,"fastq,run.zq,sra","gs,ncbi,s3","gs.us-east1,ncbi.public,s3.us-east-1",SRX10313746,GSM5159569,NextSeq 550,SINGLE,size fractionation,TRANSCRIPTOMIC,Homo sapiens,ILLUMINA,2021-03-12T00:00:00Z,2021-03-11T12:29:00Z,1,GSM5159569,Blood plasma,SRP310247,ALS,enrolment,
SRR13934255,miRNA-Seq,75,235547475,PRJNA713778,SAMN18262041,85537631,GEO,public,"fastq,run.zq,sra","gs,ncbi,s3","gs.us-east1,ncbi.public,s3.us-east-1",SRX10313747,GSM5159570,NextSeq 550,SINGLE,size fractionation,TRANSCRIPTOMIC,Homo sapiens,ILLUMINA,2021-03-12T00:00:00Z,2021-03-11T12:27:00Z,1,GSM5159570,Blood plasma,SRP310247,ALS,enrolment,
SRR13934256,miRNA-Seq,75,292021500,PRJNA713778,SAMN18262040,98315610,GEO,public,"fastq,run.zq,sra","gs,ncbi,s3","gs.us-east1,ncbi.public,s3.us-east-1",SRX10313748,GSM5159571,NextSeq 550,SINGLE,size fractionation,TRANSCRIPTOMIC,Homo sapiens,ILLUMINA,2021-03-12T00:00:00Z,2021-03-11T12:28:00Z,1,GSM5159571,Blood plasma,SRP310247,ALS,enrolment,
SRR13934257,miRNA-Seq,75,895196775,PRJNA713778,SAMN18262039,352147694,GEO,public,"fastq,run.zq,sra","gs,ncbi,s3","gs.us-east1,ncbi.public,s3.us-east-1",SRX10313749,GSM5159572,NextSeq 550,SINGLE,size fractionation,TRANSCRIPTOMIC,Homo sapiens,ILLUMINA,2021-03-12T00:00:00Z,2021-03-11T12:30:00Z,1,GSM5159572,Blood plasma,SRP310247,ALS,enrolment,
SRR13934258,miRNA-Seq,75,1601904975,PRJNA713778,SAMN18262038,595129874,GEO,public,"fastq,run.zq,sra","gs,ncbi,s3","gs.us-east1,ncbi.public,s3.us-east-1",SRX10313750,GSM5159573,NextSeq 550,SINGLE,size fractionation,TRANSCRIPTOMIC,Homo sapiens,ILLUMINA,2021-03-12T00:00:00Z,2021-03-11T12:32:00Z,1,GSM5159573,Blood plasma,SRP310247,ALS,enrolment,
SRR13934259,miRNA-Seq,75,407624625,PRJNA713778,SAMN18262037,160968002,GEO,public,"fastq,run.zq,sra","gs,ncbi,s3","gs.us-east1,ncbi.public,s3.us-east-1",SRX10313751,GSM5159574,NextSeq 550,SINGLE,size fractionation,TRANSCRIPTOMIC,Homo sapiens,ILLUMINA,2021-03-12T00:00:00Z,2021-03-11T12:28:00Z,1,GSM5159574,Blood plasma,SRP310247,ALS,enrolment,
SRR13934260,miRNA-Seq,43,168086113,PRJNA713778,SAMN18262036,74856434,GEO,public,"fastq,run.zq,sra","gs,ncbi,s3","gs.us-east1,ncbi.public,s3.us-east-1",SRX10313752,GSM5159575,NextSeq 550,SINGLE,size fractionation,TRANSCRIPTOMIC,Homo sapiens,ILLUMINA,2021-03-12T00:00:00Z,2021-03-11T12:27:00Z,1,GSM5159575,Blood plasma,SRP310247,ALS,enrolment,
SRR13934261,miRNA-Seq,75,815283675,PRJNA713778,SAMN18262035,318320027,GEO,public,"fastq,run.zq,sra","gs,ncbi,s3","gs.us-east1,ncbi.public,s3.us-east-1",SRX10313753,GSM5159576,NextSeq 550,SINGLE,size fractionation,TRANSCRIPTOMIC,Homo sapiens,ILLUMINA,2021-03-12T00:00:00Z,2021-03-11T12:30:00Z,1,GSM5159576,Blood plasma,SRP310247,ALS,enrolment,
SRR13934262,miRNA-Seq,75,654313650,PRJNA713778,SAMN18262034,258629519,GEO,public,"fastq,run.zq,sra","gs,ncbi,s3","gs.us-east1,ncbi.public,s3.us-east-1",SRX10313754,GSM5159577,NextSeq 550,SINGLE,size fractionation,TRANSCRIPTOMIC,Homo sapiens,ILLUMINA,2021-03-12T00:00:00Z,2021-03-11T12:29:00Z,1,GSM5159577,Blood plasma,SRP310247,ALS,enrolment,
SRR13934263,miRNA-Seq,75,850689150,PRJNA713778,SAMN18262033,343706963,GEO,public,"fastq,run.zq,sra","gs,ncbi,s3","gs.us-east1,ncbi.public,s3.us-east-1",SRX10313755,GSM5159578,NextSeq 550,SINGLE,size fractionation,TRANSCRIPTOMIC,Homo sapiens,ILLUMINA,2021-03-12T00:00:00Z,2021-03-11T12:30:00Z,1,GSM5159578,Blood plasma,SRP310247,ALS,enrolment,
SRR13934264,miRNA-Seq,75,1085990700,PRJNA713778,SAMN18262032,430998224,GEO,public,"fastq,run.zq,sra","gs,ncbi,s3","gs.us-east1,ncbi.public,s3.us-east-1",SRX10313756,GSM5159579,NextSeq 550,SINGLE,size fractionation,TRANSCRIPTOMIC,Homo sapiens,ILLUMINA,2021-03-12T00:00:00Z,2021-03-11T12:31:00Z,1,GSM5159579,Blood plasma,SRP310247,ALS,enrolment,
SRR13934265,miRNA-Seq,75,699270975,PRJNA713778,SAMN18262031,274355408,GEO,public,"fastq,run.zq,sra","gs,ncbi,s3","gs.us-east1,ncbi.public,s3.us-east-1",SRX10313757,GSM5159580,NextSeq 550,SINGLE,size fractionation,TRANSCRIPTOMIC,Homo sapiens,ILLUMINA,2021-03-12T00:00:00Z,2021-03-11T12:29:00Z,1,GSM5159580,Blood plasma,SRP310247,ALS,enrolment,
SRR13934266,miRNA-Seq,75,524067600,PRJNA713778,SAMN18261953,202987866,GEO,public,"fastq,run.zq,sra","gs,ncbi,s3","gs.us-east1,ncbi.public,s3.us-east-1",SRX10313758,GSM5159581,NextSeq 550,SINGLE,size fractionation,TRANSCRIPTOMIC,Homo sapiens,ILLUMINA,2021-03-12T00:00:00Z,2021-03-11T12:28:00Z,1,GSM5159581,Blood plasma,SRP310247,ALS,enrolment,
SRR13934267,miRNA-Seq,75,525856275,PRJNA713778,SAMN18261952,208403753,GEO,public,"fastq,run.zq,sra","gs,ncbi,s3","gs.us-east1,ncbi.public,s3.us-east-1",SRX10313759,GSM5159582,NextSeq 550,SINGLE,size fractionation,TRANSCRIPTOMIC,Homo sapiens,ILLUMINA,2021-03-12T00:00:00Z,2021-03-11T12:29:00Z,1,GSM5159582,Blood plasma,SRP310247,ALS,enrolment,
SRR13934268,miRNA-Seq,75,195477975,PRJNA713778,SAMN18261951,65223149,GEO,public,"fastq,run.zq,sra","gs,ncbi,s3","gs.us-east1,ncbi.public,s3.us-east-1",SRX10313760,GSM5159583,NextSeq 550,SINGLE,size fractionation,TRANSCRIPTOMIC,Homo sapiens,ILLUMINA,2021-03-12T00:00:00Z,2021-03-11T12:27:00Z,1,GSM5159583,Blood plasma,SRP310247,ALS,enrolment,
SRR13934269,miRNA-Seq,75,294341025,PRJNA713778,SAMN18261950,98232019,GEO,public,"fastq,run.zq,sra","gs,ncbi,s3","gs.us-east1,ncbi.public,s3.us-east-1",SRX10313761,GSM5159584,NextSeq 550,SINGLE,size fractionation,TRANSCRIPTOMIC,Homo sapiens,ILLUMINA,2021-03-12T00:00:00Z,2021-03-11T12:28:00Z,1,GSM5159584,Blood plasma,SRP310247,ALS,enrolment,
SRR13934270,miRNA-Seq,75,865329225,PRJNA713778,SAMN18261949,343281159,GEO,public,"fastq,run.zq,sra","gs,ncbi,s3","gs.us-east1,ncbi.public,s3.us-east-1",SRX10313762,GSM5159585,NextSeq 550,SINGLE,size fractionation,TRANSCRIPTOMIC,Homo sapiens,ILLUMINA,2021-03-12T00:00:00Z,2021-03-11T12:30:00Z,1,GSM5159585,Blood plasma,SRP310247,ALS,enrolment,
SRR13934271,miRNA-Seq,75,640896150,PRJNA713778,SAMN18261948,247706087,GEO,public,"fastq,run.zq,sra","gs,ncbi,s3","gs.us-east1,ncbi.public,s3.us-east-1",SRX10313763,GSM5159586,NextSeq 550,SINGLE,size fractionation,TRANSCRIPTOMIC,Homo sapiens,ILLUMINA,2021-03-12T00:00:00Z,2021-03-11T12:29:00Z,1,GSM5159586,Blood plasma,SRP310247,ALS,enrolment,
SRR13934272,miRNA-Seq,75,877293300,PRJNA713778,SAMN18261947,341675512,GEO,public,"fastq,run.zq,sra","gs,ncbi,s3","gs.us-east1,ncbi.public,s3.us-east-1",SRX10313764,GSM5159587,NextSeq 550,SINGLE,size fractionation,TRANSCRIPTOMIC,Homo sapiens,ILLUMINA,2021-03-12T00:00:00Z,2021-03-11T12:30:00Z,1,GSM5159587,Blood plasma,SRP310247,ALS,enrolment,
SRR13934273,miRNA-Seq,75,452980575,PRJNA713778,SAMN18261946,152565381,GEO,public,"fastq,run.zq,sra","gs,ncbi,s3","gs.us-east1,ncbi.public,s3.us-east-1",SRX10313765,GSM5159588,NextSeq 550,SINGLE,size fractionation,TRANSCRIPTOMIC,Homo sapiens,ILLUMINA,2021-03-12T00:00:00Z,2021-03-11T12:28:00Z,1,GSM5159588,Blood plasma,SRP310247,ALS,enrolment,
SRR13934274,miRNA-Seq,75,954075975,PRJNA713778,SAMN18261945,385299931,GEO,public,"fastq,run.zq,sra","gs,ncbi,s3","gs.us-east1,ncbi.public,s3.us-east-1",SRX10313766,GSM5159589,NextSeq 550,SINGLE,size fractionation,TRANSCRIPTOMIC,Homo sapiens,ILLUMINA,2021-03-12T00:00:00Z,2021-03-11T12:30:00Z,1,GSM5159589,Blood plasma,SRP310247,ALS,enrolment,
SRR13934275,miRNA-Seq,50,388500625,PRJNA713778,SAMN18261944,166636500,GEO,public,"fastq,run.zq,sra","gs,ncbi,s3","gs.us-east1,ncbi.public,s3.us-east-1",SRX10313767,GSM5159590,NextSeq 550,SINGLE,size fractionation,TRANSCRIPTOMIC,Homo sapiens,ILLUMINA,2021-03-12T00:00:00Z,2021-03-11T12:29:00Z,1,GSM5159590,Blood plasma,SRP310247,ALS,enrolment,
SRR13934276,miRNA-Seq,54,506263740,PRJNA713778,SAMN18261943,206127126,GEO,public,"fastq,run.zq,sra","gs,ncbi,s3","gs.us-east1,ncbi.public,s3.us-east-1",SRX10313768,GSM5159591,NextSeq 550,SINGLE,size fractionation,TRANSCRIPTOMIC,Homo sapiens,ILLUMINA,2021-03-12T00:00:00Z,2021-03-11T12:29:00Z,1,GSM5159591,Blood plasma,SRP310247,ALS,enrolment,
SRR13934277,miRNA-Seq,75,1227464775,PRJNA713778,SAMN18261942,488624130,GEO,public,"fastq,run.zq,sra","gs,ncbi,s3","gs.us-east1,ncbi.public,s3.us-east-1",SRX10313769,GSM5159592,NextSeq 550,SINGLE,size fractionation,TRANSCRIPTOMIC,Homo sapiens,ILLUMINA,2021-03-12T00:00:00Z,2021-03-11T12:31:00Z,1,GSM5159592,Blood plasma,SRP310247,ALS,enrolment,
SRR13934278,miRNA-Seq,75,1486210050,PRJNA713778,SAMN18261941,453882050,GEO,public,"fastq,run.zq,sra","gs,ncbi,s3","gs.us-east1,ncbi.public,s3.us-east-1",SRX10313770,GSM5159593,Illumina NovaSeq 6000,SINGLE,size fractionation,TRANSCRIPTOMIC,Homo sapiens,ILLUMINA,2021-03-12T00:00:00Z,2021-03-11T12:32:00Z,1,GSM5159593,Blood plasma,SRP310247,ALS,enrolment,
SRR13934279,miRNA-Seq,75,830745675,PRJNA713778,SAMN18261940,254717656,GEO,public,"fastq,run.zq,sra","gs,ncbi,s3","gs.us-east1,ncbi.public,s3.us-east-1",SRX10313771,GSM5159594,Illumina NovaSeq 6000,SINGLE,size fractionation,TRANSCRIPTOMIC,Homo sapiens,ILLUMINA,2021-03-12T00:00:00Z,2021-03-11T12:30:00Z,1,GSM5159594,Blood plasma,SRP310247,ALS,enrolment,
SRR13934280,miRNA-Seq,75,882696150,PRJNA713778,SAMN18261939,272882764,GEO,public,"fastq,run.zq,sra","gs,ncbi,s3","gs.us-east1,ncbi.public,s3.us-east-1",SRX10313772,GSM5159595,Illumina NovaSeq 6000,SINGLE,size fractionation,TRANSCRIPTOMIC,Homo sapiens,ILLUMINA,2021-03-12T00:00:00Z,2021-03-11T12:30:00Z,1,GSM5159595,Blood plasma,SRP310247,ALS,enrolment,
SRR13934281,miRNA-Seq,75,526261575,PRJNA713778,SAMN18261938,208990475,GEO,public,"fastq,run.zq,sra","gs,ncbi,s3","gs.us-east1,ncbi.public,s3.us-east-1",SRX10313773,GSM5159596,NextSeq 550,SINGLE,size fractionation,TRANSCRIPTOMIC,Homo sapiens,ILLUMINA,2021-03-12T00:00:00Z,2021-03-11T12:29:00Z,1,GSM5159596,Blood plasma,SRP310247,ALS,enrolment,
SRR13934282,miRNA-Seq,75,355918950,PRJNA713778,SAMN18261937,140983458,GEO,public,"fastq,run.zq,sra","gs,ncbi,s3","gs.us-east1,ncbi.public,s3.us-east-1",SRX10313774,GSM5159597,NextSeq 550,SINGLE,size fractionation,TRANSCRIPTOMIC,Homo sapiens,ILLUMINA,2021-03-12T00:00:00Z,2021-03-11T12:28:00Z,1,GSM5159597,Blood plasma,SRP310247,ALS,enrolment,
SRR13934283,miRNA-Seq,75,657377025,PRJNA713778,SAMN18261936,236032975,GEO,public,"fastq,run.zq,sra","gs,ncbi,s3","gs.us-east1,ncbi.public,s3.us-east-1",SRX10313775,GSM5159598,NextSeq 550,SINGLE,size fractionation,TRANSCRIPTOMIC,Homo sapiens,ILLUMINA,2021-03-12T00:00:00Z,2021-03-11T12:30:00Z,1,GSM5159598,Blood plasma,SRP310247,ALS,enrolment,
SRR13934284,miRNA-Seq,75,494806500,PRJNA713778,SAMN18261935,178099848,GEO,public,"fastq,run.zq,sra","gs,ncbi,s3","gs.us-east1,ncbi.public,s3.us-east-1",SRX10313776,GSM5159599,NextSeq 550,SINGLE,size fractionation,TRANSCRIPTOMIC,Homo sapiens,ILLUMINA,2021-03-12T00:00:00Z,2021-03-11T12:29:00Z,1,GSM5159599,Blood plasma,SRP310247,ALS,enrolment,
SRR13934285,miRNA-Seq,75,715003800,PRJNA713778,SAMN18261934,292108125,GEO,public,"fastq,run.zq,sra","gs,ncbi,s3","gs.us-east1,ncbi.public,s3.us-east-1",SRX10313777,GSM5159600,NextSeq 550,SINGLE,size fractionation,TRANSCRIPTOMIC,Homo sapiens,ILLUMINA,2021-03-12T00:00:00Z,2021-03-11T12:30:00Z,1,GSM5159600,Blood plasma,SRP310247,ALS,enrolment,
SRR13934286,miRNA-Seq,47,265868887,PRJNA713778,SAMN18261933,117487203,GEO,public,"fastq,run.zq,sra","gs,ncbi,s3","gs.us-east1,ncbi.public,s3.us-east-1",SRX10313778,GSM5159601,NextSeq 550,SINGLE,size fractionation,TRANSCRIPTOMIC,Homo sapiens,ILLUMINA,2021-03-12T00:00:00Z,2021-03-11T12:28:00Z,1,GSM5159601,Blood plasma,SRP310247,ALS,enrolment,
SRR13934287,miRNA-Seq,75,74992500,PRJNA713778,SAMN18261932,25372812,GEO,public,"fastq,run.zq,sra","gs,ncbi,s3","gs.us-east1,ncbi.public,s3.us-east-1",SRX10313779,GSM5159602,NextSeq 550,SINGLE,size fractionation,TRANSCRIPTOMIC,Homo sapiens,ILLUMINA,2021-03-12T00:00:00Z,2021-03-11T12:27:00Z,1,GSM5159602,Blood plasma,SRP310247,ALS,enrolment,
SRR13934288,miRNA-Seq,46,415770861,PRJNA713778,SAMN18261931,183472893,GEO,public,"fastq,run.zq,sra","gs,ncbi,s3","gs.us-east1,ncbi.public,s3.us-east-1",SRX10313780,GSM5159603,NextSeq 550,SINGLE,size fractionation,TRANSCRIPTOMIC,Homo sapiens,ILLUMINA,2021-03-12T00:00:00Z,2021-03-11T12:29:00Z,1,GSM5159603,Blood plasma,SRP310247,ALS,enrolment,
SRR13934289,miRNA-Seq,49,296496900,PRJNA713778,SAMN18261930,121317923,GEO,public,"fastq,run.zq,sra","gs,ncbi,s3","gs.us-east1,ncbi.public,s3.us-east-1",SRX10313781,GSM5159604,NextSeq 550,SINGLE,size fractionation,TRANSCRIPTOMIC,Homo sapiens,ILLUMINA,2021-03-12T00:00:00Z,2021-03-11T12:29:00Z,1,GSM5159604,Blood plasma,SRP310247,ALS,enrolment,
SRR13934290,miRNA-Seq,75,1399948500,PRJNA713778,SAMN18261929,427071278,GEO,public,"fastq,run.zq,sra","gs,ncbi,s3","gs.us-east1,ncbi.public,s3.us-east-1",SRX10313782,GSM5159605,Illumina NovaSeq 6000,SINGLE,size fractionation,TRANSCRIPTOMIC,Homo sapiens,ILLUMINA,2021-03-12T00:00:00Z,2021-03-11T12:33:00Z,1,GSM5159605,Blood plasma,SRP310247,ALS,enrolment,
SRR13934291,miRNA-Seq,75,2092686225,PRJNA713778,SAMN18261928,640102626,GEO,public,"fastq,run.zq,sra","gs,ncbi,s3","gs.us-east1,ncbi.public,s3.us-east-1",SRX10313783,GSM5159606,Illumina NovaSeq 6000,SINGLE,size fractionation,TRANSCRIPTOMIC,Homo sapiens,ILLUMINA,2021-03-12T00:00:00Z,2021-03-11T12:35:00Z,1,GSM5159606,Blood plasma,SRP310247,ALS,enrolment,
SRR13934292,miRNA-Seq,52,195248670,PRJNA713778,SAMN18261927,84282725,GEO,public,"fastq,run.zq,sra","gs,ncbi,s3","gs.us-east1,ncbi.public,s3.us-east-1",SRX10313784,GSM5159607,NextSeq 550,SINGLE,size fractionation,TRANSCRIPTOMIC,Homo sapiens,ILLUMINA,2021-03-12T00:00:00Z,2021-03-11T12:28:00Z,1,GSM5159607,Blood plasma,SRP310247,ALS,enrolment,
SRR13934293,miRNA-Seq,48,525860790,PRJNA713778,SAMN18261926,223740184,GEO,public,"fastq,run.zq,sra","gs,ncbi,s3","gs.us-east1,ncbi.public,s3.us-east-1",SRX10313785,GSM5159608,NextSeq 550,SINGLE,size fractionation,TRANSCRIPTOMIC,Homo sapiens,ILLUMINA,2021-03-12T00:00:00Z,2021-03-11T12:31:00Z,1,GSM5159608,Blood plasma,SRP310247,ALS,enrolment,
SRR13934294,miRNA-Seq,75,788683575,PRJNA713778,SAMN18261925,292681866,GEO,public,"fastq,run.zq,sra","gs,ncbi,s3","gs.us-east1,ncbi.public,s3.us-east-1",SRX10313786,GSM5159609,NextSeq 550,SINGLE,size fractionation,TRANSCRIPTOMIC,Homo sapiens,ILLUMINA,2021-03-12T00:00:00Z,2021-03-11T12:29:00Z,1,GSM5159609,Blood plasma,SRP310247,ALS,enrolment,
SRR13934295,miRNA-Seq,75,584438475,PRJNA713778,SAMN18261924,238608605,GEO,public,"fastq,run.zq,sra","gs,ncbi,s3","gs.us-east1,ncbi.public,s3.us-east-1",SRX10313787,GSM5159610,NextSeq 550,SINGLE,size fractionation,TRANSCRIPTOMIC,Homo sapiens,ILLUMINA,2021-03-12T00:00:00Z,2021-03-11T12:29:00Z,1,GSM5159610,Blood plasma,SRP310247,ALS,enrolment,
SRR13934296,miRNA-Seq,75,634860600,PRJNA713778,SAMN18262030,260494225,GEO,public,"fastq,run.zq,sra","gs,ncbi,s3","gs.us-east1,ncbi.public,s3.us-east-1",SRX10313788,GSM5159611,NextSeq 550,SINGLE,size fractionation,TRANSCRIPTOMIC,Homo sapiens,ILLUMINA,2021-03-12T00:00:00Z,2021-03-11T12:30:00Z,1,GSM5159611,Blood plasma,SRP310247,ALS,enrolment,
SRR13934297,miRNA-Seq,75,934430700,PRJNA713778,SAMN18262029,370659096,GEO,public,"fastq,run.zq,sra","gs,ncbi,s3","gs.us-east1,ncbi.public,s3.us-east-1",SRX10313789,GSM5159612,NextSeq 550,SINGLE,size fractionation,TRANSCRIPTOMIC,Homo sapiens,ILLUMINA,2021-03-12T00:00:00Z,2021-03-11T12:31:00Z,1,GSM5159612,Blood plasma,SRP310247,ALS,enrolment,
SRR13934298,miRNA-Seq,75,746109600,PRJNA713778,SAMN18262028,298388604,GEO,public,"fastq,run.zq,sra","gs,ncbi,s3","gs.us-east1,ncbi.public,s3.us-east-1",SRX10313790,GSM5159613,NextSeq 550,SINGLE,size fractionation,TRANSCRIPTOMIC,Homo sapiens,ILLUMINA,2021-03-12T00:00:00Z,2021-03-11T12:30:00Z,1,GSM5159613,Blood plasma,SRP310247,ALS,enrolment,
SRR13934299,miRNA-Seq,75,2233984575,PRJNA713778,SAMN18262027,847250584,GEO,public,"fastq,run.zq,sra","gs,ncbi,s3","gs.us-east1,ncbi.public,s3.us-east-1",SRX10313791,GSM5159614,NextSeq 550,SINGLE,size fractionation,TRANSCRIPTOMIC,Homo sapiens,ILLUMINA,2021-03-12T00:00:00Z,2021-03-11T12:35:00Z,1,GSM5159614,Blood plasma,SRP310247,ALS,enrolment,
SRR13934300,miRNA-Seq,48,282846844,PRJNA713778,SAMN18262026,118282738,GEO,public,"fastq,run.zq,sra","gs,ncbi,s3","gs.us-east1,ncbi.public,s3.us-east-1",SRX10313792,GSM5159615,NextSeq 550,SINGLE,size fractionation,TRANSCRIPTOMIC,Homo sapiens,ILLUMINA,2021-03-12T00:00:00Z,2021-03-11T12:29:00Z,1,GSM5159615,Blood plasma,SRP310247,ALS,enrolment,
SRR13934301,miRNA-Seq,75,392342625,PRJNA713778,SAMN18262025,148328212,GEO,public,"fastq,run.zq,sra","gs,ncbi,s3","gs.us-east1,ncbi.public,s3.us-east-1",SRX10313793,GSM5159616,NextSeq 550,SINGLE,size fractionation,TRANSCRIPTOMIC,Homo sapiens,ILLUMINA,2021-03-12T00:00:00Z,2021-03-11T12:28:00Z,1,GSM5159616,Blood plasma,SRP310247,ALS,enrolment,
SRR13934302,miRNA-Seq,75,202343550,PRJNA713778,SAMN18262024,67240715,GEO,public,"fastq,run.zq,sra","gs,ncbi,s3","gs.us-east1,ncbi.public,s3.us-east-1",SRX10313794,GSM5159617,NextSeq 550,SINGLE,size fractionation,TRANSCRIPTOMIC,Homo sapiens,ILLUMINA,2021-03-12T00:00:00Z,2021-03-11T12:28:00Z,1,GSM5159617,Blood plasma,SRP310247,ALS,enrolment,
SRR13934303,miRNA-Seq,44,354270907,PRJNA713778,SAMN18262023,155448327,GEO,public,"fastq,run.zq,sra","gs,ncbi,s3","gs.us-east1,ncbi.public,s3.us-east-1",SRX10313795,GSM5159618,NextSeq 550,SINGLE,size fractionation,TRANSCRIPTOMIC,Homo sapiens,ILLUMINA,2021-03-12T00:00:00Z,2021-03-11T12:29:00Z,1,GSM5159618,Blood plasma,SRP310247,ALS,enrolment,
SRR13934304,miRNA-Seq,46,793249715,PRJNA713778,SAMN18262022,345527382,GEO,public,"fastq,run.zq,sra","gs,ncbi,s3","gs.us-east1,ncbi.public,s3.us-east-1",SRX10313796,GSM5159619,NextSeq 550,SINGLE,size fractionation,TRANSCRIPTOMIC,Homo sapiens,ILLUMINA,2021-03-12T00:00:00Z,2021-03-11T12:32:00Z,1,GSM5159619,Blood plasma,SRP310247,ALS,enrolment,
SRR13934305,miRNA-Seq,75,898656150,PRJNA713778,SAMN18262021,354522872,GEO,public,"fastq,run.zq,sra","gs,ncbi,s3","gs.us-east1,ncbi.public,s3.us-east-1",SRX10313797,GSM5159620,NextSeq 550,SINGLE,size fractionation,TRANSCRIPTOMIC,Homo sapiens,ILLUMINA,2021-03-12T00:00:00Z,2021-03-11T12:31:00Z,1,GSM5159620,Blood plasma,SRP310247,ALS,enrolment,
SRR13934306,miRNA-Seq,51,297909824,PRJNA713778,SAMN18262020,124232625,GEO,public,"fastq,run.zq,sra","gs,ncbi,s3","gs.us-east1,ncbi.public,s3.us-east-1",SRX10313798,GSM5159621,NextSeq 550,SINGLE,size fractionation,TRANSCRIPTOMIC,Homo sapiens,ILLUMINA,2021-03-12T00:00:00Z,2021-03-11T12:29:00Z,1,GSM5159621,Blood plasma,SRP310247,ALS,enrolment,
SRR13934307,miRNA-Seq,75,453320925,PRJNA713778,SAMN18262019,165029201,GEO,public,"fastq,run.zq,sra","gs,ncbi,s3","gs.us-east1,ncbi.public,s3.us-east-1",SRX10313799,GSM5159622,NextSeq 550,SINGLE,size fractionation,TRANSCRIPTOMIC,Homo sapiens,ILLUMINA,2021-03-12T00:00:00Z,2021-03-11T12:29:00Z,1,GSM5159622,Blood plasma,SRP310247,ALS,enrolment,
SRR13934308,miRNA-Seq,75,173784150,PRJNA713778,SAMN18262018,66828838,GEO,public,"fastq,run.zq,sra","gs,ncbi,s3","gs.us-east1,ncbi.public,s3.us-east-1",SRX10313800,GSM5159623,NextSeq 550,SINGLE,size fractionation,TRANSCRIPTOMIC,Homo sapiens,ILLUMINA,2021-03-12T00:00:00Z,2021-03-11T12:28:00Z,1,GSM5159623,Blood plasma,SRP310247,ALS,enrolment,
SRR13934309,miRNA-Seq,47,534127005,PRJNA713778,SAMN18262017,228445214,GEO,public,"fastq,run.zq,sra","gs,ncbi,s3","gs.us-east1,ncbi.public,s3.us-east-1",SRX10313801,GSM5159624,NextSeq 550,SINGLE,size fractionation,TRANSCRIPTOMIC,Homo sapiens,ILLUMINA,2021-03-12T00:00:00Z,2021-03-11T12:30:00Z,1,GSM5159624,Blood plasma,SRP310247,ALS,enrolment,
SRR13934310,miRNA-Seq,75,652270275,PRJNA713778,SAMN18262016,242347100,GEO,public,"fastq,run.zq,sra","gs,ncbi,s3","gs.us-east1,ncbi.public,s3.us-east-1",SRX10313802,GSM5159625,NextSeq 550,SINGLE,size fractionation,TRANSCRIPTOMIC,Homo sapiens,ILLUMINA,2021-03-12T00:00:00Z,2021-03-11T12:30:00Z,1,GSM5159625,Blood plasma,SRP310247,ALS,enrolment,
SRR13934311,miRNA-Seq,75,586149825,PRJNA713778,SAMN18262015,223464675,GEO,public,"fastq,run.zq,sra","gs,ncbi,s3","gs.us-east1,ncbi.public,s3.us-east-1",SRX10313803,GSM5159626,NextSeq 550,SINGLE,size fractionation,TRANSCRIPTOMIC,Homo sapiens,ILLUMINA,2021-03-12T00:00:00Z,2021-03-11T12:30:00Z,1,GSM5159626,Blood plasma,SRP310247,ALS,enrolment,
SRR13934312,miRNA-Seq,75,873038625,PRJNA713778,SAMN18262014,327344796,GEO,public,"fastq,run.zq,sra","gs,ncbi,s3","gs.us-east1,ncbi.public,s3.us-east-1",SRX10313804,GSM5159627,NextSeq 550,SINGLE,size fractionation,TRANSCRIPTOMIC,Homo sapiens,ILLUMINA,2021-03-12T00:00:00Z,2021-03-11T12:31:00Z,1,GSM5159627,Blood plasma,SRP310247,ALS,enrolment,
SRR13934313,miRNA-Seq,51,398977760,PRJNA713778,SAMN18262013,166426112,GEO,public,"fastq,run.zq,sra","gs,ncbi,s3","gs.us-east1,ncbi.public,s3.us-east-1",SRX10313805,GSM5159628,NextSeq 550,SINGLE,size fractionation,TRANSCRIPTOMIC,Homo sapiens,ILLUMINA,2021-03-12T00:00:00Z,2021-03-11T12:30:00Z,1,GSM5159628,Blood plasma,SRP310247,ALS,enrolment,
SRR13934314,miRNA-Seq,75,279987825,PRJNA713778,SAMN18262012,109186321,GEO,public,"fastq,run.zq,sra","gs,ncbi,s3","gs.us-east1,ncbi.public,s3.us-east-1",SRX10313806,GSM5159629,NextSeq 550,SINGLE,size fractionation,TRANSCRIPTOMIC,Homo sapiens,ILLUMINA,2021-03-12T00:00:00Z,2021-03-11T12:29:00Z,1,GSM5159629,Blood plasma,SRP310247,ALS,enrolment,
SRR13934315,miRNA-Seq,75,1054725675,PRJNA713778,SAMN18262011,392406069,GEO,public,"fastq,run.zq,sra","gs,ncbi,s3","gs.us-east1,ncbi.public,s3.us-east-1",SRX10313807,GSM5159630,NextSeq 550,SINGLE,size fractionation,TRANSCRIPTOMIC,Homo sapiens,ILLUMINA,2021-03-12T00:00:00Z,2021-03-11T12:31:00Z,1,GSM5159630,Blood plasma,SRP310247,ALS,enrolment,
SRR13934316,miRNA-Seq,46,408241640,PRJNA713778,SAMN18262007,181320761,GEO,public,"fastq,run.zq,sra","gs,ncbi,s3","gs.us-east1,ncbi.public,s3.us-east-1",SRX10313808,GSM5159631,NextSeq 550,SINGLE,size fractionation,TRANSCRIPTOMIC,Homo sapiens,ILLUMINA,2021-03-12T00:00:00Z,2021-03-11T12:30:00Z,1,GSM5159631,Blood plasma,SRP310247,ALS,enrolment,
SRR13934317,miRNA-Seq,46,466904377,PRJNA713778,SAMN18262006,205247976,GEO,public,"fastq,run.zq,sra","gs,ncbi,s3","gs.us-east1,ncbi.public,s3.us-east-1",SRX10313809,GSM5159632,NextSeq 550,SINGLE,size fractionation,TRANSCRIPTOMIC,Homo sapiens,ILLUMINA,2021-03-12T00:00:00Z,2021-03-11T12:30:00Z,1,GSM5159632,Blood plasma,SRP310247,ALS,enrolment,
SRR13934318,miRNA-Seq,53,431937146,PRJNA713778,SAMN18262005,172215520,GEO,public,"fastq,run.zq,sra","gs,ncbi,s3","gs.us-east1,ncbi.public,s3.us-east-1",SRX10313810,GSM5159633,NextSeq 550,SINGLE,size fractionation,TRANSCRIPTOMIC,Homo sapiens,ILLUMINA,2021-03-12T00:00:00Z,2021-03-11T12:30:00Z,1,GSM5159633,Blood plasma,SRP310247,ALS,enrolment,
SRR13934319,miRNA-Seq,75,495741975,PRJNA713778,SAMN18262004,180077021,GEO,public,"fastq,run.zq,sra","gs,ncbi,s3","gs.us-east1,ncbi.public,s3.us-east-1",SRX10313811,GSM5159634,NextSeq 550,SINGLE,size fractionation,TRANSCRIPTOMIC,Homo sapiens,ILLUMINA,2021-03-12T00:00:00Z,2021-03-11T12:30:00Z,1,GSM5159634,Blood plasma,SRP310247,ALS,enrolment,
SRR13934320,miRNA-Seq,49,365116653,PRJNA713778,SAMN18262003,158478295,GEO,public,"fastq,run.zq,sra","gs,ncbi,s3","gs.us-east1,ncbi.public,s3.us-east-1",SRX10313812,GSM5159635,NextSeq 550,SINGLE,size fractionation,TRANSCRIPTOMIC,Homo sapiens,ILLUMINA,2021-03-12T00:00:00Z,2021-03-11T12:30:00Z,1,GSM5159635,Blood plasma,SRP310247,ALS,enrolment,
SRR13934321,miRNA-Seq,75,866058675,PRJNA713778,SAMN18262002,302246386,GEO,public,"fastq,run.zq,sra","gs,ncbi,s3","gs.us-east1,ncbi.public,s3.us-east-1",SRX10313813,GSM5159636,NextSeq 550,SINGLE,size fractionation,TRANSCRIPTOMIC,Homo sapiens,ILLUMINA,2021-03-12T00:00:00Z,2021-03-11T12:31:00Z,1,GSM5159636,Blood plasma,SRP310247,ALS,enrolment,
SRR13934322,miRNA-Seq,75,695393700,PRJNA713778,SAMN18262001,255315649,GEO,public,"fastq,run.zq,sra","gs,ncbi,s3","gs.us-east1,ncbi.public,s3.us-east-1",SRX10313814,GSM5159637,NextSeq 550,SINGLE,size fractionation,TRANSCRIPTOMIC,Homo sapiens,ILLUMINA,2021-03-12T00:00:00Z,2021-03-11T12:31:00Z,1,GSM5159637,Blood plasma,SRP310247,ALS,enrolment,
SRR13934323,miRNA-Seq,49,477911682,PRJNA713778,SAMN18262010,202287924,GEO,public,"fastq,run.zq,sra","gs,ncbi,s3","gs.us-east1,ncbi.public,s3.us-east-1",SRX10313815,GSM5159638,NextSeq 550,SINGLE,size fractionation,TRANSCRIPTOMIC,Homo sapiens,ILLUMINA,2021-03-12T00:00:00Z,2021-03-11T12:30:00Z,1,GSM5159638,Blood plasma,SRP310247,ALS,enrolment,
SRR13934324,miRNA-Seq,75,516341625,PRJNA713778,SAMN18262009,174431132,GEO,public,"fastq,run.zq,sra","gs,ncbi,s3","gs.us-east1,ncbi.public,s3.us-east-1",SRX10313816,GSM5159639,NextSeq 550,SINGLE,size fractionation,TRANSCRIPTOMIC,Homo sapiens,ILLUMINA,2021-03-12T00:00:00Z,2021-03-11T12:30:00Z,1,GSM5159639,Blood plasma,SRP310247,ALS,enrolment,
SRR13934325,miRNA-Seq,51,367398850,PRJNA713778,SAMN18262008,153757014,GEO,public,"fastq,run.zq,sra","gs,ncbi,s3","gs.us-east1,ncbi.public,s3.us-east-1",SRX10313817,GSM5159640,NextSeq 550,SINGLE,size fractionation,TRANSCRIPTOMIC,Homo sapiens,ILLUMINA,2021-03-12T00:00:00Z,2021-03-11T12:30:00Z,1,GSM5159640,Blood plasma,SRP310247,ALS,enrolment,
SRR13934326,miRNA-Seq,47,402061981,PRJNA713778,SAMN18261738,171638982,GEO,public,"fastq,run.zq,sra","gs,ncbi,s3","gs.us-east1,ncbi.public,s3.us-east-1",SRX10313818,GSM5159641,NextSeq 550,SINGLE,size fractionation,TRANSCRIPTOMIC,Homo sapiens,ILLUMINA,2021-03-12T00:00:00Z,2021-03-11T12:30:00Z,1,GSM5159641,Blood plasma,SRP310247,ALS,enrolment,
SRR13934327,miRNA-Seq,47,186308596,PRJNA713778,SAMN18261737,79891728,GEO,public,"fastq,run.zq,sra","gs,ncbi,s3","gs.us-east1,ncbi.public,s3.us-east-1",SRX10313819,GSM5159642,NextSeq 550,SINGLE,size fractionation,TRANSCRIPTOMIC,Homo sapiens,ILLUMINA,2021-03-12T00:00:00Z,2021-03-11T12:29:00Z,1,GSM5159642,Blood plasma,SRP310247,ALS,enrolment,
SRR13934328,miRNA-Seq,45,355480243,PRJNA713778,SAMN18261736,158148240,GEO,public,"fastq,run.zq,sra","gs,ncbi,s3","gs.us-east1,ncbi.public,s3.us-east-1",SRX10313820,GSM5159643,NextSeq 550,SINGLE,size fractionation,TRANSCRIPTOMIC,Homo sapiens,ILLUMINA,2021-03-12T00:00:00Z,2021-03-11T12:30:00Z,1,GSM5159643,Blood plasma,SRP310247,ALS,enrolment,
SRR13934329,miRNA-Seq,75,1478104350,PRJNA713778,SAMN18261735,452088975,GEO,public,"fastq,run.zq,sra","gs,ncbi,s3","gs.us-east1,ncbi.public,s3.us-east-1",SRX10313821,GSM5159644,Illumina NovaSeq 6000,SINGLE,size fractionation,TRANSCRIPTOMIC,Homo sapiens,ILLUMINA,2021-03-12T00:00:00Z,2021-03-11T12:34:00Z,1,GSM5159644,Blood plasma,SRP310247,ALS,enrolment,
SRR13934330,miRNA-Seq,75,1006799475,PRJNA713778,SAMN18261734,310091347,GEO,public,"fastq,run.zq,sra","gs,ncbi,s3","gs.us-east1,ncbi.public,s3.us-east-1",SRX10313822,GSM5159645,Illumina NovaSeq 6000,SINGLE,size fractionation,TRANSCRIPTOMIC,Homo sapiens,ILLUMINA,2021-03-12T00:00:00Z,2021-03-11T12:32:00Z,1,GSM5159645,Blood plasma,SRP310247,ALS,enrolment,
SRR13934331,miRNA-Seq,75,2758938825,PRJNA713778,SAMN18261733,844050903,GEO,public,"fastq,run.zq,sra","gs,ncbi,s3","gs.us-east1,ncbi.public,s3.us-east-1",SRX10313823,GSM5159646,Illumina NovaSeq 6000,SINGLE,size fractionation,TRANSCRIPTOMIC,Homo sapiens,ILLUMINA,2021-03-12T00:00:00Z,2021-03-11T12:37:00Z,1,GSM5159646,Blood plasma,SRP310247,ALS,enrolment,
SRR13934332,miRNA-Seq,75,1320803700,PRJNA713778,SAMN18261732,402924576,GEO,public,"fastq,run.zq,sra","gs,ncbi,s3","gs.us-east1,ncbi.public,s3.us-east-1",SRX10313824,GSM5159647,Illumina NovaSeq 6000,SINGLE,size fractionation,TRANSCRIPTOMIC,Homo sapiens,ILLUMINA,2021-03-12T00:00:00Z,2021-03-11T12:33:00Z,1,GSM5159647,Blood plasma,SRP310247,ALS,enrolment,
SRR13934333,miRNA-Seq,75,1503636150,PRJNA713778,SAMN18261731,459830429,GEO,public,"fastq,run.zq,sra","gs,ncbi,s3","gs.us-east1,ncbi.public,s3.us-east-1",SRX10313825,GSM5159648,Illumina NovaSeq 6000,SINGLE,size fractionation,TRANSCRIPTOMIC,Homo sapiens,ILLUMINA,2021-03-12T00:00:00Z,2021-03-11T12:33:00Z,1,GSM5159648,Blood plasma,SRP310247,ALS,enrolment,
SRR13934334,miRNA-Seq,75,1573033200,PRJNA713778,SAMN18261730,476291601,GEO,public,"fastq,run.zq,sra","gs,ncbi,s3","gs.us-east1,ncbi.public,s3.us-east-1",SRX10313826,GSM5159649,Illumina NovaSeq 6000,SINGLE,size fractionation,TRANSCRIPTOMIC,Homo sapiens,ILLUMINA,2021-03-12T00:00:00Z,2021-03-11T12:34:00Z,1,GSM5159649,Blood plasma,SRP310247,ALS,enrolment,
SRR13934335,miRNA-Seq,50,299012433,PRJNA713778,SAMN18261729,127064669,GEO,public,"fastq,run.zq,sra","gs,ncbi,s3","gs.us-east1,ncbi.public,s3.us-east-1",SRX10313827,GSM5159650,NextSeq 550,SINGLE,size fractionation,TRANSCRIPTOMIC,Homo sapiens,ILLUMINA,2021-03-12T00:00:00Z,2021-03-11T12:30:00Z,1,GSM5159650,Blood plasma,SRP310247,ALS,enrolment,
SRR13934336,miRNA-Seq,75,983303625,PRJNA713778,SAMN18261728,393827895,GEO,public,"fastq,run.zq,sra","gs,ncbi,s3","gs.us-east1,ncbi.public,s3.us-east-1",SRX10313828,GSM5159651,NextSeq 550,SINGLE,size fractionation,TRANSCRIPTOMIC,Homo sapiens,ILLUMINA,2021-03-12T00:00:00Z,2021-03-11T12:33:00Z,1,GSM5159651,Blood plasma,SRP310247,ALS,enrolment,
SRR13934337,miRNA-Seq,75,854041875,PRJNA713778,SAMN18261727,350914572,GEO,public,"fastq,run.zq,sra","gs,ncbi,s3","gs.us-east1,ncbi.public,s3.us-east-1",SRX10313829,GSM5159652,NextSeq 550,SINGLE,size fractionation,TRANSCRIPTOMIC,Homo sapiens,ILLUMINA,2021-03-12T00:00:00Z,2021-03-11T12:32:00Z,1,GSM5159652,Blood plasma,SRP310247,ALS,enrolment,
SRR13934338,miRNA-Seq,75,671544150,PRJNA713778,SAMN18261726,275217607,GEO,public,"fastq,run.zq,sra","gs,ncbi,s3","gs.us-east1,ncbi.public,s3.us-east-1",SRX10313830,GSM5159653,NextSeq 550,SINGLE,size fractionation,TRANSCRIPTOMIC,Homo sapiens,ILLUMINA,2021-03-12T00:00:00Z,2021-03-11T12:31:00Z,1,GSM5159653,Blood plasma,SRP310247,ALS,enrolment,
SRR13934339,miRNA-Seq,75,1067206200,PRJNA713778,SAMN18261725,423534505,GEO,public,"fastq,run.zq,sra","gs,ncbi,s3","gs.us-east1,ncbi.public,s3.us-east-1",SRX10313831,GSM5159654,NextSeq 550,SINGLE,size fractionation,TRANSCRIPTOMIC,Homo sapiens,ILLUMINA,2021-03-12T00:00:00Z,2021-03-11T12:32:00Z,1,GSM5159654,Blood plasma,SRP310247,ALS,enrolment,
SRR13934340,miRNA-Seq,75,631914300,PRJNA713778,SAMN18261724,226420107,GEO,public,"fastq,run.zq,sra","gs,ncbi,s3","gs.us-east1,ncbi.public,s3.us-east-1",SRX10313832,GSM5159655,NextSeq 550,SINGLE,size fractionation,TRANSCRIPTOMIC,Homo sapiens,ILLUMINA,2021-03-12T00:00:00Z,2021-03-11T12:31:00Z,1,GSM5159655,Blood plasma,SRP310247,ALS,enrolment,
SRR13934341,miRNA-Seq,46,409454202,PRJNA713778,SAMN18261723,179861324,GEO,public,"fastq,run.zq,sra","gs,ncbi,s3","gs.us-east1,ncbi.public,s3.us-east-1",SRX10313833,GSM5159656,NextSeq 550,SINGLE,size fractionation,TRANSCRIPTOMIC,Homo sapiens,ILLUMINA,2021-03-12T00:00:00Z,2021-03-11T12:31:00Z,1,GSM5159656,Blood plasma,SRP310247,ALS,enrolment,
SRR13934342,miRNA-Seq,51,377178189,PRJNA713778,SAMN18261722,159092247,GEO,public,"fastq,run.zq,sra","gs,ncbi,s3","gs.us-east1,ncbi.public,s3.us-east-1",SRX10313834,GSM5159657,NextSeq 550,SINGLE,size fractionation,TRANSCRIPTOMIC,Homo sapiens,ILLUMINA,2021-03-12T00:00:00Z,2021-03-11T12:30:00Z,1,GSM5159657,Blood plasma,SRP310247,ALS,enrolment,
SRR13934343,miRNA-Seq,49,322774792,PRJNA713778,SAMN18261721,137885362,GEO,public,"fastq,run.zq,sra","gs,ncbi,s3","gs.us-east1,ncbi.public,s3.us-east-1",SRX10313835,GSM5159658,NextSeq 550,SINGLE,size fractionation,TRANSCRIPTOMIC,Homo sapiens,ILLUMINA,2021-03-12T00:00:00Z,2021-03-11T12:31:00Z,1,GSM5159658,Blood plasma,SRP310247,ALS,enrolment,
SRR13934344,miRNA-Seq,75,804820425,PRJNA713778,SAMN18261720,300040096,GEO,public,"fastq,run.zq,sra","gs,ncbi,s3","gs.us-east1,ncbi.public,s3.us-east-1",SRX10313836,GSM5159659,NextSeq 550,SINGLE,size fractionation,TRANSCRIPTOMIC,Homo sapiens,ILLUMINA,2021-03-12T00:00:00Z,2021-03-11T12:32:00Z,1,GSM5159659,Blood plasma,SRP310247,ALS,enrolment,
SRR13934345,miRNA-Seq,75,821725200,PRJNA713778,SAMN18261719,334588779,GEO,public,"fastq,run.zq,sra","gs,ncbi,s3","gs.us-east1,ncbi.public,s3.us-east-1",SRX10313837,GSM5159660,NextSeq 550,SINGLE,size fractionation,TRANSCRIPTOMIC,Homo sapiens,ILLUMINA,2021-03-12T00:00:00Z,2021-03-11T12:32:00Z,1,GSM5159660,Blood plasma,SRP310247,ALS,enrolment,
SRR13934346,miRNA-Seq,47,356612342,PRJNA713778,SAMN18261718,154277073,GEO,public,"fastq,run.zq,sra","gs,ncbi,s3","gs.us-east1,ncbi.public,s3.us-east-1",SRX10313838,GSM5159661,NextSeq 550,SINGLE,size fractionation,TRANSCRIPTOMIC,Homo sapiens,ILLUMINA,2021-03-12T00:00:00Z,2021-03-11T12:31:00Z,1,GSM5159661,Blood plasma,SRP310247,ALS,enrolment,
SRR13934347,miRNA-Seq,75,646196475,PRJNA713778,SAMN18261717,233270528,GEO,public,"fastq,run.zq,sra","gs,ncbi,s3","gs.us-east1,ncbi.public,s3.us-east-1",SRX10313839,GSM5159662,NextSeq 550,SINGLE,size fractionation,TRANSCRIPTOMIC,Homo sapiens,ILLUMINA,2021-03-12T00:00:00Z,2021-03-11T12:31:00Z,1,GSM5159662,Blood plasma,SRP310247,ALS,enrolment,
SRR13934348,miRNA-Seq,48,285427214,PRJNA713778,SAMN18261716,123428323,GEO,public,"fastq,run.zq,sra","gs,ncbi,s3","gs.us-east1,ncbi.public,s3.us-east-1",SRX10313840,GSM5159663,NextSeq 550,SINGLE,size fractionation,TRANSCRIPTOMIC,Homo sapiens,ILLUMINA,2021-03-12T00:00:00Z,2021-03-11T12:30:00Z,1,GSM5159663,Blood plasma,SRP310247,ALS,enrolment,
SRR13934349,miRNA-Seq,75,585987300,PRJNA713778,SAMN18261715,211410606,GEO,public,"fastq,run.zq,sra","gs,ncbi,s3","gs.us-east1,ncbi.public,s3.us-east-1",SRX10313841,GSM5159664,NextSeq 550,SINGLE,size fractionation,TRANSCRIPTOMIC,Homo sapiens,ILLUMINA,2021-03-12T00:00:00Z,2021-03-11T12:31:00Z,1,GSM5159664,Blood plasma,SRP310247,ALS,enrolment,
SRR13934350,miRNA-Seq,75,690192750,PRJNA713778,SAMN18261714,284954074,GEO,public,"fastq,run.zq,sra","gs,ncbi,s3","gs.us-east1,ncbi.public,s3.us-east-1",SRX10313842,GSM5159665,NextSeq 550,SINGLE,size fractionation,TRANSCRIPTOMIC,Homo sapiens,ILLUMINA,2021-03-12T00:00:00Z,2021-03-11T12:32:00Z,1,GSM5159665,Blood plasma,SRP310247,ALS,enrolment,
SRR13934351,miRNA-Seq,46,396392366,PRJNA713778,SAMN18261713,174916674,GEO,public,"fastq,run.zq,sra","gs,ncbi,s3","gs.us-east1,ncbi.public,s3.us-east-1",SRX10313843,GSM5159666,NextSeq 550,SINGLE,size fractionation,TRANSCRIPTOMIC,Homo sapiens,ILLUMINA,2021-03-12T00:00:00Z,2021-03-11T12:31:00Z,1,GSM5159666,Blood plasma,SRP310247,ALS,enrolment,
SRR13934352,miRNA-Seq,49,366028144,PRJNA713778,SAMN18261712,151251034,GEO,public,"fastq,run.zq,sra","gs,ncbi,s3","gs.us-east1,ncbi.public,s3.us-east-1",SRX10313844,GSM5159667,NextSeq 550,SINGLE,size fractionation,TRANSCRIPTOMIC,Homo sapiens,ILLUMINA,2021-03-12T00:00:00Z,2021-03-11T12:31:00Z,1,GSM5159667,Blood plasma,SRP310247,ALS,enrolment,
SRR13934353,miRNA-Seq,47,437823302,PRJNA713778,SAMN18261711,187980500,GEO,public,"fastq,run.zq,sra","gs,ncbi,s3","gs.us-east1,ncbi.public,s3.us-east-1",SRX10313845,GSM5159668,NextSeq 550,SINGLE,size fractionation,TRANSCRIPTOMIC,Homo sapiens,ILLUMINA,2021-03-12T00:00:00Z,2021-03-11T12:31:00Z,1,GSM5159668,Blood plasma,SRP310247,ALS,enrolment,
SRR13934354,miRNA-Seq,48,204325767,PRJNA713778,SAMN18261710,88706045,GEO,public,"fastq,run.zq,sra","gs,ncbi,s3","gs.us-east1,ncbi.public,s3.us-east-1",SRX10313846,GSM5159669,NextSeq 550,SINGLE,size fractionation,TRANSCRIPTOMIC,Homo sapiens,ILLUMINA,2021-03-12T00:00:00Z,2021-03-11T12:30:00Z,1,GSM5159669,Blood plasma,SRP310247,ALS,enrolment,
SRR13934355,miRNA-Seq,75,688092150,PRJNA713778,SAMN18261709,267525951,GEO,public,"fastq,run.zq,sra","gs,ncbi,s3","gs.us-east1,ncbi.public,s3.us-east-1",SRX10313847,GSM5159670,NextSeq 550,SINGLE,size fractionation,TRANSCRIPTOMIC,Homo sapiens,ILLUMINA,2021-03-12T00:00:00Z,2021-03-11T12:31:00Z,1,GSM5159670,Blood plasma,SRP310247,ALS,enrolment,
SRR13934356,miRNA-Seq,50,523142689,PRJNA713778,SAMN18261622,227593097,GEO,public,"fastq,run.zq,sra","gs,ncbi,s3","gs.us-east1,ncbi.public,s3.us-east-1",SRX10313848,GSM5159671,NextSeq 550,SINGLE,size fractionation,TRANSCRIPTOMIC,Homo sapiens,ILLUMINA,2021-03-12T00:00:00Z,2021-03-11T12:31:00Z,1,GSM5159671,Blood plasma,SRP310247,ALS,enrolment,
SRR13934357,miRNA-Seq,75,353553600,PRJNA713778,SAMN18261621,127981945,GEO,public,"fastq,run.zq,sra","gs,ncbi,s3","gs.us-east1,ncbi.public,s3.us-east-1",SRX10313849,GSM5159672,NextSeq 550,SINGLE,size fractionation,TRANSCRIPTOMIC,Homo sapiens,ILLUMINA,2021-03-12T00:00:00Z,2021-03-11T12:30:00Z,1,GSM5159672,Blood plasma,SRP310247,ALS,enrolment,
SRR13934358,miRNA-Seq,75,719612850,PRJNA713778,SAMN18261620,262408320,GEO,public,"fastq,run.zq,sra","gs,ncbi,s3","gs.us-east1,ncbi.public,s3.us-east-1",SRX10313850,GSM5159673,NextSeq 550,SINGLE,size fractionation,TRANSCRIPTOMIC,Homo sapiens,ILLUMINA,2021-03-12T00:00:00Z,2021-03-11T12:32:00Z,1,GSM5159673,Blood plasma,SRP310247,ALS,enrolment,
SRR13934359,miRNA-Seq,75,1061814450,PRJNA713778,SAMN18261619,436211290,GEO,public,"fastq,run.zq,sra","gs,ncbi,s3","gs.us-east1,ncbi.public,s3.us-east-1",SRX10313851,GSM5159674,NextSeq 550,SINGLE,size fractionation,TRANSCRIPTOMIC,Homo sapiens,ILLUMINA,2021-03-12T00:00:00Z,2021-03-11T12:33:00Z,1,GSM5159674,Blood plasma,SRP310247,ALS,enrolment,
SRR13934360,miRNA-Seq,61,494802050,PRJNA713778,SAMN18261618,204640240,GEO,public,"fastq,run.zq,sra","gs,ncbi,s3","gs.us-east1,ncbi.public,s3.us-east-1",SRX10313852,GSM5159675,NextSeq 550,SINGLE,size fractionation,TRANSCRIPTOMIC,Homo sapiens,ILLUMINA,2021-03-12T00:00:00Z,2021-03-11T12:31:00Z,1,GSM5159675,Blood plasma,SRP310247,ALS,enrolment,
SRR13934361,miRNA-Seq,75,330780375,PRJNA713778,SAMN18261617,110572513,GEO,public,"fastq,run.zq,sra","gs,ncbi,s3","gs.us-east1,ncbi.public,s3.us-east-1",SRX10313853,GSM5159676,NextSeq 550,SINGLE,size fractionation,TRANSCRIPTOMIC,Homo sapiens,ILLUMINA,2021-03-12T00:00:00Z,2021-03-11T12:30:00Z,1,GSM5159676,Blood plasma,SRP310247,ALS,enrolment,
SRR13934362,miRNA-Seq,75,498228750,PRJNA713778,SAMN18261616,197053622,GEO,public,"fastq,run.zq,sra","gs,ncbi,s3","gs.us-east1,ncbi.public,s3.us-east-1",SRX10313854,GSM5159677,NextSeq 550,SINGLE,size fractionation,TRANSCRIPTOMIC,Homo sapiens,ILLUMINA,2021-03-12T00:00:00Z,2021-03-11T12:31:00Z,1,GSM5159677,Blood plasma,SRP310247,ALS,enrolment,
SRR13934363,miRNA-Seq,43,536750330,PRJNA713778,SAMN18261615,243254500,GEO,public,"fastq,run.zq,sra","gs,ncbi,s3","gs.us-east1,ncbi.public,s3.us-east-1",SRX10313855,GSM5159678,NextSeq 550,SINGLE,size fractionation,TRANSCRIPTOMIC,Homo sapiens,ILLUMINA,2021-03-12T00:00:00Z,2021-03-11T12:32:00Z,1,GSM5159678,Blood plasma,SRP310247,ALS,enrolment,
SRR13934364,miRNA-Seq,51,438135118,PRJNA713778,SAMN18261614,187713413,GEO,public,"fastq,run.zq,sra","gs,ncbi,s3","gs.us-east1,ncbi.public,s3.us-east-1",SRX10313856,GSM5159679,NextSeq 550,SINGLE,size fractionation,TRANSCRIPTOMIC,Homo sapiens,ILLUMINA,2021-03-12T00:00:00Z,2021-03-11T12:31:00Z,1,GSM5159679,Blood plasma,SRP310247,ALS,enrolment,
SRR13934365,miRNA-Seq,48,368897261,PRJNA713778,SAMN18261613,160828932,GEO,public,"fastq,run.zq,sra","gs,ncbi,s3","gs.us-east1,ncbi.public,s3.us-east-1",SRX10313857,GSM5159680,NextSeq 550,SINGLE,size fractionation,TRANSCRIPTOMIC,Homo sapiens,ILLUMINA,2021-03-12T00:00:00Z,2021-03-11T12:31:00Z,1,GSM5159680,Blood plasma,SRP310247,ALS,enrolment,
SRR13934366,miRNA-Seq,51,473700964,PRJNA713778,SAMN18261612,200910026,GEO,public,"fastq,run.zq,sra","gs,ncbi,s3","gs.us-east1,ncbi.public,s3.us-east-1",SRX10313858,GSM5159681,NextSeq 550,SINGLE,size fractionation,TRANSCRIPTOMIC,Homo sapiens,ILLUMINA,2021-03-12T00:00:00Z,2021-03-11T12:32:00Z,1,GSM5159681,Blood plasma,SRP310247,ALS,enrolment,
SRR13934367,miRNA-Seq,51,641732222,PRJNA713778,SAMN18261611,269027498,GEO,public,"fastq,run.zq,sra","gs,ncbi,s3","gs.us-east1,ncbi.public,s3.us-east-1",SRX10313859,GSM5159682,NextSeq 550,SINGLE,size fractionation,TRANSCRIPTOMIC,Homo sapiens,ILLUMINA,2021-03-12T00:00:00Z,2021-03-11T12:33:00Z,1,GSM5159682,Blood plasma,SRP310247,ALS,enrolment,
SRR13934368,miRNA-Seq,75,1527124275,PRJNA713778,SAMN18261610,464126622,GEO,public,"fastq,run.zq,sra","gs,ncbi,s3","gs.us-east1,ncbi.public,s3.us-east-1",SRX10313860,GSM5159683,Illumina NovaSeq 6000,SINGLE,size fractionation,TRANSCRIPTOMIC,Homo sapiens,ILLUMINA,2021-03-12T00:00:00Z,2021-03-11T12:35:00Z,1,GSM5159683,Blood plasma,SRP310247,ALS,enrolment,
SRR13934369,miRNA-Seq,75,824404425,PRJNA713778,SAMN18261609,330035062,GEO,public,"fastq,run.zq,sra","gs,ncbi,s3","gs.us-east1,ncbi.public,s3.us-east-1",SRX10313861,GSM5159684,NextSeq 550,SINGLE,size fractionation,TRANSCRIPTOMIC,Homo sapiens,ILLUMINA,2021-03-12T00:00:00Z,2021-03-11T12:33:00Z,1,GSM5159684,Blood plasma,SRP310247,ALS,enrolment,
SRR13934370,miRNA-Seq,75,597963600,PRJNA713778,SAMN18261608,229893013,GEO,public,"fastq,run.zq,sra","gs,ncbi,s3","gs.us-east1,ncbi.public,s3.us-east-1",SRX10313862,GSM5159685,NextSeq 550,SINGLE,size fractionation,TRANSCRIPTOMIC,Homo sapiens,ILLUMINA,2021-03-12T00:00:00Z,2021-03-11T12:32:00Z,1,GSM5159685,Blood plasma,SRP310247,ALS,enrolment,
SRR13934371,miRNA-Seq,48,505588803,PRJNA713778,SAMN18261607,221850928,GEO,public,"fastq,run.zq,sra","gs,ncbi,s3","gs.us-east1,ncbi.public,s3.us-east-1",SRX10313863,GSM5159686,NextSeq 550,SINGLE,size fractionation,TRANSCRIPTOMIC,Homo sapiens,ILLUMINA,2021-03-12T00:00:00Z,2021-03-11T12:32:00Z,1,GSM5159686,Blood plasma,SRP310247,ALS,enrolment,
SRR13934372,miRNA-Seq,75,1834083225,PRJNA713778,SAMN18261606,713626628,GEO,public,"fastq,run.zq,sra","gs,ncbi,s3","gs.us-east1,ncbi.public,s3.us-east-1",SRX10313864,GSM5159687,NextSeq 550,SINGLE,size fractionation,TRANSCRIPTOMIC,Homo sapiens,ILLUMINA,2021-03-12T00:00:00Z,2021-03-11T12:37:00Z,1,GSM5159687,Blood plasma,SRP310247,ALS,enrolment,
SRR13934373,miRNA-Seq,75,1263024225,PRJNA713778,SAMN18261605,388082066,GEO,public,"fastq,run.zq,sra","gs,ncbi,s3","gs.us-east1,ncbi.public,s3.us-east-1",SRX10313865,GSM5159688,Illumina NovaSeq 6000,SINGLE,size fractionation,TRANSCRIPTOMIC,Homo sapiens,ILLUMINA,2021-03-12T00:00:00Z,2021-03-11T12:34:00Z,1,GSM5159688,Blood plasma,SRP310247,ALS,enrolment,
SRR13934374,miRNA-Seq,50,482445483,PRJNA713778,SAMN18261604,209407032,GEO,public,"fastq,run.zq,sra","gs,ncbi,s3","gs.us-east1,ncbi.public,s3.us-east-1",SRX10313866,GSM5159689,NextSeq 550,SINGLE,size fractionation,TRANSCRIPTOMIC,Homo sapiens,ILLUMINA,2021-03-12T00:00:00Z,2021-03-11T12:32:00Z,1,GSM5159689,Blood plasma,SRP310247,ALS,enrolment,
SRR13934375,miRNA-Seq,75,1787111850,PRJNA713778,SAMN18261603,666652064,GEO,public,"fastq,run.zq,sra","gs,ncbi,s3","gs.us-east1,ncbi.public,s3.us-east-1",SRX10313867,GSM5159690,NextSeq 550,SINGLE,size fractionation,TRANSCRIPTOMIC,Homo sapiens,ILLUMINA,2021-03-12T00:00:00Z,2021-03-11T12:37:00Z,1,GSM5159690,Blood plasma,SRP310247,ALS,enrolment,
SRR13934376,miRNA-Seq,75,1874642250,PRJNA713778,SAMN18261602,570054088,GEO,public,"fastq,run.zq,sra","gs,ncbi,s3","gs.us-east1,ncbi.public,s3.us-east-1",SRX10313868,GSM5159691,Illumina NovaSeq 6000,SINGLE,size fractionation,TRANSCRIPTOMIC,Homo sapiens,ILLUMINA,2021-03-12T00:00:00Z,2021-03-11T12:36:00Z,1,GSM5159691,Blood plasma,SRP310247,ALS,enrolment,
SRR13934377,miRNA-Seq,75,479862975,PRJNA713778,SAMN18261601,183952817,GEO,public,"fastq,run.zq,sra","gs,ncbi,s3","gs.us-east1,ncbi.public,s3.us-east-1",SRX10313869,GSM5159692,NextSeq 550,SINGLE,size fractionation,TRANSCRIPTOMIC,Homo sapiens,ILLUMINA,2021-03-12T00:00:00Z,2021-03-11T12:32:00Z,1,GSM5159692,Blood plasma,SRP310247,ALS,enrolment,
SRR13934378,miRNA-Seq,75,589083300,PRJNA713778,SAMN18261600,241676545,GEO,public,"fastq,run.zq,sra","gs,ncbi,s3","gs.us-east1,ncbi.public,s3.us-east-1",SRX10313870,GSM5159693,NextSeq 550,SINGLE,size fractionation,TRANSCRIPTOMIC,Homo sapiens,ILLUMINA,2021-03-12T00:00:00Z,2021-03-11T12:32:00Z,1,GSM5159693,Blood plasma,SRP310247,ALS,enrolment,
SRR13934379,miRNA-Seq,50,386374947,PRJNA713778,SAMN18261599,161291239,GEO,public,"fastq,run.zq,sra","gs,ncbi,s3","gs.us-east1,ncbi.public,s3.us-east-1",SRX10313554,GSM5159694,NextSeq 550,SINGLE,size fractionation,TRANSCRIPTOMIC,Homo sapiens,ILLUMINA,2021-03-12T00:00:00Z,2021-03-11T12:32:00Z,1,GSM5159694,Blood plasma,SRP310247,ALS,enrolment,
SRR13934380,miRNA-Seq,51,117690413,PRJNA713778,SAMN18261598,50379860,GEO,public,"fastq,run.zq,sra","gs,ncbi,s3","gs.us-east1,ncbi.public,s3.us-east-1",SRX10313555,GSM5159695,NextSeq 550,SINGLE,size fractionation,TRANSCRIPTOMIC,Homo sapiens,ILLUMINA,2021-03-12T00:00:00Z,2021-03-11T12:30:00Z,1,GSM5159695,Blood plasma,SRP310247,ALS,enrolment,
SRR13934381,miRNA-Seq,75,1661706525,PRJNA713778,SAMN18261597,672053790,GEO,public,"fastq,run.zq,sra","gs,ncbi,s3","gs.us-east1,ncbi.public,s3.us-east-1",SRX10313556,GSM5159696,NextSeq 550,SINGLE,size fractionation,TRANSCRIPTOMIC,Homo sapiens,ILLUMINA,2021-03-12T00:00:00Z,2021-03-11T12:37:00Z,1,GSM5159696,Blood plasma,SRP310247,ALS,enrolment,
SRR13934382,miRNA-Seq,50,389209103,PRJNA713778,SAMN18261596,167090717,GEO,public,"fastq,run.zq,sra","gs,ncbi,s3","gs.us-east1,ncbi.public,s3.us-east-1",SRX10313557,GSM5159697,NextSeq 550,SINGLE,size fractionation,TRANSCRIPTOMIC,Homo sapiens,ILLUMINA,2021-03-12T00:00:00Z,2021-03-11T12:32:00Z,1,GSM5159697,Blood plasma,SRP310247,ALS,enrolment,
SRR13934383,miRNA-Seq,44,479170527,PRJNA713778,SAMN18261595,213142422,GEO,public,"fastq,run.zq,sra","gs,ncbi,s3","gs.us-east1,ncbi.public,s3.us-east-1",SRX10313558,GSM5159698,NextSeq 550,SINGLE,size fractionation,TRANSCRIPTOMIC,Homo sapiens,ILLUMINA,2021-03-12T00:00:00Z,2021-03-11T12:33:00Z,1,GSM5159698,Blood plasma,SRP310247,ALS,enrolment,
SRR13934384,miRNA-Seq,50,344848348,PRJNA713778,SAMN18261652,148804218,GEO,public,"fastq,run.zq,sra","gs,ncbi,s3","gs.us-east1,ncbi.public,s3.us-east-1",SRX10313559,GSM5159699,NextSeq 550,SINGLE,size fractionation,TRANSCRIPTOMIC,Homo sapiens,ILLUMINA,2021-03-12T00:00:00Z,2021-03-11T12:32:00Z,1,GSM5159699,Blood plasma,SRP310247,ALS,enrolment,
SRR13934385,miRNA-Seq,75,552051375,PRJNA713778,SAMN18261651,198815756,GEO,public,"fastq,run.zq,sra","gs,ncbi,s3","gs.us-east1,ncbi.public,s3.us-east-1",SRX10313560,GSM5159700,NextSeq 550,SINGLE,size fractionation,TRANSCRIPTOMIC,Homo sapiens,ILLUMINA,2021-03-12T00:00:00Z,2021-03-11T12:33:00Z,1,GSM5159700,Blood plasma,SRP310247,ALS,enrolment,
SRR13934386,miRNA-Seq,45,381737451,PRJNA713778,SAMN18261650,168871850,GEO,public,"fastq,run.zq,sra","gs,ncbi,s3","gs.us-east1,ncbi.public,s3.us-east-1",SRX10313561,GSM5159701,NextSeq 550,SINGLE,size fractionation,TRANSCRIPTOMIC,Homo sapiens,ILLUMINA,2021-03-12T00:00:00Z,2021-03-11T12:33:00Z,1,GSM5159701,Blood plasma,SRP310247,ALS,enrolment,
SRR13934387,miRNA-Seq,75,2065100250,PRJNA713778,SAMN18261649,623184476,GEO,public,"fastq,run.zq,sra","gs,ncbi,s3","gs.us-east1,ncbi.public,s3.us-east-1",SRX10313562,GSM5159702,Illumina NovaSeq 6000,SINGLE,size fractionation,TRANSCRIPTOMIC,Homo sapiens,ILLUMINA,2021-03-12T00:00:00Z,2021-03-11T12:38:00Z,1,GSM5159702,Blood plasma,SRP310247,ALS,enrolment,
SRR13934388,miRNA-Seq,75,658402275,PRJNA713778,SAMN18261648,204198836,GEO,public,"fastq,run.zq,sra","gs,ncbi,s3","gs.us-east1,ncbi.public,s3.us-east-1",SRX10313563,GSM5159703,Illumina NovaSeq 6000,SINGLE,size fractionation,TRANSCRIPTOMIC,Homo sapiens,ILLUMINA,2021-03-12T00:00:00Z,2021-03-11T12:33:00Z,1,GSM5159703,Blood plasma,SRP310247,ALS,enrolment,
SRR13934389,miRNA-Seq,75,626758425,PRJNA713778,SAMN18261647,227898606,GEO,public,"fastq,run.zq,sra","gs,ncbi,s3","gs.us-east1,ncbi.public,s3.us-east-1",SRX10313564,GSM5159704,NextSeq 550,SINGLE,size fractionation,TRANSCRIPTOMIC,Homo sapiens,ILLUMINA,2021-03-12T00:00:00Z,2021-03-11T12:32:00Z,1,GSM5159704,Blood plasma,SRP310247,ALS,enrolment,
SRR13934390,miRNA-Seq,75,1285155900,PRJNA713778,SAMN18261646,510385998,GEO,public,"fastq,run.zq,sra","gs,ncbi,s3","gs.us-east1,ncbi.public,s3.us-east-1",SRX10313565,GSM5159705,NextSeq 550,SINGLE,size fractionation,TRANSCRIPTOMIC,Homo sapiens,ILLUMINA,2021-03-12T00:00:00Z,2021-03-11T12:35:00Z,1,GSM5159705,Blood plasma,SRP310247,ALS,enrolment,
SRR13934391,miRNA-Seq,48,318201782,PRJNA713778,SAMN18261645,135936808,GEO,public,"fastq,run.zq,sra","gs,ncbi,s3","gs.us-east1,ncbi.public,s3.us-east-1",SRX10313566,GSM5159706,NextSeq 550,SINGLE,size fractionation,TRANSCRIPTOMIC,Homo sapiens,ILLUMINA,2021-03-12T00:00:00Z,2021-03-11T12:32:00Z,1,GSM5159706,Blood plasma,SRP310247,ALS,enrolment,
SRR13934392,miRNA-Seq,46,410338911,PRJNA713778,SAMN18261644,177480239,GEO,public,"fastq,run.zq,sra","gs,ncbi,s3","gs.us-east1,ncbi.public,s3.us-east-1",SRX10313567,GSM5159707,NextSeq 550,SINGLE,size fractionation,TRANSCRIPTOMIC,Homo sapiens,ILLUMINA,2021-03-12T00:00:00Z,2021-03-11T12:33:00Z,1,GSM5159707,Blood plasma,SRP310247,ALS,enrolment,
SRR13934393,miRNA-Seq,52,642954575,PRJNA713778,SAMN18261643,269784663,GEO,public,"fastq,run.zq,sra","gs,ncbi,s3","gs.us-east1,ncbi.public,s3.us-east-1",SRX10313568,GSM5159708,NextSeq 550,SINGLE,size fractionation,TRANSCRIPTOMIC,Homo sapiens,ILLUMINA,2021-03-12T00:00:00Z,2021-03-11T12:33:00Z,1,GSM5159708,Blood plasma,SRP310247,ALS,enrolment,
SRR13934394,miRNA-Seq,75,1043446575,PRJNA713778,SAMN18261642,316334411,GEO,public,"fastq,run.zq,sra","gs,ncbi,s3","gs.us-east1,ncbi.public,s3.us-east-1",SRX10313569,GSM5159709,Illumina NovaSeq 6000,SINGLE,size fractionation,TRANSCRIPTOMIC,Homo sapiens,ILLUMINA,2021-03-12T00:00:00Z,2021-03-11T12:33:00Z,1,GSM5159709,Blood plasma,SRP310247,ALS,enrolment,
SRR13934395,miRNA-Seq,75,332669025,PRJNA713778,SAMN18261641,138254033,GEO,public,"fastq,run.zq,sra","gs,ncbi,s3","gs.us-east1,ncbi.public,s3.us-east-1",SRX10313570,GSM5159710,NextSeq 550,SINGLE,size fractionation,TRANSCRIPTOMIC,Homo sapiens,ILLUMINA,2021-03-12T00:00:00Z,2021-03-11T12:32:00Z,1,GSM5159710,Blood plasma,SRP310247,ALS,enrolment,
SRR13934396,miRNA-Seq,42,328780145,PRJNA713778,SAMN18261640,144869691,GEO,public,"fastq,run.zq,sra","gs,ncbi,s3","gs.us-east1,ncbi.public,s3.us-east-1",SRX10313571,GSM5159711,NextSeq 550,SINGLE,size fractionation,TRANSCRIPTOMIC,Homo sapiens,ILLUMINA,2021-03-12T00:00:00Z,2021-03-11T12:33:00Z,1,GSM5159711,Blood plasma,SRP310247,ALS,enrolment,
SRR13934397,miRNA-Seq,75,805166100,PRJNA713778,SAMN18261639,291077193,GEO,public,"fastq,run.zq,sra","gs,ncbi,s3","gs.us-east1,ncbi.public,s3.us-east-1",SRX10313572,GSM5159712,NextSeq 550,SINGLE,size fractionation,TRANSCRIPTOMIC,Homo sapiens,ILLUMINA,2021-03-12T00:00:00Z,2021-03-11T12:34:00Z,1,GSM5159712,Blood plasma,SRP310247,ALS,enrolment,
SRR13934398,miRNA-Seq,47,368592578,PRJNA713778,SAMN18261638,158356560,GEO,public,"fastq,run.zq,sra","gs,ncbi,s3","gs.us-east1,ncbi.public,s3.us-east-1",SRX10313573,GSM5159713,NextSeq 550,SINGLE,size fractionation,TRANSCRIPTOMIC,Homo sapiens,ILLUMINA,2021-03-12T00:00:00Z,2021-03-11T12:33:00Z,1,GSM5159713,Blood plasma,SRP310247,ALS,enrolment,
SRR13934399,miRNA-Seq,41,279191571,PRJNA713778,SAMN18261637,128298930,GEO,public,"fastq,run.zq,sra","gs,ncbi,s3","gs.us-east1,ncbi.public,s3.us-east-1",SRX10313574,GSM5159714,NextSeq 550,SINGLE,size fractionation,TRANSCRIPTOMIC,Homo sapiens,ILLUMINA,2021-03-12T00:00:00Z,2021-03-11T12:32:00Z,1,GSM5159714,Blood plasma,SRP310247,ALS,enrolment,
SRR13934400,miRNA-Seq,45,291919261,PRJNA713778,SAMN18261636,129509239,GEO,public,"fastq,run.zq,sra","gs,ncbi,s3","gs.us-east1,ncbi.public,s3.us-east-1",SRX10313575,GSM5159715,NextSeq 550,SINGLE,size fractionation,TRANSCRIPTOMIC,Homo sapiens,ILLUMINA,2021-03-12T00:00:00Z,2021-03-11T12:32:00Z,1,GSM5159715,Blood plasma,SRP310247,ALS,enrolment,
SRR13934401,miRNA-Seq,75,1923176850,PRJNA713778,SAMN18261635,734565412,GEO,public,"fastq,run.zq,sra","gs,ncbi,s3","gs.us-east1,ncbi.public,s3.us-east-1",SRX10313576,GSM5159716,NextSeq 550,SINGLE,size fractionation,TRANSCRIPTOMIC,Homo sapiens,ILLUMINA,2021-03-12T00:00:00Z,2021-03-11T12:38:00Z,1,GSM5159716,Blood plasma,SRP310247,ALS,enrolment,
SRR13934402,miRNA-Seq,47,268269959,PRJNA713778,SAMN18261634,114649190,GEO,public,"fastq,run.zq,sra","gs,ncbi,s3","gs.us-east1,ncbi.public,s3.us-east-1",SRX10313577,GSM5159717,NextSeq 550,SINGLE,size fractionation,TRANSCRIPTOMIC,Homo sapiens,ILLUMINA,2021-03-12T00:00:00Z,2021-03-11T12:32:00Z,1,GSM5159717,Blood plasma,SRP310247,ALS,enrolment,
SRR13934403,miRNA-Seq,75,682998300,PRJNA713778,SAMN18261633,270274120,GEO,public,"fastq,run.zq,sra","gs,ncbi,s3","gs.us-east1,ncbi.public,s3.us-east-1",SRX10313578,GSM5159718,NextSeq 550,SINGLE,size fractionation,TRANSCRIPTOMIC,Homo sapiens,ILLUMINA,2021-03-12T00:00:00Z,2021-03-11T12:33:00Z,1,GSM5159718,Blood plasma,SRP310247,ALS,enrolment,
SRR13934404,miRNA-Seq,75,1860808875,PRJNA713778,SAMN18261632,562980572,GEO,public,"fastq,run.zq,sra","gs,ncbi,s3","gs.us-east1,ncbi.public,s3.us-east-1",SRX10313579,GSM5159719,Illumina NovaSeq 6000,SINGLE,size fractionation,TRANSCRIPTOMIC,Homo sapiens,ILLUMINA,2021-03-12T00:00:00Z,2021-03-11T12:38:00Z,1,GSM5159719,Blood plasma,SRP310247,ALS,enrolment,
SRR13934405,miRNA-Seq,75,1553029950,PRJNA713778,SAMN18261631,467790571,GEO,public,"fastq,run.zq,sra","gs,ncbi,s3","gs.us-east1,ncbi.public,s3.us-east-1",SRX10313580,GSM5159720,Illumina NovaSeq 6000,SINGLE,size fractionation,TRANSCRIPTOMIC,Homo sapiens,ILLUMINA,2021-03-12T00:00:00Z,2021-03-11T12:36:00Z,1,GSM5159720,Blood plasma,SRP310247,ALS,enrolment,
SRR13934406,miRNA-Seq,75,2234203050,PRJNA713778,SAMN18261630,671392031,GEO,public,"fastq,run.zq,sra","gs,ncbi,s3","gs.us-east1,ncbi.public,s3.us-east-1",SRX10313581,GSM5159721,Illumina NovaSeq 6000,SINGLE,size fractionation,TRANSCRIPTOMIC,Homo sapiens,ILLUMINA,2021-03-12T00:00:00Z,2021-03-11T12:40:00Z,1,GSM5159721,Blood plasma,SRP310247,ALS,enrolment,
SRR13934407,miRNA-Seq,44,494273232,PRJNA713778,SAMN18261629,217252123,GEO,public,"fastq,run.zq,sra","gs,ncbi,s3","gs.us-east1,ncbi.public,s3.us-east-1",SRX10313582,GSM5159722,NextSeq 550,SINGLE,size fractionation,TRANSCRIPTOMIC,Homo sapiens,ILLUMINA,2021-03-12T00:00:00Z,2021-03-11T12:34:00Z,1,GSM5159722,Blood plasma,SRP310247,ALS,enrolment,
SRR13934408,miRNA-Seq,46,334589293,PRJNA713778,SAMN18261628,144816181,GEO,public,"fastq,run.zq,sra","gs,ncbi,s3","gs.us-east1,ncbi.public,s3.us-east-1",SRX10313583,GSM5159723,NextSeq 550,SINGLE,size fractionation,TRANSCRIPTOMIC,Homo sapiens,ILLUMINA,2021-03-12T00:00:00Z,2021-03-11T12:33:00Z,1,GSM5159723,Blood plasma,SRP310247,ALS,enrolment,
SRR13934409,miRNA-Seq,75,494480475,PRJNA713778,SAMN18261627,175492100,GEO,public,"fastq,run.zq,sra","gs,ncbi,s3","gs.us-east1,ncbi.public,s3.us-east-1",SRX10313584,GSM5159724,NextSeq 550,SINGLE,size fractionation,TRANSCRIPTOMIC,Homo sapiens,ILLUMINA,2021-03-12T00:00:00Z,2021-03-11T12:32:00Z,1,GSM5159724,Blood plasma,SRP310247,ALS,enrolment,
SRR13934410,miRNA-Seq,75,570431850,PRJNA713778,SAMN18261626,212230621,GEO,public,"fastq,run.zq,sra","gs,ncbi,s3","gs.us-east1,ncbi.public,s3.us-east-1",SRX10313585,GSM5159725,NextSeq 550,SINGLE,size fractionation,TRANSCRIPTOMIC,Homo sapiens,ILLUMINA,2021-03-12T00:00:00Z,2021-03-11T12:33:00Z,1,GSM5159725,Blood plasma,SRP310247,ALS,enrolment,
SRR13934411,miRNA-Seq,46,808609741,PRJNA713778,SAMN18261625,352611997,GEO,public,"fastq,run.zq,sra","gs,ncbi,s3","gs.us-east1,ncbi.public,s3.us-east-1",SRX10313586,GSM5159726,NextSeq 550,SINGLE,size fractionation,TRANSCRIPTOMIC,Homo sapiens,ILLUMINA,2021-03-12T00:00:00Z,2021-03-11T12:35:00Z,1,GSM5159726,Blood plasma,SRP310247,ALS,enrolment,
SRR13934412,miRNA-Seq,43,237316168,PRJNA713778,SAMN18261624,105946624,GEO,public,"fastq,run.zq,sra","gs,ncbi,s3","gs.us-east1,ncbi.public,s3.us-east-1",SRX10313587,GSM5159727,NextSeq 550,SINGLE,size fractionation,TRANSCRIPTOMIC,Homo sapiens,ILLUMINA,2021-03-12T00:00:00Z,2021-03-11T12:32:00Z,1,GSM5159727,Blood plasma,SRP310247,ALS,enrolment,
SRR13934413,miRNA-Seq,75,1879241850,PRJNA713778,SAMN18261623,566966512,GEO,public,"fastq,run.zq,sra","gs,ncbi,s3","gs.us-east1,ncbi.public,s3.us-east-1",SRX10313588,GSM5159728,Illumina NovaSeq 6000,SINGLE,size fractionation,TRANSCRIPTOMIC,Homo sapiens,ILLUMINA,2021-03-12T00:00:00Z,2021-03-11T12:38:00Z,1,GSM5159728,Blood plasma,SRP310247,ALS,enrolment,
SRR13934414,miRNA-Seq,44,310576075,PRJNA713778,SAMN18261673,139075773,GEO,public,"fastq,run.zq,sra","gs,ncbi,s3","gs.us-east1,ncbi.public,s3.us-east-1",SRX10313589,GSM5159729,NextSeq 550,SINGLE,size fractionation,TRANSCRIPTOMIC,Homo sapiens,ILLUMINA,2021-03-12T00:00:00Z,2021-03-11T12:33:00Z,1,GSM5159729,Blood plasma,SRP310247,ALS,enrolment,
SRR13934415,miRNA-Seq,75,678942375,PRJNA713778,SAMN18261672,266917266,GEO,public,"fastq,run.zq,sra","gs,ncbi,s3","gs.us-east1,ncbi.public,s3.us-east-1",SRX10313590,GSM5159730,NextSeq 550,SINGLE,size fractionation,TRANSCRIPTOMIC,Homo sapiens,ILLUMINA,2021-03-12T00:00:00Z,2021-03-11T12:34:00Z,1,GSM5159730,Blood plasma,SRP310247,ALS,enrolment,
SRR13934416,miRNA-Seq,49,486345238,PRJNA713778,SAMN18261671,203603190,GEO,public,"fastq,run.zq,sra","gs,ncbi,s3","gs.us-east1,ncbi.public,s3.us-east-1",SRX10313591,GSM5159731,NextSeq 550,SINGLE,size fractionation,TRANSCRIPTOMIC,Homo sapiens,ILLUMINA,2021-03-12T00:00:00Z,2021-03-11T12:34:00Z,1,GSM5159731,Blood plasma,SRP310247,ALS,enrolment,
SRR13934417,miRNA-Seq,75,1928304000,PRJNA713778,SAMN18261670,575441082,GEO,public,"fastq,run.zq,sra","gs,ncbi,s3","gs.us-east1,ncbi.public,s3.us-east-1",SRX10313592,GSM5159732,Illumina NovaSeq 6000,SINGLE,size fractionation,TRANSCRIPTOMIC,Homo sapiens,ILLUMINA,2021-03-12T00:00:00Z,2021-03-11T12:38:00Z,1,GSM5159732,Blood plasma,SRP310247,ALS,enrolment,
SRR13934418,miRNA-Seq,44,441258494,PRJNA713778,SAMN18261669,191707357,GEO,public,"fastq,run.zq,sra","gs,ncbi,s3","gs.us-east1,ncbi.public,s3.us-east-1",SRX10313593,GSM5159733,NextSeq 550,SINGLE,size fractionation,TRANSCRIPTOMIC,Homo sapiens,ILLUMINA,2021-03-12T00:00:00Z,2021-03-11T12:34:00Z,1,GSM5159733,Blood plasma,SRP310247,ALS,enrolment,
SRR13934419,miRNA-Seq,41,260704987,PRJNA713778,SAMN18261668,115471140,GEO,public,"fastq,run.zq,sra","gs,ncbi,s3","gs.us-east1,ncbi.public,s3.us-east-1",SRX10313594,GSM5159734,NextSeq 550,SINGLE,size fractionation,TRANSCRIPTOMIC,Homo sapiens,ILLUMINA,2021-03-12T00:00:00Z,2021-03-11T12:33:00Z,1,GSM5159734,Blood plasma,SRP310247,ALS,enrolment,
SRR13934420,miRNA-Seq,75,2330258175,PRJNA713778,SAMN18261667,709103279,GEO,public,"fastq,run.zq,sra","gs,ncbi,s3","gs.us-east1,ncbi.public,s3.us-east-1",SRX10313595,GSM5159735,Illumina NovaSeq 6000,SINGLE,size fractionation,TRANSCRIPTOMIC,Homo sapiens,ILLUMINA,2021-03-12T00:00:00Z,2021-03-11T12:42:00Z,1,GSM5159735,Blood plasma,SRP310247,ALS,enrolment,
SRR13934421,miRNA-Seq,75,1182328425,PRJNA713778,SAMN18261666,362330450,GEO,public,"fastq,run.zq,sra","gs,ncbi,s3","gs.us-east1,ncbi.public,s3.us-east-1",SRX10313596,GSM5159736,Illumina NovaSeq 6000,SINGLE,size fractionation,TRANSCRIPTOMIC,Homo sapiens,ILLUMINA,2021-03-12T00:00:00Z,2021-03-11T12:35:00Z,1,GSM5159736,Blood plasma,SRP310247,ALS,enrolment,
SRR13934422,miRNA-Seq,55,271181411,PRJNA713778,SAMN18261665,113539787,GEO,public,"fastq,run.zq,sra","gs,ncbi,s3","gs.us-east1,ncbi.public,s3.us-east-1",SRX10313597,GSM5159737,NextSeq 550,SINGLE,size fractionation,TRANSCRIPTOMIC,Homo sapiens,ILLUMINA,2021-03-12T00:00:00Z,2021-03-11T12:32:00Z,1,GSM5159737,Blood plasma,SRP310247,ALS,enrolment,
SRR13934423,miRNA-Seq,48,365702429,PRJNA713778,SAMN18261664,155053086,GEO,public,"fastq,run.zq,sra","gs,ncbi,s3","gs.us-east1,ncbi.public,s3.us-east-1",SRX10313598,GSM5159738,NextSeq 550,SINGLE,size fractionation,TRANSCRIPTOMIC,Homo sapiens,ILLUMINA,2021-03-12T00:00:00Z,2021-03-11T12:33:00Z,1,GSM5159738,Blood plasma,SRP310247,ALS,enrolment,
SRR13934424,miRNA-Seq,47,415813793,PRJNA713778,SAMN18261675,182886746,GEO,public,"fastq,run.zq,sra","gs,ncbi,s3","gs.us-east1,ncbi.public,s3.us-east-1",SRX10313599,GSM5159739,NextSeq 550,SINGLE,size fractionation,TRANSCRIPTOMIC,Homo sapiens,ILLUMINA,2021-03-12T00:00:00Z,2021-03-11T12:34:00Z,1,GSM5159739,Blood plasma,SRP310247,ALS,enrolment,
SRR13934425,miRNA-Seq,75,1357996050,PRJNA713778,SAMN18261674,511921043,GEO,public,"fastq,run.zq,sra","gs,ncbi,s3","gs.us-east1,ncbi.public,s3.us-east-1",SRX10313600,GSM5159740,NextSeq 550,SINGLE,size fractionation,TRANSCRIPTOMIC,Homo sapiens,ILLUMINA,2021-03-12T00:00:00Z,2021-03-11T12:36:00Z,1,GSM5159740,Blood plasma,SRP310247,ALS,enrolment,
SRR13934426,miRNA-Seq,48,456811622,PRJNA713778,SAMN18261678,197843035,GEO,public,"fastq,run.zq,sra","gs,ncbi,s3","gs.us-east1,ncbi.public,s3.us-east-1",SRX10313601,GSM5159741,NextSeq 550,SINGLE,size fractionation,TRANSCRIPTOMIC,Homo sapiens,ILLUMINA,2021-03-12T00:00:00Z,2021-03-11T12:34:00Z,1,GSM5159741,Blood plasma,SRP310247,ALS,enrolment,
SRR13934427,miRNA-Seq,48,424624746,PRJNA713778,SAMN18261677,183467606,GEO,public,"fastq,run.zq,sra","gs,ncbi,s3","gs.us-east1,ncbi.public,s3.us-east-1",SRX10313602,GSM5159742,NextSeq 550,SINGLE,size fractionation,TRANSCRIPTOMIC,Homo sapiens,ILLUMINA,2021-03-12T00:00:00Z,2021-03-11T12:33:00Z,1,GSM5159742,Blood plasma,SRP310247,ALS,enrolment,
SRR13934428,miRNA-Seq,49,464999741,PRJNA713778,SAMN18261676,197409950,GEO,public,"fastq,run.zq,sra","gs,ncbi,s3","gs.us-east1,ncbi.public,s3.us-east-1",SRX10313603,GSM5159743,NextSeq 550,SINGLE,size fractionation,TRANSCRIPTOMIC,Homo sapiens,ILLUMINA,2021-03-12T00:00:00Z,2021-03-11T12:34:00Z,1,GSM5159743,Blood plasma,SRP310247,ALS,enrolment,
SRR13934429,miRNA-Seq,50,321826787,PRJNA713778,SAMN18261594,137831848,GEO,public,"fastq,run.zq,sra","gs,ncbi,s3","gs.us-east1,ncbi.public,s3.us-east-1",SRX10313604,GSM5159744,NextSeq 550,SINGLE,size fractionation,TRANSCRIPTOMIC,Homo sapiens,ILLUMINA,2021-03-12T00:00:00Z,2021-03-11T12:33:00Z,1,GSM5159744,Blood plasma,SRP310247,ALS,enrolment,
SRR13934430,miRNA-Seq,75,1456502775,PRJNA713778,SAMN18261593,443604471,GEO,public,"fastq,run.zq,sra","gs,ncbi,s3","gs.us-east1,ncbi.public,s3.us-east-1",SRX10313605,GSM5159745,Illumina NovaSeq 6000,SINGLE,size fractionation,TRANSCRIPTOMIC,Homo sapiens,ILLUMINA,2021-03-12T00:00:00Z,2021-03-11T12:37:00Z,1,GSM5159745,Blood plasma,SRP310247,ALS,enrolment,
SRR13934431,miRNA-Seq,50,710910812,PRJNA713778,SAMN18261592,305946491,GEO,public,"fastq,run.zq,sra","gs,ncbi,s3","gs.us-east1,ncbi.public,s3.us-east-1",SRX10313606,GSM5159746,NextSeq 550,SINGLE,size fractionation,TRANSCRIPTOMIC,Homo sapiens,ILLUMINA,2021-03-12T00:00:00Z,2021-03-11T12:35:00Z,1,GSM5159746,Blood plasma,SRP310247,ALS,enrolment,
SRR13934432,miRNA-Seq,48,385058746,PRJNA713778,SAMN18261591,169762946,GEO,public,"fastq,run.zq,sra","gs,ncbi,s3","gs.us-east1,ncbi.public,s3.us-east-1",SRX10313607,GSM5159747,NextSeq 550,SINGLE,size fractionation,TRANSCRIPTOMIC,Homo sapiens,ILLUMINA,2021-03-12T00:00:00Z,2021-03-11T12:33:00Z,1,GSM5159747,Blood plasma,SRP310247,ALS,enrolment,
SRR13934433,miRNA-Seq,51,552018403,PRJNA713778,SAMN18261590,237639111,GEO,public,"fastq,run.zq,sra","gs,ncbi,s3","gs.us-east1,ncbi.public,s3.us-east-1",SRX10313608,GSM5159748,NextSeq 550,SINGLE,size fractionation,TRANSCRIPTOMIC,Homo sapiens,ILLUMINA,2021-03-12T00:00:00Z,2021-03-11T12:34:00Z,1,GSM5159748,Blood plasma,SRP310247,ALS,enrolment,
SRR13934434,miRNA-Seq,75,367706925,PRJNA713778,SAMN18261589,134185909,GEO,public,"fastq,run.zq,sra","gs,ncbi,s3","gs.us-east1,ncbi.public,s3.us-east-1",SRX10313609,GSM5159749,NextSeq 550,SINGLE,size fractionation,TRANSCRIPTOMIC,Homo sapiens,ILLUMINA,2021-03-12T00:00:00Z,2021-03-11T12:33:00Z,1,GSM5159749,Blood plasma,SRP310247,ALS,enrolment,
SRR13934435,miRNA-Seq,75,274417050,PRJNA713778,SAMN18261588,92845329,GEO,public,"fastq,run.zq,sra","gs,ncbi,s3","gs.us-east1,ncbi.public,s3.us-east-1",SRX10313610,GSM5159750,NextSeq 550,SINGLE,size fractionation,TRANSCRIPTOMIC,Homo sapiens,ILLUMINA,2021-03-12T00:00:00Z,2021-03-11T12:33:00Z,1,GSM5159750,Blood plasma,SRP310247,ALS,enrolment,
SRR13934436,miRNA-Seq,75,1935362700,PRJNA713778,SAMN18261266,592034764,GEO,public,"fastq,run.zq,sra","gs,ncbi,s3","gs.us-east1,ncbi.public,s3.us-east-1",SRX10313611,GSM5159751,Illumina NovaSeq 6000,SINGLE,size fractionation,TRANSCRIPTOMIC,Homo sapiens,ILLUMINA,2021-03-12T00:00:00Z,2021-03-11T12:39:00Z,1,GSM5159751,Blood plasma,SRP310247,ALS,enrolment,
SRR13934437,miRNA-Seq,47,382189668,PRJNA713778,SAMN18261265,164832118,GEO,public,"fastq,run.zq,sra","gs,ncbi,s3","gs.us-east1,ncbi.public,s3.us-east-1",SRX10313612,GSM5159752,NextSeq 550,SINGLE,size fractionation,TRANSCRIPTOMIC,Homo sapiens,ILLUMINA,2021-03-12T00:00:00Z,2021-03-11T12:34:00Z,1,GSM5159752,Blood plasma,SRP310247,ALS,enrolment,
SRR13934438,miRNA-Seq,75,1684181100,PRJNA713778,SAMN18261264,515909179,GEO,public,"fastq,run.zq,sra","gs,ncbi,s3","gs.us-east1,ncbi.public,s3.us-east-1",SRX10313613,GSM5159753,Illumina NovaSeq 6000,SINGLE,size fractionation,TRANSCRIPTOMIC,Homo sapiens,ILLUMINA,2021-03-12T00:00:00Z,2021-03-11T12:38:00Z,1,GSM5159753,Blood plasma,SRP310247,ALS,enrolment,
SRR13934439,miRNA-Seq,75,1107347925,PRJNA713778,SAMN18261263,345394513,GEO,public,"fastq,run.zq,sra","gs,ncbi,s3","gs.us-east1,ncbi.public,s3.us-east-1",SRX10313614,GSM5159754,Illumina NovaSeq 6000,SINGLE,size fractionation,TRANSCRIPTOMIC,Homo sapiens,ILLUMINA,2021-03-12T00:00:00Z,2021-03-11T12:36:00Z,1,GSM5159754,Blood plasma,SRP310247,ALS,enrolment,
SRR13934440,miRNA-Seq,48,155689652,PRJNA713778,SAMN18261262,66346501,GEO,public,"fastq,run.zq,sra","gs,ncbi,s3","gs.us-east1,ncbi.public,s3.us-east-1",SRX10313615,GSM5159755,NextSeq 550,SINGLE,size fractionation,TRANSCRIPTOMIC,Homo sapiens,ILLUMINA,2021-03-12T00:00:00Z,2021-03-11T12:32:00Z,1,GSM5159755,Blood plasma,SRP310247,ALS,enrolment,
SRR13934441,miRNA-Seq,75,1695859950,PRJNA713778,SAMN18261261,519196691,GEO,public,"fastq,run.zq,sra","gs,ncbi,s3","gs.us-east1,ncbi.public,s3.us-east-1",SRX10313616,GSM5159756,Illumina NovaSeq 6000,SINGLE,size fractionation,TRANSCRIPTOMIC,Homo sapiens,ILLUMINA,2021-03-12T00:00:00Z,2021-03-11T12:38:00Z,1,GSM5159756,Blood plasma,SRP310247,ALS,enrolment,
SRR13934442,miRNA-Seq,75,875785575,PRJNA713778,SAMN18261260,313162973,GEO,public,"fastq,run.zq,sra","gs,ncbi,s3","gs.us-east1,ncbi.public,s3.us-east-1",SRX10313617,GSM5159757,NextSeq 550,SINGLE,size fractionation,TRANSCRIPTOMIC,Homo sapiens,ILLUMINA,2021-03-12T00:00:00Z,2021-03-11T12:35:00Z,1,GSM5159757,Blood plasma,SRP310247,ALS,enrolment,
SRR13934443,miRNA-Seq,51,740530694,PRJNA713778,SAMN18261259,318116888,GEO,public,"fastq,run.zq,sra","gs,ncbi,s3","gs.us-east1,ncbi.public,s3.us-east-1",SRX10313618,GSM5159758,NextSeq 550,SINGLE,size fractionation,TRANSCRIPTOMIC,Homo sapiens,ILLUMINA,2021-03-12T00:00:00Z,2021-03-11T12:35:00Z,1,GSM5159758,Blood plasma,SRP310247,ALS,enrolment,
SRR13934444,miRNA-Seq,48,353693918,PRJNA713778,SAMN18261258,151439996,GEO,public,"fastq,run.zq,sra","gs,ncbi,s3","gs.us-east1,ncbi.public,s3.us-east-1",SRX10313619,GSM5159759,NextSeq 550,SINGLE,size fractionation,TRANSCRIPTOMIC,Homo sapiens,ILLUMINA,2021-03-12T00:00:00Z,2021-03-11T12:34:00Z,1,GSM5159759,Blood plasma,SRP310247,ALS,enrolment,
SRR13934445,miRNA-Seq,75,1721213025,PRJNA713778,SAMN18261257,530756959,GEO,public,"fastq,run.zq,sra","gs,ncbi,s3","gs.us-east1,ncbi.public,s3.us-east-1",SRX10313620,GSM5159760,Illumina NovaSeq 6000,SINGLE,size fractionation,TRANSCRIPTOMIC,Homo sapiens,ILLUMINA,2021-03-12T00:00:00Z,2021-03-11T12:37:00Z,1,GSM5159760,Blood plasma,SRP310247,ALS,enrolment,
SRR13934446,miRNA-Seq,50,367038438,PRJNA713778,SAMN18261256,156794280,GEO,public,"fastq,run.zq,sra","gs,ncbi,s3","gs.us-east1,ncbi.public,s3.us-east-1",SRX10313621,GSM5159761,NextSeq 550,SINGLE,size fractionation,TRANSCRIPTOMIC,Homo sapiens,ILLUMINA,2021-03-12T00:00:00Z,2021-03-11T12:34:00Z,1,GSM5159761,Blood plasma,SRP310247,ALS,enrolment,
SRR13934447,miRNA-Seq,75,792198150,PRJNA713778,SAMN18261255,245507252,GEO,public,"fastq,run.zq,sra","gs,ncbi,s3","gs.us-east1,ncbi.public,s3.us-east-1",SRX10313622,GSM5159762,Illumina NovaSeq 6000,SINGLE,size fractionation,TRANSCRIPTOMIC,Homo sapiens,ILLUMINA,2021-03-12T00:00:00Z,2021-03-11T12:35:00Z,1,GSM5159762,Blood plasma,SRP310247,ALS,enrolment,
SRR13934448,miRNA-Seq,75,1551340200,PRJNA713778,SAMN18261254,483769354,GEO,public,"fastq,run.zq,sra","gs,ncbi,s3","gs.us-east1,ncbi.public,s3.us-east-1",SRX10313623,GSM5159763,Illumina NovaSeq 6000,SINGLE,size fractionation,TRANSCRIPTOMIC,Homo sapiens,ILLUMINA,2021-03-12T00:00:00Z,2021-03-11T12:38:00Z,1,GSM5159763,Blood plasma,SRP310247,ALS,enrolment,
SRR13934449,miRNA-Seq,75,464091225,PRJNA713778,SAMN18261253,167506146,GEO,public,"fastq,run.zq,sra","gs,ncbi,s3","gs.us-east1,ncbi.public,s3.us-east-1",SRX10313624,GSM5159764,NextSeq 550,SINGLE,size fractionation,TRANSCRIPTOMIC,Homo sapiens,ILLUMINA,2021-03-12T00:00:00Z,2021-03-11T12:34:00Z,1,GSM5159764,Blood plasma,SRP310247,ALS,enrolment,
SRR13934450,miRNA-Seq,75,429542325,PRJNA713778,SAMN18261252,157794897,GEO,public,"fastq,run.zq,sra","gs,ncbi,s3","gs.us-east1,ncbi.public,s3.us-east-1",SRX10313625,GSM5159765,NextSeq 550,SINGLE,size fractionation,TRANSCRIPTOMIC,Homo sapiens,ILLUMINA,2021-03-12T00:00:00Z,2021-03-11T12:34:00Z,1,GSM5159765,Blood plasma,SRP310247,ALS,enrolment,
SRR13934451,miRNA-Seq,50,605266499,PRJNA713778,SAMN18261251,261159121,GEO,public,"fastq,run.zq,sra","gs,ncbi,s3","gs.us-east1,ncbi.public,s3.us-east-1",SRX10313626,GSM5159766,NextSeq 550,SINGLE,size fractionation,TRANSCRIPTOMIC,Homo sapiens,ILLUMINA,2021-03-12T00:00:00Z,2021-03-11T12:36:00Z,1,GSM5159766,Blood plasma,SRP310247,ALS,enrolment,
SRR13934452,miRNA-Seq,75,1555497300,PRJNA713778,SAMN18261250,475957713,GEO,public,"fastq,run.zq,sra","gs,ncbi,s3","gs.us-east1,ncbi.public,s3.us-east-1",SRX10313627,GSM5159767,Illumina NovaSeq 6000,SINGLE,size fractionation,TRANSCRIPTOMIC,Homo sapiens,ILLUMINA,2021-03-12T00:00:00Z,2021-03-11T12:37:00Z,1,GSM5159767,Blood plasma,SRP310247,ALS,enrolment,
SRR13934453,miRNA-Seq,75,1766317725,PRJNA713778,SAMN18261249,534779485,GEO,public,"fastq,run.zq,sra","gs,ncbi,s3","gs.us-east1,ncbi.public,s3.us-east-1",SRX10313628,GSM5159768,Illumina NovaSeq 6000,SINGLE,size fractionation,TRANSCRIPTOMIC,Homo sapiens,ILLUMINA,2021-03-12T00:00:00Z,2021-03-11T12:37:00Z,1,GSM5159768,Blood plasma,SRP310247,ALS,enrolment,
SRR13934454,miRNA-Seq,75,899604525,PRJNA713778,SAMN18261248,355650135,GEO,public,"fastq,run.zq,sra","gs,ncbi,s3","gs.us-east1,ncbi.public,s3.us-east-1",SRX10313629,GSM5159769,NextSeq 550,SINGLE,size fractionation,TRANSCRIPTOMIC,Homo sapiens,ILLUMINA,2021-03-12T00:00:00Z,2021-03-11T12:36:00Z,1,GSM5159769,Blood plasma,SRP310247,ALS,longitudinal_2,
SRR13934455,miRNA-Seq,75,1078653300,PRJNA713778,SAMN18261247,424560418,GEO,public,"fastq,run.zq,sra","gs,ncbi,s3","gs.us-east1,ncbi.public,s3.us-east-1",SRX10313630,GSM5159770,NextSeq 550,SINGLE,size fractionation,TRANSCRIPTOMIC,Homo sapiens,ILLUMINA,2021-03-12T00:00:00Z,2021-03-11T12:36:00Z,1,GSM5159770,Blood plasma,SRP310247,ALS,longitudinal_3,
SRR13934456,miRNA-Seq,75,1016501025,PRJNA713778,SAMN18261246,399628999,GEO,public,"fastq,run.zq,sra","gs,ncbi,s3","gs.us-east1,ncbi.public,s3.us-east-1",SRX10313631,GSM5159771,NextSeq 550,SINGLE,size fractionation,TRANSCRIPTOMIC,Homo sapiens,ILLUMINA,2021-03-12T00:00:00Z,2021-03-11T12:36:00Z,1,GSM5159771,Blood plasma,SRP310247,ALS,longitudinal_4,
SRR13934457,miRNA-Seq,75,974749500,PRJNA713778,SAMN18261245,386280252,GEO,public,"fastq,run.zq,sra","gs,ncbi,s3","gs.us-east1,ncbi.public,s3.us-east-1",SRX10313632,GSM5159772,NextSeq 550,SINGLE,size fractionation,TRANSCRIPTOMIC,Homo sapiens,ILLUMINA,2021-03-12T00:00:00Z,2021-03-11T12:36:00Z,1,GSM5159772,Blood plasma,SRP310247,ALS,longitudinal_2,
SRR13934458,miRNA-Seq,75,1172409525,PRJNA713778,SAMN18261244,450941955,GEO,public,"fastq,run.zq,sra","gs,ncbi,s3","gs.us-east1,ncbi.public,s3.us-east-1",SRX10313633,GSM5159773,NextSeq 550,SINGLE,size fractionation,TRANSCRIPTOMIC,Homo sapiens,ILLUMINA,2021-03-12T00:00:00Z,2021-03-11T12:38:00Z,1,GSM5159773,Blood plasma,SRP310247,ALS,longitudinal_3,
SRR13934459,miRNA-Seq,75,409701975,PRJNA713778,SAMN18261243,163952281,GEO,public,"fastq,run.zq,sra","gs,ncbi,s3","gs.us-east1,ncbi.public,s3.us-east-1",SRX10313634,GSM5159774,NextSeq 550,SINGLE,size fractionation,TRANSCRIPTOMIC,Homo sapiens,ILLUMINA,2021-03-12T00:00:00Z,2021-03-11T12:34:00Z,1,GSM5159774,Blood plasma,SRP310247,ALS,longitudinal_4,
SRR13934460,miRNA-Seq,75,1883263875,PRJNA713778,SAMN18261242,735640092,GEO,public,"fastq,run.zq,sra","gs,ncbi,s3","gs.us-east1,ncbi.public,s3.us-east-1",SRX10313635,GSM5159775,NextSeq 550,SINGLE,size fractionation,TRANSCRIPTOMIC,Homo sapiens,ILLUMINA,2021-03-12T00:00:00Z,2021-03-11T12:40:00Z,1,GSM5159775,Blood plasma,SRP310247,ALS,longitudinal_2,
SRR13934461,miRNA-Seq,75,1188844275,PRJNA713778,SAMN18261241,467251351,GEO,public,"fastq,run.zq,sra","gs,ncbi,s3","gs.us-east1,ncbi.public,s3.us-east-1",SRX10313636,GSM5159776,NextSeq 550,SINGLE,size fractionation,TRANSCRIPTOMIC,Homo sapiens,ILLUMINA,2021-03-12T00:00:00Z,2021-03-11T12:38:00Z,1,GSM5159776,Blood plasma,SRP310247,ALS,longitudinal_3,
SRR13934462,miRNA-Seq,75,1762270650,PRJNA713778,SAMN18261240,691930470,GEO,public,"fastq,run.zq,sra","gs,ncbi,s3","gs.us-east1,ncbi.public,s3.us-east-1",SRX10313637,GSM5159777,NextSeq 550,SINGLE,size fractionation,TRANSCRIPTOMIC,Homo sapiens,ILLUMINA,2021-03-12T00:00:00Z,2021-03-11T12:38:00Z,1,GSM5159777,Blood plasma,SRP310247,ALS,longitudinal_4,
SRR13934463,miRNA-Seq,75,749971275,PRJNA713778,SAMN18261237,299251051,GEO,public,"fastq,run.zq,sra","gs,ncbi,s3","gs.us-east1,ncbi.public,s3.us-east-1",SRX10313638,GSM5159778,NextSeq 550,SINGLE,size fractionation,TRANSCRIPTOMIC,Homo sapiens,ILLUMINA,2021-03-12T00:00:00Z,2021-03-11T12:36:00Z,1,GSM5159778,Blood plasma,SRP310247,ALS,longitudinal_2,
SRR13934464,miRNA-Seq,75,440250825,PRJNA713778,SAMN18261228,172227202,GEO,public,"fastq,run.zq,sra","gs,ncbi,s3","gs.us-east1,ncbi.public,s3.us-east-1",SRX10313639,GSM5159779,NextSeq 550,SINGLE,size fractionation,TRANSCRIPTOMIC,Homo sapiens,ILLUMINA,2021-03-12T00:00:00Z,2021-03-11T12:34:00Z,1,GSM5159779,Blood plasma,SRP310247,ALS,longitudinal_3,
SRR13934465,miRNA-Seq,75,545660025,PRJNA713778,SAMN18261219,213272943,GEO,public,"fastq,run.zq,sra","gs,ncbi,s3","gs.us-east1,ncbi.public,s3.us-east-1",SRX10313640,GSM5159780,NextSeq 550,SINGLE,size fractionation,TRANSCRIPTOMIC,Homo sapiens,ILLUMINA,2021-03-12T00:00:00Z,2021-03-11T12:35:00Z,1,GSM5159780,Blood plasma,SRP310247,ALS,longitudinal_4,
SRR13934466,miRNA-Seq,75,847215975,PRJNA713778,SAMN18261412,336439806,GEO,public,"fastq,run.zq,sra","gs,ncbi,s3","gs.us-east1,ncbi.public,s3.us-east-1",SRX10313641,GSM5159781,NextSeq 550,SINGLE,size fractionation,TRANSCRIPTOMIC,Homo sapiens,ILLUMINA,2021-03-12T00:00:00Z,2021-03-11T12:36:00Z,1,GSM5159781,Blood plasma,SRP310247,ALS,longitudinal_2,
SRR13934467,miRNA-Seq,75,1213175775,PRJNA713778,SAMN18261411,478903510,GEO,public,"fastq,run.zq,sra","gs,ncbi,s3","gs.us-east1,ncbi.public,s3.us-east-1",SRX10313642,GSM5159782,NextSeq 550,SINGLE,size fractionation,TRANSCRIPTOMIC,Homo sapiens,ILLUMINA,2021-03-12T00:00:00Z,2021-03-11T12:38:00Z,1,GSM5159782,Blood plasma,SRP310247,ALS,longitudinal_3,
SRR13934468,miRNA-Seq,75,929474475,PRJNA713778,SAMN18261406,366558291,GEO,public,"fastq,run.zq,sra","gs,ncbi,s3","gs.us-east1,ncbi.public,s3.us-east-1",SRX10313643,GSM5159783,NextSeq 550,SINGLE,size fractionation,TRANSCRIPTOMIC,Homo sapiens,ILLUMINA,2021-03-12T00:00:00Z,2021-03-11T12:37:00Z,1,GSM5159783,Blood plasma,SRP310247,ALS,longitudinal_4,
SRR13934469,miRNA-Seq,75,562815450,PRJNA713778,SAMN18261405,210996880,GEO,public,"fastq,run.zq,sra","gs,ncbi,s3","gs.us-east1,ncbi.public,s3.us-east-1",SRX10313644,GSM5159784,NextSeq 550,SINGLE,size fractionation,TRANSCRIPTOMIC,Homo sapiens,ILLUMINA,2021-03-12T00:00:00Z,2021-03-11T12:35:00Z,1,GSM5159784,Blood plasma,SRP310247,ALS,longitudinal_2,
SRR13934470,miRNA-Seq,75,588842025,PRJNA713778,SAMN18261404,218387332,GEO,public,"fastq,run.zq,sra","gs,ncbi,s3","gs.us-east1,ncbi.public,s3.us-east-1",SRX10313645,GSM5159785,NextSeq 550,SINGLE,size fractionation,TRANSCRIPTOMIC,Homo sapiens,ILLUMINA,2021-03-12T00:00:00Z,2021-03-11T12:35:00Z,1,GSM5159785,Blood plasma,SRP310247,ALS,longitudinal_3,
SRR13934471,miRNA-Seq,75,904152225,PRJNA713778,SAMN18261403,336863045,GEO,public,"fastq,run.zq,sra","gs,ncbi,s3","gs.us-east1,ncbi.public,s3.us-east-1",SRX10313646,GSM5159786,NextSeq 550,SINGLE,size fractionation,TRANSCRIPTOMIC,Homo sapiens,ILLUMINA,2021-03-12T00:00:00Z,2021-03-11T12:37:00Z,1,GSM5159786,Blood plasma,SRP310247,ALS,longitudinal_4,
SRR13934472,miRNA-Seq,75,794820975,PRJNA713778,SAMN18261402,310770974,GEO,public,"fastq,run.zq,sra","gs,ncbi,s3","gs.us-east1,ncbi.public,s3.us-east-1",SRX10313647,GSM5159787,NextSeq 550,SINGLE,size fractionation,TRANSCRIPTOMIC,Homo sapiens,ILLUMINA,2021-03-12T00:00:00Z,2021-03-11T12:36:00Z,1,GSM5159787,Blood plasma,SRP310247,ALS,longitudinal_2,
SRR13934473,miRNA-Seq,75,1063987050,PRJNA713778,SAMN18261410,419928386,GEO,public,"fastq,run.zq,sra","gs,ncbi,s3","gs.us-east1,ncbi.public,s3.us-east-1",SRX10313648,GSM5159788,NextSeq 550,SINGLE,size fractionation,TRANSCRIPTOMIC,Homo sapiens,ILLUMINA,2021-03-12T00:00:00Z,2021-03-11T12:37:00Z,1,GSM5159788,Blood plasma,SRP310247,ALS,longitudinal_3,
SRR13934474,miRNA-Seq,75,1124116575,PRJNA713778,SAMN18261409,442772230,GEO,public,"fastq,run.zq,sra","gs,ncbi,s3","gs.us-east1,ncbi.public,s3.us-east-1",SRX10313649,GSM5159789,NextSeq 550,SINGLE,size fractionation,TRANSCRIPTOMIC,Homo sapiens,ILLUMINA,2021-03-12T00:00:00Z,2021-03-11T12:37:00Z,1,GSM5159789,Blood plasma,SRP310247,ALS,longitudinal_4,
SRR13934475,miRNA-Seq,75,948708000,PRJNA713778,SAMN18261408,375041825,GEO,public,"fastq,run.zq,sra","gs,ncbi,s3","gs.us-east1,ncbi.public,s3.us-east-1",SRX10313650,GSM5159790,NextSeq 550,SINGLE,size fractionation,TRANSCRIPTOMIC,Homo sapiens,ILLUMINA,2021-03-12T00:00:00Z,2021-03-11T12:38:00Z,1,GSM5159790,Blood plasma,SRP310247,ALS,longitudinal_2,
SRR13934476,miRNA-Seq,75,1076964450,PRJNA713778,SAMN18261407,424837185,GEO,public,"fastq,run.zq,sra","gs,ncbi,s3","gs.us-east1,ncbi.public,s3.us-east-1",SRX10313651,GSM5159791,NextSeq 550,SINGLE,size fractionation,TRANSCRIPTOMIC,Homo sapiens,ILLUMINA,2021-03-12T00:00:00Z,2021-03-11T12:37:00Z,1,GSM5159791,Blood plasma,SRP310247,ALS,longitudinal_3,
SRR13934477,miRNA-Seq,75,693876300,PRJNA713778,SAMN18261401,270263420,GEO,public,"fastq,run.zq,sra","gs,ncbi,s3","gs.us-east1,ncbi.public,s3.us-east-1",SRX10313652,GSM5159792,NextSeq 550,SINGLE,size fractionation,TRANSCRIPTOMIC,Homo sapiens,ILLUMINA,2021-03-12T00:00:00Z,2021-03-11T12:36:00Z,1,GSM5159792,Blood plasma,SRP310247,ALS,longitudinal_4,
SRR13934478,miRNA-Seq,75,742045875,PRJNA713778,SAMN18261400,294034879,GEO,public,"fastq,run.zq,sra","gs,ncbi,s3","gs.us-east1,ncbi.public,s3.us-east-1",SRX10313653,GSM5159793,NextSeq 550,SINGLE,size fractionation,TRANSCRIPTOMIC,Homo sapiens,ILLUMINA,2021-03-12T00:00:00Z,2021-03-11T12:36:00Z,1,GSM5159793,Blood plasma,SRP310247,ALS,longitudinal_2,
SRR13934479,miRNA-Seq,75,1406939925,PRJNA713778,SAMN18261399,565313258,GEO,public,"fastq,run.zq,sra","gs,ncbi,s3","gs.us-east1,ncbi.public,s3.us-east-1",SRX10313654,GSM5159794,NextSeq 550,SINGLE,size fractionation,TRANSCRIPTOMIC,Homo sapiens,ILLUMINA,2021-03-12T00:00:00Z,2021-03-11T12:38:00Z,1,GSM5159794,Blood plasma,SRP310247,ALS,longitudinal_3,
SRR13934480,miRNA-Seq,75,940717950,PRJNA713778,SAMN18261398,372474142,GEO,public,"fastq,run.zq,sra","gs,ncbi,s3","gs.us-east1,ncbi.public,s3.us-east-1",SRX10313655,GSM5159795,NextSeq 550,SINGLE,size fractionation,TRANSCRIPTOMIC,Homo sapiens,ILLUMINA,2021-03-12T00:00:00Z,2021-03-11T12:37:00Z,1,GSM5159795,Blood plasma,SRP310247,ALS,longitudinal_4,
SRR13934481,miRNA-Seq,75,774130425,PRJNA713778,SAMN18261397,311003422,GEO,public,"fastq,run.zq,sra","gs,ncbi,s3","gs.us-east1,ncbi.public,s3.us-east-1",SRX10313656,GSM5159796,NextSeq 550,SINGLE,size fractionation,TRANSCRIPTOMIC,Homo sapiens,ILLUMINA,2021-03-12T00:00:00Z,2021-03-11T12:36:00Z,1,GSM5159796,Blood plasma,SRP310247,ALS,longitudinal_2,
SRR13934482,miRNA-Seq,75,778140600,PRJNA713778,SAMN18261396,302695260,GEO,public,"fastq,run.zq,sra","gs,ncbi,s3","gs.us-east1,ncbi.public,s3.us-east-1",SRX10313657,GSM5159797,NextSeq 550,SINGLE,size fractionation,TRANSCRIPTOMIC,Homo sapiens,ILLUMINA,2021-03-12T00:00:00Z,2021-03-11T12:36:00Z,1,GSM5159797,Blood plasma,SRP310247,ALS,longitudinal_3,
SRR13934483,miRNA-Seq,75,962944350,PRJNA713778,SAMN18261395,383069205,GEO,public,"fastq,run.zq,sra","gs,ncbi,s3","gs.us-east1,ncbi.public,s3.us-east-1",SRX10313658,GSM5159798,NextSeq 550,SINGLE,size fractionation,TRANSCRIPTOMIC,Homo sapiens,ILLUMINA,2021-03-12T00:00:00Z,2021-03-11T12:37:00Z,1,GSM5159798,Blood plasma,SRP310247,ALS,longitudinal_4,
SRR13934484,miRNA-Seq,75,967710675,PRJNA713778,SAMN18261394,387369682,GEO,public,"fastq,run.zq,sra","gs,ncbi,s3","gs.us-east1,ncbi.public,s3.us-east-1",SRX10313659,GSM5159799,NextSeq 550,SINGLE,size fractionation,TRANSCRIPTOMIC,Homo sapiens,ILLUMINA,2021-03-12T00:00:00Z,2021-03-11T12:37:00Z,1,GSM5159799,Blood plasma,SRP310247,ALS,longitudinal_2,
SRR13934485,miRNA-Seq,75,889674225,PRJNA713778,SAMN18261393,353104291,GEO,public,"fastq,run.zq,sra","gs,ncbi,s3","gs.us-east1,ncbi.public,s3.us-east-1",SRX10313660,GSM5159800,NextSeq 550,SINGLE,size fractionation,TRANSCRIPTOMIC,Homo sapiens,ILLUMINA,2021-03-12T00:00:00Z,2021-03-11T12:37:00Z,1,GSM5159800,Blood plasma,SRP310247,ALS,longitudinal_3,
SRR13934486,miRNA-Seq,75,583249725,PRJNA713778,SAMN18261392,232470036,GEO,public,"fastq,run.zq,sra","gs,ncbi,s3","gs.us-east1,ncbi.public,s3.us-east-1",SRX10313661,GSM5159801,NextSeq 550,SINGLE,size fractionation,TRANSCRIPTOMIC,Homo sapiens,ILLUMINA,2021-03-12T00:00:00Z,2021-03-11T12:35:00Z,1,GSM5159801,Blood plasma,SRP310247,ALS,longitudinal_4,
SRR13934487,miRNA-Seq,75,478260750,PRJNA713778,SAMN18261391,160379167,GEO,public,"fastq,run.zq,sra","gs,ncbi,s3","gs.us-east1,ncbi.public,s3.us-east-1",SRX10313662,GSM5159802,NextSeq 550,SINGLE,size fractionation,TRANSCRIPTOMIC,Homo sapiens,ILLUMINA,2021-03-12T00:00:00Z,2021-03-11T12:35:00Z,1,GSM5159802,Blood plasma,SRP310247,ALS,longitudinal_2,
SRR13934488,miRNA-Seq,75,26067975,PRJNA713778,SAMN18261390,8993179,GEO,public,"fastq,run.zq,sra","gs,ncbi,s3","gs.us-east1,ncbi.public,s3.us-east-1",SRX10313663,GSM5159803,NextSeq 550,SINGLE,size fractionation,TRANSCRIPTOMIC,Homo sapiens,ILLUMINA,2021-03-12T00:00:00Z,2021-03-11T12:34:00Z,1,GSM5159803,Blood plasma,SRP310247,ALS,longitudinal_3,
SRR13934489,miRNA-Seq,75,190072800,PRJNA713778,SAMN18261389,63546759,GEO,public,"fastq,run.zq,sra","gs,ncbi,s3","gs.us-east1,ncbi.public,s3.us-east-1",SRX10313664,GSM5159804,NextSeq 550,SINGLE,size fractionation,TRANSCRIPTOMIC,Homo sapiens,ILLUMINA,2021-03-12T00:00:00Z,2021-03-11T12:34:00Z,1,GSM5159804,Blood plasma,SRP310247,ALS,longitudinal_4,
SRR13934490,miRNA-Seq,75,780899625,PRJNA713778,SAMN18261381,306258551,GEO,public,"fastq,run.zq,sra","gs,ncbi,s3","gs.us-east1,ncbi.public,s3.us-east-1",SRX10313665,GSM5159805,NextSeq 550,SINGLE,size fractionation,TRANSCRIPTOMIC,Homo sapiens,ILLUMINA,2021-03-12T00:00:00Z,2021-03-11T12:37:00Z,1,GSM5159805,Blood plasma,SRP310247,ALS,longitudinal_2,
SRR13934491,miRNA-Seq,75,1693262025,PRJNA713778,SAMN18261377,664771075,GEO,public,"fastq,run.zq,sra","gs,ncbi,s3","gs.us-east1,ncbi.public,s3.us-east-1",SRX10313666,GSM5159806,NextSeq 550,SINGLE,size fractionation,TRANSCRIPTOMIC,Homo sapiens,ILLUMINA,2021-03-12T00:00:00Z,2021-03-11T12:40:00Z,1,GSM5159806,Blood plasma,SRP310247,ALS,longitudinal_3,
SRR13934492,miRNA-Seq,75,778288500,PRJNA713778,SAMN18261370,312537037,GEO,public,"fastq,run.zq,sra","gs,ncbi,s3","gs.us-east1,ncbi.public,s3.us-east-1",SRX10313667,GSM5159807,NextSeq 550,SINGLE,size fractionation,TRANSCRIPTOMIC,Homo sapiens,ILLUMINA,2021-03-12T00:00:00Z,2021-03-11T12:37:00Z,1,GSM5159807,Blood plasma,SRP310247,ALS,longitudinal_4,
SRR13934493,miRNA-Seq,75,321230250,PRJNA713778,SAMN18261360,107360835,GEO,public,"fastq,run.zq,sra","gs,ncbi,s3","gs.us-east1,ncbi.public,s3.us-east-1",SRX10313668,GSM5159808,NextSeq 550,SINGLE,size fractionation,TRANSCRIPTOMIC,Homo sapiens,ILLUMINA,2021-03-12T00:00:00Z,2021-03-11T12:35:00Z,1,GSM5159808,Blood plasma,SRP310247,ALS,longitudinal_2,
SRR13934494,miRNA-Seq,75,6602925,PRJNA713778,SAMN18261349,2304885,GEO,public,"fastq,run.zq,sra","gs,ncbi,s3","gs.us-east1,ncbi.public,s3.us-east-1",SRX10313669,GSM5159809,NextSeq 550,SINGLE,size fractionation,TRANSCRIPTOMIC,Homo sapiens,ILLUMINA,2021-03-12T00:00:00Z,2021-03-11T12:34:00Z,1,GSM5159809,Blood plasma,SRP310247,ALS,longitudinal_3,
SRR13934495,miRNA-Seq,75,497175375,PRJNA713778,SAMN18261340,165993955,GEO,public,"fastq,run.zq,sra","gs,ncbi,s3","gs.us-east1,ncbi.public,s3.us-east-1",SRX10313670,GSM5159810,NextSeq 550,SINGLE,size fractionation,TRANSCRIPTOMIC,Homo sapiens,ILLUMINA,2021-03-12T00:00:00Z,2021-03-11T12:35:00Z,1,GSM5159810,Blood plasma,SRP310247,ALS,longitudinal_4,
SRR13934496,miRNA-Seq,75,575709675,PRJNA713778,SAMN18261329,227612854,GEO,public,"fastq,run.zq,sra","gs,ncbi,s3","gs.us-east1,ncbi.public,s3.us-east-1",SRX10313671,GSM5159811,NextSeq 550,SINGLE,size fractionation,TRANSCRIPTOMIC,Homo sapiens,ILLUMINA,2021-03-12T00:00:00Z,2021-03-11T12:36:00Z,1,GSM5159811,Blood plasma,SRP310247,ALS,longitudinal_2,
SRR13934497,miRNA-Seq,75,620646900,PRJNA713778,SAMN18261319,249487271,GEO,public,"fastq,run.zq,sra","gs,ncbi,s3","gs.us-east1,ncbi.public,s3.us-east-1",SRX10313672,GSM5159812,NextSeq 550,SINGLE,size fractionation,TRANSCRIPTOMIC,Homo sapiens,ILLUMINA,2021-03-12T00:00:00Z,2021-03-11T12:36:00Z,1,GSM5159812,Blood plasma,SRP310247,ALS,longitudinal_3,
SRR13934498,miRNA-Seq,75,724324650,PRJNA713778,SAMN18261317,287380934,GEO,public,"fastq,run.zq,sra","gs,ncbi,s3","gs.us-east1,ncbi.public,s3.us-east-1",SRX10313673,GSM5159813,NextSeq 550,SINGLE,size fractionation,TRANSCRIPTOMIC,Homo sapiens,ILLUMINA,2021-03-12T00:00:00Z,2021-03-11T12:36:00Z,1,GSM5159813,Blood plasma,SRP310247,ALS,longitudinal_4,
SRR13934499,miRNA-Seq,75,351007650,PRJNA713778,SAMN18261316,139310191,GEO,public,"fastq,run.zq,sra","gs,ncbi,s3","gs.us-east1,ncbi.public,s3.us-east-1",SRX10313674,GSM5159814,NextSeq 550,SINGLE,size fractionation,TRANSCRIPTOMIC,Homo sapiens,ILLUMINA,2021-03-12T00:00:00Z,2021-03-11T12:35:00Z,1,GSM5159814,Blood plasma,SRP310247,ALS,longitudinal_2,
SRR13934500,miRNA-Seq,75,659790375,PRJNA713778,SAMN18261315,261914229,GEO,public,"fastq,run.zq,sra","gs,ncbi,s3","gs.us-east1,ncbi.public,s3.us-east-1",SRX10313675,GSM5159815,NextSeq 550,SINGLE,size fractionation,TRANSCRIPTOMIC,Homo sapiens,ILLUMINA,2021-03-12T00:00:00Z,2021-03-11T12:37:00Z,1,GSM5159815,Blood plasma,SRP310247,ALS,longitudinal_3,
SRR13934501,miRNA-Seq,75,378641775,PRJNA713778,SAMN18261314,153878390,GEO,public,"fastq,run.zq,sra","gs,ncbi,s3","gs.us-east1,ncbi.public,s3.us-east-1",SRX10313676,GSM5159816,NextSeq 550,SINGLE,size fractionation,TRANSCRIPTOMIC,Homo sapiens,ILLUMINA,2021-03-12T00:00:00Z,2021-03-11T12:35:00Z,1,GSM5159816,Blood plasma,SRP310247,ALS,longitudinal_4,
SRR13934502,miRNA-Seq,75,725488275,PRJNA713778,SAMN18261313,271659630,GEO,public,"fastq,run.zq,sra","gs,ncbi,s3","gs.us-east1,ncbi.public,s3.us-east-1",SRX10313677,GSM5159817,NextSeq 550,SINGLE,size fractionation,TRANSCRIPTOMIC,Homo sapiens,ILLUMINA,2021-03-12T00:00:00Z,2021-03-11T12:37:00Z,1,GSM5159817,Blood plasma,SRP310247,ALS,longitudinal_2,
SRR13934503,miRNA-Seq,75,607629600,PRJNA713778,SAMN18261312,228435331,GEO,public,"fastq,run.zq,sra","gs,ncbi,s3","gs.us-east1,ncbi.public,s3.us-east-1",SRX10313678,GSM5159818,NextSeq 550,SINGLE,size fractionation,TRANSCRIPTOMIC,Homo sapiens,ILLUMINA,2021-03-12T00:00:00Z,2021-03-11T12:35:00Z,1,GSM5159818,Blood plasma,SRP310247,ALS,longitudinal_3,
SRR13934504,miRNA-Seq,75,585259875,PRJNA713778,SAMN18261311,216938136,GEO,public,"fastq,run.zq,sra","gs,ncbi,s3","gs.us-east1,ncbi.public,s3.us-east-1",SRX10313679,GSM5159819,NextSeq 550,SINGLE,size fractionation,TRANSCRIPTOMIC,Homo sapiens,ILLUMINA,2021-03-12T00:00:00Z,2021-03-11T12:36:00Z,1,GSM5159819,Blood plasma,SRP310247,ALS,longitudinal_4,
SRR13934505,miRNA-Seq,75,1252422300,PRJNA713778,SAMN18261310,480647258,GEO,public,"fastq,run.zq,sra","gs,ncbi,s3","gs.us-east1,ncbi.public,s3.us-east-1",SRX10313680,GSM5159820,NextSeq 550,SINGLE,size fractionation,TRANSCRIPTOMIC,Homo sapiens,ILLUMINA,2021-03-12T00:00:00Z,2021-03-11T12:39:00Z,1,GSM5159820,Blood plasma,SRP310247,ALS,longitudinal_2,
SRR13934506,miRNA-Seq,75,303356175,PRJNA713778,SAMN18261309,116350505,GEO,public,"fastq,run.zq,sra","gs,ncbi,s3","gs.us-east1,ncbi.public,s3.us-east-1",SRX10313681,GSM5159821,NextSeq 550,SINGLE,size fractionation,TRANSCRIPTOMIC,Homo sapiens,ILLUMINA,2021-03-12T00:00:00Z,2021-03-11T12:35:00Z,1,GSM5159821,Blood plasma,SRP310247,ALS,longitudinal_3,
SRR13934507,miRNA-Seq,75,119211225,PRJNA713778,SAMN18261308,46195731,GEO,public,"fastq,run.zq,sra","gs,ncbi,s3","gs.us-east1,ncbi.public,s3.us-east-1",SRX10313682,GSM5159822,NextSeq 550,SINGLE,size fractionation,TRANSCRIPTOMIC,Homo sapiens,ILLUMINA,2021-03-12T00:00:00Z,2021-03-11T12:34:00Z,1,GSM5159822,Blood plasma,SRP310247,ALS,longitudinal_4,
SRR13934508,miRNA-Seq,75,703990950,PRJNA713778,SAMN18261307,275024553,GEO,public,"fastq,run.zq,sra","gs,ncbi,s3","gs.us-east1,ncbi.public,s3.us-east-1",SRX10313683,GSM5159823,NextSeq 550,SINGLE,size fractionation,TRANSCRIPTOMIC,Homo sapiens,ILLUMINA,2021-03-12T00:00:00Z,2021-03-11T12:36:00Z,1,GSM5159823,Blood plasma,SRP310247,ALS,longitudinal_2,
SRR13934509,miRNA-Seq,75,786540825,PRJNA713778,SAMN18261306,310547862,GEO,public,"fastq,run.zq,sra","gs,ncbi,s3","gs.us-east1,ncbi.public,s3.us-east-1",SRX10313684,GSM5159824,NextSeq 550,SINGLE,size fractionation,TRANSCRIPTOMIC,Homo sapiens,ILLUMINA,2021-03-12T00:00:00Z,2021-03-11T12:36:00Z,1,GSM5159824,Blood plasma,SRP310247,ALS,longitudinal_3,
SRR13934510,miRNA-Seq,75,644356500,PRJNA713778,SAMN18261305,251856724,GEO,public,"fastq,run.zq,sra","gs,ncbi,s3","gs.us-east1,ncbi.public,s3.us-east-1",SRX10313685,GSM5159825,NextSeq 550,SINGLE,size fractionation,TRANSCRIPTOMIC,Homo sapiens,ILLUMINA,2021-03-12T00:00:00Z,2021-03-11T12:36:00Z,1,GSM5159825,Blood plasma,SRP310247,ALS,longitudinal_4,
SRR13934511,miRNA-Seq,75,876562650,PRJNA713778,SAMN18261304,325950731,GEO,public,"fastq,run.zq,sra","gs,ncbi,s3","gs.us-east1,ncbi.public,s3.us-east-1",SRX10313686,GSM5159826,NextSeq 550,SINGLE,size fractionation,TRANSCRIPTOMIC,Homo sapiens,ILLUMINA,2021-03-12T00:00:00Z,2021-03-11T12:37:00Z,1,GSM5159826,Blood plasma,SRP310247,ALS,longitudinal_2,
SRR13934512,miRNA-Seq,75,602318250,PRJNA713778,SAMN18261303,229208373,GEO,public,"fastq,run.zq,sra","gs,ncbi,s3","gs.us-east1,ncbi.public,s3.us-east-1",SRX10313687,GSM5159827,NextSeq 550,SINGLE,size fractionation,TRANSCRIPTOMIC,Homo sapiens,ILLUMINA,2021-03-12T00:00:00Z,2021-03-11T12:36:00Z,1,GSM5159827,Blood plasma,SRP310247,ALS,longitudinal_3,
SRR13934513,miRNA-Seq,75,828688875,PRJNA713778,SAMN18261302,307443883,GEO,public,"fastq,run.zq,sra","gs,ncbi,s3","gs.us-east1,ncbi.public,s3.us-east-1",SRX10313688,GSM5159828,NextSeq 550,SINGLE,size fractionation,TRANSCRIPTOMIC,Homo sapiens,ILLUMINA,2021-03-12T00:00:00Z,2021-03-11T12:37:00Z,1,GSM5159828,Blood plasma,SRP310247,ALS,longitudinal_4,
SRR13934514,miRNA-Seq,75,833859225,PRJNA713778,SAMN18261301,312784693,GEO,public,"fastq,run.zq,sra","gs,ncbi,s3","gs.us-east1,ncbi.public,s3.us-east-1",SRX10313689,GSM5159829,NextSeq 550,SINGLE,size fractionation,TRANSCRIPTOMIC,Homo sapiens,ILLUMINA,2021-03-12T00:00:00Z,2021-03-11T12:37:00Z,1,GSM5159829,Blood plasma,SRP310247,ALS,longitudinal_2,
SRR13934515,miRNA-Seq,75,751491525,PRJNA713778,SAMN18261300,280721199,GEO,public,"fastq,run.zq,sra","gs,ncbi,s3","gs.us-east1,ncbi.public,s3.us-east-1",SRX10313690,GSM5159830,NextSeq 550,SINGLE,size fractionation,TRANSCRIPTOMIC,Homo sapiens,ILLUMINA,2021-03-12T00:00:00Z,2021-03-11T12:37:00Z,1,GSM5159830,Blood plasma,SRP310247,ALS,longitudinal_3,
SRR13934516,miRNA-Seq,75,727210875,PRJNA713778,SAMN18261299,271750346,GEO,public,"fastq,run.zq,sra","gs,ncbi,s3","gs.us-east1,ncbi.public,s3.us-east-1",SRX10313691,GSM5159831,NextSeq 550,SINGLE,size fractionation,TRANSCRIPTOMIC,Homo sapiens,ILLUMINA,2021-03-12T00:00:00Z,2021-03-11T12:37:00Z,1,GSM5159831,Blood plasma,SRP310247,ALS,longitudinal_4,
SRR13934517,miRNA-Seq,75,940608975,PRJNA713778,SAMN18261298,371957804,GEO,public,"fastq,run.zq,sra","gs,ncbi,s3","gs.us-east1,ncbi.public,s3.us-east-1",SRX10313692,GSM5159832,NextSeq 550,SINGLE,size fractionation,TRANSCRIPTOMIC,Homo sapiens,ILLUMINA,2021-03-12T00:00:00Z,2021-03-11T12:38:00Z,1,GSM5159832,Blood plasma,SRP310247,ALS,longitudinal_2,
SRR13934518,miRNA-Seq,75,910786500,PRJNA713778,SAMN18261297,359866137,GEO,public,"fastq,run.zq,sra","gs,ncbi,s3","gs.us-east1,ncbi.public,s3.us-east-1",SRX10313693,GSM5159833,NextSeq 550,SINGLE,size fractionation,TRANSCRIPTOMIC,Homo sapiens,ILLUMINA,2021-03-12T00:00:00Z,2021-03-11T12:38:00Z,1,GSM5159833,Blood plasma,SRP310247,ALS,longitudinal_3,
SRR13934519,miRNA-Seq,75,330013200,PRJNA713778,SAMN18261296,131491002,GEO,public,"fastq,run.zq,sra","gs,ncbi,s3","gs.us-east1,ncbi.public,s3.us-east-1",SRX10313694,GSM5159834,NextSeq 550,SINGLE,size fractionation,TRANSCRIPTOMIC,Homo sapiens,ILLUMINA,2021-03-12T00:00:00Z,2021-03-11T12:35:00Z,1,GSM5159834,Blood plasma,SRP310247,ALS,longitudinal_4,
